codigo_ciuo08,ocupacion_nombre,subgrupo_principal,subgrupo_principal_nombre,subgrupo,subgrupo_nombre,gran_grupo,gran_grupo_nombre,n_muestra,personas_estimadas,ingreso_trabajo_prom,horas_semanales_prom,tasa_formalidad,pct_asalariados,pct_cuenta_propia,pct_empleadores,pct_mujeres,edad_prom,escolaridad_prom,es_crosswalk,pct_crosswalk_ambiguo,muestra_chica
5223,"Vendedores y asistentes de venta de tiendas, almacenes y puestos de mercado",52,Vendedores,522,"Comerciantes, dueños - operadores, supervisores y vendedores de tiendas, almacenes y puestos de mercado",5,Trabajadores de los servicios y vendedores de comercios y mercados,3508,347861,607170.6962642558,39.32495217822779,0.7574377524672028,0.9178694938495549,0.05184829572731637,0.010817539189503853,0.6126355067110139,38.3422976418742,13.109778318954723,FALSE,0,FALSE
9112,"Auxiliares de aseo de oficinas, hoteles y otros establecimientos",91,Auxiliares de aseo y trabajadores de casa particular,911,"Trabajadores de casa particular, limpiadores de oficinas, hoteles y otros establecimientos",9,Ocupaciones elementales,3241,277616,495070.43112429144,40.82197058515838,0.8415234566477322,0.9621095325917814,0.03278989683591724,0.0047079419053656845,0.765089187943058,47.0890402570457,10.82662281635939,FALSE,0,FALSE
9211,Obreros de explotaciones agrícolas,92,"Obreros agropecuarios, pesqueros y forestales",921,"Obreros agropecuarios, de jardinería y horticultura, forestales y pesqueros",9,Ocupaciones elementales,3255,231740,472026.58471675945,41.599669464619666,0.5764338706443373,0.9224130491067576,0.06736428756364891,0.007767325450936394,0.3538620868214378,44.403577284888236,9.298551101856672,FALSE,0,FALSE
8322,"Conductores de automóviles, taxis y camionetas",83,Conductores de vehículos y operadores de equipos pesados y móviles,832,"Conductores de motocicletas, automóviles y camionetas",8,"Operadores de instalaciones, máquinas y ensambladores",2439,228453,647234.7471978302,42.997388538684476,0.48313188041719823,0.5078462528397526,0.46890607696112546,0.020310523389931407,0.09914074229710268,46.731205105645365,12.216390782925172,FALSE,0,FALSE
9111,Trabajadores de casa particular y asistentes domésticos,91,Auxiliares de aseo y trabajadores de casa particular,911,"Trabajadores de casa particular, limpiadores de oficinas, hoteles y otros establecimientos",9,Ocupaciones elementales,2516,225673,390985.47439376067,29.810376918463895,0.4273309893631225,0.8839028151351734,0.11266744360202594,0.002432723453846938,0.984211669096436,51.91270555183828,10.026027378869312,FALSE,0,FALSE
5221,"Comerciantes y dueños - operadores de locales comerciales, tiendas, almacenes y mercados",52,Vendedores,522,"Comerciantes, dueños - operadores, supervisores y vendedores de tiendas, almacenes y puestos de mercado",5,Trabajadores de los servicios y vendedores de comercios y mercados,2414,212140,617901.0366579548,44.09968835494231,0.6772820275889381,0.040690110304515886,0.8026397661921373,0.14730838125766005,0.5272602998020175,49.257829735080605,11.795952854302755,FALSE,0,FALSE
5414,Guardias de seguridad,54,Personal de los servicios de protección y seguridad,541,Personal de los servicios de protección y seguridad,5,Trabajadores de los servicios y vendedores de comercios y mercados,2155,211745,626051.7954967102,45.25954726929606,0.8622917536336382,0.98208222154006,0.011400505324801058,0.006517273135138964,0.1889867529339536,43.71912441852228,12.010531995967074,FALSE,0,FALSE
8332,Conductores de camiones pesados y de alto tonelaje,83,Conductores de vehículos y operadores de equipos pesados y móviles,833,"Conductores de buses, trolebuses y camiones pesados",8,"Operadores de instalaciones, máquinas y ensambladores",2153,189065,851472.2257993645,46.873900904948336,0.8465910900232462,0.8380504059450453,0.13871419882051148,0.023235395234443183,0.019379578451855183,46.072176235686136,11.608834551495017,FALSE,0,FALSE
4321,Empleados encargados del control de abastecimiento e inventario,43,Auxiliares y ayudantes de registros contables y encargados del registro de materiales,432,Empleados encargados del registro de materiales y de transportes,4,Personal de apoyo administrativo,1501,172714,728820.1528301886,43.62962598140047,0.9297412343273368,0.9886112301261044,0.009466516900772375,0.0019222529731231979,0.20226501615387288,38.33569369014672,13.031236218462038,FALSE,0,FALSE
5211,Vendedores en quioscos o puestos de feria,52,Vendedores,521,Vendedores en quioscos o puestos de feria y vendedores ambulantes de comidas y bebidas de consumo inmediato (elaboración propia),5,Trabajadores de los servicios y vendedores de comercios y mercados,1543,166674,301046.1351848537,29.003662165255207,0.15767306238525505,0.07421073472767198,0.8657679062121266,0.04352808476427037,0.5704908984004704,47.81884397086528,10.083649984042008,FALSE,0,FALSE
5120,Cocineros,51,Trabajadores de los servicios a las personas,512,Cocineros,5,Trabajadores de los servicios y vendedores de comercios y mercados,1810,154533,591586.7518647802,40.427871971531914,0.6969954630128451,0.7605430555285926,0.18974587952087904,0.04567309247862916,0.736535238428038,43.501310399720445,11.993586869651663,FALSE,0,FALSE
7115,Carpinteros de obra,71,Operarios de la construcción (no incluye electricistas),711,Operarios de la construcción en obra gruesa,7,Artesanos y operarios de oficios,1519,135733,584427.6624309559,41.4120638078342,0.45820143300939353,0.5143627562936058,0.4577147782779427,0.023251530578414975,0.014012804550109406,46.690966824574716,10.49170911775563,FALSE,0,FALSE
3221,Técnicos y auxiliares paramédicos de enfermería,32,Técnicos de la salud,322,"Técnicos y auxiliares paramédicos de enfermería, esterilización y ayudantes de ambulancia",3,Técnicos y profesionales de nivel medio,1376,133788,744470.8918443464,44.77797439759036,0.8746550189599336,0.9712081801058391,0.025659999402039047,0.0031318204921218645,0.8146694770831465,37.767737016772806,14.614853750448619,FALSE,0,FALSE
2341,Profesores de educación básica,23,Profesionales de la educación,234,Profesores de educación básica y educadores de párvulos,2,"Profesionales, científicos e intelectuales",1403,130934,1107430.6037282804,39.13574324841252,0.9510377575246994,0.985068813295248,0.013296775474666626,0.0016344112300853866,0.7226312493317244,41.29205553943208,16.960051969888035,FALSE,0,FALSE
7231,Mecánicos y reparadores de vehículos de motor,72,"Operarios de la metalurgia y operarios de máquinas herramientas; mecánicos de vehículos, maquinarias, aviones y bicicletas",723,"Mecánicos de vehículos, motores de aviones, reparadores de máquinas agrícolas, industriales y bicicletas",7,Artesanos y operarios de oficios,1388,123015,733366.2069786543,44.054413284980555,0.6295606638423822,0.5979433402430598,0.35376173637361297,0.04341746941429907,0.012299313091899362,40.907986830874286,12.772772047510115,FALSE,0,FALSE
3343,Secretarios administrativos y ejecutivos,33,Técnicos en operaciones financieras y administrativas,334,"Supervisores de oficina, secretarios administrativos y especializados",3,Técnicos y profesionales de nivel medio,1244,118168,895791.0285116021,41.82861523344853,0.8894517560607218,0.9760256583846727,0.01671349265452576,0.004400514521697921,0.7805581883420215,44.27589533545461,14.509890128508136,FALSE,0,FALSE
7512,"Panaderos, pasteleros y confiteros",75,"Operarios de procesamiento de alimentos, de la confección, ebanistas y otros oficios",751,"Operarios de procesamiento, elaboración, conservación, cata y clasificación de alimentos, bebidas y tabaco",7,Artesanos y operarios de oficios,1186,108181,469812.6998364441,33.851614537403606,0.4513114175932285,0.4508185356023701,0.49933907063162664,0.04643144359915327,0.5861565339569795,41.471690962368626,11.790583092539082,FALSE,0,FALSE
5230,Vendedores de entradas (entretenciones y eventos deportivos) y cajeros de comercio,52,Vendedores,523,Vendedores de entradas (entretenciones y eventos deportivos) y cajeros de comercio,5,Trabajadores de los servicios y vendedores de comercios y mercados,1084,104627,524285.44981357927,38.37548116513779,0.8509473684210527,0.9594177411184494,0.018647194318866068,0.009261471704244602,0.8188134993835243,36.809857876074055,12.984774484597667,FALSE,0,FALSE
2411,Contadores,24,Profesionales de negocios y administración,241,"Contadores, asesores y analistas financieros y en inversiones",2,"Profesionales, científicos e intelectuales",792,100110,1521002.4166388644,41.09069960826746,0.9492593444623371,0.8107481770052942,0.15154330236739585,0.037418839276795526,0.5511836979322745,43.24178403755869,16.411076443057723,FALSE,0,FALSE
6113,"Agricultores y trabajadores calificados de huertas, invernaderos, viveros y jardines",61,Agricultores y trabajadores calificados de explotaciones agropecuarias cuya producción se destina al mercado,611,"Agricultores y trabajadores calificados de cultivos extensivos, plantaciones de árboles y arbustos, huertas, invernaderos, viveros y jardines y de cultivos mixtos",6,"Agricultores y trabajadores calificados agropecuarios, forestales y pesqueros",990,85475,480792.11266117607,37.49531973941062,0.5080900848201229,0.6331675928634104,0.341667154138637,0.016694940040947646,0.16390757531441943,52.02323486399532,9.199561377789767,FALSE,0,FALSE
9334,Reponedores de estanterías,93,"Obreros de la minería, la construcción, la industria manufacturera y el transporte",933,Obreros del transporte y almacenamiento,9,Ocupaciones elementales,862,84610,502007.055567604,39.12571584078754,0.9160674877197978,0.9892211322538706,0.008308710554308001,0.0023519678524997045,0.47438837016901075,37.21167710672497,12.227585634900887,FALSE,0,FALSE
9313,Obreros de la construcción de edificios,93,"Obreros de la minería, la construcción, la industria manufacturera y el transporte",931,Obreros de la minería y la construcción,9,Ocupaciones elementales,916,81987,510557.59007822984,41.70386805709637,0.589869739845934,0.8223498847378243,0.16359910717552784,0.00983082683840121,0.041104077475697366,40.9498944954688,10.211753605607225,FALSE,0,FALSE
2149,Otros ingenieros no clasificados previamente,21,Profesionales de las ciencias y de la ingeniería,214,Ingenieros (excluyendo ingenieros en electrotecnología),2,"Profesionales, científicos e intelectuales",546,78622,2160324.266559959,42.55487051450263,0.9349566547679755,0.913141359924703,0.05718501182875022,0.029241179313678107,0.37878710793416603,40.109053445600466,17.183065808552314,FALSE,0,FALSE
5131,Garzones de mesa,51,Trabajadores de los servicios a las personas,513,Garzones de mesa y bármanes,5,Trabajadores de los servicios y vendedores de comercios y mercados,778,78476,575881.0767788067,37.49187028329084,0.6415176680486209,0.9581655537998879,0.03265966664967634,0.003071002599520873,0.6119960242621948,32.19830266578317,12.984263581798594,FALSE,0,FALSE
2611,Abogados,26,"Profesionales en derecho, ciencias sociales y culturales",261,"Abogados, jueces y otros profesionales del derecho",2,"Profesionales, científicos e intelectuales",521,77861,2282826.826715412,41.14694134419029,0.8723622866390105,0.6806231617883151,0.2700581806038967,0.04829118557429265,0.4584323345448941,40.843105020485226,17.697830039067032,FALSE,0,FALSE
7212,Soldadores y oxicortadores,72,"Operarios de la metalurgia y operarios de máquinas herramientas; mecánicos de vehículos, maquinarias, aviones y bicicletas",721,"Moldeadores, soldadores, chapistas, caldereros, montadores de estructuras metálicas, aparejadores y empalmadores de cables no eléctricos",7,Artesanos y operarios de oficios,836,76801,694881.5160740701,44.38914969933537,0.6923137481302648,0.7391570422260126,0.24715824012708168,0.012799312508951706,0.0023567401466126742,44.02440072394891,11.2457114552375,FALSE,0,FALSE
2221,Enfermeros profesionales,22,Profesionales de la salud,222,Profesionales de enfermería y matronería,2,"Profesionales, científicos e intelectuales",628,73444,1485265.5180075476,43.99045916138895,0.8856026023016155,0.9788546375469745,0.021145362453025434,0,0.8123740537007789,36.05020151407875,17.021090899188497,FALSE,0,FALSE
3611,Técnicos en educación parvularia,36,Técnicos en educación,361,Técnicos en educación,3,Técnicos y profesionales de nivel medio,861,71503,550159.4582968383,40.662154035495014,0.9307142857142857,0.9925737381648323,0.005901850272016559,0.0015244115631511965,0.9973987105436135,37.18788022880159,13.818874732528705,FALSE,0,FALSE
7233,Mecánicos y reparadores de máquinas agrícolas e industriales,72,"Operarios de la metalurgia y operarios de máquinas herramientas; mecánicos de vehículos, maquinarias, aviones y bicicletas",723,"Mecánicos de vehículos, motores de aviones, reparadores de máquinas agrícolas, industriales y bicicletas",7,Artesanos y operarios de oficios,758,69799,935791.8453124772,48.37325897284788,0.9327210991561483,0.8944110947148239,0.08666313270963767,0.018925772575538333,0.017636355821716642,40.36251235691056,13.12602127110627,FALSE,0,FALSE
2310,Profesores de la educación superior,23,Profesionales de la educación,231,Profesores de la educación superior,2,"Profesionales, científicos e intelectuales",548,69645,1656097.7950715052,33.92181779022184,0.6821164476990451,0.9594802211214014,0.03616914351353292,0.004350635365065691,0.45331323138775215,43.825615622083426,19.042387655423806,FALSE,0,FALSE
7411,Electricistas de obras,74,Trabajadores especializados en electricidad y electrónica,741,"Electricistas, instaladores y reparadores de equipos y líneas eléctricas",7,Artesanos y operarios de oficios,732,69147,723847.2890280847,42.94876236157992,0.7249338366089635,0.6694867456288776,0.2900631986926403,0.03904724716907458,0.01064399033942181,40.99313057688692,12.624237937641526,FALSE,0,FALSE
1420,"Directores, gerentes y administradores de comercios al por mayor y al por menor",14,"Directores, gerentes y administradores de hoteles, restaurantes, comercios y de otros servicios",142,"Directores, gerentes y administradores de comercios al por mayor y al por menor",1,"Directores, gerentes y administradores",587,69061,2022941.6222849663,43.12380068987507,0.8921464906305706,0.5111423234531791,0.16353658360000578,0.318747194509202,0.3289700409782656,44.541390944237705,14.65299432897733,FALSE,0,FALSE
2634,Psicólogos,26,"Profesionales en derecho, ciencias sociales y culturales",263,"Economistas, especialistas en ciencias sociales, humanidades, ciencias políticas y teología",2,"Profesionales, científicos e intelectuales",600,68834,1385491.0627122382,37.1916576823334,0.8121364106900725,0.7170148473138275,0.24830752244530319,0.032353197547723506,0.6832524624458843,37.12829415695732,17.4425865124793,FALSE,0,FALSE
8331,Conductores de buses y trolebuses,83,Conductores de vehículos y operadores de equipos pesados y móviles,833,"Conductores de buses, trolebuses y camiones pesados",8,"Operadores de instalaciones, máquinas y ensambladores",686,66222,758020.0684848301,47.33581034875769,0.7999003352360243,0.8753435414212799,0.10692821116849385,0.01772824741022621,0.0773005949684395,50.55766965660958,11.585177342509263,FALSE,0,FALSE
2330,Profesores de educación media,23,Profesionales de la educación,233,Profesores de educación media,2,"Profesionales, científicos e intelectuales",597,63507,1248601.733840364,39.42191983854183,0.9417520160335822,0.995228872407766,0.0031492591367880706,0.0016218684554458564,0.5393893586533768,42.05752121813343,17.26490379311975,FALSE,0,FALSE
2635,Profesionales del trabajo social,26,"Profesionales en derecho, ciencias sociales y culturales",263,"Economistas, especialistas en ciencias sociales, humanidades, ciencias políticas y teología",2,"Profesionales, científicos e intelectuales",698,62415,1161150.6927528288,42.04053486644488,0.7897432603843869,0.9725546743571257,0.02502603540815509,0.002419290234719218,0.8240807498197549,39.44649523351758,16.906833293278858,FALSE,0,FALSE
5141,Peluqueros,51,Trabajadores de los servicios a las personas,514,"Peluqueros, cosmetólogos y especialistas en tratamientos de belleza",5,Trabajadores de los servicios y vendedores de comercios y mercados,591,61062,534291.4215229474,34.834436643263125,0.48863113622921733,0.2116701057941109,0.7028593888179228,0.08520847663031017,0.6384330680292162,40.9281386132128,12.491354419581338,FALSE,0,FALSE
7112,Albañiles,71,Operarios de la construcción (no incluye electricistas),711,Operarios de la construcción en obra gruesa,7,Artesanos y operarios de oficios,709,59488,564543.240776065,40.39203215630406,0.4754749509837063,0.5706024744486283,0.4119318181818182,0.017465707369553524,0.006068450779989241,46.10792092522862,10.087627478038437,FALSE,0,FALSE
5312,Asistentes de aula e inspectores de patio,53,Trabajadores de los cuidados personales,531,"Cuidadores de niños, asistentes de aula e inspectores de patio",5,Trabajadores de los servicios y vendedores de comercios y mercados,762,57680,565111.8496414246,40.883044382801664,0.9069747151307869,0.9812066574202497,0.011234396671289875,0.007558945908460472,0.8126733703190014,43.976716366158115,13.431328016643551,FALSE,0,FALSE
2142,"Ingenieros civiles, ingenieros en construcción y constructores civiles",21,Profesionales de las ciencias y de la ingeniería,214,Ingenieros (excluyendo ingenieros en electrotecnología),2,"Profesionales, científicos e intelectuales",449,56727,2188063.883762121,43.47317814659667,0.917236504991607,0.8676996844536111,0.08174238017169955,0.0505579353746893,0.15874275036578703,39.61998695506549,17.171937213541206,FALSE,0,FALSE
5153,Conserjes,51,Trabajadores de los servicios a las personas,515,"Supervisores de mantenimiento y limpieza, mayordomos domésticos y conserjes",5,Trabajadores de los servicios y vendedores de comercios y mercados,419,56275,549222.7476993866,41.140435362061304,0.8516037316748112,0.9913993780541981,0.007303420701910262,0.0012972012438916037,0.19367392270102177,50.138409595735226,12.471492324169938,FALSE,0,FALSE
4110,Trabajadores de tareas administrativas generales,41,Oficinistas,411,Trabajadores de tareas administrativas generales,4,Personal de apoyo administrativo,564,54027,806298.8368448677,42.41329335332334,0.8424847683106333,0.9717178447813131,0.010809410109759936,0.015843929886908397,0.5950913432172803,43.72717345031188,14.012284282798293,FALSE,0,FALSE
9520,Vendedores ambulantes (excluyendo comida de consumo inmediato),95,Trabajadores ambulantes de servicios y vendedores ambulantes (excluyendo comida de consumo inmediato),952,Vendedores ambulantes (excluyendo comida de consumo inmediato),9,Ocupaciones elementales,575,54007,347841.99117949913,33.01188107766394,0.0767122780380321,0.006702834817708815,0.974558853481956,0.010257929527653822,0.5220249226952062,46.11494806228822,10.01286197539125,FALSE,0,FALSE
5311,Cuidadores de niños en instituciones y a domicilios,53,Trabajadores de los cuidados personales,531,"Cuidadores de niños, asistentes de aula e inspectores de patio",5,Trabajadores de los servicios y vendedores de comercios y mercados,552,52929,313840.8460695271,30.981853840587988,0.24426369053248842,0.5513045778306789,0.41704925466190557,0.007840692248105954,0.973058247841448,44.308507623420056,11.833932286741064,FALSE,0,FALSE
9412,Ayudantes de cocina,94,Cocineros de comida rápida y ayudantes de cocina,941,Cocineros de comida rápida y ayudantes de cocina,9,Ocupaciones elementales,664,52050,488756.8486814856,41.20227426038354,0.6638754592922065,0.942478386167147,0.047992315081652255,0.0022094140249759846,0.7443227665706051,39.4132949087416,11.598938692998484,FALSE,0,FALSE
8342,Operadores de máquinas de movimiento de tierras,83,Conductores de vehículos y operadores de equipos pesados y móviles,834,"Operadores de maquinaria agrícola, forestal, máquinas de movimiento de tierras, grúas y montacargas",8,"Operadores de instalaciones, máquinas y ensambladores",649,50496,993238.4577950734,51.793317746737806,0.9261555127587867,0.9278160646387833,0.052083333333333336,0.020100602027883396,0.022140367553865652,43.32507525348542,11.61157319391635,FALSE,0,FALSE
7111,Constructores de casas,71,Operarios de la construcción (no incluye electricistas),711,Operarios de la construcción en obra gruesa,7,Artesanos y operarios de oficios,540,49507,638363.283929609,42.69532004024889,0.403493856399668,0.3379522087785566,0.5848667865150383,0.0739895368331751,0.013250651423031086,47.21992849496031,10.954597945663405,FALSE,0,FALSE
8160,"Operadores de máquinas para elaborar alimentos, bebidas y cigarrillos",81,Operadores de instalaciones fijas y máquinas,816,"Operadores de máquinas para elaborar alimentos, bebidas y cigarrillos",8,"Operadores de instalaciones, máquinas y ensambladores",394,48508,732927.4207876506,43.38245237898903,0.9586335019093818,0.9937123773398202,0.006287622660179764,0,0.29786839284241773,40.76323493032077,11.909842161804809,FALSE,0,FALSE
9333,Obreros de carga,93,"Obreros de la minería, la construcción, la industria manufacturera y el transporte",933,Obreros del transporte y almacenamiento,9,Ocupaciones elementales,493,48359,549755.408896148,40.77035546891202,0.7256265391858612,0.8830000620360222,0.10533716578093012,0.00723753592919622,0.036042928927397175,37.86060505800368,10.556671152054653,FALSE,0,FALSE
5322,Trabajadores de los cuidados personales a domicilio,53,Trabajadores de los cuidados personales,532,Trabajadores de los cuidados personales en instituciones y a domicilio,5,Trabajadores de los servicios y vendedores de comercios y mercados,605,48292,415995.22232679516,37.00842268062784,0.28961646398503277,0.7008614263232005,0.25567381760954194,0.00590159860846517,0.9586266876501284,50.37685330903669,11.184045004463082,FALSE,0,FALSE
2243,Ingenieros en prevención de riesgos y otros profesionales de la seguridad e higiene laboral y ambiental,22,Profesionales de la salud,224,"Dentistas, farmacéuticos, kinesiólogos, nutricionistas, fonoaudiólogos y otros profesionales de la salud",2,"Profesionales, científicos e intelectuales",487,46930,1471473.9089480934,45.724818253951234,0.9271051618697345,0.9461751544854038,0.041700404858299595,0.009993607500532709,0.3567014702748775,38.45991902834008,16.506605582782868,FALSE,0,FALSE
6111,Agricultores y trabajadores calificados de cultivos extensivos,61,Agricultores y trabajadores calificados de explotaciones agropecuarias cuya producción se destina al mercado,611,"Agricultores y trabajadores calificados de cultivos extensivos, plantaciones de árboles y arbustos, huertas, invernaderos, viveros y jardines y de cultivos mixtos",6,"Agricultores y trabajadores calificados agropecuarios, forestales y pesqueros",772,46890,544841.5482753224,42.672927362925414,0.335901649840992,0.3022606099381531,0.6222008957133717,0.0635956493921945,0.14158669225847728,53.976434207720196,9.007259838148315,FALSE,0,FALSE
7131,Pintores y empapeladores de paredes,71,Operarios de la construcción (no incluye electricistas),713,"Pintores, limpiadores de fachadas y deshollinadores",7,Artesanos y operarios de oficios,410,46189,531407.7585953831,38.92736869656255,0.4440987708038725,0.5534001602113057,0.4333066314490463,0.009612678343328499,0.042867349368897356,45.34681417653554,10.834917404576847,FALSE,0,FALSE
7126,Gásfiter e instaladores de tuberías,71,Operarios de la construcción (no incluye electricistas),712,Operarios de la construcción en trabajos de terminación,7,Artesanos y operarios de oficios,478,46026,583666.8630036467,38.114791970882465,0.6148264024681702,0.5496893060444097,0.43425455177508365,0.01431799417720419,0.012949202624603485,48.29791856776605,10.74082148774745,FALSE,0,FALSE
5222,"Supervisores de locales comerciales, tiendas y almacenes",52,Vendedores,522,"Comerciantes, dueños - operadores, supervisores y vendedores de tiendas, almacenes y puestos de mercado",5,Trabajadores de los servicios y vendedores de comercios y mercados,401,45098,997256.4049617981,43.188279412417344,0.96107202680067,0.9537673511020445,0.01645305778526764,0.028914807752006742,0.5500909131225331,42.01117566189188,14.020910018182624,FALSE,0,FALSE
9411,Cocineros de comida rápida,94,Cocineros de comida rápida y ayudantes de cocina,941,Cocineros de comida rápida y ayudantes de cocina,9,Ocupaciones elementales,412,44565,479802.0960151271,36.953102210254684,0.5933533244650869,0.6725905980029171,0.25757881745764616,0.05419050824638169,0.5903287333108942,35.10146976326714,12.305645361850287,FALSE,0,FALSE
2342,Educadores de párvulos,23,Profesionales de la educación,234,Profesores de educación básica y educadores de párvulos,2,"Profesionales, científicos e intelectuales",482,44066,955868.5296338412,41.37840965823991,0.9684337130667635,0.991807742931058,0.00555984205509917,0.002632415013842872,0.9952798075613852,39.6813870103935,16.62077338537648,FALSE,0,FALSE
5142,Cosmetólogos y especialistas en tratamientos de belleza,51,Trabajadores de los servicios a las personas,514,"Peluqueros, cosmetólogos y especialistas en tratamientos de belleza",5,Trabajadores de los servicios y vendedores de comercios y mercados,366,41851,535727.5516001352,27.242651296829973,0.3115098802895988,0.2018589758906597,0.7670784449594992,0.031062579149841105,0.9119973238393347,32.675372153592505,13.310555435797944,FALSE,0,FALSE
3334,Agentes inmobiliarios,33,Técnicos en operaciones financieras y administrativas,333,"Agentes de aduana, organizadores de eventos, agentes de empleo, de bienes raíces y otros agentes de servicios comerciales",3,Técnicos y profesionales de nivel medio,306,41427,1167235.888251139,36.96517376407244,0.7530837376590147,0.5046950056726289,0.38564221401501436,0.1054384821493229,0.5234026118232071,48.87858160137109,15.4439406430338,FALSE,0,FALSE
2141,Ingenieros industriales y de producción,21,Profesionales de las ciencias y de la ingeniería,214,Ingenieros (excluyendo ingenieros en electrotecnología),2,"Profesionales, científicos e intelectuales",308,41338,2237713.4324350953,44.71143182313485,0.9446653734238604,0.9188881900430597,0.061493057235473415,0.01961875272146693,0.20697663167061783,38.13805699356524,17.097779282984177,FALSE,0,FALSE
8344,Operadores de autoelevadoras y montacargas,83,Conductores de vehículos y operadores de equipos pesados y móviles,834,"Operadores de maquinaria agrícola, forestal, máquinas de movimiento de tierras, grúas y montacargas",8,"Operadores de instalaciones, máquinas y ensambladores",399,41286,704120.5193891854,45.40236485667902,0.9309740117397765,0.9826091168919246,0.015816499539795574,0.0015743835682798042,0.04415540376883205,40.924938235721555,11.63973259700625,FALSE,0,FALSE
3313,Técnicos y asistentes en contabilidad,33,Técnicos en operaciones financieras y administrativas,331,"Agentes de bolsas, ejecutivos de créditos, asistentes contables y otros técnicos en finanzas y matemáticas",3,Técnicos y profesionales de nivel medio,380,41092,923946.7248247054,40.59438651203586,0.8766283148934082,0.8729193030273532,0.11033777864304488,0.014285018981796944,0.6371556507349362,44.70738829942568,14.06251825172783,FALSE,0,FALSE
1412,"Directores, gerentes y administradores de restaurantes",14,"Directores, gerentes y administradores de hoteles, restaurantes, comercios y de otros servicios",141,"Directores, gerentes y administradores de hoteles y restaurantes",1,"Directores, gerentes y administradores",376,40638,1173024.3750464628,46.06142663545645,0.9102564102564102,0.49498006791672816,0.13073970175697622,0.3728037797135686,0.512426792657119,41.258600324819135,14.258177512457447,FALSE,0,FALSE
2352,Educadores para necesidades especiales,23,Profesionales de la educación,235,"Especialistas en métodos pedagógicos, educadores para necesidades especiales y otros profesionales de la educación",2,"Profesionales, científicos e intelectuales",410,39648,1064324.556318925,40.99271085552865,0.9635542776432607,0.9880952380952381,0.011904761904761904,0,0.9437298224374495,38.427184221146085,16.92439055197676,FALSE,0,FALSE
2431,Profesionales de la publicidad y la comercialización,24,Profesionales de negocios y administración,243,"Profesionales de la publicidad, relaciones públicas y de las ventas técnicas, médicas y de tecnología de la información y las comunicaciones",2,"Profesionales, científicos e intelectuales",224,39011,1824137.7058423737,42.588468617945196,0.9057701673886852,0.8127963907615801,0.1523160134321089,0.03488759580631104,0.5051139422214247,37.256081618005176,16.467124657147984,FALSE,0,FALSE
2359,Otros profesionales de la educación no clasificados previamente,23,Profesionales de la educación,235,"Especialistas en métodos pedagógicos, educadores para necesidades especiales y otros profesionales de la educación",2,"Profesionales, científicos e intelectuales",372,38528,788970.3722888014,29.59423791338685,0.6530575166112956,0.6753529900332226,0.3070494186046512,0.016689161129568107,0.653265157807309,39.93088143687708,16.23359634551495,FALSE,0,FALSE
5244,Vendedores por internet y otros medios de comunicación,52,Vendedores,524,Modelos y promotores y otros vendedores no clasificados previamente,5,Trabajadores de los servicios y vendedores de comercios y mercados,340,38496,579624.9753959504,29.63670846064693,0.38481920199501246,0.2205423940149626,0.7200488362427265,0.05278470490440565,0.6999948046550291,37.09795822942643,13.373129675810473,FALSE,0,FALSE
2166,Diseñadores gráficos y de multimedia,21,Profesionales de las ciencias y de la ingeniería,216,"Arquitectos, diseñadores, urbanistas, cartógrafos y agrimensores",2,"Profesionales, científicos e intelectuales",242,37297,974908.401190215,39.12307441075608,0.8239000455800735,0.6393007480494409,0.3332707724481862,0.026087889106362443,0.4121779231573585,37.54741668230689,15.92409577177789,FALSE,0,FALSE
7522,Ebanistas y mueblistas,75,"Operarios de procesamiento de alimentos, de la confección, ebanistas y otros oficios",752,"Operarios del tratamiento de la madera, ebanistas y operarios de máquinas para trabajar madera",7,Artesanos y operarios de oficios,364,36386,558812.4639750167,39.7679012345679,0.37682075523553016,0.3962238223492552,0.5283350739295334,0.07406694882647172,0.03916341450008245,47.02066728961689,11.029379431649536,FALSE,0,FALSE
2422,Especialistas en políticas de administración,24,Profesionales de negocios y administración,242,"Especialistas y asesores de gestión, políticas corporativas, políticas públicas y desarrollo del personal",2,"Profesionales, científicos e intelectuales",313,36278,1680381.3313588074,42.705220794972156,0.9199514857489387,0.9679420034180495,0.02023264788577099,0.011825348696179502,0.48401234908208834,40.652378852196925,16.59057831192458,FALSE,0,FALSE
7511,Carniceros y pescaderos,75,"Operarios de procesamiento de alimentos, de la confección, ebanistas y otros oficios",751,"Operarios de procesamiento, elaboración, conservación, cata y clasificación de alimentos, bebidas y tabaco",7,Artesanos y operarios de oficios,410,35435,594922.7007530378,43.09001581206235,0.807901792013546,0.9232115140397912,0.04495555241992381,0.025370396500634964,0.34990828277127134,41.59492027656272,10.874834044236039,FALSE,0,FALSE
2421,Especialistas y asesores de gestión,24,Profesionales de negocios y administración,242,"Especialistas y asesores de gestión, políticas corporativas, políticas públicas y desarrollo del personal",2,"Profesionales, científicos e intelectuales",272,35075,2038406.5261761993,42.8584461867427,0.8677405559515324,0.8934283677833215,0.06406272273699216,0.042508909479686385,0.4426229508196721,41.539073414112615,16.7928153955809,FALSE,0,FALSE
3123,Supervisores de la construcción,31,Técnicos de las ciencias y la ingeniería,312,"Supervisores de minas, de industrias manufactureras y de la construcción",3,Técnicos y profesionales de nivel medio,332,35040,1174638.051747525,45.504269326970075,0.9438118670252331,0.9506563926940639,0.028738584474885844,0.01952054794520548,0.0528824200913242,44.083504566210046,13.425290972003776,FALSE,0,FALSE
9321,Empacadores manuales,93,"Obreros de la minería, la construcción, la industria manufacturera y el transporte",932,Empacadores manuales y obreros de la industria manufacturera,9,Ocupaciones elementales,303,34787,584230.7102185014,42.784373472849055,0.8243422188957338,0.9798775404605169,0.019346307528674504,0,0.5522752752465001,36.48130048581367,12.160950929945095,FALSE,0,FALSE
2511,Analistas de sistemas,25,Profesionales de tecnología de la información y las comunicaciones,251,"Analistas, desarrolladores y programadores de software, multimedia y aplicaciones",2,"Profesionales, científicos e intelectuales",216,34001,1874804.7928002118,42.70421458192406,0.9403861553518996,0.9157671833181377,0.0734096055998353,0.010823211082026999,0.13784888679744714,41.415752477868296,16.642951677891826,FALSE,0,FALSE
2512,Desarrolladores de software,25,Profesionales de tecnología de la información y las comunicaciones,251,"Analistas, desarrolladores y programadores de software, multimedia y aplicaciones",2,"Profesionales, científicos e intelectuales",169,33812,2147856.838809879,42.28150333810205,0.936324381876257,0.8973145628770851,0.0710694428013723,0.03161599432154265,0.14086714775819237,37.8495504554596,16.823642493789187,FALSE,0,FALSE
3344,Secretarios médicos,33,Técnicos en operaciones financieras y administrativas,334,"Supervisores de oficina, secretarios administrativos y especializados",3,Técnicos y profesionales de nivel medio,334,33715,680420.6553804593,41.62022838499184,0.8979386029956993,0.9898858075040783,0,0.005012605665134213,0.8493548865490138,42.75859409758268,14.056117455138663,FALSE,0,FALSE
2212,Médicos especialistas,22,Profesionales de la salud,221,Médicos generales y especialistas,2,"Profesionales, científicos e intelectuales",241,33666,4799269.274169973,43.83003623834135,0.7503948505527908,0.8691261213093329,0.12110140794867225,0.009772470741994891,0.4817620150894077,44.3180062971544,20.25178239769936,FALSE,0,FALSE
2161,Arquitectos,21,Profesionales de las ciencias y de la ingeniería,216,"Arquitectos, diseñadores, urbanistas, cartógrafos y agrimensores",2,"Profesionales, científicos e intelectuales",224,33462,2150978.8723307033,40.53774430697508,0.7841432072201303,0.6889904966828043,0.2530631761400992,0.04760623991393222,0.3372482218636065,42.80156595541211,17.69197896120973,FALSE,0,FALSE
3322,"Representantes comerciales (excepto venta de productos y servicios industriales, farmacéuticos y de tecnologías de la información y las comunicaciones)",33,Técnicos en operaciones financieras y administrativas,332,"Agentes de seguros, representantes comerciales, agentes de compras y consignatarios",3,Técnicos y profesionales de nivel medio,271,33369,1349644.3896004413,43.16334853931905,0.9478083097829355,0.969192963529024,0.030807036470976056,0,0.3321645838952321,43.731187629236715,14.411692289214509,FALSE,0,FALSE
5412,Carabineros,54,Personal de los servicios de protección y seguridad,541,Personal de los servicios de protección y seguridad,5,Trabajadores de los servicios y vendedores de comercios y mercados,314,33221,1258154.3178210352,53.64952831619498,0.9817886276752656,1,0,0,0.18193311459618916,37.412329550585476,13.313205502543571,FALSE,0,FALSE
6112,Agricultores y trabajadores calificados de plantaciones de árboles y arbustos,61,Agricultores y trabajadores calificados de explotaciones agropecuarias cuya producción se destina al mercado,611,"Agricultores y trabajadores calificados de cultivos extensivos, plantaciones de árboles y arbustos, huertas, invernaderos, viveros y jardines y de cultivos mixtos",6,"Agricultores y trabajadores calificados agropecuarios, forestales y pesqueros",458,31417,686686.6946074414,43.30005496104232,0.7293185218193972,0.7278543463729827,0.23283572588089252,0.03647706655632301,0.18168507495941688,50.18706432822994,9.934573485379373,FALSE,0,FALSE
2423,Especialistas en políticas y servicios de personal,24,Profesionales de negocios y administración,242,"Especialistas y asesores de gestión, políticas corporativas, políticas públicas y desarrollo del personal",2,"Profesionales, científicos e intelectuales",218,31115,1433051.5014035774,43.376570785794634,0.9220560080475062,0.9425357544592641,0.04997589587015909,0.007488349670576892,0.6202153302265788,40.01381970110879,16.060645990679735,FALSE,0,FALSE
4323,Empleados de servicios de transporte,43,Auxiliares y ayudantes de registros contables y encargados del registro de materiales,432,Empleados encargados del registro de materiales y de transportes,4,Personal de apoyo administrativo,290,31016,886066.8863570063,43.643042997463084,0.929681454733041,0.974368068093887,0.01937709569254578,0.00454604075315966,0.29168816094918754,40.97143409852979,13.886058808356976,FALSE,0,FALSE
1321,"Directores, gerentes y administradores de industrias manufactureras",13,"Directores, gerentes y administradores de producción y operaciones",132,"Directores, gerentes y administradores de producción y operaciones de industrias manufactureras, de minería, de construcción, de almacenamiento y distribución",1,"Directores, gerentes y administradores",237,29975,2501111.651408212,43.584665819227936,0.9062019134274436,0.5850875729774813,0.0920767306088407,0.3175646371976647,0.18862385321100916,47.33084236864053,15.301818181818183,FALSE,0,FALSE
2244,Kinesiólogos,22,Profesionales de la salud,224,"Dentistas, farmacéuticos, kinesiólogos, nutricionistas, fonoaudiólogos y otros profesionales de la salud",2,"Profesionales, científicos e intelectuales",259,29872,1217495.8727119502,37.9810032449973,0.7755423138725228,0.7569630423138726,0.2116028387787895,0.03143411890733797,0.44620380289234063,34.9061328334226,17.231956347080878,FALSE,0,FALSE
1439,"Directores, gerentes y administradores de otros servicios no clasificados previamente",14,"Directores, gerentes y administradores de hoteles, restaurantes, comercios y de otros servicios",143,"Directores, gerentes y administradores de centros deportivos, de esparcimiento, culturales y de otros servicios",1,"Directores, gerentes y administradores",238,29409,1965341.8837089636,42.96900416922972,0.9345438471216294,0.5732938896256248,0.10058145465673773,0.32612465571763743,0.34768268217212417,44.32466251827672,15.847593035165586,FALSE,0,FALSE
3321,Agentes de seguros y ejecutivos de fondos de pensiones,33,Técnicos en operaciones financieras y administrativas,332,"Agentes de seguros, representantes comerciales, agentes de compras y consignatarios",3,Técnicos y profesionales de nivel medio,213,28751,1640316.0794267156,40.40627068454973,0.8940558589266461,0.8433097979200723,0.12736948280059823,0.02201662550867796,0.6919759312719558,46.68721087962158,14.7616082918855,FALSE,0,FALSE
2241,Dentistas,22,Profesionales de la salud,224,"Dentistas, farmacéuticos, kinesiólogos, nutricionistas, fonoaudiólogos y otros profesionales de la salud",2,"Profesionales, científicos e intelectuales",209,28707,1946660.3730580974,34.80959347894242,0.736196746438151,0.6538474936426656,0.29630403734280836,0.049848469014526074,0.5378479116591772,39.41801651165221,18.786602570801545,FALSE,0,FALSE
8321,Conductores de motocicletas,83,Conductores de vehículos y operadores de equipos pesados y móviles,832,"Conductores de motocicletas, automóviles y camionetas",8,"Operadores de instalaciones, máquinas y ensambladores",194,28393,622488.4659601798,43.92420667065826,0.3309337210539381,0.5592223435353785,0.42866199415348855,0.010389884830768147,0.10241961046736872,33.794808579579474,12.966305272108844,FALSE,0,FALSE
6121,Criadores de ganado,61,Agricultores y trabajadores calificados de explotaciones agropecuarias cuya producción se destina al mercado,612,Trabajadores calificados de la cría de animales,6,"Agricultores y trabajadores calificados agropecuarios, forestales y pesqueros",526,28150,667102.1175447496,44.236610365237475,0.521324815303901,0.5331793960923623,0.4164120781527531,0.036518650088809945,0.11815275310834814,51.19708703374778,9.217724679029958,FALSE,0,FALSE
3323,Agentes responsables de adquisiciones,33,Técnicos en operaciones financieras y administrativas,332,"Agentes de seguros, representantes comerciales, agentes de compras y consignatarios",3,Técnicos y profesionales de nivel medio,245,27551,1233919.017313498,42.5662226416464,0.9301658741969439,0.9812348009146673,0.010743711662008638,0.005916300678741243,0.43878625095277846,40.99963703676818,15.24347794225414,FALSE,0,FALSE
5249,Otros vendedores no clasificados previamente,52,Vendedores,524,Modelos y promotores y otros vendedores no clasificados previamente,5,Trabajadores de los servicios y vendedores de comercios y mercados,276,27352,684940.6074308539,35.07076638965836,0.54288459406526,0.4850102369113776,0.4807326703714536,0.030052646972799062,0.5538169055279322,40.94303890026323,12.974622267859763,FALSE,0,FALSE
2351,Especialistas en métodos pedagógicos,23,Profesionales de la educación,235,"Especialistas en métodos pedagógicos, educadores para necesidades especiales y otros profesionales de la educación",2,"Profesionales, científicos e intelectuales",220,26315,1668082.760302198,42.998175945278355,0.9263917917537526,0.9971119133574007,0,0.002888086642599278,0.6551016530495914,44.38149344480335,17.52692380771423,FALSE,0,FALSE
8341,Operadores de maquinaria agrícola y forestal móvil,83,Conductores de vehículos y operadores de equipos pesados y móviles,834,"Operadores de maquinaria agrícola, forestal, máquinas de movimiento de tierras, grúas y montacargas",8,"Operadores de instalaciones, máquinas y ensambladores",366,26312,626468.370833014,44.20653834402689,0.8325448302174743,0.9308680449984797,0.053701733049559136,0.015430221951961082,0.0011401641836424445,46.73992854971116,9.367132867132867,FALSE,0,FALSE
7533,Costureros y bordadores,75,"Operarios de procesamiento de alimentos, de la confección, ebanistas y otros oficios",753,"Sastres, modistos, patronistas de tela, costureros, tapiceros, apelambradores y zapateros",7,Artesanos y operarios de oficios,285,26275,226347.85770157626,23.936208548974506,0.19295908658420552,0.11790675547098002,0.8560989533777354,0.023368220742150333,0.9205328258801142,53.468658420551854,11.269375929244024,FALSE,0,FALSE
2642,Periodistas,26,"Profesionales en derecho, ciencias sociales y culturales",264,"Escritores, periodistas, traductores, intérpretes de lengua de señas y lingüistas",2,"Profesionales, científicos e intelectuales",175,24546,1703684.3768530241,40.9609712376762,0.8198701987836238,0.8842581275971645,0.09341644259757191,0.022325429805263586,0.5201254786930661,40.52978081968549,17.297971156196528,FALSE,0,FALSE
1330,"Directores, gerentes y administradores de servicios de tecnología de la información y las comunicaciones",13,"Directores, gerentes y administradores de producción y operaciones",133,"Directores, gerentes y administradores de servicios de tecnología de la información y las comunicaciones",1,"Directores, gerentes y administradores",110,24121,3880889.7706785956,42.34886613324489,0.9534430579163384,0.8580904605945027,0.014054143692218399,0.1278553957132789,0.25513038431242485,45.751212636292024,17.27262551303843,FALSE,0,FALSE
4419,Otro personal de apoyo administrativo no clasificado previamente,44,Otro personal de apoyo administrativo,441,Otro personal de apoyo administrativo,4,Personal de apoyo administrativo,247,24033,910224.1950347059,41.62738734240419,0.881090633678364,0.9661299047143511,0.012774102276037116,0.021095993009611784,0.5607289976282611,43.29055881496276,14.617941996421587,FALSE,0,FALSE
2211,Médicos generales,22,Profesionales de la salud,221,Médicos generales y especialistas,2,"Profesionales, científicos e intelectuales",177,23904,3175686.948129822,42.75803212851405,0.7239284508943639,0.9552376171352075,0.025518741633199466,0.01924364123159304,0.46322791164658633,37.12307563587684,19.28296519410977,FALSE,0,FALSE
7531,"Sastres, modistos, peleteros y sombrereros",75,"Operarios de procesamiento de alimentos, de la confección, ebanistas y otros oficios",753,"Sastres, modistos, patronistas de tela, costureros, tapiceros, apelambradores y zapateros",7,Artesanos y operarios de oficios,243,23665,383785.9217779333,33.739163888176456,0.3415875169606513,0.11236002535389816,0.8361293048806254,0.05151066976547644,0.8272131840270441,51.92085358123811,12.100612719205579,FALSE,0,FALSE
4120,Secretarios generales,41,Oficinistas,412,Secretarios generales,4,Personal de apoyo administrativo,297,23630,585563.4215087309,41.35886584849767,0.852401969105415,0.972831146847228,0.013796022005924672,0.0016504443504020312,0.9477782479898434,44.76415573423614,12.837537029200169,FALSE,0,FALSE
1323,"Directores, gerentes y administradores de empresas de construcción",13,"Directores, gerentes y administradores de producción y operaciones",132,"Directores, gerentes y administradores de producción y operaciones de industrias manufactureras, de minería, de construcción, de almacenamiento y distribución",1,"Directores, gerentes y administradores",193,23467,3096674.316472114,42.88688306676386,0.8779562790301274,0.3848808965781736,0.11957216516810841,0.495546938253718,0.12229939915626198,48.438275024502495,15.958154003494268,FALSE,0,FALSE
5212,Vendedores ambulantes de productos comestibles de consumo inmediato (elaboración propia),52,Vendedores,521,Vendedores en quioscos o puestos de feria y vendedores ambulantes de comidas y bebidas de consumo inmediato (elaboración propia),5,Trabajadores de los servicios y vendedores de comercios y mercados,225,22156,316037.9789169271,30.85326773785882,0.14704820364686766,0.09460191370283445,0.8302491424444846,0.042877775771799964,0.6964253475356562,44.42133056508395,10.528486874802331,FALSE,0,FALSE
9312,Obreros de obras públicas,93,"Obreros de la minería, la construcción, la industria manufacturera y el transporte",931,Obreros de la minería y la construcción,9,Ocupaciones elementales,315,22149,612705.480343529,44.614468239894514,0.8222444252690858,0.9460923743735609,0.0487155176305928,0.005192107995846314,0.02171655605219197,44.19016659894352,10.03191489361702,FALSE,0,FALSE
4225,"Empleados de informaciones, reclamos o sugerencias",42,Empleados en trato directo con el público,422,Empleados de servicios de información al cliente,4,Personal de apoyo administrativo,200,22100,725243.1471006188,41.45122171945702,0.8693665158371041,0.990633484162896,0.007601809954751132,0.0017647058823529412,0.6690950226244344,38.63488687782805,14.495067873303167,FALSE,0,FALSE
4416,Empleados y asistentes de recursos humanos,44,Otro personal de apoyo administrativo,441,Otro personal de apoyo administrativo,4,Personal de apoyo administrativo,230,21955,883800.6616410819,43.711924925612266,0.9527612962117754,0.9948075609200637,0,0.005192439079936233,0.6172625825552266,41.23402414028695,14.202322933272603,FALSE,0,FALSE
2151,Ingenieros eléctricos,21,Profesionales de las ciencias y de la ingeniería,215,Ingenieros en electrotecnología,2,"Profesionales, científicos e intelectuales",178,21836,2136416.0162754445,46.79492581058802,0.944784147855271,0.9168345850888441,0.049551199853453014,0.03361421505770287,0.021661476460890273,40.257922696464554,16.990299296584066,FALSE,0,FALSE
1324,"Directores, gerentes y administradores de empresas de abastecimiento, almacenamiento y distribución",13,"Directores, gerentes y administradores de producción y operaciones",132,"Directores, gerentes y administradores de producción y operaciones de industrias manufactureras, de minería, de construcción, de almacenamiento y distribución",1,"Directores, gerentes y administradores",152,21760,2414458.5479106293,44.58507089241034,0.9736213235294118,0.7169117647058824,0.041176470588235294,0.23924632352941178,0.25785845588235295,44.484880514705885,15.55202205882353,FALSE,0,FALSE
7412,Mecánicos y ajustadores electricistas,74,Trabajadores especializados en electricidad y electrónica,741,"Electricistas, instaladores y reparadores de equipos y líneas eléctricas",7,Artesanos y operarios de oficios,231,21708,996516.9398423006,46.98000187336081,0.8438224117156363,0.7833978256863829,0.18937718813340704,0.027224986180210062,0.011885019347705915,42.09480375898286,13.595794824399261,FALSE,0,FALSE
7422,Instaladores y reparadores en tecnología de la información y las comunicaciones,74,Trabajadores especializados en electricidad y electrónica,742,Instaladores y reparadores de equipos electrónicos y de telecomunicaciones,7,Artesanos y operarios de oficios,173,21699,737317.6262668722,43.1635098391631,0.8567254174397032,0.8319277386054656,0.13475275358311442,0.030139637771325868,0.041753076178625746,38.89405041706991,13.093921378865385,FALSE,0,FALSE
3113,Técnicos en electricidad,31,Técnicos de las ciencias y la ingeniería,311,"Técnicos en ciencias físicas, químicas, técnicos en ingeniería y dibujantes técnicos",3,Técnicos y profesionales de nivel medio,207,21511,976906.301207639,46.30295382314451,0.8969250151649479,0.8395704523267166,0.1299335223838966,0.030496025289386827,0.018083771093858957,40.1880898145135,13.744502812514527,FALSE,0,FALSE
4222,Empleados de centros de llamadas de informaciones,42,Empleados en trato directo con el público,422,Empleados de servicios de información al cliente,4,Personal de apoyo administrativo,138,21486,627913.681927032,40.69981325863679,0.8796875735190326,0.996928232337336,0.0030717676626640603,0,0.7745508703341711,41.575537559340965,13.957879549474075,FALSE,0,FALSE
3312,Ejecutivos de préstamos y créditos,33,Técnicos en operaciones financieras y administrativas,331,"Agentes de bolsas, ejecutivos de créditos, asistentes contables y otros técnicos en finanzas y matemáticas",3,Técnicos y profesionales de nivel medio,152,21363,1814129.7895106862,42.006319337171746,0.9893273416654964,0.9771099564667883,0.0022468754388428594,0.02064316809436877,0.5993540233113327,40.14515751533025,15.8703347260692,FALSE,0,FALSE
1345,"Directores, gerentes y administradores de servicios de educación",13,"Directores, gerentes y administradores de producción y operaciones",134,"Directores, gerentes y administradores de servicios de cuidados a personas, bienestar social, educación, servicios financieros y de otros servicios profesionales",1,"Directores, gerentes y administradores",230,21113,1820750.3712081527,42.19637190356652,0.8983090986595936,0.8255577132572349,0.03121299673187136,0.14322929001089377,0.7170463695353574,50.469189598825366,17.242050988255514,FALSE,0,FALSE
9621,"Mensajeros, estafetas, maleteros y repartidores de folletos y diarios a domicilio",96,Recolectores de desechos y otras ocupaciones elementales,962,Otras ocupaciones elementales,9,Ocupaciones elementales,195,21069,578091.4830346018,39.609663486639135,0.7688547154587309,0.9576154539845271,0.038634961317575586,0,0.31596183966965685,46.693388390526366,11.738714740997954,FALSE,0,FALSE
7122,"Instaladores de parqué, cerámicas, baldosas y alfombras",71,Operarios de la construcción (no incluye electricistas),712,Operarios de la construcción en trabajos de terminación,7,Artesanos y operarios de oficios,200,20434,562613.9726986705,40.27332535885167,0.4511598316531271,0.44396593912107274,0.5269648624840951,0.02319663306254282,0.04712733679162181,47.80693941470099,10.470000978760888,FALSE,0,FALSE
2144,Ingenieros mecánicos,21,Profesionales de las ciencias y de la ingeniería,214,Ingenieros (excluyendo ingenieros en electrotecnología),2,"Profesionales, científicos e intelectuales",180,20415,2346464.702081484,45.483419054616704,0.9224870975669698,0.9260837619397502,0.05564535880480039,0.018270879255449426,0.05427381827087926,39.08449669360764,16.943576132900816,FALSE,0,FALSE
3112,Técnicos en construcción y topógrafos,31,Técnicos de las ciencias y la ingeniería,311,"Técnicos en ciencias físicas, químicas, técnicos en ingeniería y dibujantes técnicos",3,Técnicos y profesionales de nivel medio,231,20362,1110988.8608543593,46.662259853436325,0.9097517555137968,0.8517827325410078,0.14684215695904135,0.001375110499950889,0.10465573126411944,40.73200078577743,14.445975879891705,FALSE,0,FALSE
9613,Barrenderos,96,Recolectores de desechos y otras ocupaciones elementales,961,"Recolectores de basura y material reciclable, clasificadores de desechos y barrenderos de calles y parques",9,Ocupaciones elementales,260,19775,469162.0551314211,39.87667546709992,0.7367888748419722,0.9552970922882428,0.04470290771175727,0,0.38235145385587865,51.14371681415929,8.573501896333754,FALSE,0,FALSE
6210,Trabajadores forestales calificados,62,"Trabajadores forestales calificados, pescadores y cazadores cuya producción se destina al mercado",621,Trabajadores forestales calificados,6,"Agricultores y trabajadores calificados agropecuarios, forestales y pesqueros",329,19732,522703.16745941475,40.06457583547558,0.45876079228034533,0.610885870666937,0.3773565781471721,0.007551185890938577,0.06446381512264342,48.101864990877765,8.548297182242043,FALSE,0,FALSE
2132,Agrónomos y profesionales del ámbito forestal y pesquero,21,Profesionales de las ciencias y de la ingeniería,213,Profesionales de las ciencias biológicas,2,"Profesionales, científicos e intelectuales",201,19629,1952151.1909833523,43.63176932090275,0.8879979439732717,0.8915889754954405,0.07524580977125682,0.033165214733302764,0.2962962962962963,41.50430485506139,17.176269804880533,FALSE,0,FALSE
6222,Pescadores en agua dulce y en aguas costeras,62,"Trabajadores forestales calificados, pescadores y cazadores cuya producción se destina al mercado",622,"Trabajadores de explotaciones de acuicultura, pescadores, cazadores y tramperos",6,"Agricultores y trabajadores calificados agropecuarios, forestales y pesqueros",310,18940,569547.1589523966,40.73028017241379,0.2140971488912355,0.3515311510031679,0.5691657866948258,0.07930306230200633,0.034530095036958815,47.50332629355861,9.432723014690227,FALSE,0,FALSE
3251,Técnicos y auxiliares paramédicos en odontología,32,Técnicos de la salud,325,"Técnicos en odontología, ópticos, técnicos en prevención de riesgos y otros técnicos en salud",3,Técnicos y profesionales de nivel medio,188,18928,686453.4817431638,41.027208368554525,0.8500979924784152,1,0,0,0.9404585798816568,36.312183009298394,14.638736263736265,FALSE,0,FALSE
3422,"Entrenadores, instructores y árbitros de actividades deportivas",34,"Técnicos de servicios jurídicos, sociales, deportivos y culturales",342,"Deportistas, entrenadores, árbitros e instructores de actividades deportivas y recreativas",3,Técnicos y profesionales de nivel medio,170,18841,774678.2382946326,25.322875677975116,0.43055039541425616,0.5688657714558675,0.3984395732710578,0.03120853457884401,0.21856589353006742,37.843585796932224,15.380422632671529,FALSE,0,FALSE
2519,Otros desarrolladores y analistas de software y multimedia no clasificados previamente,25,Profesionales de tecnología de la información y las comunicaciones,251,"Analistas, desarrolladores y programadores de software, multimedia y aplicaciones",2,"Profesionales, científicos e intelectuales",103,18825,2047730.4234417707,42.9147439654713,0.9439043824701195,0.95845949535192565,0.04154050464807437,0,0.22252324037184595,39.875803452855244,17.038300132802124,FALSE,0,FALSE
7213,Chapistas y caldereros,72,"Operarios de la metalurgia y operarios de máquinas herramientas; mecánicos de vehículos, maquinarias, aviones y bicicletas",721,"Moldeadores, soldadores, chapistas, caldereros, montadores de estructuras metálicas, aparejadores y empalmadores de cables no eléctricos",7,Artesanos y operarios de oficios,174,18461,532729.5797837484,41.684662509572256,0.42121228535832295,0.5864254374085911,0.36574400086669195,0.04593467309463193,0.020313092465196903,46.97795352364444,9.931856345810086,FALSE,0,FALSE
5243,Representantes de ventas de puerta a puerta (venta a hogares),52,Vendedores,524,Modelos y promotores y otros vendedores no clasificados previamente,5,Trabajadores de los servicios y vendedores de comercios y mercados,197,18148,287128.0336405801,22.25330739299611,0.3922195283226802,0.09620894864447874,0.8545294247299978,0.01713687458673132,0.7484571302622879,44.73060392329733,12.321412827859819,FALSE,0,FALSE
8111,Mineros y operadores de instalaciones mineras,81,Operadores de instalaciones fijas y máquinas,811,"Mineros y operadores de instalaciones mineras, perforadores de pozos y operadores de máquinas para fabricar cemento y otros productos minerales",8,"Operadores de instalaciones, máquinas y ensambladores",271,17977,1120924.6917596904,57.415809089392,0.914500452079566,0.9295210546809812,0.07047894531901874,0,0.028091450186349225,41.83100628580964,12.0096234076876,FALSE,0,FALSE
3115,Técnicos en ingeniería mecánica,31,Técnicos de las ciencias y la ingeniería,311,"Técnicos en ciencias físicas, químicas, técnicos en ingeniería y dibujantes técnicos",3,Técnicos y profesionales de nivel medio,179,17886,1283577.300793917,46.544448171754446,0.9436188315371525,0.9482276640948227,0.04450408140445041,0.0072682545007268255,0.015990159901599015,41.03058257855306,14.415520518841552,FALSE,0,FALSE
7318,"Artesanos de los tejidos, el cuero y materiales similares",73,Artesanos y operarios de las artes gráficas,731,"Reparadores de instrumentos de precisión, fabricantes y afinadores de instrumentos musicales, pintores de carteles, pintores decorativos y artesanos",7,Artesanos y operarios de oficios,242,17883,236785.1057382334,26.530577956989248,0.20248280489850695,0.08494100542414584,0.8648437063132584,0.03483755522004138,0.8440418274338758,50.70849410054242,11.523569870827043,FALSE,0,FALSE
7127,Mecánicos de instalaciones de refrigeración y aire acondicionado,71,Operarios de la construcción (no incluye electricistas),712,Operarios de la construcción en trabajos de terminación,7,Artesanos y operarios de oficios,133,17769,764877.2111565089,43.727476442197194,0.7424728459676966,0.6432551072091846,0.32348472058078676,0.0332601722100287,0.022060892565704315,40.97439360684338,12.886881647813608,FALSE,0,FALSE
1212,"Directores, gerentes y administradores de recursos humanos",12,Directores y gerentes administrativos y de servicios comerciales,121,"Directores, gerentes y administradores de finanzas, de recursos humanos, políticas empresariales y de servicios administrativos",1,"Directores, gerentes y administradores",137,17762,2061985.0031419594,42.443193334084,0.9409976354014188,0.9453327328003603,0.008839094696543181,0.045828172503096495,0.5883909469654318,41.34883459069925,16.707803175318094,FALSE,0,FALSE
5245,Bomberos de gasolineras,52,Vendedores,524,Modelos y promotores y otros vendedores no clasificados previamente,5,Trabajadores de los servicios y vendedores de comercios y mercados,211,17598,608184.8150349045,43.89049892033186,0.9125284738041002,0.9839754517558813,0.012387771337652006,0.003636776906466644,0.0876235935901807,39.694453915217636,12.692749176042732,FALSE,0,FALSE
2248,Terapeutas ocupacionales,22,Profesionales de la salud,224,"Dentistas, farmacéuticos, kinesiólogos, nutricionistas, fonoaudiólogos y otros profesionales de la salud",2,"Profesionales, científicos e intelectuales",141,17450,1147355.1371919771,34.301661891117476,0.5941113995751711,0.8611461318051576,0.12200573065902579,0.01684813753581662,0.7334097421203438,32.1323782234957,17.09467048710602,FALSE,0,FALSE
4311,Auxiliares y ayudantes de registros de contabilidad y cálculo de costos,43,Auxiliares y ayudantes de registros contables y encargados del registro de materiales,431,Auxiliares y ayudantes de registros contables y financieros,4,Personal de apoyo administrativo,140,17373,797593.1776897997,39.35658780866862,0.9020318885627122,0.9025499338053301,0.08167846658608185,0.007655557474241639,0.5058423991250791,41.040119726011625,13.835319173430035,FALSE,0,FALSE
5246,Vendedores de comida al mostrador,52,Vendedores,524,Modelos y promotores y otros vendedores no clasificados previamente,5,Trabajadores de los servicios y vendedores de comercios y mercados,146,17319,444168.4892607096,33.781742594838036,0.846295975518217,0.9052485709336566,0.07818003348923148,0.008372307869969398,0.6042496679946879,29.10514463883596,13.57728506264796,FALSE,0,FALSE
2247,Tecnólogos médicos,22,Profesionales de la salud,224,"Dentistas, farmacéuticos, kinesiólogos, nutricionistas, fonoaudiólogos y otros profesionales de la salud",2,"Profesionales, científicos e intelectuales",155,17182,1603002.1964243706,43.056221627284366,0.9007820707365473,0.9505296240251426,0.04592014899313235,0.003550226981725061,0.5845070422535211,34.88231870562216,17.131940402747063,FALSE,0,FALSE
2413,Analistas financieros,24,Profesionales de negocios y administración,241,"Contadores, asesores y analistas financieros y en inversiones",2,"Profesionales, científicos e intelectuales",84,17091,2123387.6913835956,42.3342694985665,0.9936808846761453,0.9833830671113452,0.01661693288865485,0,0.5175238429582821,37.8249371013984,16.584986250073136,FALSE,0,FALSE
2230,Veterinarios,22,Profesionales de la salud,223,Veterinarios,2,"Profesionales, científicos e intelectuales",147,16504,1399919.7956120092,38.78665533361666,0.7801644777218608,0.5828284052350945,0.2384876393601551,0.17868395540475035,0.5292656325739215,38.707283082889,17.17365487154629,FALSE,0,FALSE
2146,Ingenieros en minas y metalúrgicos,21,Profesionales de las ciencias y de la ingeniería,214,Ingenieros (excluyendo ingenieros en electrotecnología),2,"Profesionales, científicos e intelectuales",175,16429,2804547.2457240247,53.09300626940167,0.970722502891229,0.9747397893967984,0.008947592671495527,0.01631261793170613,0.12289244628400998,41.370016434353886,17.27298392046152,FALSE,0,FALSE
9622,Auxiliares de mantenimiento (pequeñas reparaciones),96,Recolectores de desechos y otras ocupaciones elementales,962,Otras ocupaciones elementales,9,Ocupaciones elementales,151,16361,660439.1253316487,41.09190680564071,0.7353462502292036,0.7712853737546604,0.20457184768657172,0.024142778558767803,0.03545015585844386,49.1427785587678,11.293978306944272,FALSE,0,FALSE
2245,Dietistas y nutricionistas,22,Profesionales de la salud,224,"Dentistas, farmacéuticos, kinesiólogos, nutricionistas, fonoaudiólogos y otros profesionales de la salud",2,"Profesionales, científicos e intelectuales",138,16000,1316838.2010433897,40.0775625,0.841625,0.930125,0.050625,0.01925,0.839,34.8724375,16.9420625,FALSE,0,FALSE
1311,"Directores, gerentes y administradores de producción y operaciones agropecuarias y de silvicultura",13,"Directores, gerentes y administradores de producción y operaciones",131,"Directores, gerentes y administradores de producción y operaciones agropecuarias, de silvicultura, acuicultura y pesca",1,"Directores, gerentes y administradores",212,15984,2365887.893021179,42.733045545545544,0.9654029029029029,0.6398273273273273,0.06938188188188188,0.2907907907907908,0.182494994994995,50.91735485485486,14.82764014014014,FALSE,0,FALSE
8183,"Operadores de máquinas de embalaje, embotellamiento y etiquetado",81,Operadores de instalaciones fijas y máquinas,818,"Operadores de máquinas de instalaciones de vidriería, cerámica y operadores de máquinas de vapor y calderas, de embotellamiento, de etiquetado y otros operadores de máquinas e instalaciones",8,"Operadores de instalaciones, máquinas y ensambladores",136,15284,712762.1689063332,43.714145511646166,0.9140931693274013,0.9814839047369799,0.01851609526302015,0,0.4634912326616069,39.90087673383931,11.94667626275844,FALSE,0,FALSE
3521,Técnicos de radiodifusión y grabación audiovisual,35,Técnicos de la tecnología de la información y las comunicaciones,352,"Técnicos en radiodifusión, grabación audiovisual y técnicos de las telecomunicaciones",3,Técnicos y profesionales de nivel medio,109,15243,905003.8318447148,38.01102145246998,0.6570635654816969,0.5055435281768681,0.46723086006691594,0.02722561175621597,0.12005510726234993,37.34382995473332,15.486649609656892,FALSE,0,FALSE
3359,Agentes de la administración pública para la aplicación de la ley no clasificados previamente,33,Técnicos en operaciones financieras y administrativas,335,Agentes de la administración pública para la aplicación de la ley,3,Técnicos y profesionales de nivel medio,139,15193,1399677.433517913,45.352070032251696,0.846169287387086,0.9880866188376226,0,0.00401500691107747,0.23497663397617324,43.26334496149543,15.248469689988811,FALSE,0,FALSE
3122,Supervisores de industrias manufactureras,31,Técnicos de las ciencias y la ingeniería,312,"Supervisores de minas, de industrias manufactureras y de la construcción",3,Técnicos y profesionales de nivel medio,148,15135,1203604.3672943509,44.526726131483315,0.9702015196564255,0.9840766435414602,0.009976874793524942,0.005946481665014866,0.2628344895936571,42.272679220350184,14.075057813016187,FALSE,0,FALSE
5132,Bármanes,51,Trabajadores de los servicios a las personas,513,Garzones de mesa y bármanes,5,Trabajadores de los servicios y vendedores de comercios y mercados,138,15072,637167.9128277341,36.658717827467406,0.7100583864118896,0.9488455414012739,0.04644373673036093,0,0.3267648619957537,30.532576963906582,13.864716029723992,FALSE,0,FALSE
7214,Montadores de estructuras metálicas,72,"Operarios de la metalurgia y operarios de máquinas herramientas; mecánicos de vehículos, maquinarias, aviones y bicicletas",721,"Moldeadores, soldadores, chapistas, caldereros, montadores de estructuras metálicas, aparejadores y empalmadores de cables no eléctricos",7,Artesanos y operarios de oficios,155,15015,911918.6544228917,45.1800656001071,0.7371295371295371,0.6446220446220446,0.32454212454212455,0.01984681984681985,0.013786213786213787,44.157375957375955,11.161638361638362,FALSE,0,FALSE
7119,Otros operarios de la construcción (obra gruesa) no clasificados previamente,71,Operarios de la construcción (no incluye electricistas),711,Operarios de la construcción en obra gruesa,7,Artesanos y operarios de oficios,171,14965,701631.984271805,46.596592048112264,0.8051453391246242,0.8716338122285332,0.12342131640494487,0.004944871366521884,0.03728700300701637,40.278583361176075,10.859553948161544,FALSE,0,FALSE
7114,Operarios en cemento armado,71,Operarios de la construcción (no incluye electricistas),711,Operarios de la construcción en obra gruesa,7,Artesanos y operarios de oficios,159,14816,616925.3994151251,44.79852313528894,0.7315064794816415,0.8717602591792657,0.11447084233261338,0.01376889848812095,0.005804535637149028,46.548326133909285,10.119667926565874,FALSE,0,FALSE
3434,Chefs,34,"Técnicos de servicios jurídicos, sociales, deportivos y culturales",343,"Fotógrafos, decoradores de interior, técnicos en galerías de arte, museos y bibliotecas, chefs y otros técnicos en actividades culturales y artísticas",3,Técnicos y profesionales de nivel medio,132,14713,916364.7683495679,43.571603343981515,0.8868347719703663,0.9364507578332087,0.042615374158907086,0.020933868007884184,0.2471283898593081,36.30061850064569,14.127506286957113,FALSE,0,FALSE
4214,Cobradores,42,Empleados en trato directo con el público,421,"Cajeros de bancos y de casas de cambio; receptores de apuestas, prestamistas y cobradores",4,Personal de apoyo administrativo,96,14660,894180.2003186258,40.98581173260573,0.8336971350613915,0.9867667121418827,0.013233287858117325,0,0.7334924965893588,45.39658935879945,14.037653478854024,FALSE,0,FALSE
7322,Impresores,73,Artesanos y operarios de las artes gráficas,732,"Tipógrafos, impresores y encuadernadores",7,Artesanos y operarios de oficios,112,14643,565006.858688067,36.81943582316022,0.6177695827357782,0.5198388308406747,0.44813221334426007,0.010653554599467322,0.3552550706822373,43.76480229461176,12.94939561565253,FALSE,0,FALSE
2246,Fonoaudiólogos,22,Profesionales de la salud,224,"Dentistas, farmacéuticos, kinesiólogos, nutricionistas, fonoaudiólogos y otros profesionales de la salud",2,"Profesionales, científicos e intelectuales",122,14490,975721.8704002243,35.54734299516908,0.772256728778468,0.8535541752933057,0.14644582470669426,0,0.8697032436162871,33.163906142167015,17.02208419599724,FALSE,0,FALSE
3411,Técnicos de los servicios jurídicos,34,"Técnicos de servicios jurídicos, sociales, deportivos y culturales",341,"Técnicos de los servicios jurídicos, sociales y religiosos",3,Técnicos y profesionales de nivel medio,126,14431,1099570.5274755734,41.01409343950391,0.8659136580971519,0.9232901392834869,0.0686716097290555,0.008038250987457557,0.6514448063197283,41.08495599750537,15.014136234495185,FALSE,0,FALSE
8343,Operadores de grúas y aparatos elevadores,83,Conductores de vehículos y operadores de equipos pesados y móviles,834,"Operadores de maquinaria agrícola, forestal, máquinas de movimiento de tierras, grúas y montacargas",8,"Operadores de instalaciones, máquinas y ensambladores",142,14162,881907.1958354348,48.01441249556265,0.9159017087981923,0.9572094336958057,0.042790566304194325,0,0.03749470413783364,42.353904815704,12.180191693290736,FALSE,0,FALSE
7319,Artesanos no clasificados previamente,73,Artesanos y operarios de las artes gráficas,731,"Reparadores de instrumentos de precisión, fabricantes y afinadores de instrumentos musicales, pintores de carteles, pintores decorativos y artesanos",7,Artesanos y operarios de oficios,139,13918,361481.026603831,28.159233374162405,0.2698663601092111,0.05302485989366288,0.9318149159361977,0.015160224170139389,0.7888346026727978,47.02845236384538,12.905158787182067,FALSE,0,FALSE
5164,Cuidadores de animales,51,Trabajadores de los servicios a las personas,516,Otros trabajadores de servicios a las personas,5,Trabajadores de los servicios y vendedores de comercios y mercados,135,13857,588719.8362306244,35.53306830502349,0.5193764884174064,0.48069567727502344,0.4620769286281302,0.05397993793750451,0.3749729378653388,42.33600346395324,12.332395179331746,FALSE,0,FALSE
9216,Obreros de pesca y acuicultura,92,"Obreros agropecuarios, pesqueros y forestales",921,"Obreros agropecuarios, de jardinería y horticultura, forestales y pesqueros",9,Ocupaciones elementales,282,13831,495172.3523308382,36.91639988358556,0.4266568483063328,0.4580290651435182,0.5377774564384354,0,0.2820475742896392,43.87224351095365,9.567637914829007,FALSE,0,FALSE
2242,Químicos farmacéuticos,22,Profesionales de la salud,224,"Dentistas, farmacéuticos, kinesiólogos, nutricionistas, fonoaudiólogos y otros profesionales de la salud",2,"Profesionales, científicos e intelectuales",117,13716,2068777.111233642,43.25262467191601,0.9444728948716072,0.979002624671916,0,0.02099737532808399,0.618474773986585,38.89822105570137,17.27514273166447,FALSE,0,FALSE
5151,"Supervisores de mantenimiento y limpieza en oficinas, hoteles y otros establecimientos",51,Trabajadores de los servicios a las personas,515,"Supervisores de mantenimiento y limpieza, mayordomos domésticos y conserjes",5,Trabajadores de los servicios y vendedores de comercios y mercados,122,13703,825940.5266201097,44.336622085799895,0.9367291833904984,0.9970809311829526,0,0.002919068817047362,0.5663723272276144,45.979493541560245,13.19010435671021,FALSE,0,FALSE
7515,"Catadores, clasificadores y controladores de calidad de alimentos y bebidas",75,"Operarios de procesamiento de alimentos, de la confección, ebanistas y otros oficios",751,"Operarios de procesamiento, elaboración, conservación, cata y clasificación de alimentos, bebidas y tabaco",7,Artesanos y operarios de oficios,131,13592,789470.7546362339,43.8212919364332,0.9338581518540318,0.9780017657445557,0.02199823425544438,0,0.539802825191289,38.10793113596233,13.361168334314302,FALSE,0,FALSE
9122,Limpiadores de vehículos,91,Auxiliares de aseo y trabajadores de casa particular,912,"Limpiadores de ropa, vehículos, ventanas y otros limpiadores manuales",9,Ocupaciones elementales,131,13480,463193.8998127341,39.10643213833197,0.37091988130563797,0.5701038575667656,0.4234421364985163,0.006454005934718101,0.11899109792284866,40.00519287833828,10.571810089020772,FALSE,0,FALSE
4226,Recepcionistas (funciones generales),42,Empleados en trato directo con el público,422,Empleados de servicios de información al cliente,4,Personal de apoyo administrativo,117,13388,568993.0297448286,39.90543770540783,0.7825989208633094,0.9583955781296684,0.03943830295787272,0,0.787720346579026,37.71728413504631,13.556907820599504,FALSE,0,FALSE
3512,Técnicos en asistencia al usuario de tecnología de la información y las comunicaciones,35,Técnicos de la tecnología de la información y las comunicaciones,351,"Técnicos en operaciones de tecnología de la información, las comunicaciones y asistencia al usuario; técnicos en redes y técnicos de la web",3,Técnicos y profesionales de nivel medio,76,13165,1113661.0512723129,43.88879605013293,0.947604904424644,0.9829851879984808,0.01701481200151918,0,0.17349031522977593,41.75290543106723,15.062666160273452,FALSE,0,FALSE
1211,"Directores, gerentes y administradores de finanzas",12,Directores y gerentes administrativos y de servicios comerciales,121,"Directores, gerentes y administradores de finanzas, de recursos humanos, políticas empresariales y de servicios administrativos",1,"Directores, gerentes y administradores",78,12809,3435115.4959121514,43.83394488250449,0.9266140994613162,1,0,0,0.42821453665391523,45.289718166913886,17.204581234256928,FALSE,0,FALSE
3121,Supervisores de minas,31,Técnicos de las ciencias y la ingeniería,312,"Supervisores de minas, de industrias manufactureras y de la construcción",3,Técnicos y profesionales de nivel medio,150,12546,1813687.5698085893,55.71489089601151,0.9743918053777209,0.9691535150645624,0.01673840267814443,0.014108082257293162,0.055077315479037145,41.83715925394548,14.402757851107923,FALSE,0,FALSE
9611,Recolectores de basura y material reciclable,96,Recolectores de desechos y otras ocupaciones elementales,961,"Recolectores de basura y material reciclable, clasificadores de desechos y barrenderos de calles y parques",9,Ocupaciones elementales,142,12377,470938.04245754244,38.984083380463765,0.653793326331098,0.7309525733214834,0.25951361396137995,0,0.13743233416821524,44.888906843338454,9.112680629972399,FALSE,0,FALSE
2652,"Músicos, cantantes y compositores",26,"Profesionales en derecho, ciencias sociales y culturales",265,"Artistas, actores y locutores de medios de comunicación",2,"Profesionales, científicos e intelectuales",81,12278,1040454.4593147752,31.13807876091613,0.5026062876690015,0.34199381006678614,0.6580061899332139,0,0.19832220231308031,40.01343867079329,15.089916924580551,FALSE,0,FALSE
9215,Obreros forestales,92,"Obreros agropecuarios, pesqueros y forestales",921,"Obreros agropecuarios, de jardinería y horticultura, forestales y pesqueros",9,Ocupaciones elementales,216,11960,419006.26089953474,36.36426262969893,0.4273079514824798,0.5810200668896321,0.3948160535117057,0.016387959866220735,0.04657190635451505,47.2561872909699,8.109364548494984,FALSE,0,FALSE
1346,"Directores, gerentes y administradores de servicios financieros",13,"Directores, gerentes y administradores de producción y operaciones",134,"Directores, gerentes y administradores de servicios de cuidados a personas, bienestar social, educación, servicios financieros y de otros servicios profesionales",1,"Directores, gerentes y administradores",66,11918,3969059.118644068,43.691642893102866,0.9859875818090283,0.8905017620406108,0,0.10949823795938916,0.3211948313475415,43.941097499580465,17.101023661688203,FALSE,0,FALSE
2432,Profesionales de las relaciones públicas,24,Profesionales de negocios y administración,243,"Profesionales de la publicidad, relaciones públicas y de las ventas técnicas, médicas y de tecnología de la información y las comunicaciones",2,"Profesionales, científicos e intelectuales",79,11880,1147588.1574976689,45.60767011708807,0.7203703703703703,0.6426767676767676,0.34604377104377104,0.01127946127946128,0.5472222222222223,38.07095959595959,16.535858585858588,FALSE,0,FALSE
2632,"Sociólogos, antropólogos, geógrafos y arqueólogos",26,"Profesionales en derecho, ciencias sociales y culturales",263,"Economistas, especialistas en ciencias sociales, humanidades, ciencias políticas y teología",2,"Profesionales, científicos e intelectuales",83,11805,1942815.442043222,41.46869970351546,0.7978822532825074,0.8555696738670056,0.12799661160525203,0.016433714527742484,0.3689114781872088,38.414654807285046,17.90842863193562,FALSE,0,FALSE
2145,Ingenieros químicos,21,Profesionales de las ciencias y de la ingeniería,214,Ingenieros (excluyendo ingenieros en electrotecnología),2,"Profesionales, científicos e intelectuales",95,11677,2111427.058641178,42.96976963261112,0.8350864991741285,0.982529759355999,0.017470240644001028,0,0.5401216065770318,39.63723559133339,17.177528474779482,FALSE,0,FALSE
8172,Operadores de instalaciones de procesamiento de la madera,81,Operadores de instalaciones fijas y máquinas,817,"Operadores de instalaciones para la preparación de papel, pasta de papel y procesamiento de la madera",8,"Operadores de instalaciones, máquinas y ensambladores",182,11670,633578.9279909115,42.65597316590694,0.882604970008569,0.9251928020565553,0.05672664952870608,0.018080548414738645,0.06452442159383033,44.40214224507284,10.685618441424394,FALSE,0,FALSE
3331,Agentes de aduana,33,Técnicos en operaciones financieras y administrativas,333,"Agentes de aduana, organizadores de eventos, agentes de empleo, de bienes raíces y otros agentes de servicios comerciales",3,Técnicos y profesionales de nivel medio,105,11611,1041710.2969801553,42.43562139350616,0.9456549823443287,0.9555593833433813,0.01886142451123934,0.023770562397726295,0.47902850744983205,42.51985186461115,15.045301868917406,FALSE,0,FALSE
5321,Trabajadores de los cuidados personales en instituciones,53,Trabajadores de los cuidados personales,532,Trabajadores de los cuidados personales en instituciones y a domicilio,5,Trabajadores de los servicios y vendedores de comercios y mercados,111,11516,547104.1498689324,42.88893713094824,0.6961914744933613,0.9900138937130948,0.002691906912122265,0.007294199374782911,0.7520840569642236,41.8599340048628,12.64953108718305,FALSE,0,FALSE
7223,Reguladores y operarios de máquinas herramientas,72,"Operarios de la metalurgia y operarios de máquinas herramientas; mecánicos de vehículos, maquinarias, aviones y bicicletas",722,Herreros y herramentistas; reguladores y operarios de máquinas herramientas; pulidores de metales y afiladores de herramientas,7,Artesanos y operarios de oficios,98,11357,715447.0899006035,42.14907105749758,0.8621114731002906,0.8140353966716563,0.135158932816765,0.05080567051157876,0.004754776789645153,47.020163775644974,12.063749229550057,FALSE,0,FALSE
9629,Otras ocupaciones elementales no clasificadas previamente,96,Recolectores de desechos y otras ocupaciones elementales,962,Otras ocupaciones elementales,9,Ocupaciones elementales,111,11084,429149.83875400823,39.042042583904724,0.5289606640202094,0.7496391194514616,0.22897870804763623,0.018765788523998555,0.27111151208949835,42.8136051966799,10.821183688199206,FALSE,0,FALSE
3511,Técnicos en operaciones de tecnología de la información y las comunicaciones,35,Técnicos de la tecnología de la información y las comunicaciones,351,"Técnicos en operaciones de tecnología de la información, las comunicaciones y asistencia al usuario; técnicos en redes y técnicos de la web",3,Técnicos y profesionales de nivel medio,82,11033,853857.1006562529,42.68041330553793,0.8818997552796157,0.8799963745128252,0.12000362548717484,0,0.12444484727635276,36.717030726003806,14.378501688110228,FALSE,0,FALSE
1349,"Directores, gerentes y administradores de otros servicios profesionales no clasificados previamente",13,"Directores, gerentes y administradores de producción y operaciones",134,"Directores, gerentes y administradores de servicios de cuidados a personas, bienestar social, educación, servicios financieros y de otros servicios profesionales",1,"Directores, gerentes y administradores",75,10987,2968636.6906267437,43.045144261399834,0.9482934048654148,0.6646946391189588,0.0884681896787112,0.24683717120233004,0.3819058887776463,43.99981796668791,16.993992900700828,FALSE,0,FALSE
5242,Promotores de tiendas,52,Vendedores,524,Modelos y promotores y otros vendedores no clasificados previamente,5,Trabajadores de los servicios y vendedores de comercios y mercados,87,10826,582586.1422113022,34.377982848620434,0.7906890818400147,0.92554960280805465,0.06539811564751524,0,0.7665804544614816,33.73120266026233,13.570940328837983,FALSE,0,FALSE
1342,"Directores, gerentes y administradores de servicios de salud",13,"Directores, gerentes y administradores de producción y operaciones",134,"Directores, gerentes y administradores de servicios de cuidados a personas, bienestar social, educación, servicios financieros y de otros servicios profesionales",1,"Directores, gerentes y administradores",76,10720,3236824.7252682927,41.27919776119403,0.8487873134328359,0.8871268656716418,0,0.0871268656716418,0.6269589552238806,46.40522388059701,17.209048507462686,FALSE,0,FALSE
2513,Desarrolladores web y multimedia,25,Profesionales de tecnología de la información y las comunicaciones,251,"Analistas, desarrolladores y programadores de software, multimedia y aplicaciones",2,"Profesionales, científicos e intelectuales",54,10539,1906681.4361893919,41.87437138248411,0.949425941740203,0.8674447291014328,0.11006736882057121,0.022487902077996016,0.14583926368725686,35.973526900085396,16.604990985862035,FALSE,0,FALSE
3341,Supervisores de oficina,33,Técnicos en operaciones financieras y administrativas,334,"Supervisores de oficina, secretarios administrativos y especializados",3,Técnicos y profesionales de nivel medio,77,10471,1388470.346926714,43.38840607391844,0.9691528984815204,1,0,0,0.592875561073441,41.036195205806514,14.992837360328526,FALSE,0,FALSE
2412,Asesores financieros y en inversiones,24,Profesionales de negocios y administración,241,"Contadores, asesores y analistas financieros y en inversiones",2,"Profesionales, científicos e intelectuales",61,10438,2506989.3903872087,38.749473079133935,0.8161525196397778,0.7896148687488025,0.18346426518490133,0.026920866066296224,0.41348917417129716,41.710864150220345,16.56974516190841,FALSE,0,FALSE
3332,Organizadores de conferencias y eventos,33,Técnicos en operaciones financieras y administrativas,333,"Agentes de aduana, organizadores de eventos, agentes de empleo, de bienes raíces y otros agentes de servicios comerciales",3,Técnicos y profesionales de nivel medio,92,10418,1121577.7196194762,33.212712519319936,0.620080629679401,0.31743136878479555,0.5119024764830101,0.1706661547321943,0.44192743328853906,39.40890765981954,14.788911348541728,FALSE,0,FALSE
5152,"Amas de llaves, mayordomos domésticos y dueños/administradores de pequeños establecimientos de alojamiento",51,Trabajadores de los servicios a las personas,515,"Supervisores de mantenimiento y limpieza, mayordomos domésticos y conserjes",5,Trabajadores de los servicios y vendedores de comercios y mercados,131,10112,725244.1340996169,41.217235188509875,0.6964003164556962,0.7254746835443038,0.17919303797468356,0.07446598101265822,0.38874604430379744,52.19007120253165,11.814873417721518,FALSE,0,FALSE
7543,"Clasificadores, probadores de productos e inspectores de calidad (excluyendo alimentos y bebidas)",75,"Operarios de procesamiento de alimentos, de la confección, ebanistas y otros oficios",754,"Buzos, dinamiteros, clasificadores, probadores e inspectores de calidad de productos no comestibles, fumigadores y otros oficios",7,Artesanos y operarios de oficios,77,9947,878597.9700010563,44.375389564692874,0.9007741027445461,0.9918568412586709,0,0,0.4286719613953956,41.149391776415,13.206997084548105,FALSE,0,FALSE
1221,"Directores, gerentes y administradores de comercialización",12,Directores y gerentes administrativos y de servicios comerciales,122,"Directores, gerentes y administradores de comercialización, publicidad, relaciones públicas e investigación y desarrollo",1,"Directores, gerentes y administradores",56,9925,3261184.5713853906,45.40040302267003,1,0.886750629722922,0.009370277078085642,0.10387909319899244,0.2653904282115869,45.53289672544081,16.890780856423174,FALSE,0,FALSE
2222,Profesionales de matronería,22,Profesionales de la salud,222,Profesionales de enfermería y matronería,2,"Profesionales, científicos e intelectuales",103,9922,1519585.4209726444,40.558959887119535,0.8833904454747027,0.9406369683531546,0.055533158637371495,0.003829873009473896,0.9330780084660351,37.63606127796815,17.21265873815763,FALSE,0,FALSE
3142,Técnicos agropecuarios (incluyendo acuícolas),31,Técnicos de las ciencias y la ingeniería,314,"Técnicos en ciencias biológicas (excluyendo la medicina), agropecuarias, acuícolas y forestales",3,Técnicos y profesionales de nivel medio,125,9914,971968.8622864117,44.63183377042566,0.8712799917619195,0.9482549929392778,0.04014524914262659,0.0024208190437764775,0.3557595319749849,38.97478313496066,14.126286060117007,FALSE,0,FALSE
1112,Personal directivo de la administración pública,11,"Miembros del Poder Ejecutivo y Legislativo, personal directivo de la administración pública y de otras organizaciones sociales y/o políticas, directores ejecutivos y gerentes generales",111,"Miembros del poder ejecutivo y legislativo, personal directivo de la administración pública y de otras organizaciones sociales y/o políticas",1,"Directores, gerentes y administradores",91,9807,3337793.0731110433,45.307003089598354,0.9262000205570974,1,0,0,0.37218313449576834,46.74579382074029,17.55123891098195,FALSE,0,FALSE
2163,Diseñadores de productos y de vestuario,21,Profesionales de las ciencias y de la ingeniería,216,"Arquitectos, diseñadores, urbanistas, cartógrafos y agrimensores",2,"Profesionales, científicos e intelectuales",67,9782,941693.1763338615,41.8333506709664,0.7098752811286035,0.46984256798200774,0.42639542015947657,0.086485381312615,0.5985483541198119,36.54099366182785,15.940809650378245,FALSE,0,FALSE
3355,Inspectores y detectives de la Policía de Investigaciones (PDI),33,Técnicos en operaciones financieras y administrativas,335,Agentes de la administración pública para la aplicación de la ley,3,Técnicos y profesionales de nivel medio,75,9690,1846957.123632611,44.979477028857175,0.9372549019607843,0.9566563467492261,0.043343653250773995,0,0.3252837977296182,38.292776057791535,15.767285861713106,FALSE,0,FALSE
7421,Mecánicos y reparadores en electrónica,74,Trabajadores especializados en electricidad y electrónica,742,Instaladores y reparadores de equipos electrónicos y de telecomunicaciones,7,Artesanos y operarios de oficios,84,9677,644275.7564327788,42.83000930040302,0.6626455026455026,0.6347008370362716,0.3516585718714478,0.013640591092280666,0.11790844269918363,41.39051358892219,12.954221349591815,FALSE,0,FALSE
2514,Programadores de aplicaciones,25,Profesionales de tecnología de la información y las comunicaciones,251,"Analistas, desarrolladores y programadores de software, multimedia y aplicaciones",2,"Profesionales, científicos e intelectuales",59,9591,1717406.480352158,41.10673922143156,0.8694609529767491,0.8186841830883119,0.1503492857887603,0.030966531122927746,0.04817015952455427,37.14075695964967,16.29830049004275,FALSE,0,FALSE
2433,Profesionales de ventas técnicas y médicas (excluyendo las TIC),24,Profesionales de negocios y administración,243,"Profesionales de la publicidad, relaciones públicas y de las ventas técnicas, médicas y de tecnología de la información y las comunicaciones",2,"Profesionales, científicos e intelectuales",64,9527,2382244.876561352,43.15965151674189,0.9419544452608376,0.9039571743465938,0.0440852314474651,0.05195759420594101,0.24939645218851686,43.58129526608586,15.773485882229453,FALSE,0,FALSE
3114,Técnicos en electrónica,31,Técnicos de las ciencias y la ingeniería,311,"Técnicos en ciencias físicas, químicas, técnicos en ingeniería y dibujantes técnicos",3,Técnicos y profesionales de nivel medio,80,9464,1169425.4368611583,44.245667793744715,0.8774302620456467,0.8156170752324599,0.15120456466610313,0.03317836010143702,0.004015215553677092,43.140215553677095,14.53381234150465,FALSE,0,FALSE
7313,"Joyeros, orfebres y plateros",73,Artesanos y operarios de las artes gráficas,731,"Reparadores de instrumentos de precisión, fabricantes y afinadores de instrumentos musicales, pintores de carteles, pintores decorativos y artesanos",7,Artesanos y operarios de oficios,77,9437,771428.0439499612,30.330075187969925,0.4696407756702342,0.10024372152167002,0.7731270530889054,0.11889371622337608,0.5699904630708912,43.96651478224012,13.23365476316626,FALSE,0,FALSE
8142,Operadores de máquinas para fabricar productos de material plástico,81,Operadores de instalaciones fijas y máquinas,814,"Operadores de máquinas para fabricar productos de caucho, de material plástico y de papel",8,"Operadores de instalaciones, máquinas y ensambladores",54,9051,665639.4750856259,44.87316318638825,0.7891945641365595,0.9871837366036902,0.0128162633963098,0,0.14329908297425697,41.85393879129378,11.348027842227378,FALSE,0,FALSE
3423,Instructores de acondicionamiento físico y actividades recreativas,34,"Técnicos de servicios jurídicos, sociales, deportivos y culturales",342,"Deportistas, entrenadores, árbitros e instructores de actividades deportivas y recreativas",3,Técnicos y profesionales de nivel medio,94,9005,783558.7880493354,30.771595063985373,0.5252637423653526,0.560799555802332,0.41787895613548026,0.021321488062187675,0.308717379233759,33.17312604108828,15.834980566352026,FALSE,0,FALSE
7132,Barnizadores y pulverizadores de productos manufacturados,71,Operarios de la construcción (no incluye electricistas),713,"Pintores, limpiadores de fachadas y deshollinadores",7,Artesanos y operarios de oficios,82,8740,596554.0895111315,40.02345537757437,0.5745995423340962,0.5393592677345538,0.3948512585812357,0.06578947368421052,0,45.30011441647597,11.425514874141877,FALSE,0,FALSE
4224,Recepcionistas de hoteles,42,Empleados en trato directo con el público,422,Empleados de servicios de información al cliente,4,Personal de apoyo administrativo,108,8644,586350.010856876,39.91835065996963,0.8195279962980102,0.9577741786210088,0.026260990282276724,0.015964831096714482,0.5083294770939379,34.74132346136048,13.601457658491439,FALSE,0,FALSE
2143,Ingenieros medioambientales,21,Profesionales de las ciencias y de la ingeniería,214,Ingenieros (excluyendo ingenieros en electrotecnología),2,"Profesionales, científicos e intelectuales",65,8498,2035187.3551423864,41.64850553071311,0.915509531654507,0.8556130854318663,0.11332078136032007,0.031066133207813602,0.2995999058602024,39.34725817839492,17.437750058837374,FALSE,0,FALSE
3118,Delineantes y dibujantes técnicos,31,Técnicos de las ciencias y la ingeniería,311,"Técnicos en ciencias físicas, químicas, técnicos en ingeniería y dibujantes técnicos",3,Técnicos y profesionales de nivel medio,70,8377,1090929.882774263,40.18258258258258,0.7885877999283754,0.8263101348931599,0.15888742986749432,0.007639966575146233,0.15697743822370777,41.1686761370419,14.880983645696551,FALSE,0,FALSE
7544,Fumigadores y otros controladores de plagas y malezas,75,"Operarios de procesamiento de alimentos, de la confección, ebanistas y otros oficios",754,"Buzos, dinamiteros, clasificadores, probadores e inspectores de calidad de productos no comestibles, fumigadores y otros oficios",7,Artesanos y operarios de oficios,92,8361,699729.948170351,40.09843320177012,0.8493003229278795,0.7989474943188614,0.15536419088625764,0.045688314794880995,0.016146393972012917,41.57122353785432,12.598971414902524,FALSE,0,FALSE
6221,Trabajadores de explotaciones de acuicultura,62,"Trabajadores forestales calificados, pescadores y cazadores cuya producción se destina al mercado",622,"Trabajadores de explotaciones de acuicultura, pescadores, cazadores y tramperos",6,"Agricultores y trabajadores calificados agropecuarios, forestales y pesqueros",112,8271,922075.5572482167,46.02321363801233,0.9456021322994912,0.9325353645266594,0.049328980776206025,0.018135654697134566,0.263571514931689,37.75492685285939,11.362471285213395,FALSE,0,FALSE
7541,Buzos,75,"Operarios de procesamiento de alimentos, de la confección, ebanistas y otros oficios",754,"Buzos, dinamiteros, clasificadores, probadores e inspectores de calidad de productos no comestibles, fumigadores y otros oficios",7,Artesanos y operarios de oficios,141,8261,685497.3355973318,35.428502063607674,0.3469113149847095,0.4089093330105314,0.576201428398499,0.014889238590969616,0.012226122745430335,48.94891659605375,9.693407658749393,FALSE,0,FALSE
3522,Técnicos de ingeniería de las telecomunicaciones,35,Técnicos de la tecnología de la información y las comunicaciones,352,"Técnicos en radiodifusión, grabación audiovisual y técnicos de las telecomunicaciones",3,Técnicos y profesionales de nivel medio,69,8251,1077280.938916495,46.03283508943886,0.9619082390166728,0.9545509635195734,0.04011634953338989,0.005332686947036723,0.06908253545024845,36.82511210762332,13.838080232699067,FALSE,0,FALSE
3342,Secretarios jurídicos,33,Técnicos en operaciones financieras y administrativas,334,"Supervisores de oficina, secretarios administrativos y especializados",3,Técnicos y profesionales de nivel medio,75,8191,1074679.0229588705,41.56391161030399,0.806617018679038,0.9935294835795385,0.006470516420461482,0,0.7140764253448907,43.76022463679649,15.232572335490172,FALSE,0,FALSE
3412,Técnicos en trabajo social,34,"Técnicos de servicios jurídicos, sociales, deportivos y culturales",341,"Técnicos de los servicios jurídicos, sociales y religiosos",3,Técnicos y profesionales de nivel medio,94,8069,656005.4858098897,39.56041640847689,0.7020696492750031,0.948692526955013,0.051307473044986986,0,0.8401288883380841,40.120089230387904,14.344528442186144,FALSE,0,FALSE
4221,Empleados de agencias de viajes,42,Empleados en trato directo con el público,422,Empleados de servicios de información al cliente,4,Personal de apoyo administrativo,73,8040,950310.4681332496,39.57972636815921,0.9047263681592039,0.9588308457711443,0.03395522388059701,0.007213930348258706,0.9190298507462686,38.2681592039801,14.89502487562189,FALSE,0,FALSE
5413,Gendarmes,54,Personal de los servicios de protección y seguridad,541,Personal de los servicios de protección y seguridad,5,Trabajadores de los servicios y vendedores de comercios y mercados,103,7918,1288392.3975751454,50.34842670759785,0.9252336448598131,1,0,0,0.16809800454660268,36.86435968678959,14.839984844657742,FALSE,0,FALSE
8350,Tripulantes de cubierta de barco,83,Conductores de vehículos y operadores de equipos pesados y móviles,835,Tripulantes de cubierta de barco,8,"Operadores de instalaciones, máquinas y ensambladores",121,7915,1168197.7415173466,44.45546325878594,0.934301958307012,0.9655085281111813,0.013644977890082122,0.009475679090334808,0.018572331017056222,43.85975994946305,12.419077700568542,FALSE,0,FALSE
1120,Directores y gerentes generales de empresas,11,"Miembros del Poder Ejecutivo y Legislativo, personal directivo de la administración pública y de otras organizaciones sociales y/o políticas, directores ejecutivos y gerentes generales",112,Directores y gerentes generales de empresas,1,"Directores, gerentes y administradores",59,7844,5275739.855771692,44.685364609892915,0.9882712901580826,0.4555073941866395,0.024859765425803163,0.5196328403875574,0.10402855685874554,52.99184089750128,17.43026517083121,FALSE,0,FALSE
8131,Operadores de plantas y máquinas para fabricar productos químicos,81,Operadores de instalaciones fijas y máquinas,813,Operadores de instalaciones y máquinas para fabricar productos químicos y fotográficos,8,"Operadores de instalaciones, máquinas y ensambladores",50,7771,748570.6501237463,42.8056878136662,0.957920473555527,0.9782524771586668,0.018787800797838115,0.002959722043495046,0.19456955346802213,40.93179770943251,12.286706987517695,FALSE,0,FALSE
0210,Suboficiales de las Fuerzas Armadas,02,Suboficiales de las Fuerzas Armadas,021,Suboficiales de las Fuerzas Armadas,0,Ocupaciones de las fuerzas armadas,114,7710,1225763.5817120622,48.26782197715636,0.9300907911802854,0.9909208819714657,0.009079118028534372,0,0.021141374837872894,39.56160830090791,13.890791180285344,FALSE,0,FALSE
3257,Inspectores de la salud y técnicos en prevención de riesgos,32,Técnicos de la salud,325,"Técnicos en odontología, ópticos, técnicos en prevención de riesgos y otros técnicos en salud",3,Técnicos y profesionales de nivel medio,81,7708,1058903.0707835325,44.45949552916055,0.9254021795537104,0.9473274519979242,0.05267254800207576,0,0.44603009859885834,37.54346133886871,14.694473274519979,FALSE,0,FALSE
3212,Técnicos de laboratorios clínicos y servicios de sangre,32,Técnicos de la salud,321,"Técnicos y auxiliares paramédicos en imagenología, análisis de muestras médicas y de sangre, farmacéuticos y prótesis médicas y dentales",3,Técnicos y profesionales de nivel medio,68,7549,740992.7185057624,41.35427736450585,0.939064776791628,1,0,0,0.7742747383759438,34.443899854285334,14.787653993906478,FALSE,0,FALSE
9510,Trabajadores ambulantes de servicios,95,Trabajadores ambulantes de servicios y vendedores ambulantes (excluyendo comida de consumo inmediato),951,Trabajadores ambulantes de servicios,9,Ocupaciones elementales,63,7465,247313.82492664523,36.598910823689586,0.04447421299397187,0.08359008707300737,0.9003348961821835,0,0.19437374413931682,48.17521768251842,7.923777628935031,FALSE,0,FALSE
4412,Carteros y empleados de servicios de correos y encomiendas,44,Otro personal de apoyo administrativo,441,Otro personal de apoyo administrativo,4,Personal de apoyo administrativo,70,7420,725882.9509152542,41.98670728330102,0.926010781671159,0.9716981132075472,0.02830188679245283,0,0.31630727762803235,43.04743935309973,13.23921832884097,FALSE,0,FALSE
6130,Productores y trabajadores calificados de explotaciones agropecuarias mixtas,61,Agricultores y trabajadores calificados de explotaciones agropecuarias cuya producción se destina al mercado,613,Productores y trabajadores calificados de explotaciones agropecuarias mixtas,6,"Agricultores y trabajadores calificados agropecuarios, forestales y pesqueros",142,7381,608322.4345891839,45.018113858539394,0.31797859368649234,0.40008128979813035,0.5023709524454681,0.08630266901503861,0.08670911800569028,55.70871155669963,8.808833491396829,FALSE,0,FALSE
3255,Técnicos y asistentes fisioterapeutas,32,Técnicos de la salud,325,"Técnicos en odontología, ópticos, técnicos en prevención de riesgos y otros técnicos en salud",3,Técnicos y profesionales de nivel medio,67,7301,530819.4554166667,17.201300578034683,0.350225996438844,0.21531297082591425,0.7707163402273661,0.013970688946719628,0.7724969182303794,43.079578139980825,14.248596082728394,FALSE,0,FALSE
3513,Técnicos en redes y sistemas de computadores,35,Técnicos de la tecnología de la información y las comunicaciones,351,"Técnicos en operaciones de tecnología de la información, las comunicaciones y asistencia al usuario; técnicos en redes y técnicos de la web",3,Técnicos y profesionales de nivel medio,58,7225,914263.3635986159,43.24885813148789,0.8098269896193772,0.9022837370242215,0.09771626297577855,0,0.18269896193771626,40.406643598615915,14.652179930795848,FALSE,0,FALSE
0310,Otros miembros de las Fuerzas Armadas,03,Otros miembros de las Fuerzas Armadas,031,Otros miembros de las Fuerzas Armadas,0,Ocupaciones de las fuerzas armadas,111,7151,1070346.6414487485,48.36274646902531,0.9574884631520068,0.9938470144035799,0.006152985596420081,0,0.1117326248077192,35.4329464410572,13.797498594716133,FALSE,0,FALSE
4415,Empleados administrativos de archivos,44,Otro personal de apoyo administrativo,441,Otro personal de apoyo administrativo,4,Personal de apoyo administrativo,57,7083,651834.7479881407,40.38768883241564,0.8022024565861923,0.8270506847381053,0.17294931526189466,0,0.48228151913031203,44.761541719610335,13.509630475103439,FALSE,0,FALSE
2152,Ingenieros electrónicos,21,Profesionales de las ciencias y de la ingeniería,215,Ingenieros en electrotecnología,2,"Profesionales, científicos e intelectuales",44,7013,1983236.0636000591,41.578069299871665,0.8743761585626694,0.8926279766148582,0.051333238271780976,0.0560387851133609,0.13246827320690147,44.33908455725082,16.998859261371738,FALSE,0,FALSE
7413,Instaladores y reparadores de líneas eléctricas,74,Trabajadores especializados en electricidad y electrónica,741,"Electricistas, instaladores y reparadores de equipos y líneas eléctricas",7,Artesanos y operarios de oficios,78,6923,786855.0544890726,46.05604506716741,0.8423723897911833,0.9643218257980645,0.03567817420193558,0,0.002455582839809331,38.158746208291205,11.960629921259843,FALSE,0,FALSE
9612,Clasificadores de desechos,96,Recolectores de desechos y otras ocupaciones elementales,961,"Recolectores de basura y material reciclable, clasificadores de desechos y barrenderos de calles y parques",9,Ocupaciones elementales,67,6897,336880.34149540885,34.11726766344181,0.2405393649412788,0.3217340872843265,0.5866318689285196,0.08641438306510077,0.2125561838480499,47.001014934029286,9.27475714078585,FALSE,0,FALSE
3253,Podólogos,32,Técnicos de la salud,325,"Técnicos en odontología, ópticos, técnicos en prevención de riesgos y otros técnicos en salud",3,Técnicos y profesionales de nivel medio,68,6797,558305.6404747596,27.4496101221127,0.43063116080623803,0.2736501397675445,0.6879505664263645,0.038399293806090924,0.9304104752096514,47.795203766367514,14.454023834044431,FALSE,0,FALSE
7215,Aparejadores y empalmadores de cables no eléctricos,72,"Operarios de la metalurgia y operarios de máquinas herramientas; mecánicos de vehículos, maquinarias, aviones y bicicletas",721,"Moldeadores, soldadores, chapistas, caldereros, montadores de estructuras metálicas, aparejadores y empalmadores de cables no eléctricos",7,Artesanos y operarios de oficios,63,6719,889480.6201815746,52.47551719005804,0.9337748344370861,0.9866051495758298,0.0035719601131120704,0.009822890311058194,0,37.275933918737906,12.767078434290816,FALSE,0,FALSE
3435,Tatuadores,34,"Técnicos de servicios jurídicos, sociales, deportivos y culturales",343,"Fotógrafos, decoradores de interior, técnicos en galerías de arte, museos y bibliotecas, chefs y otros técnicos en actividades culturales y artísticas",3,Técnicos y profesionales de nivel medio,49,6673,676762.2608892238,30.85164094110595,0.23586206896551723,0.05964333882811329,0.9201258804136071,0.020230780758279634,0.2883260902142964,32.30406114191518,13.32429192267346,FALSE,0,FALSE
3612,Técnicos en educación diferencial,36,Técnicos en educación,361,Técnicos en educación,3,Técnicos y profesionales de nivel medio,93,6650,525820.2917665867,40.46992481203007,0.9939849624060151,1,0,0,0.9760902255639098,35.35443609022556,14.450225563909774,FALSE,0,FALSE
8153,Operadores de máquinas de coser,81,Operadores de instalaciones fijas y máquinas,815,"Operadores de máquinas para fabricar productos textiles, artículos de piel y cuero y operadores de máquinas de lavanderías",8,"Operadores de instalaciones, máquinas y ensambladores",57,6519,462000.44881762227,42.17203456402199,0.5381193434575855,0.6335327504218439,0.31676637521092194,0.02945236999539807,0.782942169044332,51.17564043564964,11.639361865316767,FALSE,0,FALSE
3111,Técnicos en ciencias físicas y químicas,31,Técnicos de las ciencias y la ingeniería,311,"Técnicos en ciencias físicas, químicas, técnicos en ingeniería y dibujantes técnicos",3,Técnicos y profesionales de nivel medio,60,6484,812465.3055212832,43.649599012954965,0.9619607236740374,0.9545033929673041,0.04549660703269587,0,0.46807526218383716,37.94555829734732,14.589913633559531,FALSE,0,FALSE
1222,"Directores, gerentes y administradores de publicidad y relaciones públicas",12,Directores y gerentes administrativos y de servicios comerciales,122,"Directores, gerentes y administradores de comercialización, publicidad, relaciones públicas e investigación y desarrollo",1,"Directores, gerentes y administradores",26,6470,4156943.1327075576,41.510355486862444,0.9712519319938177,0.7816074188562596,0,0.21839258114374033,0.4493044822256569,43.321483771251934,16.911591962905717,FALSE,0,TRUE
3431,Fotógrafos,34,"Técnicos de servicios jurídicos, sociales, deportivos y culturales",343,"Fotógrafos, decoradores de interior, técnicos en galerías de arte, museos y bibliotecas, chefs y otros técnicos en actividades culturales y artísticas",3,Técnicos y profesionales de nivel medio,52,6412,1029088.9217227288,36.29449321628093,0.7057080474111042,0.26341235184029943,0.700093574547723,0.03649407361197754,0.4135995009357455,39.08016219588272,15.106674984404242,FALSE,0,FALSE
2131,"Biólogos, botánicos, zoólogos, genetistas y farmacólogos",21,Profesionales de las ciencias y de la ingeniería,213,Profesionales de las ciencias biológicas,2,"Profesionales, científicos e intelectuales",57,6372,1434354.9170907896,36.85867821623356,0.7787193973634652,0.8206214689265536,0.14124293785310735,0.038135593220338986,0.4703389830508475,39.25580665411174,17.721594475831765,FALSE,0,FALSE
2424,Especialistas en formación del personal,24,Profesionales de negocios y administración,242,"Especialistas y asesores de gestión, políticas corporativas, políticas públicas y desarrollo del personal",2,"Profesionales, científicos e intelectuales",42,6291,1425698.294865681,35.21649976156414,0.8316642823080591,0.9076458432681609,0.0815450643776824,0.010809092354156731,0.474964234620887,40.585757431251,16.084215591915303,FALSE,0,FALSE
6122,Avicultores y trabajadores calificados de la avicultura,61,Agricultores y trabajadores calificados de explotaciones agropecuarias cuya producción se destina al mercado,612,Trabajadores calificados de la cría de animales,6,"Agricultores y trabajadores calificados agropecuarios, forestales y pesqueros",60,6245,638844.1518014411,42.711449159327465,0.8168134507606085,0.7956765412329864,0.19471577261809447,0.009607686148919135,0.13194555644515613,48.59343474779824,9.004483586869496,FALSE,0,FALSE
6114,Agricultores y trabajadores calificados de cultivos mixtos,61,Agricultores y trabajadores calificados de explotaciones agropecuarias cuya producción se destina al mercado,611,"Agricultores y trabajadores calificados de cultivos extensivos, plantaciones de árboles y arbustos, huertas, invernaderos, viveros y jardines y de cultivos mixtos",6,"Agricultores y trabajadores calificados agropecuarios, forestales y pesqueros",119,6211,570383.8701898409,45.636112465464,0.3976815327644502,0.29657060054741585,0.5899211077121237,0.08452745129608759,0.14248913218483336,54.201899855095796,8.365761316872428,FALSE,0,FALSE
3311,Agentes de bolsa y otros servicios financieros,33,Técnicos en operaciones financieras y administrativas,331,"Agentes de bolsas, ejecutivos de créditos, asistentes contables y otros técnicos en finanzas y matemáticas",3,Técnicos y profesionales de nivel medio,48,6188,2016441.133672298,40.720588235294116,1,0.9397220426632191,0.06027795733678087,0,0.5479961215255333,41.76664511958629,15.676147382029734,FALSE,0,FALSE
4211,Cajeros de bancos y de oficinas de correo,42,Empleados en trato directo con el público,421,"Cajeros de bancos y de casas de cambio; receptores de apuestas, prestamistas y cobradores",4,Personal de apoyo administrativo,67,6187,813541.9435914013,42.446419912720216,0.9683206723775659,1,0,0,0.8446743171165346,43.11798933247131,13.490221432034913,FALSE,0,FALSE
7317,"Artesanos en madera, cestería y materiales similares",73,Artesanos y operarios de las artes gráficas,731,"Reparadores de instrumentos de precisión, fabricantes y afinadores de instrumentos musicales, pintores de carteles, pintores decorativos y artesanos",7,Artesanos y operarios de oficios,92,6170,306201.047027972,30.782820097244734,0.3275526742301459,0.0880064829821718,0.8659643435980551,0.03257698541329011,0.39043760129659644,50.68282009724473,11.374716369529985,FALSE,0,FALSE
3213,Técnicos y asistentes farmacéuticos,32,Técnicos de la salud,321,"Técnicos y auxiliares paramédicos en imagenología, análisis de muestras médicas y de sangre, farmacéuticos y prótesis médicas y dentales",3,Técnicos y profesionales de nivel medio,55,5967,761826.3827076609,43.55907491201609,0.9772079772079773,1,0,0,0.6338193397016927,41.574660633484164,14.319926261102731,FALSE,0,FALSE
4132,Digitadores de datos,41,Oficinistas,413,Operadores de equipo de oficina,4,Personal de apoyo administrativo,57,5959,799017.5069642557,43.48632320859205,0.8511495217318342,0.995804665212284,0.00419533478771606,0,0.5524416848464507,40.33025675448901,14.526766235945628,FALSE,0,FALSE
2529,Otros especialistas en bases de datos y en redes de computadores no clasificados previamente,25,Profesionales de tecnología de la información y las comunicaciones,252,"Diseñadores y administradores de bases de datos, administradores de sistemas y profesionales en redes de computadores",2,"Profesionales, científicos e intelectuales",29,5923,2078147.508188418,43.7592436265406,0.9268951544825258,0.9645449940908324,0.03545500590916765,0,0.31217288536214755,38.520513253418876,16.88924531487422,FALSE,0,TRUE
2521,Diseñadores y administradores de bases de datos,25,Profesionales de tecnología de la información y las comunicaciones,252,"Diseñadores y administradores de bases de datos, administradores de sistemas y profesionales en redes de computadores",2,"Profesionales, científicos e intelectuales",30,5818,2080679.8887933998,41.88930904090753,1,1,0,0,0.08233069783430733,37.37658989343417,16.615503609487796,FALSE,0,FALSE
2651,Artistas de artes plásticas,26,"Profesionales en derecho, ciencias sociales y culturales",265,"Artistas, actores y locutores de medios de comunicación",2,"Profesionales, científicos e intelectuales",50,5763,554036.7321561339,25.15422612513721,0.5611660593440916,0.09942738157209786,0.7773728960610793,0.09092486552142981,0.6833246572965469,41.46312684365782,14.604546243276072,FALSE,0,FALSE
2659,Otros artistas creativos e interpretativos no clasificados previamente,26,"Profesionales en derecho, ciencias sociales y culturales",265,"Artistas, actores y locutores de medios de comunicación",2,"Profesionales, científicos e intelectuales",46,5665,637873.560282436,24.256960453981204,0.5519858781994704,0.411297440423654,0.5659311562224184,0.022771403353927626,0.4091791703442189,37.90132391879965,14.697263901147396,FALSE,0,FALSE
3333,Agentes de empleo y contratistas de personal,33,Técnicos en operaciones financieras y administrativas,333,"Agentes de aduana, organizadores de eventos, agentes de empleo, de bienes raíces y otros agentes de servicios comerciales",3,Técnicos y profesionales de nivel medio,64,5641,1035982.4904874072,43.38291083141287,0.814749157950718,0.3144832476511257,0.2538556993440879,0.4316610530047864,0.17745080659457543,46.33735153341606,12.680553093423152,FALSE,0,FALSE
9311,Obreros de la minería,93,"Obreros de la minería, la construcción, la industria manufacturera y el transporte",931,Obreros de la minería y la construcción,9,Ocupaciones elementales,88,5588,798530.7310307802,52.696892138939674,0.8477440230091677,0.9393342877594846,0.03775948460987831,0.02290622763063708,0.05440229062276306,42.06012884753042,10.85110952040086,FALSE,0,FALSE
3132,Operadores de incineradores y de instalaciones de tratamiento de agua,31,Técnicos de las ciencias y la ingeniería,313,"Técnicos en control de procesos en instalaciones de producción de energía, agua, productos químicos, gas natural y metales",3,Técnicos y profesionales de nivel medio,78,5568,1013075.0019755748,46.233117816091955,0.9849719355422778,0.9946120689655172,0.005387931034482759,0,0.029274425287356323,46.205280172413794,12.480036463081131,FALSE,0,FALSE
4313,Empleados encargados de las nóminas o registros de remuneraciones,43,Auxiliares y ayudantes de registros contables y encargados del registro de materiales,431,Auxiliares y ayudantes de registros contables y financieros,4,Personal de apoyo administrativo,59,5523,1010371.241385597,42.40557667934094,0.9418794133623031,0.9619771863117871,0.03802281368821293,0,0.761723700887199,38.994749230490676,15.199518785859707,FALSE,0,FALSE
3211,Técnicos y auxiliares paramédicos de radiología e imagenología y otros aparatos de diagnóstico y tratamiento médico,32,Técnicos de la salud,321,"Técnicos y auxiliares paramédicos en imagenología, análisis de muestras médicas y de sangre, farmacéuticos y prótesis médicas y dentales",3,Técnicos y profesionales de nivel medio,45,5522,772450.6667283836,44.262767113364724,0.9476638898949656,1,0,0,0.6305686345526983,37.631836291198844,14.610105034407823,FALSE,0,FALSE
3432,Diseñadores y decoradores de interior,34,"Técnicos de servicios jurídicos, sociales, deportivos y culturales",343,"Fotógrafos, decoradores de interior, técnicos en galerías de arte, museos y bibliotecas, chefs y otros técnicos en actividades culturales y artísticas",3,Técnicos y profesionales de nivel medio,36,5522,1702345.8202641353,35.281963056863454,0.8132922854038392,0.33303151032234696,0.5552336110105034,0.11173487866714958,0.9150670047084389,39.94748279608837,15.822165881926837,FALSE,0,FALSE
0110,Oficiales de las Fuerzas Armadas,01,Oficiales de las Fuerzas Armadas,011,Oficiales de las Fuerzas Armadas,0,Ocupaciones de las fuerzas armadas,63,5501,1852864.4968187602,48.91401563352118,0.9825486275222687,1,0,0,0.06653335757135066,37.34993637520451,16.166333393928376,FALSE,0,FALSE
9214,Ayudantes de jardinería y horticultura,92,"Obreros agropecuarios, pesqueros y forestales",921,"Obreros agropecuarios, de jardinería y horticultura, forestales y pesqueros",9,Ocupaciones elementales,59,5498,422018.45967890753,37.02691887959258,0.6511458712259003,0.8506729719898145,0.14932702801018552,0,0.27173517642779194,47.48417606402328,9.253564899451554,FALSE,0,FALSE
5411,Bomberos,54,Personal de los servicios de protección y seguridad,541,Personal de los servicios de protección y seguridad,5,Trabajadores de los servicios y vendedores de comercios y mercados,86,5455,719475.8992709133,45.036093023255816,0.887762624401032,0.9824014665444546,0,0.017598533455545372,0.18001833180568286,34.23758020164986,12.517140238313473,FALSE,0,FALSE
2320,Profesores de educación media técnico profesional (especialidades) y de formación laboral,23,Profesionales de la educación,232,Profesores de educación media técnico profesional (especialidades) y de formación laboral,2,"Profesionales, científicos e intelectuales",54,5373,967779.7494881817,39.29424902289224,0.957751721570817,0.9804578447794529,0.01954215522054718,0,0.4799925553694398,44.75898008561325,15.900428066257213,FALSE,0,FALSE
9129,Otro personal de limpieza no clasificado previamente,91,Auxiliares de aseo y trabajadores de casa particular,912,"Limpiadores de ropa, vehículos, ventanas y otros limpiadores manuales",9,Ocupaciones elementales,54,5332,559571.7508946322,42.12903225806452,0.7584396099024756,0.6065266316579144,0.31732933233308325,0.07614403600900226,0.14084771192798198,42.576331582895726,11.261627906976743,FALSE,0,FALSE
7123,"Yeseros, estucadores y revocadores",71,Operarios de la construcción (no incluye electricistas),712,Operarios de la construcción en trabajos de terminación,7,Artesanos y operarios de oficios,41,5324,718138.6368440922,43.31743050338092,0.6666040570999249,0.8476709241172051,0.1523290758827949,0,0.002629601803155522,43.03193087903832,10.364951164537942,FALSE,0,FALSE
5113,Guías de turismo,51,Trabajadores de los servicios a las personas,511,Trabajadores al servicio directo de los pasajeros,5,Trabajadores de los servicios y vendedores de comercios y mercados,74,5282,920958.5822298983,37.85333077366097,0.7783036728511927,0.6035592578568724,0.28322605073835666,0.11321469140477092,0.3759939416887543,40.284551306323365,14.65051117001136,FALSE,0,FALSE
8157,Operadores de máquinas de lavanderías,81,Operadores de instalaciones fijas y máquinas,815,"Operadores de máquinas para fabricar productos textiles, artículos de piel y cuero y operadores de máquinas de lavanderías",8,"Operadores de instalaciones, máquinas y ensambladores",69,5199,469648.8106357928,36.45431813810348,0.8222735141373341,0.7505289478745912,0.24273898826697443,0,0.7337949605693402,45.892864012310056,11.326985958838238,FALSE,0,FALSE
2355,Otros profesores de artes,23,Profesionales de la educación,235,"Especialistas en métodos pedagógicos, educadores para necesidades especiales y otros profesionales de la educación",2,"Profesionales, científicos e intelectuales",49,5163,720822.265050505,21.68235521983343,0.4652333914390858,0.4975789269804377,0.5024210730195623,0,0.6912647685454193,43.69610691458455,15.317451094325005,FALSE,0,FALSE
8113,Perforadores y sondistas de pozos,81,Operadores de instalaciones fijas y máquinas,811,"Mineros y operadores de instalaciones mineras, perforadores de pozos y operadores de máquinas para fabricar cemento y otros productos minerales",8,"Operadores de instalaciones, máquinas y ensambladores",78,5067,1179287.1391670003,58.050325636471285,0.9445431221630156,0.8731004539175055,0.12689954608249457,0,0.018156700217090982,38.432405762778764,12.662127491612393,FALSE,0,FALSE
1431,"Directores, gerentes y administradores de centros deportivos, de esparcimiento y culturales",14,"Directores, gerentes y administradores de hoteles, restaurantes, comercios y de otros servicios",143,"Directores, gerentes y administradores de centros deportivos, de esparcimiento, culturales y de otros servicios",1,"Directores, gerentes y administradores",45,4974,1739388.758544431,40.87997587454765,0.8934459187776438,0.7159227985524729,0.021712907117008445,0.2623642943305187,0.2448733413751508,43.46320868516285,16.23200643345396,FALSE,0,FALSE
2622,Bibliotecarios y documentalistas de archivos,26,"Profesionales en derecho, ciencias sociales y culturales",262,"Archivistas, curadores de museo, bibliotecarios y documentalistas de archivos",2,"Profesionales, científicos e intelectuales",37,4960,1081547.1947580646,41.74173387096774,0.959274193548387,1,0,0,0.8403225806451613,43.515120967741936,16.839314516129033,FALSE,0,FALSE
7314,"Alfareros (barro, arcilla y abrasivos)",73,Artesanos y operarios de las artes gráficas,731,"Reparadores de instrumentos de precisión, fabricantes y afinadores de instrumentos musicales, pintores de carteles, pintores decorativos y artesanos",7,Artesanos y operarios de oficios,49,4897,327936.6910184787,31.193212575473662,0.20584031039411885,0.24647743516438636,0.7167653665509496,0.03675719828466408,0.4461915458443945,49.26444762099244,10.678782928323463,FALSE,0,FALSE
3215,Laboratoristas dentales o técnicos en prótesis dentales,32,Técnicos de la salud,321,"Técnicos y auxiliares paramédicos en imagenología, análisis de muestras médicas y de sangre, farmacéuticos y prótesis médicas y dentales",3,Técnicos y profesionales de nivel medio,33,4819,989198.9342187176,40.04233243411496,0.718821332226603,0.663623158331604,0.2519194853704088,0.08445735629798713,0.46980701390329943,43.70886075949367,14.461091512761984,FALSE,0,FALSE
2114,Geólogos y geofísicos,21,Profesionales de las ciencias y de la ingeniería,211,"Físicos, astrónomos, meteorólogos, químicos, geólogos y geofísicos",2,"Profesionales, científicos e intelectuales",46,4805,2802763.9467221643,46.733818938605616,0.9309053069719042,0.9577523413111342,0.013943808532778356,0.02830385015608741,0.22434963579604578,39.548178980228926,17.99021852237253,FALSE,0,FALSE
3231,Profesionales y técnicos de las terapias complementarias,32,Técnicos de la salud,323,Profesionales y técnicos de las terapias complementarias y medicina tradicional,3,Técnicos y profesionales de nivel medio,25,4587,949989.6845432745,27.017004578155657,0.6533682145192936,0.18378024852844996,0.7466753869631567,0.06954436450839328,0.7623719206453019,39.08109875735775,13.68868541530412,FALSE,0,TRUE
7534,Tapiceros,75,"Operarios de procesamiento de alimentos, de la confección, ebanistas y otros oficios",753,"Sastres, modistos, patronistas de tela, costureros, tapiceros, apelambradores y zapateros",7,Artesanos y operarios de oficios,41,4566,445172.8017539811,37.774481374079855,0.30420499342969776,0.29106438896189224,0.6270258431887867,0.06614104248795445,0.21813403416557162,49.09658344283837,10.836837494524747,FALSE,0,FALSE
1411,"Directores, gerentes y administradores de hoteles",14,"Directores, gerentes y administradores de hoteles, restaurantes, comercios y de otros servicios",141,"Directores, gerentes y administradores de hoteles y restaurantes",1,"Directores, gerentes y administradores",71,4513,1869236.7327798968,45.84157529648691,0.7691114557943718,0.5925105251495679,0.19587857301130068,0.2116109018391314,0.47994682029692,50.074008420119654,14.806337247950365,FALSE,0,FALSE
9329,Obreros de la industria manufacturera no clasificados previamente,93,"Obreros de la minería, la construcción, la industria manufacturera y el transporte",932,Empacadores manuales y obreros de la industria manufacturera,9,Ocupaciones elementales,51,4499,529351.7885312784,40.31273616359191,0.8641920426761502,0.9364303178484108,0.06356968215158924,0,0.19782173816403645,46.4460991331407,10.304289842187153,FALSE,0,FALSE
8141,Operadores de máquinas para fabricar productos de caucho,81,Operadores de instalaciones fijas y máquinas,814,"Operadores de máquinas para fabricar productos de caucho, de material plástico y de papel",8,"Operadores de instalaciones, máquinas y ensambladores",53,4496,663235.1430237984,48.211298932384345,0.8196174377224199,0.6423487544483986,0.2284252669039146,0.12922597864768684,0.02891459074733096,40.69039145907473,11.437722419928825,FALSE,0,FALSE
2353,Otros profesores de idiomas,23,Profesionales de la educación,235,"Especialistas en métodos pedagógicos, educadores para necesidades especiales y otros profesionales de la educación",2,"Profesionales, científicos e intelectuales",36,4491,673943.6853932585,24.94700512135382,0.5896236918281006,0.3144065909596972,0.6606546426185704,0.024938766421732355,0.6524159429971054,40.91204631485193,16.6270318414607,FALSE,0,FALSE
8143,Operadores de máquinas para fabricar productos de papel,81,Operadores de instalaciones fijas y máquinas,814,"Operadores de máquinas para fabricar productos de caucho, de material plástico y de papel",8,"Operadores de instalaciones, máquinas y ensambladores",31,4445,689741.9070866142,41.74758155230596,0.8697412823397075,0.9052868391451069,0.09471316085489313,0,0.3165354330708661,37.049493813273344,12.0607424071991,FALSE,0,FALSE
3259,Otros técnicos de la salud no clasificados previamente,32,Técnicos de la salud,325,"Técnicos en odontología, ópticos, técnicos en prevención de riesgos y otros técnicos en salud",3,Técnicos y profesionales de nivel medio,43,4436,615510.7161857529,40.74346257889991,0.7582568807339449,0.7833633904418394,0.11564472497745718,0.10099188458070334,0.5214156898106402,38.77141568981064,12.440261496844004,FALSE,0,FALSE
1322,"Directores, gerentes y administradores de explotaciones mineras",13,"Directores, gerentes y administradores de producción y operaciones",132,"Directores, gerentes y administradores de producción y operaciones de industrias manufactureras, de minería, de construcción, de almacenamiento y distribución",1,"Directores, gerentes y administradores",41,4331,4675036.121580547,47.96467328561533,0.9547448626183329,0.8526899099515124,0,0.14731009004848764,0.10667282382821519,52.446548141306856,17.42045716924498,FALSE,0,FALSE
9623,Recolectores de dinero en máquinas expendedoras de venta automática y lectores de medidores,96,Recolectores de desechos y otras ocupaciones elementales,962,Otras ocupaciones elementales,9,Ocupaciones elementales,47,4329,588867.358974359,43.13097713097713,0.9233079233079233,1,0,0,0.17001617001617,42.72164472164472,12.428967428967429,FALSE,0,FALSE
4227,"Entrevistadores de investigaciones de mercado, estudios de opinión pública y encuestadores",42,Empleados en trato directo con el público,422,Empleados de servicios de información al cliente,4,Personal de apoyo administrativo,42,4237,876137.9684741488,32.59464110127827,0.29149198520345254,0.8772716544725041,0.12272834552749587,0,0.6660372905357564,42.74769884352136,14.903469435921643,FALSE,0,FALSE
7222,Herramentistas,72,"Operarios de la metalurgia y operarios de máquinas herramientas; mecánicos de vehículos, maquinarias, aviones y bicicletas",722,Herreros y herramentistas; reguladores y operarios de máquinas herramientas; pulidores de metales y afiladores de herramientas,7,Artesanos y operarios de oficios,37,4188,682499.358908342,38.95081184336199,0.733046800382044,0.37774594078319007,0.5124164278892073,0.08524355300859598,0.14780324737344794,56.597182425978986,12.313514804202484,FALSE,0,FALSE
2434,Profesionales de ventas de tecnología de la información y las comunicaciones (TIC),24,Profesionales de negocios y administración,243,"Profesionales de la publicidad, relaciones públicas y de las ventas técnicas, médicas y de tecnología de la información y las comunicaciones",2,"Profesionales, científicos e intelectuales",24,4171,1895956.4363462,43.80148645408775,0.9912727272727273,0.9290338048429633,0.07096619515703669,0,0.3646607528170702,43.38240230160633,16.47518580676097,FALSE,0,TRUE
4223,Telefonistas,42,Empleados en trato directo con el público,422,Empleados de servicios de información al cliente,4,Personal de apoyo administrativo,36,4132,713065.2069215876,41.37729912875121,0.8257502420135527,0.9554695062923524,0.044530493707647625,0,0.8075992255566312,42.198451113262344,13.110116166505325,FALSE,0,FALSE
7232,Mecánicos y reparadores de motores de avión,72,"Operarios de la metalurgia y operarios de máquinas herramientas; mecánicos de vehículos, maquinarias, aviones y bicicletas",723,"Mecánicos de vehículos, motores de aviones, reparadores de máquinas agrícolas, industriales y bicicletas",7,Artesanos y operarios de oficios,24,4108,1174409.142161636,46.00438169425511,1,1,0,0,0.10540408958130477,35.6684518013632,13.83666017526777,FALSE,0,TRUE
7523,Operadores y reguladores de máquinas para trabajar la madera,75,"Operarios de procesamiento de alimentos, de la confección, ebanistas y otros oficios",752,"Operarios del tratamiento de la madera, ebanistas y operarios de máquinas para trabajar madera",7,Artesanos y operarios de oficios,59,4074,634869.7540500737,41.372361315660285,0.8625429553264605,0.833578792341679,0.16642120765832105,0,0.05817378497790869,42.87972508591065,11.209867452135493,FALSE,0,FALSE
9212,Obreros de explotaciones ganaderas,92,"Obreros agropecuarios, pesqueros y forestales",921,"Obreros agropecuarios, de jardinería y horticultura, forestales y pesqueros",9,Ocupaciones elementales,70,4058,568470.6370106762,43.38640339915021,0.5662888122227698,0.6865450961064564,0.295219319862001,0.018235584031542632,0.09709216362740267,48.7799408575653,8.930754066042386,FALSE,0,FALSE
2153,Ingenieros en telecomunicaciones,21,Profesionales de las ciencias y de la ingeniería,215,Ingenieros en electrotecnología,2,"Profesionales, científicos e intelectuales",22,4028,1705207.387040715,44.64373333333333,1,0.9016881827209533,0.07770605759682224,0.020605759682224428,0.10625620655412116,42.871896722939425,16.4051638530288,FALSE,0,TRUE
6123,Trabajadores calificados de la apicultura y la sericultura,61,Agricultores y trabajadores calificados de explotaciones agropecuarias cuya producción se destina al mercado,612,Trabajadores calificados de la cría de animales,6,"Agricultores y trabajadores calificados agropecuarios, forestales y pesqueros",57,3825,527732.4426010168,39.602739726027394,0.3895424836601307,0.33281045751633986,0.5994771241830066,0.0677124183006536,0.15058823529411763,54.38248366013072,10.026645350386358,FALSE,0,FALSE
2354,Otros profesores de música,23,Profesionales de la educación,235,"Especialistas en métodos pedagógicos, educadores para necesidades especiales y otros profesionales de la educación",2,"Profesionales, científicos e intelectuales",27,3741,704709.207690067,20.57070302058273,0.4095161721464849,0.35177759957230686,0.6311146752205292,0.01710772520716386,0.1491579791499599,36.94252873563219,15.801390002673083,FALSE,0,TRUE
7234,Reparadores de bicicletas,72,"Operarios de la metalurgia y operarios de máquinas herramientas; mecánicos de vehículos, maquinarias, aviones y bicicletas",723,"Mecánicos de vehículos, motores de aviones, reparadores de máquinas agrícolas, industriales y bicicletas",7,Artesanos y operarios de oficios,33,3730,438534.93033461325,32.09626988480527,0.4552278820375335,0.12198391420911528,0.849597855227882,0.028418230563002682,0.12332439678284182,50.41474530831099,11.183914209115281,FALSE,0,FALSE
3339,Otros agentes de servicios comerciales no clasificados previamente,33,Técnicos en operaciones financieras y administrativas,333,"Agentes de aduana, organizadores de eventos, agentes de empleo, de bienes raíces y otros agentes de servicios comerciales",3,Técnicos y profesionales de nivel medio,28,3626,1594340.8344848303,40.50799779371208,0.8822393822393823,0.6798124655267512,0.27661334804191945,0.043574186431329286,0.35162713734142304,40.397683397683394,15.311913954771098,FALSE,0,TRUE
3439,Otros técnicos en actividades culturales y artísticas no clasificados previamente,34,"Técnicos de servicios jurídicos, sociales, deportivos y culturales",343,"Fotógrafos, decoradores de interior, técnicos en galerías de arte, museos y bibliotecas, chefs y otros técnicos en actividades culturales y artísticas",3,Técnicos y profesionales de nivel medio,24,3590,782009.2521008403,34.61949860724234,0.6086350974930362,0.7682451253481895,0.14651810584958216,0,0.39442896935933147,36.27938718662953,13.56016713091922,FALSE,0,TRUE
8122,"Operadores de máquinas de acabado de metales (pulidores, galvanizadores y recubridores de metales)",81,Operadores de instalaciones fijas y máquinas,812,"Operadores de instalaciones de procesamiento y acabado de metales (pulidores, galvanizadores y recubridores de metales)",8,"Operadores de instalaciones, máquinas y ensambladores",18,3518,755174.9451392837,44.998578737919274,0.9476975554292212,1,0,0,0,43.140989198408185,11.89226833428084,FALSE,0,TRUE
8121,Operadores de instalaciones de procesamiento de metales,81,Operadores de instalaciones fijas y máquinas,812,"Operadores de instalaciones de procesamiento y acabado de metales (pulidores, galvanizadores y recubridores de metales)",8,"Operadores de instalaciones, máquinas y ensambladores",33,3517,820690.5009068924,49.02388399203867,0.9783906738697754,1,0,0,0.026727324424225193,38.98606767131078,12.778220073926642,FALSE,0,FALSE
2636,Profesionales religiosos,26,"Profesionales en derecho, ciencias sociales y culturales",263,"Economistas, especialistas en ciencias sociales, humanidades, ciencias políticas y teología",2,"Profesionales, científicos e intelectuales",38,3506,857897.4912056284,48.817125382262994,0.40758699372504276,0.6354820308043354,0.2529948659440958,0.040501996577296064,0.05790074158585282,57.32886480319453,14.14746149458072,FALSE,0,FALSE
2641,Autores y otros escritores,26,"Profesionales en derecho, ciencias sociales y culturales",264,"Escritores, periodistas, traductores, intérpretes de lengua de señas y lingüistas",2,"Profesionales, científicos e intelectuales",18,3447,1102316.1459617256,29.290687554395127,0.6579634464751958,0.5799245720916739,0.4200754279083261,0,0.4783870031911807,44.737452857557294,16.966637655932693,FALSE,0,TRUE
8182,Operadores de máquinas de vapor y calderas,81,Operadores de instalaciones fijas y máquinas,818,"Operadores de máquinas de instalaciones de vidriería, cerámica y operadores de máquinas de vapor y calderas, de embotellamiento, de etiquetado y otros operadores de máquinas e instalaciones",8,"Operadores de instalaciones, máquinas y ensambladores",42,3377,916223.9458098904,43.81166716020136,0.9911163754811964,1,0,0,0,45.5339058335801,13.039087947882736,FALSE,0,FALSE
5329,Otros trabajadores de los cuidados personales en instituciones y a domicilio no clasificados previamente,53,Trabajadores de los cuidados personales,532,Trabajadores de los cuidados personales en instituciones y a domicilio,5,Trabajadores de los servicios y vendedores de comercios y mercados,28,3355,611795.7263785395,17.965722801788374,0.5397913561847988,0,1,0,0.8777943368107303,48.61847988077496,15.284053651266767,FALSE,0,TRUE
1219,"Otros directores, gerentes y administradores de servicios administrativos no clasificados previamente",12,Directores y gerentes administrativos y de servicios comerciales,121,"Directores, gerentes y administradores de finanzas, de recursos humanos, políticas empresariales y de servicios administrativos",1,"Directores, gerentes y administradores",35,3326,2563188.9791538934,43.39085989176188,0.9230306674684305,0.5444978953698136,0.06885147324113049,0.3866506313890559,0.22730006013229104,48.838544798556825,15.662056524353577,FALSE,0,FALSE
2643,"Traductores, intérpretes de lengua de señas y lingüistas",26,"Profesionales en derecho, ciencias sociales y culturales",264,"Escritores, periodistas, traductores, intérpretes de lengua de señas y lingüistas",2,"Profesionales, científicos e intelectuales",29,3325,1023631.3838249918,36.04494382022472,0.6036090225563909,0.595187969924812,0.3593984962406015,0.04541353383458647,0.5741353383458646,37.42616541353384,15.603308270676692,FALSE,0,TRUE
3119,Otros técnicos en ciencias físicas y en ingeniería no clasificados previamente,31,Técnicos de las ciencias y la ingeniería,311,"Técnicos en ciencias físicas, químicas, técnicos en ingeniería y dibujantes técnicos",3,Técnicos y profesionales de nivel medio,40,3208,1159433.4767959313,46.01122194513716,0.9295511221945137,1,0,0,0.17549875311720697,41.28802992518703,15.226309226932669,FALSE,0,FALSE
5111,Auxiliares de servicio a bordo de aeronaves y barcos,51,Trabajadores de los servicios a las personas,511,Trabajadores al servicio directo de los pasajeros,5,Trabajadores de los servicios y vendedores de comercios y mercados,19,3090,1571504.5501821795,33.49544554455446,0.7663430420711974,1,0,0,0.7242718446601941,32.14724919093851,14.640453074433657,FALSE,0,TRUE
3117,Técnicos en ingeniería de minas y metalurgia,31,Técnicos de las ciencias y la ingeniería,311,"Técnicos en ciencias físicas, químicas, técnicos en ingeniería y dibujantes técnicos",3,Técnicos y profesionales de nivel medio,50,3063,1277262.5412993797,53.715311785830885,0.9866144302970944,1,0,0,0.1616062683643487,33.89552726085537,14.460312188641648,FALSE,0,FALSE
7513,Operarios de la elaboración de productos lácteos,75,"Operarios de procesamiento de alimentos, de la confección, ebanistas y otros oficios",751,"Operarios de procesamiento, elaboración, conservación, cata y clasificación de alimentos, bebidas y tabaco",7,Artesanos y operarios de oficios,41,3058,421911.7565043362,36.198258539852645,0.5775016350555919,0.5153695225637671,0.3973185088293002,0.08731196860693263,0.5572269457161544,42.32210595160235,12.623937213865272,FALSE,0,FALSE
3240,Técnicos y asistentes veterinarios,32,Técnicos de la salud,324,Técnicos y asistentes veterinarios,3,Técnicos y profesionales de nivel medio,37,3043,560156.8504765035,42.985540584949064,0.7279000985869208,0.9710811698981269,0.02070325336838646,0.00821557673348669,0.7035819914558002,36.910614525139664,13.904042063752875,FALSE,0,FALSE
8112,Operadores de instalaciones de procesamiento de minerales y rocas,81,Operadores de instalaciones fijas y máquinas,811,"Mineros y operadores de instalaciones mineras, perforadores de pozos y operadores de máquinas para fabricar cemento y otros productos minerales",8,"Operadores de instalaciones, máquinas y ensambladores",44,3027,1292581.2778328378,52.66270234555666,0.9633300297324083,1,0,0,0.06772381896266931,41.209778658738024,11.96828543111992,FALSE,0,FALSE
5112,Revisores y cobradores de los transportes públicos,51,Trabajadores de los servicios a las personas,511,Trabajadores al servicio directo de los pasajeros,5,Trabajadores de los servicios y vendedores de comercios y mercados,40,2978,671641.1232370719,43.382219110955546,0.9013269819666553,0.9882471457353929,0,0.01175285426460712,0.10443250503693755,32.23304231027535,11.595030221625251,FALSE,0,FALSE
2113,Químicos,21,Profesionales de las ciencias y de la ingeniería,211,"Físicos, astrónomos, meteorólogos, químicos, geólogos y geofísicos",2,"Profesionales, científicos e intelectuales",32,2970,1714639.009275163,44.672390572390576,0.7188552188552189,0.7632996632996633,0.15084175084175083,0.08585858585858586,0.4663299663299663,44.68821548821549,17.08047138047138,FALSE,0,FALSE
1111,Miembros del poder ejecutivo y legislativo,11,"Miembros del Poder Ejecutivo y Legislativo, personal directivo de la administración pública y de otras organizaciones sociales y/o políticas, directores ejecutivos y gerentes generales",111,"Miembros del poder ejecutivo y legislativo, personal directivo de la administración pública y de otras organizaciones sociales y/o políticas",1,"Directores, gerentes y administradores",34,2967,2955533.616740088,40.0428041793057,0.5877991236939669,1,0,0,0.3700707785642063,52.37344118638355,16.256150994270307,FALSE,0,FALSE
9121,Lavanderos y planchadores manuales,91,Auxiliares de aseo y trabajadores de casa particular,912,"Limpiadores de ropa, vehículos, ventanas y otros limpiadores manuales",9,Ocupaciones elementales,35,2949,213321.47236351305,16.731218088986143,0.1515768056968464,0.3051881993896236,0.669379450661241,0.0254323499491353,0.8969142082061716,56.80196676839606,9.877437325905293,FALSE,0,FALSE
2120,Matemáticos y estadísticos,21,Profesionales de las ciencias y de la ingeniería,212,Matemáticos y estadísticos,2,"Profesionales, científicos e intelectuales",14,2835,2213219.422574956,40.13439153439153,0.8738574040219378,1,0,0,0.4292768959435626,37.23245149911816,17.285008818342153,FALSE,0,TRUE
2654,"Directores de cine, radio y teatro",26,"Profesionales en derecho, ciencias sociales y culturales",265,"Artistas, actores y locutores de medios de comunicación",2,"Profesionales, científicos e intelectuales",18,2815,1096745.8198804185,41.84689165186501,0.8365896980461812,0.7076376554174068,0.17584369449378331,0.11651865008880995,0.23197158081705152,39.37833037300177,15.752397868561278,FALSE,0,TRUE
2523,Profesionales en redes de computadores,25,Profesionales de tecnología de la información y las comunicaciones,252,"Diseñadores y administradores de bases de datos, administradores de sistemas y profesionales en redes de computadores",2,"Profesionales, científicos e intelectuales",21,2755,1647002.5823397913,41.14736842105263,0.9448275862068966,0.9742286751361161,0.025771324863883848,0,0.11687840290381125,34.80907441016334,16.548457350272233,FALSE,0,TRUE
3354,Agentes de servicios de tramitación y entrega de licencias y permisos,33,Técnicos en operaciones financieras y administrativas,335,Agentes de la administración pública para la aplicación de la ley,3,Técnicos y profesionales de nivel medio,31,2729,955466.3942836204,43.75925247343349,0.9296445584463173,0.9879076584829608,0.012092341517039208,0,0.4789300109930377,44.939171857823375,14.445584463173324,FALSE,0,FALSE
4212,Receptores de apuestas,42,Empleados en trato directo con el público,421,"Cajeros de bancos y de casas de cambio; receptores de apuestas, prestamistas y cobradores",4,Personal de apoyo administrativo,32,2722,648913.2270389419,41.08486407053637,0.8047315058205032,0.9886113152094048,0.011388684790595151,0,0.5077149155033064,42.17854518736223,13.710874357090375,FALSE,0,FALSE
5419,Otro personal de los servicios de protección no clasificados previamente,54,Personal de los servicios de protección y seguridad,541,Personal de los servicios de protección y seguridad,5,Trabajadores de los servicios y vendedores de comercios y mercados,35,2697,796144.0408006159,50.595105672969964,0.9084167593622544,0.9469781238413052,0.028550241008527995,0.024471635150166853,0.1360771227289581,37.57656655543196,12.906192065257693,FALSE,0,FALSE
4229,Otros empleados de servicios de información al cliente no clasificados previamente,42,Empleados en trato directo con el público,422,Empleados de servicios de información al cliente,4,Personal de apoyo administrativo,30,2660,651405.6312030075,42.43796992481203,0.9078947368421053,0.9857142857142858,0.014285714285714285,0,0.6364661654135338,37.123684210526314,13.790977443609023,FALSE,0,FALSE
7542,Dinamiteros y pegadores,75,"Operarios de procesamiento de alimentos, de la confección, ebanistas y otros oficios",754,"Buzos, dinamiteros, clasificadores, probadores e inspectores de calidad de productos no comestibles, fumigadores y otros oficios",7,Artesanos y operarios de oficios,41,2655,1015004.5167682926,60.71261770244821,0.9468926553672317,0.9468926553672317,0.01694915254237288,0.03615819209039548,0.015819209039548022,41.037664783427495,11.929190207156308,FALSE,0,FALSE
3315,Tasadores,33,Técnicos en operaciones financieras y administrativas,331,"Agentes de bolsas, ejecutivos de créditos, asistentes contables y otros técnicos en finanzas y matemáticas",3,Técnicos y profesionales de nivel medio,20,2648,1238346.4554380665,41.47205438066465,0.604607250755287,0.8942598187311178,0.10574018126888217,0,0.42749244712990936,47.17598187311178,15.47809667673716,FALSE,0,TRUE
8189,Operadores de máquinas y de instalaciones fijas no clasificados previamente,81,Operadores de instalaciones fijas y máquinas,818,"Operadores de máquinas de instalaciones de vidriería, cerámica y operadores de máquinas de vapor y calderas, de embotellamiento, de etiquetado y otros operadores de máquinas e instalaciones",8,"Operadores de instalaciones, máquinas y ensambladores",29,2642,717693.306964421,44.29106737320212,0.9102952308856926,1,0,0,0.13020439061317185,44.79788039364118,11.749810749432248,FALSE,0,TRUE
4411,Asistentes y ayudantes de bibliotecas,44,Otro personal de apoyo administrativo,441,Otro personal de apoyo administrativo,4,Personal de apoyo administrativo,36,2635,566600.5514231499,42.371506211180126,0.9024667931688805,1,0,0,0.9480075901328273,45.94686907020873,13.173964034401877,FALSE,0,FALSE
7536,Zapateros,75,"Operarios de procesamiento de alimentos, de la confección, ebanistas y otros oficios",753,"Sastres, modistos, patronistas de tela, costureros, tapiceros, apelambradores y zapateros",7,Artesanos y operarios de oficios,29,2599,343951.6318548387,40.60446325509812,0.4086186994998076,0.26779530588687955,0.7322046941131204,0,0.1623701423624471,59.92381685263563,8.312043093497499,FALSE,0,TRUE
7125,Cristaleros,71,Operarios de la construcción (no incluye electricistas),712,Operarios de la construcción en trabajos de terminación,7,Artesanos y operarios de oficios,24,2578,600585.0154373928,40.595422808378586,0.7074615080931701,0.6276183087664856,0.37238169123351433,0,0.13964313421256788,47.140418929402635,11.595422808378588,FALSE,0,TRUE
2133,Profesionales de la protección medioambiental,21,Profesionales de las ciencias y de la ingeniería,213,Profesionales de las ciencias biológicas,2,"Profesionales, científicos e intelectuales",17,2496,2441066.874599359,40.70753205128205,0.8886217948717948,0.6750801282051282,0.3249198717948718,0,0.5725160256410257,37.66786858974359,17.782852564102566,FALSE,0,TRUE
8114,Operadores de máquinas para fabricar cemento y otros productos minerales,81,Operadores de instalaciones fijas y máquinas,811,"Mineros y operadores de instalaciones mineras, perforadores de pozos y operadores de máquinas para fabricar cemento y otros productos minerales",8,"Operadores de instalaciones, máquinas y ensambladores",19,2369,714634.3001266357,44.03799071338118,0.9704516673701984,0.9653862389193753,0.034613761080624736,0,0,42.17095821021528,10.775010552975939,FALSE,0,TRUE
3433,"Técnicos en galerías de arte, museos y bibliotecas",34,"Técnicos de servicios jurídicos, sociales, deportivos y culturales",343,"Fotógrafos, decoradores de interior, técnicos en galerías de arte, museos y bibliotecas, chefs y otros técnicos en actividades culturales y artísticas",3,Técnicos y profesionales de nivel medio,26,2367,613870.0373831776,40.506450071667466,0.7820025348542459,0.884241656104774,0,0.11575834389522602,0.648077735530207,48.075200675961135,14.466835656949725,FALSE,0,TRUE
7121,Instaladores o reparadores de techos,71,Operarios de la construcción (no incluye electricistas),712,Operarios de la construcción en trabajos de terminación,7,Artesanos y operarios de oficios,33,2351,490785.90492804185,38.61293066780094,0.5461505742237346,0.5886856656741812,0.33517652062951936,0.07613781369629945,0,47.87154402381965,11.781794980859209,FALSE,0,FALSE
2653,Bailarines y coreógrafos,26,"Profesionales en derecho, ciencias sociales y culturales",265,"Artistas, actores y locutores de medios de comunicación",2,"Profesionales, científicos e intelectuales",14,2340,2693357.0146780303,27.634615384615383,0.5833333333333334,0.6457264957264958,0.3542735042735043,0,0.3487179487179487,38.804700854700855,15.552136752136752,FALSE,0,TRUE
7311,Mecánicos y reparadores de instrumentos de precisión,73,Artesanos y operarios de las artes gráficas,731,"Reparadores de instrumentos de precisión, fabricantes y afinadores de instrumentos musicales, pintores de carteles, pintores decorativos y artesanos",7,Artesanos y operarios de oficios,17,2312,960350.4031141868,46.326557093425606,0.8832179930795848,0.7949826989619377,0.2050173010380623,0,0.09083044982698962,44.074826989619375,14.109977827050997,FALSE,0,TRUE
7323,Encuadernadores,73,Artesanos y operarios de las artes gráficas,732,"Tipógrafos, impresores y encuadernadores",7,Artesanos y operarios de oficios,20,2299,434503.7614035088,31.16659417137886,0.4449760765550239,0.6037407568508047,0.3879947803392779,0,0.7485863418877773,42.3732057416268,12.434536755110917,FALSE,0,TRUE
3256,Técnicos y auxiliares paramédicos de alimentación,32,Técnicos de la salud,325,"Técnicos en odontología, ópticos, técnicos en prevención de riesgos y otros técnicos en salud",3,Técnicos y profesionales de nivel medio,15,2205,624035.1981859411,41.45079365079365,0.8154195011337868,1,0,0,1,41.857142857142854,13.344671201814059,FALSE,0,TRUE
7514,"Operarios de la conservación de frutas, legumbres y verduras",75,"Operarios de procesamiento de alimentos, de la confección, ebanistas y otros oficios",751,"Operarios de procesamiento, elaboración, conservación, cata y clasificación de alimentos, bebidas y tabaco",7,Artesanos y operarios de oficios,19,2196,674126.004054739,38.17622950819672,0.7144808743169399,0.4990892531876138,0.36247723132969034,0.1384335154826958,0.35792349726775957,41.692622950819676,12.885245901639344,FALSE,0,TRUE
2249,Otros profesionales de la salud no clasificados previamente,22,Profesionales de la salud,224,"Dentistas, farmacéuticos, kinesiólogos, nutricionistas, fonoaudiólogos y otros profesionales de la salud",2,"Profesionales, científicos e intelectuales",8,2195,2165052.7225512527,44.67608200455581,1,1,0,0,0.4911161731207289,39.275626423690206,17.907972665148066,FALSE,0,TRUE
1344,"Directores, gerentes y administradores de servicios de bienestar social",13,"Directores, gerentes y administradores de producción y operaciones",134,"Directores, gerentes y administradores de servicios de cuidados a personas, bienestar social, educación, servicios financieros y de otros servicios profesionales",1,"Directores, gerentes y administradores",18,2169,1672897.314189189,43.165514061779625,0.8358690640848317,0.8404794836330106,0.039188566159520516,0.12033195020746888,0.6445366528354081,44.53526970954357,15.925311203319502,FALSE,0,TRUE
3324,Corredores comerciales y consignatarios,33,Técnicos en operaciones financieras y administrativas,332,"Agentes de seguros, representantes comerciales, agentes de compras y consignatarios",3,Técnicos y profesionales de nivel medio,19,2122,762279.2728557964,29.727615457115927,0.13147973609802074,0.09095193213949104,0.8798303487276155,0.029217719132893498,0.13807728557964186,43.263430725730444,11.59990574929312,FALSE,0,TRUE
8171,Operadores de instalaciones para la preparación de papel y de pasta para papel,81,Operadores de instalaciones fijas y máquinas,817,"Operadores de instalaciones para la preparación de papel, pasta de papel y procesamiento de la madera",8,"Operadores de instalaciones, máquinas y ensambladores",21,2118,875527.1539187913,43.65061378659112,1,1,0,0,0,40.400377714825304,12.482058545797923,FALSE,0,TRUE
3314,Técnicos de servicios estadísticos y matemáticos,33,Técnicos en operaciones financieras y administrativas,331,"Agentes de bolsas, ejecutivos de créditos, asistentes contables y otros técnicos en finanzas y matemáticas",3,Técnicos y profesionales de nivel medio,21,2108,1000309.9595319356,42.38956606533398,0.8956356736242884,0.9729601518026565,0.027039848197343452,0,0.6029411764705882,37.970588235294116,16.81404174573055,FALSE,0,TRUE
1114,"Dirigentes de organizaciones sociales y/o políticas (sindicatos, organizaciones sociales, partidos políticos, entre otras)",11,"Miembros del Poder Ejecutivo y Legislativo, personal directivo de la administración pública y de otras organizaciones sociales y/o políticas, directores ejecutivos y gerentes generales",111,"Miembros del poder ejecutivo y legislativo, personal directivo de la administración pública y de otras organizaciones sociales y/o políticas",1,"Directores, gerentes y administradores",21,2098,1685690.094527363,37.02240228789323,0.657769304099142,0.9842707340324118,0.01572926596758818,0,0.5938989513822688,44.069590085795994,16.04003813155386,FALSE,0,TRUE
2631,Economistas,26,"Profesionales en derecho, ciencias sociales y culturales",263,"Economistas, especialistas en ciencias sociales, humanidades, ciencias políticas y teología",2,"Profesionales, científicos e intelectuales",11,2084,4801567.325335893,43.520153550863725,0.9452975047984645,0.789827255278311,0.21017274472168906,0,0.5110364683301344,42.32821497120921,19.24376199616123,FALSE,0,TRUE
2655,Actores,26,"Profesionales en derecho, ciencias sociales y culturales",265,"Artistas, actores y locutores de medios de comunicación",2,"Profesionales, científicos e intelectuales",16,2058,756182.5487944891,28.895043731778426,0.5014577259475219,0.5937803692905733,0.4062196307094266,0,0.37560738581146746,37.577745383867835,15.95821185617104,FALSE,0,TRUE
2134,Bioquímicos,21,Profesionales de las ciencias y de la ingeniería,213,Profesionales de las ciencias biológicas,2,"Profesionales, científicos e intelectuales",15,2013,2234122.1023348235,40.751614505712865,0.8474913065077,1,0,0,0.5578738201689022,44.134624937903624,17.614505712866368,FALSE,0,TRUE
3222,Técnicos y auxiliares paramédicos de esterilización,32,Técnicos de la salud,322,"Técnicos y auxiliares paramédicos de enfermería, esterilización y ayudantes de ambulancia",3,Técnicos y profesionales de nivel medio,16,1990,832351.6959798995,45.00050251256281,0.9100502512562814,0.9804020100502513,0.019597989949748745,0,0.8050251256281407,46.22964824120603,14.326633165829145,FALSE,0,TRUE
1213,"Directores, gerentes y administradores de políticas empresariales y planificación",12,Directores y gerentes administrativos y de servicios comerciales,121,"Directores, gerentes y administradores de finanzas, de recursos humanos, políticas empresariales y de servicios administrativos",1,"Directores, gerentes y administradores",10,1982,3925850.24419778,44.71190716448032,0.9556004036326943,0.7719475277497477,0.18365287588294651,0.044399596367305755,0.4747729566094854,41.02875882946519,17.728557013118063,FALSE,0,TRUE
3152,Capitanes y oficiales de cubierta,31,Técnicos de las ciencias y la ingeniería,315,Técnicos y controladores en navegación marítima y aeronáutica,3,Técnicos y profesionales de nivel medio,31,1957,1432268.6548438328,47.484414920797136,0.9151762902401636,0.9555442003065917,0.04445579969340828,0,0.05518650996423097,46.729688298415944,12.946346448645887,FALSE,0,FALSE
8211,Ensambladores de maquinaria mecánica,82,Ensambladores,821,"Ensambladores de maquinaria mecánica, equipos eléctricos, electrónicos y otros ensambladores",8,"Operadores de instalaciones, máquinas y ensambladores",8,1952,763787.7143761874,42.98104508196721,1,1,0,0,0.03278688524590164,42.37448770491803,11.707479508196721,FALSE,0,TRUE
3351,Inspectores de aduana,33,Técnicos en operaciones financieras y administrativas,335,Agentes de la administración pública para la aplicación de la ley,3,Técnicos y profesionales de nivel medio,30,1944,1599082.6646090534,46.56635802469136,0.9058641975308642,1,0,0,0.32407407407407407,45.24331275720164,15.565329218106996,FALSE,0,FALSE
2165,Cartógrafos y agrimensores,21,Profesionales de las ciencias y de la ingeniería,216,"Arquitectos, diseñadores, urbanistas, cartógrafos y agrimensores",2,"Profesionales, científicos e intelectuales",6,1920,1654471.3541666667,37.96458333333333,1,0.8015625,0.1984375,0,0,52.51197916666667,16.7078125,FALSE,0,TRUE
2656,"Locutores de radio, televisión y otros medios de comunicación",26,"Profesionales en derecho, ciencias sociales y culturales",265,"Artistas, actores y locutores de medios de comunicación",2,"Profesionales, científicos e intelectuales",25,1913,856098.907997909,30.923680083638263,0.5865133298484057,0.6095138525875589,0.35389440669106115,0.03659174072138003,0.12702561421850497,42.30266596968113,14.67903815995818,FALSE,0,TRUE
5165,Instructores de manejo,51,Trabajadores de los servicios a las personas,516,Otros trabajadores de servicios a las personas,5,Trabajadores de los servicios y vendedores de comercios y mercados,17,1877,678005.3926478423,36.90516782099094,0.5199786893979755,0.8151305274374001,0.1848694725625999,0,0.23122003196590304,45.61640916355887,13.388385721896643,FALSE,0,TRUE
5241,"Modelos de moda, arte y publicidad",52,Vendedores,524,Modelos y promotores y otros vendedores no clasificados previamente,5,Trabajadores de los servicios y vendedores de comercios y mercados,5,1876,1704104.4776119404,38.76705756929638,0.039445628997867806,0.2894456289978678,0.7105543710021321,0,0.25,32.52665245202559,15.702025586353944,FALSE,0,TRUE
7124,Instaladores de material aislante y de insonorización,71,Operarios de la construcción (no incluye electricistas),712,Operarios de la construcción en trabajos de terminación,7,Artesanos y operarios de oficios,13,1814,666010.5711135612,40.757993384785,0.5979843225083986,0.5997794928335171,0.4002205071664829,0,0,38.33076074972437,13.405733186328556,FALSE,0,TRUE
2522,Administradores de sistemas,25,Profesionales de tecnología de la información y las comunicaciones,252,"Diseñadores y administradores de bases de datos, administradores de sistemas y profesionales en redes de computadores",2,"Profesionales, científicos e intelectuales",11,1813,1784515.224489796,48.88858246001103,1,1,0,0,0,41.929950358521786,16.32984004412576,FALSE,0,TRUE
7113,"Tronzadores, labrantes y grabadores de piedra",71,Operarios de la construcción (no incluye electricistas),711,Operarios de la construcción en obra gruesa,7,Artesanos y operarios de oficios,15,1778,603438.955568054,38.16760404949381,0.4955005624296963,0.3059617547806524,0.6940382452193475,0,0,44.03824521934758,10.419572553430822,FALSE,0,TRUE
8212,Ensambladores de equipos eléctricos y electrónicos,82,Ensambladores,821,"Ensambladores de maquinaria mecánica, equipos eléctricos, electrónicos y otros ensambladores",8,"Operadores de instalaciones, máquinas y ensambladores",14,1743,729849.7654557043,38.93253012048193,0.6907630522088354,0.7429718875502008,0.2570281124497992,0,0.05679862306368331,48.77280550774527,12.214572576018359,FALSE,0,TRUE
3421,Atletas y deportistas,34,"Técnicos de servicios jurídicos, sociales, deportivos y culturales",342,"Deportistas, entrenadores, árbitros e instructores de actividades deportivas y recreativas",3,Técnicos y profesionales de nivel medio,15,1740,1470170.5528735633,37.40977011494253,0.3775862068965517,0.6206896551724138,0.3793103448275862,0,0.13505747126436782,27.47471264367816,14.674137931034483,FALSE,0,TRUE
7315,"Sopladores, modeladores, laminadores, cortadores y pulidores de vidrio",73,Artesanos y operarios de las artes gráficas,731,"Reparadores de instrumentos de precisión, fabricantes y afinadores de instrumentos musicales, pintores de carteles, pintores decorativos y artesanos",7,Artesanos y operarios de oficios,15,1721,718275.6240557815,39.041836141778035,0.7024985473561882,0.9000581057524695,0.0999418942475305,0,0.05229517722254503,49.314352120859965,12.937245787332946,FALSE,0,TRUE
8159,Operadores de máquinas para fabricar productos textiles y artículos de piel y cuero no clasificados previamente,81,Operadores de instalaciones fijas y máquinas,815,"Operadores de máquinas para fabricar productos textiles, artículos de piel y cuero y operadores de máquinas de lavanderías",8,"Operadores de instalaciones, máquinas y ensambladores",12,1667,619330.1109778044,43.24835032993401,0.9034193161367726,1,0,0,0.5050989802039592,45.81703659268146,9.167966406718657,FALSE,0,TRUE
5163,Personal de pompas fúnebres y embalsamadores,51,Trabajadores de los servicios a las personas,516,Otros trabajadores de servicios a las personas,5,Trabajadores de los servicios y vendedores de comercios y mercados,9,1593,1026674.3596986817,51.73571876961707,1,0.5831763967357187,0.04833647206528562,0.3684871311989956,0.12743251726302574,37.99309478970496,14.577526679221595,FALSE,0,TRUE
2162,Arquitectos paisajistas,21,Profesionales de las ciencias y de la ingeniería,216,"Arquitectos, diseñadores, urbanistas, cartógrafos y agrimensores",2,"Profesionales, científicos e intelectuales",7,1575,2022015.8533333333,24.89142857142857,0.8857142857142857,0.4876190476190476,0.5123809523809524,0,0.33206349206349206,48.960634920634924,15.737777777777778,FALSE,0,TRUE
2633,"Filósofos, historiadores y especialistas en ciencias políticas",26,"Profesionales en derecho, ciencias sociales y culturales",263,"Economistas, especialistas en ciencias sociales, humanidades, ciencias políticas y teología",2,"Profesionales, científicos e intelectuales",10,1537,2197363.2946001366,38.88288874430709,0.5959661678594665,0.7891997397527651,0.21080026024723486,0,0.3890696161353286,44.305790500975924,18.954456733897203,FALSE,0,TRUE
2612,Jueces,26,"Profesionales en derecho, ciencias sociales y culturales",261,"Abogados, jueces y otros profesionales del derecho",2,"Profesionales, científicos e intelectuales",16,1528,4688565.537958115,43.30497382198953,0.9339005235602095,1,0,0,0.5575916230366492,47.646596858638745,17.994109947643977,FALSE,0,TRUE
1312,"Directores, gerentes y administradores de producción y operaciones de acuicultura y pesca",13,"Directores, gerentes y administradores de producción y operaciones",131,"Directores, gerentes y administradores de producción y operaciones agropecuarias, de silvicultura, acuicultura y pesca",1,"Directores, gerentes y administradores",17,1523,3601810.6126066973,48.4005252790545,0.9553512803676953,0.7879185817465528,0,0.21208141825344715,0.08470124753775443,46.00656598818122,17.451083388049902,FALSE,0,TRUE
7549,Operarios de otros oficios no clasificados previamente,75,"Operarios de procesamiento de alimentos, de la confección, ebanistas y otros oficios",754,"Buzos, dinamiteros, clasificadores, probadores e inspectores de calidad de productos no comestibles, fumigadores y otros oficios",7,Artesanos y operarios de oficios,19,1512,467137.2812920592,38.25066137566137,0.4246031746031746,0.35978835978835977,0.623015873015873,0,0.546957671957672,40.16468253968254,11.708994708994709,FALSE,0,TRUE
8152,Operadores de telares y otras máquinas tejedoras,81,Operadores de instalaciones fijas y máquinas,815,"Operadores de máquinas para fabricar productos textiles, artículos de piel y cuero y operadores de máquinas de lavanderías",8,"Operadores de instalaciones, máquinas y ensambladores",14,1490,671087.9315436241,42.5993288590604,0.8859060402684564,1,0,0,0.16711409395973154,46.42013422818792,9.370469798657718,FALSE,0,TRUE
7316,"Pintores de carteles, pintores decorativos y grabadores",73,Artesanos y operarios de las artes gráficas,731,"Reparadores de instrumentos de precisión, fabricantes y afinadores de instrumentos musicales, pintores de carteles, pintores decorativos y artesanos",7,Artesanos y operarios de oficios,17,1468,418167.8362989324,35.74523160762943,0.4359673024523161,0.5129427792915532,0.444141689373297,0,0.3337874659400545,51.80040871934605,10.760217983651225,FALSE,0,TRUE
8312,"Guardafrenos, guardagujas y agentes de maniobras",83,Conductores de vehículos y operadores de equipos pesados y móviles,831,"Maquinistas de locomotoras, guardafrenos y agentes de maniobras",8,"Operadores de instalaciones, máquinas y ensambladores",14,1458,772382.4224965706,45.249657064471876,1,1,0,0,0.10219478737997256,40.57064471879287,10.956104252400548,FALSE,0,TRUE
2619,Otros profesionales del derecho no clasificados previamente,26,"Profesionales en derecho, ciencias sociales y culturales",261,"Abogados, jueces y otros profesionales del derecho",2,"Profesionales, científicos e intelectuales",16,1450,1514899.104827586,39.8351724137931,0.7593103448275862,0.8848275862068965,0.11517241379310345,0,0.37724137931034485,36.73379310344828,16.60896551724138,FALSE,0,TRUE
4312,"Auxiliares y ayudantes de servicios estadísticos, financieros y de seguros",43,Auxiliares y ayudantes de registros contables y encargados del registro de materiales,431,Auxiliares y ayudantes de registros contables y financieros,4,Personal de apoyo administrativo,14,1431,910057.2410901467,40.36058700209644,0.8852578068264343,1,0,0,0.4751921733053808,44.134171907756816,14.58909853249476,FALSE,0,TRUE
7532,Patronistas y cortadores de telas,75,"Operarios de procesamiento de alimentos, de la confección, ebanistas y otros oficios",753,"Sastres, modistos, patronistas de tela, costureros, tapiceros, apelambradores y zapateros",7,Artesanos y operarios de oficios,7,1401,767618.7725631769,43.25053533190578,0.9202081526452732,0.98857958600999285,0.011420413990007138,0,0.12134189864382584,50.850107066381156,10.155603140613847,FALSE,0,TRUE
8219,Ensambladores no clasificados previamente,82,Ensambladores,821,"Ensambladores de maquinaria mecánica, equipos eléctricos, electrónicos y otros ensambladores",8,"Operadores de instalaciones, máquinas y ensambladores",15,1373,514529.0043699927,37.57829570284049,0.7749453750910416,0.7268754552075747,0.27312454479242537,0,0.41951930080116534,33.82884195193008,12.210487982520029,FALSE,0,TRUE
7521,Operarios del tratamiento de la madera,75,"Operarios de procesamiento de alimentos, de la confección, ebanistas y otros oficios",752,"Operarios del tratamiento de la madera, ebanistas y operarios de máquinas para trabajar madera",7,Artesanos y operarios de oficios,21,1362,541586.4867841409,45.24669603524229,0.697503671071953,0.9104258443465492,0.08957415565345081,0,0.06681350954478708,42.554331864904555,10.583700440528634,FALSE,0,TRUE
5161,Astrólogos y adivinadores,51,Trabajadores de los servicios a las personas,516,Otros trabajadores de servicios a las personas,5,Trabajadores de los servicios y vendedores de comercios y mercados,11,1352,544667.1597633136,17.997041420118343,0.2588757396449704,0,1,0,0.7670118343195266,53.07396449704142,13.480029585798816,FALSE,0,TRUE
9213,Obreros de explotaciones agropecuarias,92,"Obreros agropecuarios, pesqueros y forestales",921,"Obreros agropecuarios, de jardinería y horticultura, forestales y pesqueros",9,Ocupaciones elementales,24,1349,536258.4217939214,42.04744255003706,0.558932542624166,0.8354336545589326,0.16456634544106746,0,0.10896960711638251,48.04002965159377,8.986656782802076,FALSE,0,TRUE
8311,Maquinistas de locomotoras,83,Conductores de vehículos y operadores de equipos pesados y móviles,831,"Maquinistas de locomotoras, guardafrenos y agentes de maniobras",8,"Operadores de instalaciones, máquinas y ensambladores",11,1239,1466036.1091065293,45.82082324455206,0.9564164648910412,1,0,0,0,42.70944309927361,13.238902340597257,FALSE,0,TRUE
3134,Operadores de instalaciones de refinación de petróleo y gas natural,31,Técnicos de las ciencias y la ingeniería,313,"Técnicos en control de procesos en instalaciones de producción de energía, agua, productos químicos, gas natural y metales",3,Técnicos y profesionales de nivel medio,10,1174,1718011.7742759795,44.17120954003407,1,1,0,0,0,41.60732538330494,14.676320272572402,FALSE,0,TRUE
7312,Fabricantes y afinadores de instrumentos musicales,73,Artesanos y operarios de las artes gráficas,731,"Reparadores de instrumentos de precisión, fabricantes y afinadores de instrumentos musicales, pintores de carteles, pintores decorativos y artesanos",7,Artesanos y operarios de oficios,6,1174,605059.6252129471,28.099659284497445,0.817717206132879,0.16780238500851788,0.8321976149914821,0,0,44.74872231686542,14.93611584327087,FALSE,0,TRUE
3514,Técnicos de la web,35,Técnicos de la tecnología de la información y las comunicaciones,351,"Técnicos en operaciones de tecnología de la información, las comunicaciones y asistencia al usuario; técnicos en redes y técnicos de la web",3,Técnicos y profesionales de nivel medio,6,1167,1183881.7403598973,41.360754070265635,0.794344473007712,0.8508997429305912,0,0.14910025706940874,0.0676949443016281,38.93658954584404,14.637532133676093,FALSE,0,TRUE
3352,Agentes de la administración tributaria,33,Técnicos en operaciones financieras y administrativas,335,Agentes de la administración pública para la aplicación de la ley,3,Técnicos y profesionales de nivel medio,13,1152,1680316.6527777778,42.88194444444444,0.8585069444444444,1,0,0,0.4401041666666667,46.248263888888886,15.90625,FALSE,0,TRUE
1223,"Directores, gerentes y administradores de investigación y desarrollo",12,Directores y gerentes administrativos y de servicios comerciales,122,"Directores, gerentes y administradores de comercialización, publicidad, relaciones públicas e investigación y desarrollo",1,"Directores, gerentes y administradores",5,1095,3430375.210958904,41.56986301369863,0.9771689497716894,1,0,0,0.15707762557077626,41.83744292237443,18.428310502283104,FALSE,0,TRUE
8181,Operadores de instalaciones de vidriería y cerámica,81,Operadores de instalaciones fijas y máquinas,818,"Operadores de máquinas de instalaciones de vidriería, cerámica y operadores de máquinas de vapor y calderas, de embotellamiento, de etiquetado y otros operadores de máquinas e instalaciones",8,"Operadores de instalaciones, máquinas y ensambladores",8,1071,810303.6451914099,42.03921568627451,1,1,0,0,0.22875816993464052,43.18300653594771,10.7749766573296,FALSE,0,TRUE
3116,Técnicos en química industrial,31,Técnicos de las ciencias y la ingeniería,311,"Técnicos en ciencias físicas, químicas, técnicos en ingeniería y dibujantes técnicos",3,Técnicos y profesionales de nivel medio,10,1060,1286482.816037736,52.62367661212704,0.9575471698113207,0.8924528301886793,0.08773584905660377,0.01981132075471698,0.024528301886792454,41.96132075471698,15.067924528301887,FALSE,0,TRUE
9624,Acarreadores de agua y recolectores de leña,96,Recolectores de desechos y otras ocupaciones elementales,962,Otras ocupaciones elementales,9,Ocupaciones elementales,15,1038,434567.2620423892,25.25619834710744,0.03275529865125241,0.2745664739884393,0.7254335260115607,0,0.011560693641618497,37.83044315992293,7.737957610789981,FALSE,0,TRUE
3353,Agentes de servicios de prestaciones sociales,33,Técnicos en operaciones financieras y administrativas,335,Agentes de la administración pública para la aplicación de la ley,3,Técnicos y profesionales de nivel medio,7,1023,1313617.312805474,42.50146627565982,0.8670576735092864,0.9775171065493646,0.022482893450635387,0,0.7448680351906158,40.42033235581623,16.901270772238515,FALSE,0,TRUE
3139,Técnicos en control de procesos no clasificados previamente,31,Técnicos de las ciencias y la ingeniería,313,"Técnicos en control de procesos en instalaciones de producción de energía, agua, productos químicos, gas natural y metales",3,Técnicos y profesionales de nivel medio,10,1015,743449.0748768473,42.50246305418719,0.9438423645320198,1,0,0,0.2896551724137931,43.3871921182266,11.115270935960591,FALSE,0,TRUE
3131,Operadores de instalaciones de producción de energía,31,Técnicos de las ciencias y la ingeniería,313,"Técnicos en control de procesos en instalaciones de producción de energía, agua, productos químicos, gas natural y metales",3,Técnicos y profesionales de nivel medio,13,954,2256927.783018868,56.57232704402516,1,1,0,0,0,47.4748427672956,13.4958071278826,FALSE,0,TRUE
7221,Herreros y forjadores,72,"Operarios de la metalurgia y operarios de máquinas herramientas; mecánicos de vehículos, maquinarias, aviones y bicicletas",722,Herreros y herramentistas; reguladores y operarios de máquinas herramientas; pulidores de metales y afiladores de herramientas,7,Artesanos y operarios de oficios,11,889,667644.7187851518,40.0933633295838,0.5433070866141733,0.5894263217097863,0.41057367829021374,0,0,40.29021372328459,11.02474690663667,FALSE,0,TRUE
3223,Ayudantes de ambulancia,32,Técnicos de la salud,322,"Técnicos y auxiliares paramédicos de enfermería, esterilización y ayudantes de ambulancia",3,Técnicos y profesionales de nivel medio,8,839,674323.599523242,46.28145695364238,0.4767580452920143,1,0,0,0.635280095351609,28.28009535160906,13.137067938021454,FALSE,0,TRUE
3154,Controladores de tráfico aéreo,31,Técnicos de las ciencias y la ingeniería,315,Técnicos y controladores en navegación marítima y aeronáutica,3,Técnicos y profesionales de nivel medio,12,834,2010604.634292566,48.905275779376495,1,1,0,0,0.16546762589928057,40.20263788968825,14.522781774580336,FALSE,0,TRUE
3254,Técnicos ópticos y contactólogos,32,Técnicos de la salud,325,"Técnicos en odontología, ópticos, técnicos en prevención de riesgos y otros técnicos en salud",3,Técnicos y profesionales de nivel medio,5,831,815475.4187725632,33.651022864019254,1,0.6654632972322503,0.3345367027677497,0,0.6678700361010831,53.340553549939834,13.596871239470518,FALSE,0,TRUE
1343,"Directores, gerentes y administradores de servicios de cuidado de adultos mayores",13,"Directores, gerentes y administradores de producción y operaciones",134,"Directores, gerentes y administradores de servicios de cuidados a personas, bienestar social, educación, servicios financieros y de otros servicios profesionales",1,"Directores, gerentes y administradores",7,816,3549824.719362745,49.34436274509804,0.758578431372549,0.7426470588235294,0,0.25735294117647056,0.5661764705882353,56.2610294117647,15.363970588235293,FALSE,0,TRUE
3252,Técnicos en documentación e información sanitaria,32,Técnicos de la salud,325,"Técnicos en odontología, ópticos, técnicos en prevención de riesgos y otros técnicos en salud",3,Técnicos y profesionales de nivel medio,11,816,861757.7156862745,42.95343137254902,0.9632352941176471,1,0,0,0.6495098039215687,39.474264705882355,14.394607843137255,FALSE,0,TRUE
7321,Tipógrafos,73,Artesanos y operarios de las artes gráficas,732,"Tipógrafos, impresores y encuadernadores",7,Artesanos y operarios de oficios,5,815,801813.9828220858,35.8,0.7926380368098159,0.6576687116564417,0.20736196319018405,0.13496932515337423,0.2196319018404908,57.267484662576685,12.625766871165645,FALSE,0,TRUE
2147,Ingenieros biomédicos,21,Profesionales de las ciencias y de la ingeniería,214,Ingenieros (excluyendo ingenieros en electrotecnología),2,"Profesionales, científicos e intelectuales",8,739,1422151.556156969,38.234100135317995,0.8051420838971584,0.6075778078484438,0.39242219215155616,0,0.6211096075778079,32.71853856562923,18.83761840324763,FALSE,0,TRUE
2112,Meteorólogos,21,Profesionales de las ciencias y de la ingeniería,211,"Físicos, astrónomos, meteorólogos, químicos, geólogos y geofísicos",2,"Profesionales, científicos e intelectuales",7,709,1783507.3794076163,43.61071932299013,0.8561354019746121,1,0,0,0.27221438645980256,46.81382228490832,15.81805359661495,FALSE,0,TRUE
3214,Técnicos de prótesis médicas,32,Técnicos de la salud,321,"Técnicos y auxiliares paramédicos en imagenología, análisis de muestras médicas y de sangre, farmacéuticos y prótesis médicas y dentales",3,Técnicos y profesionales de nivel medio,4,703,945132.853485064,44,0.8961593172119487,1,0,0,0.6970128022759602,38.440967283072546,16.011379800853486,FALSE,0,TRUE
2164,Urbanistas e ingenieros de transporte y tránsito,21,Profesionales de las ciencias y de la ingeniería,216,"Arquitectos, diseñadores, urbanistas, cartógrafos y agrimensores",2,"Profesionales, científicos e intelectuales",6,672,2122037.464285714,44,0.7038690476190477,1,0,0,0.35714285714285715,32.46577380952381,17.30654761904762,FALSE,0,TRUE
2111,Físicos y astrónomos,21,Profesionales de las ciencias y de la ingeniería,211,"Físicos, astrónomos, meteorólogos, químicos, geólogos y geofísicos",2,"Profesionales, científicos e intelectuales",4,656,3580922.2804878047,39.894817073170735,0.3673780487804878,1,0,0,0.07317073170731707,34.611280487804876,22.3140243902439,FALSE,0,TRUE
3141,Técnicos en ciencias biológicas (excluyendo la medicina),31,Técnicos de las ciencias y la ingeniería,314,"Técnicos en ciencias biológicas (excluyendo la medicina), agropecuarias, acuícolas y forestales",3,Técnicos y profesionales de nivel medio,4,625,866261.4336,43.456,1,1,0,0,1,39.4528,14.5456,FALSE,0,TRUE
3413,Técnicos de los servicios religiosos,34,"Técnicos de servicios jurídicos, sociales, deportivos y culturales",341,"Técnicos de los servicios jurídicos, sociales y religiosos",3,Técnicos y profesionales de nivel medio,4,563,400325.7328990228,56.737122557726465,0.3641207815275311,0.8188277087033747,0.1811722912966252,0,0.40852575488454707,55.13143872113677,12.682060390763766,FALSE,0,TRUE
3153,Pilotos de aviación,31,Técnicos de las ciencias y la ingeniería,315,Técnicos y controladores en navegación marítima y aeronáutica,3,Técnicos y profesionales de nivel medio,2,538,6927280.620817844,19.014869888475836,1,1,0,0,0.1449814126394052,32.639405204460964,15.28996282527881,FALSE,0,TRUE
9331,Conductores de vehículos accionados a pedal o a brazo (no motorizados),93,"Obreros de la minería, la construcción, la industria manufacturera y el transporte",933,Obreros del transporte y almacenamiento,9,Ocupaciones elementales,4,516,384864.3410852713,45.64728682170543,0,0.2926356589147287,0.7073643410852714,0,0,41.97286821705426,11.912790697674419,FALSE,0,TRUE
6223,Pescadores de alta mar,62,"Trabajadores forestales calificados, pescadores y cazadores cuya producción se destina al mercado",622,"Trabajadores de explotaciones de acuicultura, pescadores, cazadores y tramperos",6,"Agricultores y trabajadores calificados agropecuarios, forestales y pesqueros",9,476,435374.03361344535,46.28311688311688,0.22045454545454546,0.5336134453781513,0.46638655462184875,0,0,49.3109243697479,10.957983193277311,FALSE,0,TRUE
3258,Quiroprácticos y osteópatas,32,Técnicos de la salud,325,"Técnicos en odontología, ópticos, técnicos en prevención de riesgos y otros técnicos en salud",3,Técnicos y profesionales de nivel medio,4,451,697117.5166297117,20.47586206896552,0.738359201773836,0,1,0,0,47.72062084257206,14.57871396895787,FALSE,0,TRUE
9123,Limpiadores de ventanas,91,Auxiliares de aseo y trabajadores de casa particular,912,"Limpiadores de ropa, vehículos, ventanas y otros limpiadores manuales",9,Ocupaciones elementales,3,410,542804.8780487805,22.7390243902439,0.4317073170731707,0.4317073170731707,0.5682926829268292,0,0,52.18048780487805,8.492682926829268,FALSE,0,TRUE
3151,Oficiales maquinistas en navegación,31,Técnicos de las ciencias y la ingeniería,315,Técnicos y controladores en navegación marítima y aeronáutica,3,Técnicos y profesionales de nivel medio,5,394,1699350.6700507614,47.17766497461929,1,0.7385786802030457,0.2614213197969543,0,0.3248730964467005,35.65736040609137,16.444162436548222,FALSE,0,TRUE
3143,Técnicos forestales,31,Técnicos de las ciencias y la ingeniería,314,"Técnicos en ciencias biológicas (excluyendo la medicina), agropecuarias, acuícolas y forestales",3,Técnicos y profesionales de nivel medio,7,352,1012246.2755681818,41.52272727272727,0.8636363636363636,0.8778409090909091,0.12215909090909091,0,0.12215909090909091,50.53977272727273,13.96875,FALSE,0,TRUE
3232,Practicantes de la medicina tradicional,32,Técnicos de la salud,323,Profesionales y técnicos de las terapias complementarias y medicina tradicional,3,Técnicos y profesionales de nivel medio,10,348,556629.3103448276,37.18103448275862,0.2672413793103448,0.31896551724137934,0.6810344827586207,0,0.6752873563218391,52.02298850574713,11.589080459770114,FALSE,0,TRUE
5169,Otros trabajadores de servicios a las personas no clasificados previamente,51,Trabajadores de los servicios a las personas,516,Otros trabajadores de servicios a las personas,5,Trabajadores de los servicios y vendedores de comercios y mercados,7,337,532195.8456973294,21.78635014836795,0.12861736334405144,0.4035608308605341,0.5964391691394659,0,0.7151335311572701,42.53709198813056,9.507418397626113,FALSE,0,TRUE
8151,"Operadores de máquinas de preparación de fibras, hilado y devanado",81,Operadores de instalaciones fijas y máquinas,815,"Operadores de máquinas para fabricar productos textiles, artículos de piel y cuero y operadores de máquinas de lavanderías",8,"Operadores de instalaciones, máquinas y ensambladores",4,327,564918.7828746177,44.357798165137616,0.8715596330275229,0.8715596330275229,0,0.12844036697247707,0.6605504587155964,48.015290519877674,13.5565749235474,FALSE,0,TRUE
8156,"Operadores de máquinas para la fabricación de calzado, bolsos y accesorios de talabartería",81,Operadores de instalaciones fijas y máquinas,815,"Operadores de máquinas para fabricar productos textiles, artículos de piel y cuero y operadores de máquinas de lavanderías",8,"Operadores de instalaciones, máquinas y ensambladores",3,312,580641.0256410256,42.580128205128204,1,0.7467948717948718,0.2532051282051282,0,0.23076923076923078,54.50961538461539,10.461538461538462,FALSE,0,TRUE
8155,Operadores de máquinas de tratamiento de pieles y cueros,81,Operadores de instalaciones fijas y máquinas,815,"Operadores de máquinas para fabricar productos textiles, artículos de piel y cuero y operadores de máquinas de lavanderías",8,"Operadores de instalaciones, máquinas y ensambladores",2,309,804072.4498381877,42.394822006472495,1,1,0,0,0,36.64724919093851,12.521035598705502,FALSE,0,TRUE
7224,Pulidores de metales y afiladores de herramientas,72,"Operarios de la metalurgia y operarios de máquinas herramientas; mecánicos de vehículos, maquinarias, aviones y bicicletas",722,Herreros y herramentistas; reguladores y operarios de máquinas herramientas; pulidores de metales y afiladores de herramientas,7,Artesanos y operarios de oficios,4,307,731270.358306189,65.1400651465798,0.8990228013029316,0.8990228013029316,0.10097719869706841,0,0,39.47882736156352,12.710097719869706,FALSE,0,TRUE
2356,Instructores en tecnologías de la información,23,Profesionales de la educación,235,"Especialistas en métodos pedagógicos, educadores para necesidades especiales y otros profesionales de la educación",2,"Profesionales, científicos e intelectuales",3,284,1499652.059859155,41.225352112676056,0.8063380281690141,1,0,0,0,52.193661971830984,16.580985915492956,FALSE,0,TRUE
6310,Trabajadores agrícolas de subsistencia,63,"Trabajadores agropecuarios, pescadores, cazadores y recolectores de subsistencia",631,Trabajadores agrícolas de subsistencia,6,"Agricultores y trabajadores calificados agropecuarios, forestales y pesqueros",7,258,176352.05220883535,29.302325581395348,0,0,0.9302325581395349,0.03488372093023256,0.03488372093023256,56.7906976744186,10.263565891472869,FALSE,0,TRUE
2621,Archivistas y curadores de museos,26,"Profesionales en derecho, ciencias sociales y culturales",262,"Archivistas, curadores de museo, bibliotecarios y documentalistas de archivos",2,"Profesionales, científicos e intelectuales",3,230,1822790.0347826087,44.291304347826085,1,1,0,0,1,57.92173913043478,17,FALSE,0,TRUE
4322,Empleados de cálculo de los insumos y materiales para la producción,43,Auxiliares y ayudantes de registros contables y encargados del registro de materiales,432,Empleados encargados del registro de materiales y de transportes,4,Personal de apoyo administrativo,1,227,500000,44,1,1,0,0,1,37,12,FALSE,0,TRUE
3135,Controladores de procesos de producción de metales,31,Técnicos de las ciencias y la ingeniería,313,"Técnicos en control de procesos en instalaciones de producción de energía, agua, productos químicos, gas natural y metales",3,Técnicos y profesionales de nivel medio,2,195,1932984.6153846155,45.707692307692305,1,1,0,0,0,37.292307692307695,15.056410256410256,FALSE,0,TRUE
7133,Limpiadores de fachadas y deshollinadores,71,Operarios de la construcción (no incluye electricistas),713,"Pintores, limpiadores de fachadas y deshollinadores",7,Artesanos y operarios de oficios,3,187,481604.27807486634,38.588235294117645,0.9572192513368984,0.9572192513368984,0.0427807486631016,0,0,25.962566844919785,11.657754010695188,FALSE,0,TRUE
6129,Otros criadores y trabajadores calificados de la cría de animales no clasificados previamente,61,Agricultores y trabajadores calificados de explotaciones agropecuarias cuya producción se destina al mercado,612,Trabajadores calificados de la cría de animales,6,"Agricultores y trabajadores calificados agropecuarios, forestales y pesqueros",2,184,459058.02173913043,44,0.3695652173913043,0.3695652173913043,0.6304347826086957,0,0,45.65217391304348,9.478260869565217,FALSE,0,TRUE
3155,Técnicos electrónicos aeronáuticos,31,Técnicos de las ciencias y la ingeniería,315,Técnicos y controladores en navegación marítima y aeronáutica,3,Técnicos y profesionales de nivel medio,2,162,2341666.6666666665,35.25925925925926,1,0.6358024691358025,0.36419753086419754,0,0.6358024691358025,34.00617283950617,15.364197530864198,FALSE,0,TRUE
9332,Conductores de vehículos y máquinas de tracción animal,93,"Obreros de la minería, la construcción, la industria manufacturera y el transporte",933,Obreros del transporte y almacenamiento,9,Ocupaciones elementales,2,149,401476.5100671141,33.53020134228188,0.5637583892617449,0.5637583892617449,0.436241610738255,0,0,44.81208053691275,8.073825503355705,FALSE,0,TRUE
5162,Acompañantes,51,Trabajadores de los servicios a las personas,516,Otros trabajadores de servicios a las personas,5,Trabajadores de los servicios y vendedores de comercios y mercados,1,126,550000,40,1,1,0,0,0,36,14,FALSE,0,TRUE
6330,Trabajadores agropecuarios de subsistencia,63,"Trabajadores agropecuarios, pescadores, cazadores y recolectores de subsistencia",633,Trabajadores agropecuarios de subsistencia,6,"Agricultores y trabajadores calificados agropecuarios, forestales y pesqueros",2,109,271070.6422018349,32.972477064220186,0,0,1,0,0.08256880733944955,61.58715596330275,6.165137614678899,FALSE,0,TRUE
7211,Moldeadores y macheros,72,"Operarios de la metalurgia y operarios de máquinas herramientas; mecánicos de vehículos, maquinarias, aviones y bicicletas",721,"Moldeadores, soldadores, chapistas, caldereros, montadores de estructuras metálicas, aparejadores y empalmadores de cables no eléctricos",7,Artesanos y operarios de oficios,1,83,404167,40,1,1,0,0,1,41,10,FALSE,0,TRUE
4131,Operadores de equipo de procesamiento de texto y mecanógrafos,41,Oficinistas,413,Operadores de equipo de oficina,4,Personal de apoyo administrativo,1,80,500000,40,1,1,0,0,1,35,12,FALSE,0,TRUE
4414,Escribientes públicos,44,Otro personal de apoyo administrativo,441,Otro personal de apoyo administrativo,4,Personal de apoyo administrativo,1,73,864167,40,1,1,0,0,1,33,17,FALSE,0,TRUE
7535,"Apelambradores, pellejeros y curtidores",75,"Operarios de procesamiento de alimentos, de la confección, ebanistas y otros oficios",753,"Sastres, modistos, patronistas de tela, costureros, tapiceros, apelambradores y zapateros",7,Artesanos y operarios de oficios,2,73,580228.2465753425,44.80821917808219,1,1,0,0,0,49.80821917808219,11.808219178082192,FALSE,0,TRUE
4413,Codificadores de datos y correctores de pruebas de imprenta,44,Otro personal de apoyo administrativo,441,Otro personal de apoyo administrativo,4,Personal de apoyo administrativo,2,66,625083,28.863636363636363,0.6818181818181818,0.6818181818181818,0.3181818181818182,0,1,60.31818181818182,12,FALSE,0,TRUE
6340,"Pescadores, cazadores, tramperos y recolectores de subsistencia",63,"Trabajadores agropecuarios, pescadores, cazadores y recolectores de subsistencia",634,"Pescadores, cazadores, tramperos y recolectores de subsistencia",6,"Agricultores y trabajadores calificados agropecuarios, forestales y pesqueros",1,66,500000,44,0,1,0,0,0,55,8,FALSE,0,TRUE
1341,"Directores, gerentes y administradores de servicios de cuidados infantiles",13,"Directores, gerentes y administradores de producción y operaciones",134,"Directores, gerentes y administradores de servicios de cuidados a personas, bienestar social, educación, servicios financieros y de otros servicios profesionales",1,"Directores, gerentes y administradores",1,31,253333,23,0,1,0,0,1,63,12,FALSE,0,TRUE
3216,Auxiliares paramédicos de anatomía patológica,32,Técnicos de la salud,321,"Técnicos y auxiliares paramédicos en imagenología, análisis de muestras médicas y de sangre, farmacéuticos y prótesis médicas y dentales",3,Técnicos y profesionales de nivel medio,1,19,1903333,72,1,1,0,0,0,64,15,FALSE,0,TRUE
3133,Controladores de instalaciones de procesamiento de productos químicos,31,Técnicos de las ciencias y la ingeniería,313,"Técnicos en control de procesos en instalaciones de producción de energía, agua, productos químicos, gas natural y metales",3,Técnicos y profesionales de nivel medio,1,11,900000,44,1,1,0,0,0,29,15,FALSE,0,TRUE
