idempresa_ficticio,pond_final,codigo_ciuo,nivel_educ,anios_exp,requiere_cert,contrato,vacantes_contratadas,dif1,dif2,dif3,dif4,dif5
220773433,2.83255681266876,2342,5,0,1,1,2,NA,NA,NA,NA,NA
341778823,3.78015522531299,5120,0,0,2,1,4,NA,NA,NA,NA,NA
220448856,2.2233740864553,5120,3,2,1,1,2,NA,NA,NA,NA,NA
891778823,3.78015522531299,5131,2,0,1,1,6,NA,NA,NA,NA,NA
33077127,28.7181252781852,1213,5,4,1,1,1,NA,NA,NA,NA,NA
770667756,3.01617970092595,9333,2,0,1,1,1,NA,NA,NA,NA,NA
561664401,4.67122427020826,9612,2,0,2,1,7,NA,NA,NA,NA,NA
682778801,10.0540792660816,5120,4,0,2,1,5,NA,NA,NA,NA,NA
440113433,2.83255681266876,2248,5,2,1,1,1,NA,NA,NA,NA,NA
100177886,17.8979195718987,5230,4,0,1,1,1,NA,NA,NA,NA,NA
660771233,6.0979201785786,3240,4,0,2,1,2,NA,NA,NA,NA,NA
990773356,1.99192662405012,8332,2,3,1,1,2,NA,NA,NA,NA,NA
462777723,2.2453250560792,9333,2,0,1,1,2,NA,NA,NA,NA,NA
220443433,2.83255681266876,2330,5,0,1,1,3,NA,NA,NA,NA,NA
220014356,1.20358634105105,9333,2,0,1,1,2,NA,NA,NA,NA,NA
671776656,3.84563853409296,9333,1,0,1,1,1,NA,NA,NA,NA,NA
330991211,7.3679960442521,3343,4,0,2,1,2,NA,NA,NA,NA,NA
44001446,23.8691645475402,3344,2,1,1,1,2,NA,NA,NA,NA,NA
22776656,3.84563853409296,5131,0,0,2,1,1,NA,NA,NA,NA,NA
550122123,2.25841296736366,9329,3,2,1,1,120,NA,NA,NA,NA,NA
330995501,17.8295127997664,7115,4,3,2,1,18,NA,NA,NA,NA,NA
660883356,1.20358634105105,7212,3,1,2,1,2,NA,NA,NA,NA,NA
781113301,11.2255998614226,7212,3,0,2,1,2,NA,NA,NA,NA,NA
88077994,3.8011582358127,2642,5,2,1,1,2,NA,NA,NA,NA,NA
33066349,10.8202217704964,2342,5,0,1,1,1,NA,NA,NA,NA,NA
220223411,11.6878087424019,5312,4,0,1,1,1,NA,NA,NA,NA,NA
77077559,61.8329989886565,3343,4,1,1,1,1,NA,NA,NA,NA,NA
22023217,1,9211,0,0,2,1,460,NA,NA,NA,NA,NA
34177776,14.7227422316396,5230,3,0,1,1,1,NA,NA,NA,NA,NA
880558801,10.0540792660816,7512,2,1,1,1,2,NA,NA,NA,NA,NA
220999901,4.09466738576137,3511,4,3,1,1,5,NA,NA,NA,NA,NA
990773433,2.83255681266876,4311,4,0,2,1,1,NA,NA,NA,NA,NA
100177889,10.7068218908321,5120,0,5,1,1,2,NA,NA,NA,NA,NA
77099666,27.0840741567653,4321,3,0,1,1,1,NA,NA,NA,NA,NA
88099334,2.50663922370614,8322,0,0,1,1,1,NA,NA,NA,NA,NA
660663345,6.47466010089871,8332,2,3,1,1,1,NA,NA,NA,NA,NA
220234323,2.33022290232641,9329,2,0,1,1,2,NA,NA,NA,NA,NA
34177778,8.6575183407399,8331,0,2,1,1,3,NA,NA,NA,NA,NA
19811346,36.5300984902799,5153,2,1,1,1,1,NA,NA,NA,NA,NA
67177669,21.6344070654774,5223,2,0,2,1,2,NA,NA,NA,NA,NA
12101766,17.6970292822405,5223,0,1,1,1,4,NA,NA,NA,NA,NA
57288666,27.0840741567653,1212,5,0,1,1,1,NA,NA,NA,NA,NA
8811345,11.4391350739138,9112,0,0,2,1,3,NA,NA,NA,NA,NA
66066886,17.8979195718987,5131,0,0,2,1,2,NA,NA,NA,NA,NA
880344444,1,4321,3,2,1,1,26,NA,NA,NA,NA,NA
220237601,1,9112,1,0,1,1,4,NA,NA,NA,NA,NA
550127623,2.74178775262076,2411,5,2,2,2,NA,8,NA,NA,NA,NA
330553477,5.34290126427455,2342,5,1,1,1,1,NA,NA,NA,NA,NA
330990177,2.48919632647864,4222,4,2,1,1,3,NA,NA,NA,NA,NA
22012217,1,9211,0,0,2,1,90,NA,NA,NA,NA,NA
33034877,1,9211,0,0,2,1,300,NA,NA,NA,NA,NA
23177556,45.3529257956236,3112,5,5,1,1,1,NA,NA,NA,NA,NA
22034877,1,9211,0,1,1,1,1290,NA,NA,NA,NA,NA
33034448,1,2341,5,0,1,1,9,NA,NA,NA,NA,NA
48411347,36.5300984902799,5153,0,0,1,1,1,NA,NA,NA,NA,NA
561668823,3.78015522531299,2432,5,5,1,1,1,NA,NA,NA,NA,NA
3366884,5.02331052128334,9412,2,0,1,1,1,NA,NA,NA,NA,NA
440772223,4.30328488150779,2114,5,0,1,1,4,NA,NA,NA,NA,NA
44034116,5.76167681945956,3343,4,0,1,1,1,NA,NA,NA,NA,NA
78177886,17.8979195718987,9112,0,0,2,1,2,NA,NA,NA,NA,NA
44066345,11.4391350739138,3611,3,0,1,1,2,NA,NA,NA,NA,NA
11551156,4.4086649204006,5419,2,1,1,1,2,NA,NA,NA,NA,NA
550556601,16.3994932203154,5245,2,0,1,1,2,NA,NA,NA,NA,NA
2277996,6.10920645087901,3122,6,2,1,1,1,NA,NA,NA,NA,NA
44044450,5.23370769244726,5411,2,3,1,1,1,NA,NA,NA,NA,NA
44012217,122.456175083365,9211,0,0,1,1,545,NA,NA,NA,NA,NA
660771277,4.75313536812027,7412,4,0,1,1,4,NA,NA,NA,NA,NA
44034446,1,3257,5,2,1,1,8,NA,NA,NA,NA,NA
46277889,10.7068218908321,4224,0,1,1,1,2,NA,NA,NA,NA,NA
88066996,6.10920645087901,2149,5,0,1,1,3,NA,NA,NA,NA,NA
44099886,11.6946957434009,5131,2,0,1,1,1,NA,NA,NA,NA,NA
550773477,5.34290126427455,3212,4,1,1,1,1,NA,NA,NA,NA,NA
45188663,4.52723425516123,4321,2,0,1,1,4,NA,NA,NA,NA,NA
682773301,11.2255998614226,5223,2,0,2,1,2,NA,NA,NA,NA,NA
330346501,1,9313,2,0,1,1,400,NA,NA,NA,NA,NA
14311347,23.8691645475402,2330,5,0,1,1,1,NA,NA,NA,NA,NA
33023228,1,3257,4,2,1,1,6,NA,NA,NA,NA,NA
35277889,10.7068218908321,9411,2,0,1,1,10,NA,NA,NA,NA,NA
770347601,10.4098104112287,2431,5,5,2,1,1,NA,NA,NA,NA,NA
143777701,6.0460592707409,4323,2,0,2,1,1,NA,NA,NA,NA,NA
57266336,12.7070854301968,7512,2,0,1,1,2,NA,NA,NA,NA,NA
68266336,12.7070854301968,7412,3,2,1,1,2,NA,NA,NA,NA,NA
440661266,4.65052397813388,7233,3,0,1,1,1,NA,NA,NA,NA,NA
66066669,21.6344070654774,5223,2,0,2,1,3,NA,NA,NA,NA,NA
990667745,3.4372448622224,4323,2,0,1,2,NA,7,12,NA,NA,NA
880553345,6.47466010089871,5120,2,1,2,1,5,NA,NA,NA,NA,NA
451665501,28.0884053340588,3123,3,0,1,1,1,NA,NA,NA,NA,NA
78166334,3.83623723147949,7114,0,0,2,1,2,NA,NA,NA,NA,NA
781887767,3.89141327964786,8332,1,4,1,1,10,NA,NA,NA,NA,NA
1166996,6.10920645087901,3343,4,2,1,1,1,NA,NA,NA,NA,NA
671663301,11.2255998614226,3122,5,2,2,1,1,NA,NA,NA,NA,NA
44066999,4.01755510457195,2511,5,2,2,1,2,NA,NA,NA,NA,NA
67177444,3.2825743931432,4110,4,2,1,2,NA,1,2,8,NA,NA
45177664,9.07687591121961,8322,0,0,1,1,4,NA,NA,NA,NA,NA
792771277,3.61505489574363,5414,3,0,1,1,70,NA,NA,NA,NA,NA
2266996,6.10920645087901,2656,0,3,2,1,2,NA,NA,NA,NA,NA
45166669,21.6344070654774,1420,2,3,1,1,1,NA,NA,NA,NA,NA
78177884,5.02331052128334,8322,2,0,1,1,1,NA,NA,NA,NA,NA
1111666,27.0840741567653,5223,2,0,1,1,1,NA,NA,NA,NA,NA
44023228,1,9112,0,0,1,1,13,NA,NA,NA,NA,NA
341997701,6.0460592707409,3152,2,0,1,1,3,NA,NA,NA,NA,NA
22012450,1,9613,0,0,2,1,1350,NA,NA,NA,NA,NA
35277020,4.61877666218048,3332,5,1,2,1,1,NA,NA,NA,NA,NA
770996623,4.31938026576803,9333,2,2,1,1,1,NA,NA,NA,NA,NA
101277668,13.778107439158,5245,0,0,2,1,5,NA,NA,NA,NA,NA
22012877,1,9211,0,0,1,1,800,NA,NA,NA,NA,NA
440127623,2.74178775262076,9333,2,0,1,1,4,NA,NA,NA,NA,NA
561779901,4.09466738576137,3511,3,3,2,1,1,NA,NA,NA,NA,NA
33012217,1,9211,1,0,1,1,800,NA,NA,NA,NA,NA
12177336,12.7070854301968,3113,4,2,1,1,2,NA,NA,NA,NA,NA
33088886,17.8979195718987,5131,2,2,2,1,1,NA,NA,NA,NA,NA
22023228,1,3322,2,2,1,1,18,NA,NA,NA,NA,NA
55088773,3.35156194954141,8332,2,0,1,1,6,NA,NA,NA,NA,NA
1001558867,2.91343494114822,5222,0,1,1,1,1,NA,NA,NA,NA,NA
330347667,1,2411,2,0,1,1,5,NA,NA,NA,NA,NA
24277886,17.8979195718987,5131,3,0,1,1,4,NA,NA,NA,NA,NA
330661211,17.4343211498199,2411,5,1,1,1,1,NA,NA,NA,NA,NA
33034323,1,7233,3,3,2,1,1,NA,NA,NA,NA,NA
11991101,17.95461190615,8350,0,0,1,1,2,NA,NA,NA,NA,NA
77077886,17.8979195718987,9412,3,1,1,1,5,NA,NA,NA,NA,NA
330016567,13.3436866244682,7115,0,0,2,1,5,NA,NA,NA,NA,NA
56144886,17.8979195718987,2355,5,0,1,1,2,NA,NA,NA,NA,NA
99088886,11.6946957434009,5120,3,1,1,1,2,NA,NA,NA,NA,NA
22099351,14.2133793129833,1345,5,5,1,1,4,NA,NA,NA,NA,NA
55066336,12.7070854301968,8160,0,0,1,1,2,NA,NA,NA,NA,NA
11776623,4.31938026576803,5246,2,0,2,1,3,NA,NA,NA,NA,NA
11881101,28.2854849989094,6121,0,0,1,1,3,NA,NA,NA,NA,NA
220998801,6.38196910193067,9412,2,2,1,1,12,NA,NA,NA,NA,NA
121660111,4.46708996366323,3334,5,2,2,1,3,NA,NA,NA,NA,NA
34166886,17.8979195718987,5131,3,1,1,1,1,NA,NA,NA,NA,NA
24244996,6.10920645087901,1330,5,1,1,2,NA,5,6,9,NA,NA
1155346,36.5300984902798,5414,2,1,1,1,3,NA,NA,NA,NA,NA
462776601,16.3994932203154,3511,3,0,1,1,1,NA,NA,NA,NA,NA
89111346,36.5300984902798,9112,2,0,1,1,1,NA,NA,NA,NA,NA
22034228,1,7233,4,1,1,1,489,NA,NA,NA,NA,NA
770771167,22.5720086639088,2243,4,0,1,1,1,NA,NA,NA,NA,NA
781663301,11.2255998614226,7512,2,0,2,1,2,NA,NA,NA,NA,NA
44001226,14.0061915420058,2243,4,0,1,1,1,NA,NA,NA,NA,NA
80377886,17.8979195718987,2432,4,0,2,1,2,NA,NA,NA,NA,NA
440882201,4.44878501924596,3113,4,1,1,1,2,NA,NA,NA,NA,NA
660779967,2.24515747094152,2431,5,2,1,1,2,NA,NA,NA,NA,NA
880012145,6.42362962852544,3152,0,2,1,1,10,NA,NA,NA,NA,NA
550994401,4.67122427020826,9333,1,0,2,1,5,NA,NA,NA,NA,NA
34166350,23.6519287699075,4416,5,0,1,1,2,NA,NA,NA,NA,NA
330448801,10.0540792660816,5120,0,0,2,1,4,NA,NA,NA,NA,NA
451773345,6.47466010089871,7512,2,2,2,1,1,NA,NA,NA,NA,NA
440668801,10.0540792660816,9412,2,0,2,1,1,NA,NA,NA,NA,NA
352778823,3.78015522531298,5131,0,1,2,1,4,NA,NA,NA,NA,NA
880127623,1.82543251545691,9333,2,0,1,1,12,NA,NA,NA,NA,NA
77099996,6.10920645087901,2153,5,0,1,1,1,NA,NA,NA,NA,NA
22777723,3.5372587568796,8322,2,3,1,1,2,NA,NA,NA,NA,NA
220998823,2.39950702694744,5131,0,0,2,1,12,NA,NA,NA,NA,NA
220668867,2.91343494114822,5131,1,0,2,1,2,NA,NA,NA,NA,NA
550886601,16.3994932203154,5230,0,0,2,1,1,NA,NA,NA,NA,NA
45166774,3.74780012609433,9333,2,0,2,1,1,NA,NA,NA,NA,NA
66044884,5.02331052128334,3221,4,0,1,1,1,NA,NA,NA,NA,NA
341778801,10.0540792660816,9412,0,0,1,1,4,NA,NA,NA,NA,NA
35211345,11.4391350739138,2330,5,0,1,1,5,NA,NA,NA,NA,NA
22034448,1,3221,4,1,1,1,52,NA,NA,NA,NA,NA
990778867,2.91343494114822,5131,0,0,2,1,1,NA,NA,NA,NA,NA
231886667,5.64116086302935,9321,0,0,1,1,2,NA,NA,NA,NA,NA
231773367,3.62996180403925,4120,4,0,2,1,1,NA,NA,NA,NA,NA
1001661277,2.13208184990742,9211,0,0,2,1,70,NA,NA,NA,NA,NA
561445567,17.5445050393423,7131,0,3,1,1,35,NA,NA,NA,NA,NA
363668801,10.0540792660816,3421,0,2,1,1,3,NA,NA,NA,NA,NA
121663323,3.67100582805091,5222,4,2,2,1,1,NA,NA,NA,NA,NA
79277889,10.7068218908321,9411,0,0,1,1,1,NA,NA,NA,NA,NA
22012228,1,9211,0,1,1,1,1970,NA,NA,NA,NA,NA
33034228,1,9211,0,0,2,1,900,NA,NA,NA,NA,NA
33099347,23.8691645475402,1345,5,1,1,1,1,NA,NA,NA,NA,NA
891661211,17.4343211498199,5414,2,0,1,1,1,NA,NA,NA,NA,NA
770883433,2.83255681266876,9112,2,0,2,1,1,NA,NA,NA,NA,NA
11778823,3.78015522531299,5131,2,1,2,1,7,NA,NA,NA,NA,NA
440553411,11.6878087424019,5165,5,2,1,1,1,NA,NA,NA,NA,NA
12188996,6.10920645087901,2512,4,0,1,1,1,NA,NA,NA,NA,NA
341665567,17.5445050393423,9313,0,0,2,1,10,NA,NA,NA,NA,NA
33012228,1,1212,4,2,1,1,6,NA,NA,NA,NA,NA
34101768,6.18035265608701,9321,0,0,1,1,250,NA,NA,NA,NA,NA
220554445,2.9413692206434,1212,3,0,2,1,1,NA,NA,NA,NA,NA
23111344,5.03215123785774,2246,5,0,1,1,1,NA,NA,NA,NA,NA
35288669,21.6344070654774,5223,2,1,2,1,2,NA,NA,NA,NA,NA
11771277,4.75313536812026,2230,5,0,1,1,2,NA,NA,NA,NA,NA
990888801,6.38196910193067,5131,3,1,2,1,2,NA,NA,NA,NA,NA
99077125,15.9827479174487,3123,5,4,1,1,1,NA,NA,NA,NA,NA
44034436,1,2431,5,4,1,2,NA,4,NA,NA,NA,NA
440883477,5.34290126427455,2221,5,0,1,1,1,NA,NA,NA,NA,NA
1166886,17.8979195718987,9412,2,1,1,1,1,NA,NA,NA,NA,NA
56166334,3.83623723147949,7512,0,0,2,2,NA,1,2,NA,NA,NA
770773477,5.34290126427455,5142,5,0,1,1,1,NA,NA,NA,NA,NA
33023876,7.18046689059344,3115,4,3,1,1,1,NA,NA,NA,NA,NA
36366886,17.8979195718987,5131,3,1,1,1,5,NA,NA,NA,NA,NA
44099118,42.867581772155,6112,0,0,2,1,6,NA,NA,NA,NA,NA
572668823,3.78015522531298,4226,2,0,1,1,1,NA,NA,NA,NA,NA
880887723,3.5372587568796,9333,2,0,1,1,5,NA,NA,NA,NA,NA
44012228,1,5414,2,0,1,1,276,NA,NA,NA,NA,NA
330883411,7.41900200796358,2330,5,3,2,1,1,NA,NA,NA,NA,NA
220559901,4.09466738576137,2431,2,1,2,2,NA,5,NA,NA,NA,NA
56188127,14.0061915420058,5414,2,1,1,1,178,NA,NA,NA,NA,NA
550777701,9.52489085806872,8343,0,0,1,1,1,NA,NA,NA,NA,NA
77066346,36.5300984902798,3221,4,1,1,1,3,NA,NA,NA,NA,NA
2277886,17.8979195718987,9412,1,0,1,1,1,NA,NA,NA,NA,NA
33099127,18.7647360968455,3111,5,0,1,1,4,NA,NA,NA,NA,NA
77055999,4.01755510457195,1211,5,3,2,1,1,NA,NA,NA,NA,NA
77099015,4.61789358648057,9112,2,0,2,1,1,NA,NA,NA,NA,NA
220232233,6.0979201785786,1211,5,10,2,2,NA,1,5,9,NA,NA
231776623,4.31938026576803,7125,3,1,1,1,1,NA,NA,NA,NA,NA
1177558,32.4237494882581,7212,1,1,1,1,1,NA,NA,NA,NA,NA
891663367,3.62996180403925,7212,0,2,1,1,7,NA,NA,NA,NA,NA
231668801,10.0540792660816,5132,0,1,2,1,1,NA,NA,NA,NA,NA
220012167,22.5720086639088,9333,2,0,1,1,3,NA,NA,NA,NA,NA
57255886,17.8979195718987,5131,3,1,1,1,1,NA,NA,NA,NA,NA
35266888,6.13896215578772,9112,0,0,2,1,1,NA,NA,NA,NA,NA
880881101,28.2854849989094,9212,2,0,1,1,1,NA,NA,NA,NA,NA
550778823,3.78015522531299,5131,0,0,2,1,8,NA,NA,NA,NA,NA
22558867,2.91343494114822,7421,2,0,1,2,NA,8,NA,NA,NA,NA
99001118,4.99016341597904,9211,0,0,1,1,15,NA,NA,NA,NA,NA
6601112654,28.7181252781852,4323,0,0,1,1,1,NA,NA,NA,NA,NA
12155777,7.32795606064763,8332,2,2,1,1,1,NA,NA,NA,NA,NA
55001763,4.52723425516123,5245,2,0,1,1,5,NA,NA,NA,NA,NA
1045778834,87.5598207598285,3434,4,2,1,1,2,NA,NA,NA,NA,NA
330995556,6.86700426264657,7413,3,0,2,1,7,NA,NA,NA,NA,NA
660667701,9.52489085806869,8331,2,3,1,1,8,NA,NA,NA,NA,NA
66088994,2.48371822556113,7422,0,0,1,1,20,NA,NA,NA,NA,NA
880017667,2.53041745226572,9211,0,0,2,1,1190,NA,NA,NA,NA,NA
3307755883,47.0278391841496,3323,4,2,2,2,NA,6,NA,NA,NA,NA
99077883,3.39768883088714,5131,2,0,2,1,2,NA,NA,NA,NA,NA
330446667,5.64116086302934,5245,2,0,1,1,13,NA,NA,NA,NA,NA
22099344,3.04058815363088,2330,5,2,1,1,6,NA,NA,NA,NA,NA
62711342,5.87252737258939,9112,0,0,1,1,1,NA,NA,NA,NA,NA
55033888,6.13896215578772,9333,3,1,1,1,1,NA,NA,NA,NA,NA
8807711552,16.0265049012021,9211,3,NA,1,2,NA,1,NA,NA,NA,NA
12166015,4.61789358648057,2432,3,0,2,1,1,NA,NA,NA,NA,NA
34166021,5.35480683456073,4226,3,2,2,1,1,NA,NA,NA,NA,NA
55066117,122.456175083365,9211,0,0,2,1,5,NA,NA,NA,NA,NA
78188668,13.778107439158,5223,2,0,2,1,1,NA,NA,NA,NA,NA
341665556,6.86700426264657,9112,2,1,1,1,6,NA,NA,NA,NA,NA
99099339,12.7787618657435,3113,4,0,2,1,1,NA,NA,NA,NA,NA
34166667,11.4287913093968,5223,2,2,1,1,1,NA,NA,NA,NA,NA
46277559,47.0278391841496,3323,4,0,2,1,2,NA,NA,NA,NA,NA
22055349,10.8202217704964,3611,4,2,1,1,1,NA,NA,NA,NA,NA
57277778,8.65751834073991,9211,0,0,2,1,300,NA,NA,NA,NA,NA
77055778,8.6575183407399,8332,2,2,1,1,7,NA,NA,NA,NA,NA
33992234,17.3400989258152,2114,5,5,2,1,6,NA,NA,NA,NA,NA
451996601,10.4098104112287,5223,3,0,2,1,10,NA,NA,NA,NA,NA
67188668,13.778107439158,5223,2,0,2,1,1,NA,NA,NA,NA,NA
220236534,992.222479418101,7115,0,0,2,1,200,NA,NA,NA,NA,NA
330887712,2.50707465236255,8332,2,0,1,1,2,NA,NA,NA,NA,NA
440779967,2.24515747094152,4222,2,2,1,1,5,NA,NA,NA,NA,NA
55088332,6.91655838195872,3343,5,3,1,1,1,NA,NA,NA,NA,NA
33001443,4.6676082994262,2330,5,0,1,1,1,NA,NA,NA,NA,NA
770555512,6.00511406216661,7422,3,0,1,1,1,NA,NA,NA,NA,NA
88034322,1.5439389655706,5222,5,4,2,1,3,NA,NA,NA,NA,NA
67177334,3.83623723147949,4321,2,3,2,1,1,NA,NA,NA,NA,NA
66088887,5.57879253831152,9412,0,1,1,1,3,NA,NA,NA,NA,NA
49511344,3.04058815363088,4110,2,0,2,1,1,NA,NA,NA,NA,NA
121663466,3.92919633519165,5414,2,0,1,1,4,NA,NA,NA,NA,NA
770881112,3.0712920891139,6121,0,0,2,1,8,NA,NA,NA,NA,NA
44066128,14.3633132974849,3142,2,0,2,1,3,NA,NA,NA,NA,NA
33001767,11.4287913093968,5245,2,0,1,1,2,NA,NA,NA,NA,NA
45166779,14.1136507463825,8322,2,4,1,1,2,NA,NA,NA,NA,NA
330016512,1,9313,0,0,2,1,30,NA,NA,NA,NA,NA
3309955552,29.634096081514,9112,0,0,1,1,3,NA,NA,NA,NA,NA
67177887,5.57879253831152,5230,2,1,1,1,1,NA,NA,NA,NA,NA
66099777,7.32795606064763,8332,2,NA,1,1,3,NA,NA,NA,NA,NA
33023654,1,7114,2,2,2,1,90,NA,NA,NA,NA,NA
22012438,8.08177884659016,3313,3,0,2,1,1,NA,NA,NA,NA,NA
33012224,3.05701011041347,7212,4,3,1,1,5,NA,NA,NA,NA,NA
36311346,23.8691645475402,2330,5,0,1,1,2,NA,NA,NA,NA,NA
891778801,10.0540792660816,9412,0,0,1,1,1,NA,NA,NA,NA,NA
440771112,4.83847753256889,6121,0,5,2,1,2,NA,NA,NA,NA,NA
77113411,11.6878087424019,9112,0,0,1,1,1,NA,NA,NA,NA,NA
4409911554,10.4718929983324,7541,0,2,1,1,16,NA,NA,NA,NA,NA
34177126,28.7181252781852,8343,3,0,1,1,1,NA,NA,NA,NA,NA
220337723,3.5372587568796,3151,2,3,1,1,24,NA,NA,NA,NA,NA
330998845,1.43698803383698,5246,0,0,1,1,50,NA,NA,NA,NA,NA
561777723,3.5372587568796,4323,4,NA,1,1,1,NA,NA,NA,NA,NA
78177881,4.15580958287232,5230,2,0,1,1,1,NA,NA,NA,NA,NA
45177020,4.61877666218048,3334,3,0,2,1,3,NA,NA,NA,NA,NA
330883466,2.37414721167236,2330,5,0,1,1,3,NA,NA,NA,NA,NA
44044777,7.32795606064763,9629,2,0,1,1,3,NA,NA,NA,NA,NA
33066013,3.67872007090204,2611,7,6,1,1,1,NA,NA,NA,NA,NA
89111342,5.8725273725894,2246,5,1,1,1,2,NA,NA,NA,NA,NA
88055888,6.13896215578772,5230,2,0,2,1,5,NA,NA,NA,NA,NA
33044556,45.3529257956236,7115,0,6,2,2,NA,6,7,8,NA,NA
2207713093,15.0211478886385,8342,2,2,1,1,6,NA,NA,NA,NA,NA
14377776,14.7227422316396,8331,2,2,1,1,10,NA,NA,NA,NA,NA
22077663,4.52723425516123,3322,2,0,1,1,1,NA,NA,NA,NA,NA
78177889,10.7068218908321,9412,2,1,2,1,1,NA,NA,NA,NA,NA
33099339,16.8017324042207,4321,1,0,1,2,NA,2,7,NA,NA,NA
46277667,11.4287913093968,9329,0,0,1,1,2,NA,NA,NA,NA,NA
22099777,7.32795606064763,8332,2,1,1,1,5,NA,NA,NA,NA,NA
352113455,5.73021563945187,2330,5,0,1,1,1,NA,NA,NA,NA,NA
88055124,6.8876173488553,9112,2,0,1,1,12,NA,NA,NA,NA,NA
47377339,16.8017324042206,7212,2,2,2,1,2,NA,NA,NA,NA,NA
352775534,2703.96197895723,3313,4,5,2,1,1,NA,NA,NA,NA,NA
341665523,8.07699680921146,8342,0,1,1,1,14,NA,NA,NA,NA,NA
24211342,5.8725273725894,2352,5,1,1,1,2,NA,NA,NA,NA,NA
473884434,31.552922067661,9333,2,2,2,1,3,NA,NA,NA,NA,NA
33066351,22.3915910543013,2341,5,0,1,1,1,NA,NA,NA,NA,NA
220345467,1,7413,2,2,1,1,7,NA,NA,NA,NA,NA
101266884,5.02331052128334,3434,2,0,2,1,2,NA,NA,NA,NA,NA
88088888,4.66906230883171,9112,3,0,1,1,2,NA,NA,NA,NA,NA
44088350,17.9887620005335,2352,5,0,1,1,1,NA,NA,NA,NA,NA
88001876,9.62000025845905,8332,2,10,1,1,3,NA,NA,NA,NA,NA
3366888,6.13896215578772,4224,4,1,2,1,3,NA,NA,NA,NA,NA
660345401,2.96512571382148,2151,3,1,2,1,1,NA,NA,NA,NA,NA
22077230,6.46516832596426,1322,5,15,1,1,1,NA,NA,NA,NA,NA
1166342,5.8725273725894,3611,4,0,1,1,2,NA,NA,NA,NA,NA
440881156,4.4086649204006,8350,0,2,1,1,1,NA,NA,NA,NA,NA
550777745,3.4372448622224,8332,2,5,1,1,1,NA,NA,NA,NA,NA
24277337,8.04017439763438,7511,0,0,1,1,2,NA,NA,NA,NA,NA
275113444,78.1126783014563,2330,5,2,1,1,5,NA,NA,NA,NA,NA
550663411,11.6878087424019,2342,5,1,1,1,4,NA,NA,NA,NA,NA
34177114,17.8787440435157,9211,0,0,1,1,3,NA,NA,NA,NA,NA
440881222,1.80350219121457,9611,0,0,1,1,3,NA,NA,NA,NA,NA
56199771,3.13217582716262,8332,2,2,1,1,1,NA,NA,NA,NA,NA
100155777,7.32795606064763,8331,2,2,1,1,6,NA,NA,NA,NA,NA
660883411,11.6878087424019,9112,2,0,2,1,2,NA,NA,NA,NA,NA
22088997,3.90278568342011,5243,2,1,1,1,1,NA,NA,NA,NA,NA
242113411,11.6878087424019,2352,5,0,1,1,3,NA,NA,NA,NA,NA
77088670,19.8102936720593,7233,2,2,1,1,1,NA,NA,NA,NA,NA
22034224,1,8342,3,5,1,1,55,NA,NA,NA,NA,NA
35266334,3.83623723147949,2144,5,3,2,1,1,NA,NA,NA,NA,NA
99001115,3.01738200645872,3334,0,1,1,1,6,NA,NA,NA,NA,NA
78112116,11.8136722761082,3334,4,1,1,1,2,NA,NA,NA,NA,NA
880661112,4.83847753256889,3322,3,2,1,1,3,NA,NA,NA,NA,NA
440888856,1.343434366103,5132,2,0,1,1,1,NA,NA,NA,NA,NA
88077447,5.76130055397437,8332,2,3,1,1,3,NA,NA,NA,NA,NA
242125434,31.552922067661,7119,2,0,1,1,2,NA,NA,NA,NA,NA
77011344,5.03215123785774,3612,3,2,1,1,1,NA,NA,NA,NA,NA
44011345,11.4391350739138,2342,5,0,1,1,2,NA,NA,NA,NA,NA
23177444,3.2825743931432,8332,2,2,1,1,4,NA,NA,NA,NA,NA
33099351,14.2133793129833,2330,5,0,1,1,7,NA,NA,NA,NA,NA
660129834,32.130193814791,5131,4,3,1,1,20,NA,NA,NA,NA,NA
11887723,2.2453250560792,4323,4,0,1,1,1,NA,NA,NA,NA,NA
13277667,11.4287913093968,4321,2,1,1,1,1,NA,NA,NA,NA,NA
22001764,9.07687591121961,5245,0,0,2,1,1,NA,NA,NA,NA,NA
440333455,5.73021563945188,3343,3,5,1,1,2,NA,NA,NA,NA,NA
231771233,6.0979201785786,8332,3,0,1,1,4,NA,NA,NA,NA,NA
22077229,6.77479815454606,8332,2,3,1,1,1,NA,NA,NA,NA,NA
88779934,83.8018215905455,2153,5,4,1,1,1,NA,NA,NA,NA,NA
451775556,11.3648420156433,8342,2,1,1,1,40,NA,NA,NA,NA,NA
330011111,4.46708996366324,3122,4,1,2,1,1,NA,NA,NA,NA,NA
440443345,6.47466010089871,7233,3,2,1,1,8,NA,NA,NA,NA,NA
48477551,11.6662189464636,7126,2,4,1,1,6,NA,NA,NA,NA,NA
4406612652,28.7181252781852,3331,3,0,1,1,1,NA,NA,NA,NA,NA
671771277,4.75313536812026,8343,3,2,1,1,1,NA,NA,NA,NA,NA
330122101,1,7511,0,0,1,1,700,NA,NA,NA,NA,NA
1001993334,231.669315520792,7233,3,0,1,1,10,NA,NA,NA,NA,NA
55001222,4.69218979973436,8332,2,2,1,1,5,NA,NA,NA,NA,NA
77088343,7.72485772324824,9112,0,0,1,1,2,NA,NA,NA,NA,NA
781113411,11.6878087424019,2330,5,2,1,1,7,NA,NA,NA,NA,NA
100177890,12.8797783942311,5131,0,1,2,1,7,NA,NA,NA,NA,NA
77099663,4.52723425516123,3343,4,3,NA,2,NA,2,3,5,6,8
22001329,6.77479815454606,2512,5,2,1,1,1,NA,NA,NA,NA,NA
33077021,5.35480683456073,3322,3,0,1,1,1,NA,NA,NA,NA,NA
1199224,3.24867467744887,8113,0,0,1,1,3,NA,NA,NA,NA,NA
33099128,14.3633132974849,8342,2,2,1,1,24,NA,NA,NA,NA,NA
30811347,36.5300984902799,9112,2,0,1,1,1,NA,NA,NA,NA,NA
66088772,9.00362602625772,5223,4,4,1,1,1,NA,NA,NA,NA,NA
77044349,10.8202217704964,4110,2,0,2,1,1,NA,NA,NA,NA,NA
220014345,6.47466010089871,7213,3,5,2,1,7,NA,NA,NA,NA,NA
66001876,9.62000025845905,8332,2,3,1,1,12,NA,NA,NA,NA,NA
66088119,26.9298226643207,9215,1,0,2,1,7,NA,NA,NA,NA,NA
2288778,3.88344456657712,9211,0,0,2,1,143,NA,NA,NA,NA,NA
77077780,7.86632675576514,8332,2,5,1,1,1,NA,NA,NA,NA,NA
55771244,139.430435247979,5242,3,0,2,1,10,NA,NA,NA,NA,NA
101277339,16.8017324042206,9112,0,0,2,1,1,NA,NA,NA,NA,NA
33088780,7.86632675576514,8343,3,2,1,1,1,NA,NA,NA,NA,NA
33055347,36.5300984902798,2342,5,1,1,1,2,NA,NA,NA,NA,NA
880443345,6.47466010089871,9329,0,0,1,1,2,NA,NA,NA,NA,NA
99099331,4.18840552816858,8153,0,2,1,1,6,NA,NA,NA,NA,NA
56188130,12.7061325146884,9112,0,0,1,1,48,NA,NA,NA,NA,NA
792771211,11.0666820846193,9112,0,0,2,1,3,NA,NA,NA,NA,NA
550775567,17.5445050393423,2243,5,5,1,1,1,NA,NA,NA,NA,NA
22088554,34.6636746080955,3123,3,6,1,1,2,NA,NA,NA,NA,NA
880448856,2.2233740864553,5131,2,0,1,1,2,NA,NA,NA,NA,NA
35277332,6.91655838195872,7512,0,2,2,1,1,NA,NA,NA,NA,NA
66088667,11.4287913093968,4321,2,0,1,1,2,NA,NA,NA,NA,NA
33099778,8.6575183407399,6113,0,0,2,1,1,NA,NA,NA,NA,NA
44012874,2.4488534550445,8332,1,1,1,1,30,NA,NA,NA,NA,NA
101277127,18.7647360968455,5151,5,1,1,2,NA,12,NA,NA,NA,NA
220776645,5.11925815814655,5230,2,0,1,1,1,NA,NA,NA,NA,NA
77055553,11.8911116421776,7115,0,0,2,1,10,NA,NA,NA,NA,NA
660888801,10.0540792660816,4224,3,2,2,1,1,NA,NA,NA,NA,NA
47366886,17.8979195718987,9412,2,1,1,1,1,NA,NA,NA,NA,NA
660778823,3.78015522531299,9412,0,1,1,1,1,NA,NA,NA,NA,NA
66066999,4.01755510457195,3339,5,0,1,1,1,NA,NA,NA,NA,NA
440118845,3.40023402834294,5131,0,1,1,1,3,NA,NA,NA,NA,NA
88088119,26.9298226643207,6210,0,10,1,1,4,NA,NA,NA,NA,NA
220883301,11.2255998614226,8342,0,0,1,1,4,NA,NA,NA,NA,NA
66077887,5.57879253831152,9412,1,0,1,1,3,NA,NA,NA,NA,NA
121775556,11.3648420156433,9313,0,1,1,1,9,NA,NA,NA,NA,NA
231668834,87.5598207598285,5131,2,0,2,1,3,NA,NA,NA,NA,NA
33055666,27.0840741567653,5223,2,1,1,1,1,NA,NA,NA,NA,NA
220773422,3.92156216748668,1345,5,10,2,1,1,NA,NA,NA,NA,NA
33055129,16.3994608559366,3112,4,0,2,1,1,NA,NA,NA,NA,NA
34188663,4.52723425516123,9329,1,0,1,1,16,NA,NA,NA,NA,NA
440111255,5.81496886942004,2230,5,0,2,1,1,NA,NA,NA,NA,NA
88044129,16.3994608559366,5414,1,0,1,1,13,NA,NA,NA,NA,NA
2201287014,6.0460592707409,4110,3,0,2,1,5,NA,NA,NA,NA,NA
22077332,6.91655838195872,7212,3,2,1,1,2,NA,NA,NA,NA,NA
451888834,87.5598207598285,9412,0,0,2,1,1,NA,NA,NA,NA,NA
33034440,5.54013214292018,3139,0,2,2,1,15,NA,NA,NA,NA,NA
440773466,3.92919633519165,3251,4,1,1,1,2,NA,NA,NA,NA,NA
671771266,2.80999664908918,7212,4,1,1,1,2,NA,NA,NA,NA,NA
33001223,10.2726765337983,2142,5,3,2,1,2,NA,NA,NA,NA,NA
7701134654,36.5300984902798,2341,5,0,1,1,2,NA,NA,NA,NA,NA
792888834,26.4210870002648,5131,1,1,2,1,3,NA,NA,NA,NA,NA
4407701654,11.8136722761082,4312,5,0,1,1,2,NA,NA,NA,NA,NA
44077446,4.57494421535132,4120,0,0,1,1,1,NA,NA,NA,NA,NA
77088667,11.4287913093968,5223,5,0,2,1,1,NA,NA,NA,NA,NA
24266887,5.57879253831152,5131,2,1,1,1,2,NA,NA,NA,NA,NA
352776667,5.64116086302934,4226,3,0,2,1,1,NA,NA,NA,NA,NA
45155884,5.02331052128334,3434,5,1,1,1,1,NA,NA,NA,NA,NA
440883367,3.62996180403925,4321,5,0,2,1,1,NA,NA,NA,NA,NA
880888801,6.38196910193067,5246,2,0,1,1,5,NA,NA,NA,NA,NA
143770144,153.635728563717,2411,4,2,1,1,3,NA,NA,NA,NA,NA
220348723,1.49489666412702,4221,4,1,1,1,12,NA,NA,NA,NA,NA
121774401,4.67122427020826,9333,0,0,1,1,2,NA,NA,NA,NA,NA
220772212,2.37085399095875,8342,2,0,1,1,2,NA,NA,NA,NA,NA
99066334,3.83623723147949,7512,4,2,2,1,1,NA,NA,NA,NA,NA
606213444,258.86641647549,5153,2,1,1,2,NA,1,NA,NA,NA,NA
330234334,69.9059807061057,1321,5,10,2,1,1,NA,NA,NA,NA,NA
770012244,169.558766002071,4120,2,0,2,1,4,NA,NA,NA,NA,NA
55099333,2.43989173232533,7212,3,2,1,1,1,NA,NA,NA,NA,NA
66077118,56.3630221236528,9211,0,0,2,1,1,NA,NA,NA,NA,NA
330883312,2.0096822241167,5246,0,0,2,1,2,NA,NA,NA,NA,NA
55001767,11.4287913093968,7231,2,1,1,1,1,NA,NA,NA,NA,NA
24277777,7.32795606064763,8332,2,1,1,1,5,NA,NA,NA,NA,NA
66012874,1.82784934318484,8331,2,5,1,1,16,NA,NA,NA,NA,NA
902888834,26.4210870002648,8321,2,0,1,1,1,NA,NA,NA,NA,NA
46266884,5.02331052128334,9412,3,0,1,1,1,NA,NA,NA,NA,NA
231116667,4.29045348305249,7543,4,5,1,1,1,NA,NA,NA,NA,NA
55011338,8.08177884659016,5223,0,0,2,1,1,NA,NA,NA,NA,NA
35288772,5.44028137095823,5223,4,2,1,1,1,NA,NA,NA,NA,NA
88055884,5.02331052128334,4224,4,1,1,1,3,NA,NA,NA,NA,NA
34155887,5.57879253831152,5120,0,0,2,1,1,NA,NA,NA,NA,NA
45177886,17.8979195718987,5131,2,2,1,1,1,NA,NA,NA,NA,NA
33066667,11.4287913093968,2230,5,2,1,1,2,NA,NA,NA,NA,NA
990773323,3.67100582805091,8142,0,0,2,1,3,NA,NA,NA,NA,NA
55055554,34.6636746080955,7411,3,0,2,2,NA,1,NA,NA,NA,NA
770127601,10.4098104112287,2433,4,2,1,1,6,NA,NA,NA,NA,NA
1188337,8.04017439763437,9211,0,1,1,1,22,NA,NA,NA,NA,NA
231779901,4.09466738576137,5244,5,0,2,1,3,NA,NA,NA,NA,NA
88012121,3.39903942077162,3322,3,0,1,1,8,NA,NA,NA,NA,NA
55099560,32.5780408929994,7131,0,0,2,1,2,NA,NA,NA,NA,NA
11773312,2.0096822241167,5230,0,0,2,1,2,NA,NA,NA,NA,NA
99011350,23.6519287699075,3611,3,0,1,2,NA,1,2,6,7,NA
660225545,10.6466910555505,2411,5,0,1,1,1,NA,NA,NA,NA,NA
770771112,4.83847753256889,3151,2,1,1,1,10,NA,NA,NA,NA,NA
34155889,10.7068218908321,5131,0,0,1,1,3,NA,NA,NA,NA,NA
22001983,1.50803515671311,9412,2,0,1,1,8,NA,NA,NA,NA,NA
11235434,38.3709232495538,7411,3,0,1,1,72,NA,NA,NA,NA,NA
55099118,42.867581772155,8341,0,1,1,1,5,NA,NA,NA,NA,NA
66066444,3.2825743931432,9333,0,0,2,1,2,NA,NA,NA,NA,NA
66066998,3.22251567262593,7422,3,0,1,1,1,NA,NA,NA,NA,NA
66088888,4.66906230883171,5246,2,0,1,1,10,NA,NA,NA,NA,NA
2207712654,28.7181252781852,7411,4,1,1,1,1,NA,NA,NA,NA,NA
66001877,5.57336607968624,8332,2,0,1,1,8,NA,NA,NA,NA,NA
66077345,7.47445554885214,2352,5,0,1,1,3,NA,NA,NA,NA,NA
440999945,1.99406078025323,4132,3,0,2,1,1,NA,NA,NA,NA,NA
561778823,3.78015522531299,9112,0,0,2,1,3,NA,NA,NA,NA,NA
55066889,10.7068218908321,1412,3,0,1,1,1,NA,NA,NA,NA,NA
33066124,6.8876173488553,2221,5,0,1,1,1,NA,NA,NA,NA,NA
330553455,5.73021563945187,2341,5,0,1,1,8,NA,NA,NA,NA,NA
55055350,23.6519287699075,3221,4,2,1,1,5,NA,NA,NA,NA,NA
22012768,13.778107439158,5245,0,0,2,1,5,NA,NA,NA,NA,NA
660886667,5.64116086302934,4321,0,0,2,1,2,NA,NA,NA,NA,NA
440125445,1.86707573977902,2421,5,0,1,1,1,NA,NA,NA,NA,NA
990881167,17.1674156335887,8342,2,3,1,1,2,NA,NA,NA,NA,NA
77099343,7.72485772324824,3221,4,2,2,1,2,NA,NA,NA,NA,NA
660881167,22.5720086639088,9211,0,0,1,1,20,NA,NA,NA,NA,NA
33099333,4.03800303779987,7223,3,5,1,2,NA,1,8,NA,NA,NA
12166131,15.0211478886385,8322,2,0,1,1,1,NA,NA,NA,NA,NA
12177339,16.8017324042206,7512,3,0,2,1,1,NA,NA,NA,NA,NA
473779934,83.8018215905455,2511,5,10,2,1,1,NA,NA,NA,NA,NA
891775523,5.12698803227856,9313,0,0,2,1,5,NA,NA,NA,NA,NA
550997712,1.59140111631994,8350,2,0,1,1,6,NA,NA,NA,NA,NA
1155888,6.13896215578772,5230,0,0,2,1,1,NA,NA,NA,NA,NA
77066883,3.39768883088714,4224,4,1,1,1,2,NA,NA,NA,NA,NA
9911346,23.8691645475402,7126,4,2,1,1,1,NA,NA,NA,NA,NA
22023219,1,5411,1,1,1,1,60,NA,NA,NA,NA,NA
1188333,2.43989173232533,3343,4,2,1,1,1,NA,NA,NA,NA,NA
22778867,2.91343494114822,5131,0,1,2,1,4,NA,NA,NA,NA,NA
45199332,4.17920775549524,2142,5,4,1,1,2,NA,NA,NA,NA,NA
1112119,3.34597568865511,7233,0,3,2,1,3,NA,NA,NA,NA,NA
121558856,2.2233740864553,5131,2,2,2,1,2,NA,NA,NA,NA,NA
660668823,3.78015522531299,5131,0,0,1,1,2,NA,NA,NA,NA,NA
330993301,11.2255998614226,9334,0,0,1,1,1,NA,NA,NA,NA,NA
220888856,2.2233740864553,3434,5,2,1,1,1,NA,NA,NA,NA,NA
2288332,4.17920775549524,7411,4,2,2,2,NA,1,4,NA,NA,NA
66077227,5.07775642045199,7233,2,2,1,1,4,NA,NA,NA,NA,NA
1199663,4.52723425516123,5223,2,0,2,1,20,NA,NA,NA,NA,NA
550127601,16.3994932203154,5245,2,0,2,1,15,NA,NA,NA,NA,NA
55099449,4.60058491836551,2142,5,5,1,1,3,NA,NA,NA,NA,NA
242999934,83.8018215905458,4222,2,1,1,1,30,NA,NA,NA,NA,NA
561773367,3.62996180403925,7212,0,2,2,1,2,NA,NA,NA,NA,NA
330889901,4.09466738576137,3522,4,1,1,1,5,NA,NA,NA,NA,NA
66044559,61.8329989886565,2142,5,3,1,1,1,NA,NA,NA,NA,NA
770124323,2.33022290232641,9329,0,0,2,1,70,NA,NA,NA,NA,NA
451887701,6.04605927074092,7541,3,0,1,1,30,NA,NA,NA,NA,NA
22088996,6.10920645087901,3343,3,0,1,1,1,NA,NA,NA,NA,NA
220881222,2.84121619791885,3151,2,0,1,1,1,NA,NA,NA,NA,NA
55099114,17.8787440435157,8341,2,2,1,1,3,NA,NA,NA,NA,NA
572889934,83.8018215905455,5223,2,5,1,1,1,NA,NA,NA,NA,NA
231990144,153.635728563717,3343,0,0,1,1,1,NA,NA,NA,NA,NA
73711345,11.4391350739138,5414,2,1,1,1,3,NA,NA,NA,NA,NA
1001668823,3.78015522531299,5131,3,0,2,1,2,NA,NA,NA,NA,NA
88055998,3.22251567262593,4226,4,0,2,1,1,NA,NA,NA,NA,NA
330014367,3.62996180403925,8332,0,0,1,1,9,NA,NA,NA,NA,NA
44012214,8.7196887393689,9211,0,0,1,1,40,NA,NA,NA,NA,NA
35299771,3.13217582716262,8331,2,3,1,1,3,NA,NA,NA,NA,NA
550771222,1.80350219121457,5245,2,0,2,1,8,NA,NA,NA,NA,NA
88088890,8.1756216135078,9411,0,0,2,1,13,NA,NA,NA,NA,NA
451992234,57.4653099581732,8113,2,0,1,1,6,NA,NA,NA,NA,NA
77088449,6.04892692370184,8332,0,5,1,1,2,NA,NA,NA,NA,NA
660668812,3.20383500566392,5246,0,0,2,1,12,NA,NA,NA,NA,NA
22012543,1.96220059240112,9313,0,1,1,1,20,NA,NA,NA,NA,NA
33034768,1,9211,0,0,2,1,345,NA,NA,NA,NA,NA
66023121,2.26301874536624,7115,0,1,1,1,18,NA,NA,NA,NA,NA
99066667,11.4287913093968,7132,2,2,2,2,NA,1,2,3,NA,NA
440996612,2.96231182319223,9334,0,1,1,1,2,NA,NA,NA,NA,NA
77077338,8.08177884659016,7114,0,0,2,1,6,NA,NA,NA,NA,NA
462113411,11.6878087424019,3611,3,0,2,2,NA,5,NA,NA,NA,NA
88077113,5.87401137100153,9211,2,2,2,1,30,NA,NA,NA,NA,NA
35277887,5.57879253831152,9412,4,0,1,1,1,NA,NA,NA,NA,NA
22001118,4.99016341597905,6130,3,0,1,1,43,NA,NA,NA,NA,NA
88099124,4.16172064943489,2243,5,3,1,1,1,NA,NA,NA,NA,NA
121441167,17.1674156335887,9211,0,0,2,1,12,NA,NA,NA,NA,NA
88077349,10.8202217704964,2247,5,0,1,1,2,NA,NA,NA,NA,NA
55055661,8.91560005738092,7125,2,1,2,1,1,NA,NA,NA,NA,NA
100188669,21.6344070654774,5223,2,1,1,2,NA,5,9,NA,NA,NA
440881266,2.80999664908918,8322,2,2,1,1,3,NA,NA,NA,NA,NA
66077224,4.9718709548347,2114,5,1,1,1,7,NA,NA,NA,NA,NA
66001214,8.7196887393689,9211,0,0,2,1,350,NA,NA,NA,NA,NA
33099997,2.96831110397465,2141,5,0,2,1,1,NA,NA,NA,NA,NA
68288664,9.07687591121961,5223,0,0,2,1,4,NA,NA,NA,NA,NA
440019801,6.38196910193067,5414,2,0,2,1,2,NA,NA,NA,NA,NA
121885523,5.12698803227856,7126,4,1,1,1,8,NA,NA,NA,NA,NA
341886645,5.11925815814655,5223,2,0,1,1,3,NA,NA,NA,NA,NA
2203312654,28.7181252781852,2166,5,1,1,1,3,NA,NA,NA,NA,NA
1101871,3.13217582716262,4321,3,2,1,1,1,NA,NA,NA,NA,NA
8811346,36.5300984902799,9112,0,0,2,1,1,NA,NA,NA,NA,NA
12177228,4.00611018786579,8332,3,4,1,1,1,NA,NA,NA,NA,NA
462771101,17.95461190615,3151,3,0,1,1,20,NA,NA,NA,NA,NA
550663477,4.06360851879736,2330,5,0,1,1,12,NA,NA,NA,NA,NA
60511349,10.8202217704964,2634,5,1,1,1,4,NA,NA,NA,NA,NA
550127667,4.29045348305249,5230,3,0,2,1,2,NA,NA,NA,NA,NA
25377887,5.57879253831152,4224,4,2,1,1,2,NA,NA,NA,NA,NA
121880111,4.46708996366324,3221,4,0,1,1,3,NA,NA,NA,NA,NA
330883455,5.73021563945187,3221,4,2,1,1,3,NA,NA,NA,NA,NA
56177337,8.04017439763438,7511,2,1,1,1,2,NA,NA,NA,NA,NA
3306612653,28.7181252781852,3313,4,0,2,1,1,NA,NA,NA,NA,NA
99022128,14.3633132974849,9112,0,1,1,1,60,NA,NA,NA,NA,NA
33012438,6.14669516497218,8183,3,0,2,1,10,NA,NA,NA,NA,NA
572663301,11.2255998614226,7212,2,1,1,1,10,NA,NA,NA,NA,NA
231996656,2.32365889203429,5223,2,2,1,1,1,NA,NA,NA,NA,NA
5507712653,18.7647360968455,1219,5,0,2,1,1,NA,NA,NA,NA,NA
22055346,36.5300984902798,2342,5,1,1,1,1,NA,NA,NA,NA,NA
352013234,21.0869726612122,2243,5,3,1,1,1,NA,NA,NA,NA,NA
12199776,9.62000025845905,3113,3,0,1,2,NA,8,9,NA,NA,NA
55001115,4.61789358648057,3334,4,3,1,1,3,NA,NA,NA,NA,NA
44001877,5.57336607968623,4321,0,0,1,1,16,NA,NA,NA,NA,NA
89166125,15.9827479174487,5414,2,0,1,1,3,NA,NA,NA,NA,NA
22667701,9.52489085806872,8332,1,1,1,1,4,NA,NA,NA,NA,NA
23166128,14.3633132974849,7411,4,0,1,1,1,NA,NA,NA,NA,NA
11887745,3.4372448622224,8331,0,0,1,1,4,NA,NA,NA,NA,NA
1155128,14.3633132974849,7544,2,1,1,1,2,NA,NA,NA,NA,NA
33088018,4.99016341597904,3257,4,2,1,1,10,NA,NA,NA,NA,NA
231015434,31.552922067661,2142,5,8,1,1,3,NA,NA,NA,NA,NA
1166337,8.04017439763438,8322,0,0,1,1,1,NA,NA,NA,NA,NA
220889923,3.11005036430238,5223,2,0,2,1,3,NA,NA,NA,NA,NA
5506612652,28.7181252781852,7412,5,1,1,1,2,NA,NA,NA,NA,NA
1188021,3.39903942077162,9112,2,0,1,1,1,NA,NA,NA,NA,NA
44099012,3.33683199258974,5414,2,0,1,1,1,NA,NA,NA,NA,NA
22099336,12.7070854301968,1324,5,3,1,1,1,NA,NA,NA,NA,NA
660997712,1.59140111631994,9312,0,3,2,1,13,NA,NA,NA,NA,NA
451663301,11.2255998614226,7212,3,2,1,1,1,NA,NA,NA,NA,NA
22033117,122.456175083365,8341,2,1,1,1,3,NA,NA,NA,NA,NA
80377887,5.57879253831152,3423,5,1,1,1,2,NA,NA,NA,NA,NA
44012225,7.7949875394348,8113,3,1,1,1,30,NA,NA,NA,NA,NA
2208888454,3.40023402834294,5131,2,2,1,1,2,NA,NA,NA,NA,NA
66099554,22.6496228380874,9411,0,0,2,1,3,NA,NA,NA,NA,NA
242661211,17.4343211498199,9333,1,1,1,1,8,NA,NA,NA,NA,NA
451558856,2.2233740864553,9129,0,0,1,1,2,NA,NA,NA,NA,NA
440773411,11.6878087424019,2342,5,0,1,1,2,NA,NA,NA,NA,NA
781663334,231.669315520792,5223,2,0,2,1,1,NA,NA,NA,NA,NA
550661112,4.83847753256889,8332,2,2,1,1,3,NA,NA,NA,NA,NA
550660133,2.94636350302331,4321,3,0,2,1,1,NA,NA,NA,NA,NA
77044116,16.0265049012021,8189,3,0,1,1,2,NA,NA,NA,NA,NA
550993323,2.33022290232641,3122,0,0,1,1,2,NA,NA,NA,NA,NA
89177339,16.8017324042206,7512,2,4,1,1,1,NA,NA,NA,NA,NA
78166774,3.74780012609433,8332,2,2,1,1,2,NA,NA,NA,NA,NA
330015467,2.2551077502171,2142,5,5,1,1,2,NA,NA,NA,NA,NA
814773334,231.669315520792,7214,2,1,2,1,4,NA,NA,NA,NA,NA
22001213,3.54926721092822,9211,1,0,2,1,68,NA,NA,NA,NA,NA
891776623,4.31938026576803,5223,2,0,2,1,1,NA,NA,NA,NA,NA
330014323,2.33022290232641,3115,4,0,1,1,2,NA,NA,NA,NA,NA
6607755554,29.634096081514,7214,4,0,1,1,2,NA,NA,NA,NA,NA
55088338,8.08177884659016,7511,0,0,2,1,2,NA,NA,NA,NA,NA
660883433,2.83255681266876,2247,5,0,1,1,3,NA,NA,NA,NA,NA
33012880,3.32442335558736,4221,2,0,1,1,41,NA,NA,NA,NA,NA
11121342,5.87252737258939,5414,2,0,1,2,NA,4,8,NA,NA,NA
440999901,2.59914807184496,3511,3,0,1,1,5,NA,NA,NA,NA,NA
220012277,2.13208184990742,4222,2,1,1,1,22,NA,NA,NA,NA,NA
34188773,2.02512187695574,8331,2,4,1,2,NA,1,5,NA,NA,NA
45188015,3.01738200645872,9412,0,1,1,1,3,NA,NA,NA,NA,NA
45188996,6.10920645087901,7421,4,1,1,1,9,NA,NA,NA,NA,NA
220881255,5.81496886942004,4110,3,0,1,1,1,NA,NA,NA,NA,NA
44089000,4.31787800363785,2511,5,0,1,1,2,NA,NA,NA,NA,NA
22034987,2.50244131381364,4212,2,0,1,1,22,NA,NA,NA,NA,NA
55077120,29.7073325945741,8341,0,1,1,1,1,NA,NA,NA,NA,NA
2211016,11.8136722761082,3334,4,2,2,1,2,NA,NA,NA,NA,NA
67101871,3.13217582716262,8331,2,5,1,1,5,NA,NA,NA,NA,NA
22012326,3.18794295633118,2114,5,0,1,1,5,NA,NA,NA,NA,NA
77001546,2.98931841919601,8332,1,0,1,1,13,NA,NA,NA,NA,NA
693771134,264.850224421149,6111,0,0,2,1,2,NA,NA,NA,NA,NA
46277334,3.83623723147949,8183,2,0,1,1,2,NA,NA,NA,NA,NA
990347601,6.93066280795634,3322,5,3,1,1,4,NA,NA,NA,NA,NA
22044346,36.5300984902798,2341,5,0,1,1,2,NA,NA,NA,NA,NA
23199774,2.4488534550445,8331,2,4,1,1,12,NA,NA,NA,NA,NA
22023448,4.05926136406294,2211,5,2,1,1,4,NA,NA,NA,NA,NA
55077558,32.4237494882581,7515,5,5,1,1,1,NA,NA,NA,NA,NA
23112120,2.07181347206307,7112,0,2,2,1,50,NA,NA,NA,NA,NA
44099227,5.07775642045199,8112,2,1,1,1,3,NA,NA,NA,NA,NA
330111233,6.0979201785786,3111,0,0,2,1,2,NA,NA,NA,NA,NA
55055883,3.39768883088714,1412,3,1,1,1,1,NA,NA,NA,NA,NA
330998823,2.39950702694744,4221,3,2,1,2,NA,2,NA,NA,NA,NA
451668856,2.2233740864553,9112,3,1,2,1,3,NA,NA,NA,NA,NA
45166125,15.9827479174487,5243,2,0,1,1,30,NA,NA,NA,NA,NA
220128723,2.2453250560792,3112,5,5,2,2,NA,5,NA,NA,NA,NA
13266336,12.7070854301968,7212,0,0,1,1,3,NA,NA,NA,NA,NA
35277773,3.35156194954141,8332,1,3,1,1,20,NA,NA,NA,NA,NA
14377334,3.83623723147949,8322,2,2,1,1,4,NA,NA,NA,NA,NA
46277887,5.57879253831152,5132,2,1,1,1,1,NA,NA,NA,NA,NA
11773323,3.67100582805091,4322,3,1,1,1,2,NA,NA,NA,NA,NA
55088333,4.03800303779987,8332,0,2,1,1,1,NA,NA,NA,NA,NA
880556656,3.84563853409297,5230,4,1,1,1,1,NA,NA,NA,NA,NA
77077342,3.54837053120246,2341,5,0,1,1,1,NA,NA,NA,NA,NA
902127634,154.084563926273,9623,2,3,1,1,1,NA,NA,NA,NA,NA
3309911013,28.2854849989094,8341,2,0,1,1,4,NA,NA,NA,NA,NA
220881101,28.2854849989095,2512,6,5,1,1,1,NA,NA,NA,NA,NA
57266889,10.7068218908321,4224,2,0,2,1,1,NA,NA,NA,NA,NA
671668823,3.78015522531299,5132,2,0,2,1,4,NA,NA,NA,NA,NA
770997712,1.59140111631994,8350,1,0,1,1,4,NA,NA,NA,NA,NA
22088342,3.54837053120246,2352,5,1,1,1,1,NA,NA,NA,NA,NA
33012115,3.01738200645872,3334,5,0,2,1,9,NA,NA,NA,NA,NA
374999934,30.7511909728815,2512,5,3,1,1,40,NA,NA,NA,NA,NA
22001653,7.1849933524850504,2243,5,2,1,1,1,NA,NA,NA,NA,NA
22088111,7.71693923591141,8341,0,0,2,1,1,NA,NA,NA,NA,NA
330554423,2.62079755941452,8332,3,2,1,1,2,NA,NA,NA,NA,NA
440237667,1,5223,2,2,1,1,13,NA,NA,NA,NA,NA
121776667,5.64116086302934,5223,0,0,2,1,4,NA,NA,NA,NA,NA
1166113,5.87401137100153,9211,0,1,2,1,30,NA,NA,NA,NA,NA
46277017,11.8136722761082,2635,5,NA,1,1,1,NA,NA,NA,NA,NA
22773323,3.67100582805091,5230,0,0,2,1,1,NA,NA,NA,NA,NA
22066337,8.04017439763438,9329,0,0,1,1,1,NA,NA,NA,NA,NA
902776667,5.64116086302934,5223,2,0,2,1,4,NA,NA,NA,NA,NA
23188779,14.1136507463825,8332,0,1,1,1,4,NA,NA,NA,NA,NA
33001770,19.8102936720593,4321,0,0,1,1,4,NA,NA,NA,NA,NA
22088999,4.01755510457195,4110,2,0,2,1,1,NA,NA,NA,NA,NA
88088449,6.04892692370184,9112,2,0,1,1,2,NA,NA,NA,NA,NA
440883455,5.73021563945187,2221,5,2,1,1,1,NA,NA,NA,NA,NA
990012145,4.27673600188581,9211,0,0,2,1,108,NA,NA,NA,NA,NA
11885567,13.3436866244682,7115,2,2,2,1,10,NA,NA,NA,NA,NA
88088334,3.83623723147949,7512,0,0,2,1,1,NA,NA,NA,NA,NA
12112769,16.4543113379694,9612,0,0,2,1,25,NA,NA,NA,NA,NA
44034658,24.6602769010232,3123,3,4,2,1,5,NA,NA,NA,NA,NA
12188130,21.5439039337003,4110,5,0,1,1,5,NA,NA,NA,NA,NA
682776667,5.64116086302934,5245,2,0,2,1,5,NA,NA,NA,NA,NA
33012327,2.27769492426176,8342,2,2,1,1,150,NA,NA,NA,NA,NA
77088773,3.35156194954141,2243,5,3,1,1,2,NA,NA,NA,NA,NA
24211347,36.5300984902798,2330,5,2,1,1,6,NA,NA,NA,NA,NA
330557701,9.52489085806869,8331,0,1,1,1,3,NA,NA,NA,NA,NA
12166670,19.8102936720593,5223,0,0,1,1,5,NA,NA,NA,NA,NA
33088446,2.98931841919601,8322,2,0,1,1,3,NA,NA,NA,NA,NA
330223422,3.92156216748668,3512,4,3,1,1,1,NA,NA,NA,NA,NA
11017623,2.74178775262076,1211,5,3,1,1,1,NA,NA,NA,NA,NA
440553433,2.83255681266876,2359,5,0,1,1,1,NA,NA,NA,NA,NA
78177447,5.76130055397437,9612,0,0,1,1,4,NA,NA,NA,NA,NA
1177337,8.04017439763438,7111,3,3,1,1,2,NA,NA,NA,NA,NA
24277557,31.7496431070843,7214,2,0,1,1,20,NA,NA,NA,NA,NA
77044778,6.5845808374398,7515,4,0,2,1,4,NA,NA,NA,NA,NA
56188332,4.17920775549524,7223,3,1,1,2,NA,8,NA,NA,NA,NA
440888823,3.78015522531299,9112,3,1,1,1,4,NA,NA,NA,NA,NA
2201287882,6.33086505259683,8311,4,1,1,1,22,NA,NA,NA,NA,NA
770886645,5.11925815814655,9112,2,0,1,1,1,NA,NA,NA,NA,NA
704775534,815.917781369119,7119,2,2,2,1,16,NA,NA,NA,NA,NA
34188123,17.0012048076738,7233,4,1,2,1,4,NA,NA,NA,NA,NA
2266114,11.6821662441338,6112,0,0,2,1,3,NA,NA,NA,NA,NA
44022349,10.8202217704964,2221,5,1,1,1,3,NA,NA,NA,NA,NA
341017601,10.4098104112287,4321,0,0,2,1,2,NA,NA,NA,NA,NA
220770133,2.94636350302331,2411,5,2,2,2,NA,8,NA,NA,NA,NA
88099664,9.07687591121961,8322,2,0,1,1,4,NA,NA,NA,NA,NA
22055887,5.57879253831152,9412,2,1,1,1,2,NA,NA,NA,NA,NA
79277670,19.8102936720593,5223,0,0,2,1,1,NA,NA,NA,NA,NA
1177338,8.08177884659016,3434,4,0,2,2,NA,4,NA,NA,NA,NA
13211351,22.3915910543013,2341,5,0,1,1,2,NA,NA,NA,NA,NA
46288772,5.44028137095823,5414,4,5,1,1,2,NA,NA,NA,NA,NA
891346534,221.392238507527,1323,0,2,1,1,1,NA,NA,NA,NA,NA
99088667,11.4287913093968,4321,2,1,1,1,1,NA,NA,NA,NA,NA
22023769,16.4543113379694,5245,2,0,1,1,1,NA,NA,NA,NA,NA
88077999,4.01755510457196,2512,5,4,1,1,7,NA,NA,NA,NA,NA
550553345,6.47466010089871,7323,0,0,2,1,1,NA,NA,NA,NA,NA
22001224,3.05701011041347,7212,4,5,1,1,15,NA,NA,NA,NA,NA
77001872,5.44028137095823,7231,4,5,1,1,3,NA,NA,NA,NA,NA
2208834654,36.5300984902798,3221,4,0,1,1,1,NA,NA,NA,NA,NA
220663422,1.65730883864262,2310,6,3,1,1,9,NA,NA,NA,NA,NA
44088348,6.88268729828353,2330,5,2,1,1,4,NA,NA,NA,NA,NA
440883411,7.41900200796358,5312,4,1,2,1,1,NA,NA,NA,NA,NA
22023440,5.54013214292018,9329,0,0,2,1,30,NA,NA,NA,NA,NA
77012222,3.44666854554849,7231,4,2,1,1,20,NA,NA,NA,NA,NA
55034766,1,3139,5,4,1,1,3,NA,NA,NA,NA,NA
550012167,10.1249735724033,6210,0,0,2,1,80,NA,NA,NA,NA,NA
220998812,2.03367961130068,4321,2,0,1,1,5,NA,NA,NA,NA,NA
24277664,9.07687591121961,5223,0,0,2,1,4,NA,NA,NA,NA,NA
89177114,11.6821662441338,9211,3,0,2,2,NA,6,10,NA,NA,NA
88011342,5.8725273725894,1345,6,25,2,1,1,NA,NA,NA,NA,NA
880551211,17.4343211498199,8332,3,0,1,1,2,NA,NA,NA,NA,NA
341777723,3.5372587568796,8322,2,0,1,1,10,NA,NA,NA,NA,NA
220346523,1,9313,2,0,1,1,115,NA,NA,NA,NA,NA
12111342,5.8725273725894,2246,5,1,1,1,1,NA,NA,NA,NA,NA
550127656,2.32365889203429,5223,2,0,1,1,4,NA,NA,NA,NA,NA
660888834,87.5598207598285,5131,0,2,2,1,1,NA,NA,NA,NA,NA
825113455,5.73021563945187,5311,5,2,1,1,1,NA,NA,NA,NA,NA
33034438,3.62518898774706,8189,3,1,1,1,4,NA,NA,NA,NA,NA
22012329,6.77479815454606,2423,5,3,1,1,1,NA,NA,NA,NA,NA
451668823,3.78015522531299,9112,0,0,1,1,1,NA,NA,NA,NA,NA
100166556,45.3529257956236,7115,3,1,1,1,4,NA,NA,NA,NA,NA
13266886,17.8979195718987,5131,4,0,1,1,1,NA,NA,NA,NA,NA
78188663,4.52723425516123,3113,4,2,1,1,11,NA,NA,NA,NA,NA
88077125,15.9827479174487,2131,5,2,1,1,2,NA,NA,NA,NA,NA
89155887,5.57879253831152,9412,0,1,1,1,2,NA,NA,NA,NA,NA
11778856,2.2233740864553,5131,2,3,2,1,1,NA,NA,NA,NA,NA
990124323,2.33022290232641,8332,2,2,1,1,10,NA,NA,NA,NA,NA
77001119,1.50088173037544,8343,3,2,1,1,20,NA,NA,NA,NA,NA
22088350,17.9887620005335,2352,5,0,1,1,2,NA,NA,NA,NA,NA
23177338,8.08177884659017,7531,2,1,2,1,2,NA,NA,NA,NA,NA
55011015,4.61789358648057,2611,0,0,2,1,1,NA,NA,NA,NA,NA
34177773,3.35156194954141,8322,2,2,1,1,5,NA,NA,NA,NA,NA
781558867,2.91343494114822,9112,0,1,2,1,6,NA,NA,NA,NA,NA
77099664,9.07687591121961,3313,3,2,1,1,1,NA,NA,NA,NA,NA
440017667,5.64116086302934,5245,0,0,2,2,NA,2,NA,NA,NA,NA
2255556,45.3529257956236,7131,0,3,1,1,21,NA,NA,NA,NA,NA
44099345,7.47445554885214,5312,2,3,1,1,3,NA,NA,NA,NA,NA
44044114,17.8787440435157,9211,0,0,2,1,5,NA,NA,NA,NA,NA
44088449,6.04892692370184,8172,4,3,1,1,1,NA,NA,NA,NA,NA
68211348,9.04947376143623,2330,5,0,2,1,1,NA,NA,NA,NA,NA
220124411,7.41900200796358,4226,3,1,1,1,12,NA,NA,NA,NA,NA
44001437,6.11505239546658,9329,2,2,2,1,4,NA,NA,NA,NA,NA
78166666,27.0840741567653,5245,2,0,1,1,2,NA,NA,NA,NA,NA
440889945,1.99406078025323,4222,0,0,2,1,1,NA,NA,NA,NA,NA
1199339,12.7787618657435,7214,2,3,1,1,10,NA,NA,NA,NA,NA
79288122,3.4466685455485,5414,2,2,1,1,5,NA,NA,NA,NA,NA
44012879,10.734308677538,9333,0,0,2,1,55,NA,NA,NA,NA,NA
56166560,51.3230634997549,9313,0,0,1,1,3,NA,NA,NA,NA,NA
81477882,4.92986860831332,9112,3,0,1,1,3,NA,NA,NA,NA,NA
57266551,19.3075073460584,7114,0,0,2,1,4,NA,NA,NA,NA,NA
99044886,17.8979195718987,5120,4,8,1,1,1,NA,NA,NA,NA,NA
22001230,21.5439039337002,7213,2,3,2,1,20,NA,NA,NA,NA,NA
2277667,11.4287913093968,4321,2,NA,1,1,1,NA,NA,NA,NA,NA
550344444,1,9112,2,NA,2,1,60,NA,NA,NA,NA,NA
67199662,8.40385045878902,5223,2,2,1,1,2,NA,NA,NA,NA,NA
30811348,9.04947376143623,5321,2,0,2,1,3,NA,NA,NA,NA,NA
38511348,9.04947376143623,3343,2,0,2,1,1,NA,NA,NA,NA,NA
66088124,6.8876173488553,8342,2,2,1,1,4,NA,NA,NA,NA,NA
990127667,2.53041745226572,9333,2,0,2,1,19,NA,NA,NA,NA,NA
22099664,9.07687591121961,9211,0,0,2,1,7,NA,NA,NA,NA,NA
35277125,10.4433017081777,5414,2,0,1,1,6,NA,NA,NA,NA,NA
34177669,21.6344070654774,4321,2,5,1,1,3,NA,NA,NA,NA,NA
55044131,15.0211478886385,7115,1,0,1,1,10,NA,NA,NA,NA,NA
56166890,12.8797783942311,5131,3,2,2,1,4,NA,NA,NA,NA,NA
99066130,28.3262895606988,8342,0,0,1,1,4,NA,NA,NA,NA,NA
440017612,1,5223,2,0,2,1,5,NA,NA,NA,NA,NA
99088889,8.1432035691453,9412,0,1,1,1,1,NA,NA,NA,NA,NA
7707788453,2.1583466704331302,9412,0,1,2,1,8,NA,NA,NA,NA,NA
99088118,42.867581772155,9211,0,0,2,1,5,NA,NA,NA,NA,NA
220333477,5.34290126427455,3221,4,1,1,1,2,NA,NA,NA,NA,NA
22034651,1,3123,5,3,2,1,5,NA,NA,NA,NA,NA
34177889,10.7068218908321,5120,4,0,1,1,2,NA,NA,NA,NA,NA
23112549,2.71332632180879,9112,0,0,2,1,150,NA,NA,NA,NA,NA
990776634,510.638218598106,5223,0,0,2,1,4,NA,NA,NA,NA,NA
660553356,1.99192662405012,9329,2,0,2,1,1,NA,NA,NA,NA,NA
99099667,11.4287913093968,5223,2,0,1,1,1,NA,NA,NA,NA,NA
67188669,21.6344070654774,5223,4,0,1,1,2,NA,NA,NA,NA,NA
671773301,11.2255998614226,7212,2,0,1,1,3,NA,NA,NA,NA,NA
67177888,6.13896215578772,9412,4,0,2,1,1,NA,NA,NA,NA,NA
89188661,8.91560005738092,8322,0,0,1,1,2,NA,NA,NA,NA,NA
220125445,2.9413692206434,4222,2,0,2,1,4,NA,NA,NA,NA,NA
22034440,1,8159,2,0,2,1,148,NA,NA,NA,NA,NA
100177552,29.087720167689,2142,5,5,1,1,1,NA,NA,NA,NA,NA
35211349,10.8202217704964,2330,5,0,1,2,NA,8,9,NA,NA,NA
2288771,5.18372817016438,8331,2,3,1,1,8,NA,NA,NA,NA,NA
330347601,1,6221,5,2,1,1,6,NA,NA,NA,NA,NA
880883411,7.41900200796358,1431,5,5,2,1,1,NA,NA,NA,NA,NA
66088123,17.0012048076737,8342,4,5,1,1,3,NA,NA,NA,NA,NA
77012542,1.53658687525836,2142,7,4,1,1,5,NA,NA,NA,NA,NA
902663334,231.669315520792,4120,3,0,1,2,NA,6,12,NA,NA,NA
330122167,10.1249735724033,7233,2,1,1,1,2,NA,NA,NA,NA,NA
66077020,4.61877666218048,3312,4,0,2,1,1,NA,NA,NA,NA,NA
330016501,11.8705659722709,2142,5,3,1,1,3,NA,NA,NA,NA,NA
22099998,3.22251567262593,3522,3,0,2,1,2,NA,NA,NA,NA,NA
1111348,9.04947376143623,2342,4,2,1,1,1,NA,NA,NA,NA,NA
33012547,2.58430770252776,8332,2,5,1,1,18,NA,NA,NA,NA,NA
80377336,12.7070854301968,7127,4,0,1,1,3,NA,NA,NA,NA,NA
12111890,12.8797783942311,5120,3,0,1,1,2,NA,NA,NA,NA,NA
660113433,2.83255681266876,5312,4,1,1,1,1,NA,NA,NA,NA,NA
55066558,32.4237494882581,7115,0,0,2,1,2,NA,NA,NA,NA,NA
22023119,3.34597568865511,3142,4,1,2,1,1,NA,NA,NA,NA,NA
101266888,6.13896215578772,3422,5,0,2,1,6,NA,NA,NA,NA,NA
55099342,3.54837053120246,2330,5,0,1,1,20,NA,NA,NA,NA,NA
550773444,258.866416475489,4120,2,5,2,1,1,NA,NA,NA,NA,NA
2277999,4.01755510457195,2642,5,0,2,1,2,NA,NA,NA,NA,NA
605889934,25.2871145670537,2522,5,0,2,1,2,NA,NA,NA,NA,NA
33077017,11.8136722761082,5223,1,1,1,2,NA,3,5,NA,NA,NA
13266337,8.04017439763437,3251,4,0,1,1,1,NA,NA,NA,NA,NA
45188670,19.8102936720593,5131,2,0,1,1,6,NA,NA,NA,NA,NA
61611349,10.8202217704964,4222,2,0,1,1,1,NA,NA,NA,NA,NA
22055669,21.6344070654774,5243,2,0,2,1,8,NA,NA,NA,NA,NA
220449901,4.09466738576137,4110,0,0,2,1,1,NA,NA,NA,NA,NA
36377777,7.32795606064763,9333,2,0,1,1,2,NA,NA,NA,NA,NA
99077448,4.04657594733918,9623,3,0,2,1,2,NA,NA,NA,NA,NA
990773466,1.74394022113855,2635,5,5,1,1,12,NA,NA,NA,NA,NA
66055348,9.04947376143623,2330,5,1,1,1,2,NA,NA,NA,NA,NA
22012657,14.2417231084297,3113,4,2,1,1,48,NA,NA,NA,NA,NA
66077351,22.3915910543013,3344,3,2,1,1,1,NA,NA,NA,NA,NA
781771156,4.4086649204006,6222,0,0,2,1,10,NA,NA,NA,NA,NA
671665523,8.07699680921145,7131,0,1,1,1,4,NA,NA,NA,NA,NA
22034327,2.27769492426176,7233,4,2,1,1,2,NA,NA,NA,NA,NA
88034446,1,2310,7,0,1,1,22,NA,NA,NA,NA,NA
33077668,13.778107439158,5223,2,0,2,1,1,NA,NA,NA,NA,NA
660019834,26.4210870002648,5120,3,1,1,1,3,NA,NA,NA,NA,NA
101211351,22.3915910543013,3611,3,0,1,1,2,NA,NA,NA,NA,NA
55077344,5.03215123785774,2634,5,1,1,1,1,NA,NA,NA,NA,NA
671555545,6.75813782208289,7115,0,1,1,1,10,NA,NA,NA,NA,NA
770996645,5.11925815814655,5223,0,0,2,1,2,NA,NA,NA,NA,NA
13277774,3.74780012609433,8332,2,0,1,1,3,NA,NA,NA,NA,NA
220771233,6.0979201785786,3323,5,1,1,1,1,NA,NA,NA,NA,NA
242778823,3.78015522531299,5131,2,2,1,1,3,NA,NA,NA,NA,NA
22088230,6.46516832596426,5223,0,0,2,1,6,NA,NA,NA,NA,NA
99099442,2.09186266889658,7233,4,3,2,1,2,NA,NA,NA,NA,NA
451991101,11.9538546864424,6121,0,2,2,1,50,NA,NA,NA,NA,NA
57266125,10.4433017081777,5414,1,0,1,1,64,NA,NA,NA,NA,NA
440342101,1,7515,4,2,1,1,10,NA,NA,NA,NA,NA
550779967,2.24515747094152,1211,5,5,1,1,1,NA,NA,NA,NA,NA
44066446,4.57494421535132,9623,3,0,2,2,NA,6,7,NA,NA,NA
66088223,2.80053574313203,5120,0,2,1,1,2,NA,NA,NA,NA,NA
93511351,22.3915910543013,8332,2,3,1,1,1,NA,NA,NA,NA,NA
66011119,26.9298226643207,8332,2,0,1,1,2,NA,NA,NA,NA,NA
330998834,87.5598207598285,5131,0,2,2,1,2,NA,NA,NA,NA,NA
550129823,1.59754822154648,9112,0,2,1,1,13,NA,NA,NA,NA,NA
440886612,2.96231182319223,7511,0,0,2,1,1,NA,NA,NA,NA,NA
924113477,2.39662915721086,2211,5,0,1,1,6,NA,NA,NA,NA,NA
2277556,45.3529257956236,7112,2,5,1,1,1,NA,NA,NA,NA,NA
90211889,8.1432035691453,3422,5,0,2,1,1,NA,NA,NA,NA,NA
660881255,5.81496886942004,4323,2,0,2,1,1,NA,NA,NA,NA,NA
66099887,4.24301849537621,2230,5,1,1,1,1,NA,NA,NA,NA,NA
33034543,1,1321,5,1,1,1,1,NA,NA,NA,NA,NA
11778801,10.0540792660816,9112,1,0,2,1,1,NA,NA,NA,NA,NA
45177662,8.40385045878902,3135,4,3,1,2,NA,8,NA,NA,NA,NA
1144890,12.8797783942311,5120,3,0,1,1,3,NA,NA,NA,NA,NA
33023659,1,7112,0,3,1,1,20,NA,NA,NA,NA,NA
23155667,11.4287913093968,9329,2,0,1,1,8,NA,NA,NA,NA,NA
44012224,3.05701011041347,5414,2,5,1,1,187,NA,NA,NA,NA,NA
79266887,5.57879253831152,9412,4,0,1,1,2,NA,NA,NA,NA,NA
77077344,5.03215123785774,2634,5,2,1,1,2,NA,NA,NA,NA,NA
440664445,2.9413692206434,3122,2,0,1,1,1,NA,NA,NA,NA,NA
33066340,13.1091876830554,3254,5,0,2,1,2,NA,NA,NA,NA,NA
2208855333,11.8911116421776,1323,5,5,1,1,1,NA,NA,NA,NA,NA
12144118,56.3630221236528,9211,0,0,2,1,60,NA,NA,NA,NA,NA
1112323,2.05714578235601,8113,2,2,1,1,4,NA,NA,NA,NA,NA
880127601,10.4098104112287,5414,2,0,1,1,15,NA,NA,NA,NA,NA
451778867,2.91343494114822,5131,0,1,2,1,2,NA,NA,NA,NA,NA
77066120,29.7073325945741,3313,5,1,2,1,1,NA,NA,NA,NA,NA
12188339,16.8017324042207,3114,5,0,1,1,24,NA,NA,NA,NA,NA
1155883,3.39768883088714,9412,0,0,1,2,NA,8,NA,NA,NA,NA
58377889,8.1432035691453,5131,3,0,1,1,2,NA,NA,NA,NA,NA
34177333,4.03800303779987,7413,2,6,1,1,8,NA,NA,NA,NA,NA
66001431,2.53076977014169,7412,4,2,1,1,1,NA,NA,NA,NA,NA
231668812,3.20383500566392,9112,2,0,2,1,3,NA,NA,NA,NA,NA
45166130,28.3262895606988,7515,2,0,2,1,1,NA,NA,NA,NA,NA
23177339,16.8017324042206,9112,0,0,2,1,1,NA,NA,NA,NA,NA
671775567,13.3436866244682,9313,0,2,2,1,10,NA,NA,NA,NA,NA
33077776,14.7227422316396,4120,3,1,1,1,1,NA,NA,NA,NA,NA
220129801,4.24899917952074,9112,2,1,2,1,3,NA,NA,NA,NA,NA
77099119,26.9298226643207,3143,2,3,1,1,2,NA,NA,NA,NA,NA
22088556,45.3529257956236,1120,5,1,1,2,NA,1,2,3,NA,NA
561992234,57.4653099581733,3113,3,3,1,1,2,NA,NA,NA,NA,NA
55044338,8.08177884659017,5223,3,1,1,1,4,NA,NA,NA,NA,NA
67155890,12.8797783942311,5223,4,3,2,1,8,NA,NA,NA,NA,NA
66066888,6.13896215578772,5132,0,0,2,1,1,NA,NA,NA,NA,NA
2277338,8.08177884659016,8341,0,0,2,1,4,NA,NA,NA,NA,NA
55066347,36.5300984902798,2330,5,2,1,1,1,NA,NA,NA,NA,NA
44002100,2.74083417047324,7322,3,3,2,1,3,NA,NA,NA,NA,NA
220998867,2.21584836780982,5120,0,1,1,1,9,NA,NA,NA,NA,NA
78166779,14.1136507463825,8322,0,3,1,1,4,NA,NA,NA,NA,NA
440446656,3.84563853409297,8153,0,0,2,1,10,NA,NA,NA,NA,NA
33099883,2.0529932270711,9121,0,0,1,1,1,NA,NA,NA,NA,NA
220775545,10.6466910555505,7213,2,0,2,1,1,NA,NA,NA,NA,NA
101266889,10.7068218908321,5132,4,0,2,1,1,NA,NA,NA,NA,NA
440773422,3.92156216748668,3251,4,0,2,1,2,NA,NA,NA,NA,NA
3308855554,45.3529257956236,3112,5,7,1,1,2,NA,NA,NA,NA,NA
67155888,6.13896215578772,9412,3,0,1,1,1,NA,NA,NA,NA,NA
33044994,3.8011582358127,7422,2,1,1,1,3,NA,NA,NA,NA,NA
11019834,32.130193814791,5120,4,3,1,1,5,NA,NA,NA,NA,NA
55066447,5.76130055397437,9623,0,0,2,1,1,NA,NA,NA,NA,NA
22099560,51.3230634997549,5223,2,1,1,1,2,NA,NA,NA,NA,NA
671881244,462.074248446162,2529,5,5,1,1,1,NA,NA,NA,NA,NA
89177336,12.7070854301968,5223,4,2,1,1,1,NA,NA,NA,NA,NA
67188670,19.8102936720593,9334,2,0,2,1,5,NA,NA,NA,NA,NA
880883367,3.62996180403925,7213,3,0,2,1,5,NA,NA,NA,NA,NA
132993334,69.9059807061057,4321,2,3,2,1,12,NA,NA,NA,NA,NA
1101769,16.4543113379694,9215,0,0,1,1,1,NA,NA,NA,NA,NA
44023549,4.60058491836551,7413,3,2,1,1,10,NA,NA,NA,NA,NA
78199771,3.13217582716262,8332,2,3,1,1,2,NA,NA,NA,NA,NA
220441277,4.75313536812027,7422,4,0,2,1,2,NA,NA,NA,NA,NA
66012115,4.61789358648057,3334,5,2,1,1,3,NA,NA,NA,NA,NA
77088128,14.3633132974849,3221,3,0,1,1,2,NA,NA,NA,NA,NA
55088348,6.88268729828353,2330,5,0,1,1,3,NA,NA,NA,NA,NA
2207711014,28.2854849989095,9216,0,0,2,1,8,NA,NA,NA,NA,NA
1177889,10.7068218908321,5131,0,2,2,1,1,NA,NA,NA,NA,NA
12177334,3.83623723147949,5230,0,0,2,1,1,NA,NA,NA,NA,NA
440990177,2.48919632647864,9112,2,0,1,1,2,NA,NA,NA,NA,NA
36377339,16.8017324042206,7411,2,0,1,1,20,NA,NA,NA,NA,NA
78188777,5.57336607968624,5230,2,0,2,1,2,NA,NA,NA,NA,NA
68288122,3.4466685455485,5414,2,1,1,1,25,NA,NA,NA,NA,NA
63811349,8.22945122640888,1330,5,2,1,2,NA,5,NA,NA,NA,NA
154113466,3.92919633519165,5414,2,0,2,1,7,NA,NA,NA,NA,NA
220773466,3.92919633519165,2341,5,0,1,1,1,NA,NA,NA,NA,NA
561661277,4.75313536812026,4110,3,0,1,1,1,NA,NA,NA,NA,NA
660773345,6.47466010089871,4416,4,0,1,1,1,NA,NA,NA,NA,NA
46277446,4.57494421535132,4321,4,1,1,2,NA,1,NA,NA,NA,NA
330019867,2.21584836780982,9412,2,0,1,1,15,NA,NA,NA,NA,NA
891113477,5.34290126427455,2352,5,0,1,1,3,NA,NA,NA,NA,NA
330345401,4.67122427020826,3113,4,2,2,1,1,NA,NA,NA,NA,NA
34199667,11.4287913093968,9211,0,0,2,1,13,NA,NA,NA,NA,NA
35266884,5.02331052128334,5120,4,0,1,1,2,NA,NA,NA,NA,NA
440995512,3.81183113680117,7115,0,0,1,1,25,NA,NA,NA,NA,NA
440232244,29.6896510420205,9112,3,NA,1,1,100,NA,NA,NA,NA,NA
66001768,13.778107439158,5223,0,0,2,1,1,NA,NA,NA,NA,NA
22001544,3.2825743931432,4110,2,0,1,1,1,NA,NA,NA,NA,NA
231778801,10.0540792660816,5230,2,0,2,1,3,NA,NA,NA,NA,NA
880661266,4.65052397813388,6113,0,0,2,1,11,NA,NA,NA,NA,NA
66055345,11.4391350739138,2230,3,0,1,1,1,NA,NA,NA,NA,NA
99066883,3.39768883088714,3434,5,1,1,1,1,NA,NA,NA,NA,NA
13277125,10.4433017081777,9112,3,1,1,1,10,NA,NA,NA,NA,NA
101277887,5.57879253831152,5131,0,1,1,1,4,NA,NA,NA,NA,NA
550113466,3.92919633519165,2342,5,0,1,1,1,NA,NA,NA,NA,NA
880887712,2.50707465236255,3151,0,0,1,1,5,NA,NA,NA,NA,NA
89166446,4.57494421535132,9112,3,0,1,2,NA,4,6,7,NA,NA
561775523,8.07699680921145,9313,0,0,2,1,10,NA,NA,NA,NA,NA
66088337,8.04017439763438,3313,4,0,1,1,1,NA,NA,NA,NA,NA
55034542,1.53658687525836,7549,4,2,2,1,10,NA,NA,NA,NA,NA
11017601,10.4098104112287,5223,2,0,2,1,2,NA,NA,NA,NA,NA
2209977992,7.86632675576514,8332,0,2,1,1,7,NA,NA,NA,NA,NA
121778823,3.78015522531299,9112,0,0,1,1,4,NA,NA,NA,NA,NA
45177663,4.52723425516123,9334,0,0,1,1,3,NA,NA,NA,NA,NA
46277558,24.6602769010232,7115,0,0,2,1,2,NA,NA,NA,NA,NA
24211350,23.6519287699075,2352,5,0,1,1,5,NA,NA,NA,NA,NA
88066883,3.39768883088714,3434,0,2,1,1,1,NA,NA,NA,NA,NA
616779934,83.8018215905455,2519,5,0,1,1,3,NA,NA,NA,NA,NA
352661211,17.4343211498199,9112,1,0,2,1,30,NA,NA,NA,NA,NA
220342101,1,8160,1,1,2,1,2920,NA,NA,NA,NA,NA
12166557,31.7496431070843,3123,4,1,1,1,2,NA,NA,NA,NA,NA
66088114,17.8787440435157,3142,4,0,1,1,1,NA,NA,NA,NA,NA
24277554,22.6496228380874,7112,2,0,1,1,4,NA,NA,NA,NA,NA
451881244,462.074248446162,7212,3,3,2,1,10,NA,NA,NA,NA,NA
561111277,4.75313536812026,3221,3,0,1,1,3,NA,NA,NA,NA,NA
770661277,4.75313536812026,7231,0,0,1,1,1,NA,NA,NA,NA,NA
880018701,4.02535651150994,9333,1,0,2,1,110,NA,NA,NA,NA,NA
11349834,1,9411,2,2,1,1,800,NA,NA,NA,NA,NA
66099773,2.02512187695574,8332,2,5,1,1,36,NA,NA,NA,NA,NA
660997723,3.5372587568796,5120,0,0,1,1,2,NA,NA,NA,NA,NA
55055339,16.8017324042206,5414,4,1,1,1,1,NA,NA,NA,NA,NA
99066774,3.74780012609433,8332,2,2,1,1,10,NA,NA,NA,NA,NA
33002100,2.74083417047324,2434,4,2,2,1,5,NA,NA,NA,NA,NA
59411351,14.2133793129833,2330,5,5,2,1,27,NA,NA,NA,NA,NA
44023446,17.8161893071709,2221,5,0,1,1,67,NA,NA,NA,NA,NA
34177349,10.8202217704964,1120,5,3,1,1,1,NA,NA,NA,NA,NA
4407712432,6.8876173488553,5414,2,0,1,1,12,NA,NA,NA,NA,NA
2209912433,4.1617206494349,3119,4,1,1,1,3,NA,NA,NA,NA,NA
33002099,3.05560038266833,2511,5,0,2,1,1,NA,NA,NA,NA,NA
33012326,3.18794295633118,7412,5,1,1,1,2,NA,NA,NA,NA,NA
220127667,5.64116086302934,5223,3,0,2,1,2,NA,NA,NA,NA,NA
44066449,6.04892692370184,8332,2,0,1,1,1,NA,NA,NA,NA,NA
45166890,12.8797783942311,9412,2,0,2,1,4,NA,NA,NA,NA,NA
78166131,15.0211478886385,5230,2,0,2,1,10,NA,NA,NA,NA,NA
55012222,3.4466685455485,7233,2,3,1,1,10,NA,NA,NA,NA,NA
22077345,11.4391350739138,2352,5,0,1,1,4,NA,NA,NA,NA,NA
22011668,13.778107439158,5230,0,0,2,1,7,NA,NA,NA,NA,NA
33099888,4.66906230883171,5131,0,0,2,1,4,NA,NA,NA,NA,NA
77066331,4.18840552816858,5223,2,0,2,1,1,NA,NA,NA,NA,NA
33099999,4.01755510457196,3114,5,0,1,1,1,NA,NA,NA,NA,NA
330883433,1.79800552387734,2330,5,0,1,1,6,NA,NA,NA,NA,NA
1166021,5.35480683456073,5153,3,0,1,1,1,NA,NA,NA,NA,NA
99066349,10.8202217704964,9312,2,0,1,1,2,NA,NA,NA,NA,NA
781886645,5.11925815814655,5223,0,0,1,1,3,NA,NA,NA,NA,NA
715113411,11.6878087424019,5312,2,3,1,2,NA,1,8,9,NA,NA
55099129,12.4728093486332,2411,5,2,2,1,1,NA,NA,NA,NA,NA
44077123,17.0012048076737,9112,3,0,1,2,NA,4,NA,NA,NA,NA
88055776,14.7227422316396,8322,2,0,1,1,1,NA,NA,NA,NA,NA
88011349,10.8202217704964,3612,3,2,1,1,1,NA,NA,NA,NA,NA
121663477,5.34290126427455,9313,0,0,2,1,2,NA,NA,NA,NA,NA
78111349,10.8202217704964,1345,5,2,1,1,1,NA,NA,NA,NA,NA
99077449,6.04892692370184,9313,2,0,1,1,1,NA,NA,NA,NA,NA
34155131,15.0211478886385,9112,2,0,2,1,4,NA,NA,NA,NA,NA
88012120,4.61877666218048,3334,4,2,1,1,2,NA,NA,NA,NA,NA
13288774,2.4488534550445,4321,2,0,2,1,5,NA,NA,NA,NA,NA
55077991,9.81765801358457,2153,5,0,1,2,NA,6,9,NA,NA,NA
56177773,3.35156194954141,8332,2,3,1,1,1,NA,NA,NA,NA,NA
22034112,2.45108453867106,2411,5,1,2,1,1,NA,NA,NA,NA,NA
550889901,4.09466738576137,3511,3,1,1,1,4,NA,NA,NA,NA,NA
22099780,7.86632675576514,8332,2,0,1,1,2,NA,NA,NA,NA,NA
440991112,4.83847753256889,9211,3,0,2,1,1,NA,NA,NA,NA,NA
1001661211,17.4343211498199,7211,0,0,2,1,1,NA,NA,NA,NA,NA
330553422,1.65730883864262,2352,5,0,1,1,2,NA,NA,NA,NA,NA
33999934,25.2871145670537,2434,5,3,2,1,2,NA,NA,NA,NA,NA
44099333,4.03800303779987,7233,4,2,1,1,2,NA,NA,NA,NA,NA
66089000,2.74083417047324,7422,3,1,1,1,5,NA,NA,NA,NA,NA
990885501,17.8295127997664,3113,3,2,1,1,8,NA,NA,NA,NA,NA
68211350,17.9887620005335,2330,5,0,1,1,2,NA,NA,NA,NA,NA
660553345,6.47466010089871,9412,2,1,2,1,1,NA,NA,NA,NA,NA
88012767,11.4287913093968,9329,2,1,1,1,14,NA,NA,NA,NA,NA
66066343,7.72485772324824,5312,4,2,1,1,2,NA,NA,NA,NA,NA
22099663,4.52723425516123,5245,0,0,1,1,10,NA,NA,NA,NA,NA
77012766,17.6970292822405,7511,1,1,2,1,12,NA,NA,NA,NA,NA
27511345,5.57901030683986,1341,5,5,1,1,10,NA,NA,NA,NA,NA
2266128,10.9241925663285,9112,0,1,1,1,3,NA,NA,NA,NA,NA
781661233,6.0979201785786,5414,3,0,1,1,15,NA,NA,NA,NA,NA
45188119,20.4818040565633,7521,2,0,1,1,12,NA,NA,NA,NA,NA
11663444,258.866416475489,2330,5,0,1,1,1,NA,NA,NA,NA,NA
58311345,7.47445554885214,2341,5,2,1,1,4,NA,NA,NA,NA,NA
220883323,3.67100582805091,5223,2,0,1,1,1,NA,NA,NA,NA,NA
33778801,6.38196910193067,5230,2,0,1,1,72,NA,NA,NA,NA,NA
88001877,5.57336607968624,8332,2,2,1,1,7,NA,NA,NA,NA,NA
231667723,2.24532505607921,9329,0,0,1,2,NA,2,NA,NA,NA,NA
330123223,2.73157097967576,2113,5,3,1,2,NA,12,NA,NA,NA,NA
330774456,3.23155869787241,3343,2,0,2,1,2,NA,NA,NA,NA,NA
44889934,83.8018215905455,3313,3,3,1,1,1,NA,NA,NA,NA,NA
88001761,8.91560005738092,5223,2,0,1,1,2,NA,NA,NA,NA,NA
12112549,2.71332632180879,9129,2,2,1,1,1,NA,NA,NA,NA,NA
77088890,8.1756216135078,5132,2,1,1,1,2,NA,NA,NA,NA,NA
341881211,7.3679960442521,9214,0,0,2,1,80,NA,NA,NA,NA,NA
69377881,4.15580958287232,5131,0,1,1,1,1,NA,NA,NA,NA,NA
22099890,8.1756216135078,5131,4,0,1,1,3,NA,NA,NA,NA,NA
23177340,13.1091876830554,8332,2,0,1,1,3,NA,NA,NA,NA,NA
3311343,7.72485772324824,4110,1,NA,NA,2,NA,1,3,6,8,9
2206666554,27.0840741567653,3322,3,1,1,1,1,NA,NA,NA,NA,NA
550993433,1.79800552387734,2244,5,0,1,1,7,NA,NA,NA,NA,NA
77066349,10.8202217704964,3221,3,0,2,1,5,NA,NA,NA,NA,NA
55055334,3.83623723147949,7522,0,0,2,1,1,NA,NA,NA,NA,NA
22033350,10.6093860452297,2248,5,0,1,1,60,NA,NA,NA,NA,NA
781775545,10.6466910555505,3123,5,5,1,1,2,NA,NA,NA,NA,NA
88033125,15.9827479174487,5414,2,5,1,1,14,NA,NA,NA,NA,NA
55077020,4.61877666218049,2433,4,0,1,1,2,NA,NA,NA,NA,NA
704771244,139.430435247979,5322,2,0,1,1,120,NA,NA,NA,NA,NA
33001450,10.6093860452297,2330,5,0,1,1,20,NA,NA,NA,NA,NA
1012999934,25.2871145670538,3322,4,3,1,1,10,NA,NA,NA,NA,NA
66099125,10.4433017081777,7543,3,1,1,1,2,NA,NA,NA,NA,NA
440776601,16.3994932203154,9334,0,0,1,1,12,NA,NA,NA,NA,NA
33077018,4.99016341597905,3321,2,1,1,1,20,NA,NA,NA,NA,NA
231886612,1.88036935313171,5120,0,3,2,1,3,NA,NA,NA,NA,NA
11777756,3.01617970092595,9629,1,0,2,1,2,NA,NA,NA,NA,NA
770448856,2.2233740864553,5120,0,0,2,1,2,NA,NA,NA,NA,NA
220993455,3.63733547255337,9112,2,0,1,1,2,NA,NA,NA,NA,NA
12188999,4.01755510457195,2656,0,5,1,1,5,NA,NA,NA,NA,NA
13266129,12.4728093486332,5414,2,1,1,1,8,NA,NA,NA,NA,NA
55099446,2.98931841919601,7126,3,0,1,1,3,NA,NA,NA,NA,NA
55121342,5.8725273725894,5153,2,0,2,1,12,NA,NA,NA,NA,NA
79277557,24.1475770966248,9313,0,0,2,1,10,NA,NA,NA,NA,NA
77066125,15.9827479174487,3240,4,0,1,1,1,NA,NA,NA,NA,NA
891886601,16.3994932203154,5223,2,0,2,1,5,NA,NA,NA,NA,NA
22668834,87.5598207598285,9412,3,1,1,1,7,NA,NA,NA,NA,NA
440127612,1,3313,3,0,2,1,1,NA,NA,NA,NA,NA
704113466,3.92919633519165,9112,2,0,1,1,1,NA,NA,NA,NA,NA
33034449,1,2310,6,2,1,1,39,NA,NA,NA,NA,NA
45188664,9.07687591121961,5223,2,0,1,1,1,NA,NA,NA,NA,NA
66088553,7.1849933524850504,2142,5,0,1,2,NA,2,4,6,8,9
891771145,6.42362962852544,9215,0,0,1,1,54,NA,NA,NA,NA,NA
22034764,4.4269067491022,5223,2,1,1,1,25,NA,NA,NA,NA,NA
66066890,12.8797783942311,4224,3,2,1,1,1,NA,NA,NA,NA,NA
44001989,8.1432035691453,9629,0,0,2,1,30,NA,NA,NA,NA,NA
572775501,17.8295127997664,2142,5,2,1,1,2,NA,NA,NA,NA,NA
341113477,5.34290126427455,2352,5,0,1,1,3,NA,NA,NA,NA,NA
46288661,8.91560005738092,3343,3,0,2,1,1,NA,NA,NA,NA,NA
56177560,51.3230634997549,2142,5,0,2,1,1,NA,NA,NA,NA,NA
902121144,153.635728563717,4120,3,2,1,1,1,NA,NA,NA,NA,NA
440663312,2.0096822241167,7212,0,0,1,1,1,NA,NA,NA,NA,NA
45166340,13.1091876830554,7212,2,2,1,1,3,NA,NA,NA,NA,NA
891773323,3.67100582805091,5246,2,0,2,1,8,NA,NA,NA,NA,NA
5507755992,32.5780408929994,3123,2,2,1,1,3,NA,NA,NA,NA,NA
55055778,8.6575183407399,8322,2,0,1,1,2,NA,NA,NA,NA,NA
11667701,9.52489085806869,3152,0,5,1,1,2,NA,NA,NA,NA,NA
770111266,4.65052397813388,5414,2,1,1,1,3,NA,NA,NA,NA,NA
660885556,11.3648420156433,9313,0,0,1,1,6,NA,NA,NA,NA,NA
451882234,57.4653099581732,2146,5,0,2,1,1,NA,NA,NA,NA,NA
22055663,4.52723425516123,2243,5,5,1,1,1,NA,NA,NA,NA,NA
836113455,5.73021563945187,2635,4,1,1,1,4,NA,NA,NA,NA,NA
77077345,7.47445554885214,2341,5,2,1,1,5,NA,NA,NA,NA,NA
88001766,27.0840741567653,5223,0,1,2,1,1,NA,NA,NA,NA,NA
660441112,4.83847753256889,9211,2,0,2,1,40,NA,NA,NA,NA,NA
792123234,21.0869726612122,8113,0,4,1,1,74,NA,NA,NA,NA,NA
2202343992,8.32124240624532,8160,0,0,2,1,7,NA,NA,NA,NA,NA
22001226,14.0061915420058,5151,2,1,1,1,100,NA,NA,NA,NA,NA
220883466,2.37414721167236,2341,5,0,1,1,6,NA,NA,NA,NA,NA
100111338,8.08177884659016,7212,4,1,2,1,1,NA,NA,NA,NA,NA
330881156,4.4086649204006,6222,0,0,1,1,13,NA,NA,NA,NA,NA
1166772,9.00362602625772,8332,4,3,1,1,3,NA,NA,NA,NA,NA
33011014,4.01679227892075,9112,2,0,1,1,1,NA,NA,NA,NA,NA
330778812,3.20383500566392,9112,0,0,2,1,2,NA,NA,NA,NA,NA
2200165454,4.49944548500421,7126,0,1,1,1,13,NA,NA,NA,NA,NA
44034660,1,3123,5,4,1,1,5,NA,NA,NA,NA,NA
14311349,10.8202217704964,5312,4,0,1,1,2,NA,NA,NA,NA,NA
78166777,7.32795606064763,8331,0,2,1,2,NA,6,NA,NA,NA,NA
330991112,4.83847753256889,4321,0,0,1,1,3,NA,NA,NA,NA,NA
88099119,26.9298226643207,8342,2,4,1,1,2,NA,NA,NA,NA,NA
90277551,19.3075073460585,7233,3,1,1,1,3,NA,NA,NA,NA,NA
22001327,2.27769492426176,7233,4,2,1,1,4,NA,NA,NA,NA,NA
44012431,1.85898800667999,8142,2,0,2,1,30,NA,NA,NA,NA,NA
440441266,4.65052397813388,7541,2,1,1,1,2,NA,NA,NA,NA,NA
25377338,6.14669516497218,7233,1,1,1,1,4,NA,NA,NA,NA,NA
36377996,6.10920645087901,7422,2,1,1,1,30,NA,NA,NA,NA,NA
45155776,14.7227422316396,8322,0,0,1,1,12,NA,NA,NA,NA,NA
1199130,12.7061325146884,5414,0,0,1,1,30,NA,NA,NA,NA,NA
1001888834,87.5598207598285,9112,0,0,2,1,6,NA,NA,NA,NA,NA
220771211,17.4343211498199,2423,5,1,1,1,1,NA,NA,NA,NA,NA
561776612,2.96231182319223,5223,1,0,2,1,1,NA,NA,NA,NA,NA
12188334,3.83623723147949,7411,3,5,2,1,19,NA,NA,NA,NA,NA
22012324,4.9718709548347,2421,6,3,1,1,1,NA,NA,NA,NA,NA
77077125,15.9827479174487,2230,5,2,1,1,2,NA,NA,NA,NA,NA
12177773,3.35156194954141,8331,2,2,1,1,6,NA,NA,NA,NA,NA
12166666,27.0840741567653,8322,0,0,1,1,1,NA,NA,NA,NA,NA
242777701,9.52489085806872,3152,1,0,1,1,2,NA,NA,NA,NA,NA
891771123,3.39212157220047,6121,0,3,2,1,3,NA,NA,NA,NA,NA
88066015,4.61789358648057,3313,3,2,1,1,1,NA,NA,NA,NA,NA
880996656,3.84563853409296,7231,3,0,1,1,2,NA,NA,NA,NA,NA
66012871,3.13217582716262,8332,1,5,1,1,58,NA,NA,NA,NA,NA
6607722333,4.63486624771528,3121,5,5,1,1,2,NA,NA,NA,NA,NA
1177344,5.03215123785774,4321,2,3,1,1,1,NA,NA,NA,NA,NA
33099670,19.8102936720593,9321,0,0,2,1,1,NA,NA,NA,NA,NA
1034771244,58.0600095807979,9112,3,0,1,1,20,NA,NA,NA,NA,NA
550887767,3.89141327964785,8332,2,1,1,1,1,NA,NA,NA,NA,NA
330771233,6.0979201785786,2141,5,5,1,1,1,NA,NA,NA,NA,NA
231778812,2.03367961130068,5131,2,0,2,1,2,NA,NA,NA,NA,NA
33034119,3.34597568865511,3322,3,2,2,1,10,NA,NA,NA,NA,NA
22001437,8.04017439763438,5223,5,5,1,1,3,NA,NA,NA,NA,NA
12188342,3.54837053120246,2341,4,2,1,1,1,NA,NA,NA,NA,NA
39611342,5.87252737258939,9112,4,5,1,1,1,NA,NA,NA,NA,NA
56188779,14.1136507463825,8332,2,2,1,1,8,NA,NA,NA,NA,NA
44001326,2.37951332973283,9129,3,1,1,1,50,NA,NA,NA,NA,NA
55044340,13.1091876830554,7233,4,0,1,1,1,NA,NA,NA,NA,NA
22012211,4.66282369386627,8142,2,0,1,1,6,NA,NA,NA,NA,NA
990122244,169.558766002071,3341,5,5,1,1,6,NA,NA,NA,NA,NA
55066449,6.04892692370184,7126,0,3,1,1,6,NA,NA,NA,NA,NA
33088774,3.74780012609433,8332,2,3,1,1,3,NA,NA,NA,NA,NA
132123234,21.0869726612122,8112,3,NA,NA,1,49,NA,NA,NA,NA,NA
79277887,5.57879253831152,5223,0,0,2,1,4,NA,NA,NA,NA,NA
88066553,11.8911116421776,3257,4,5,1,1,1,NA,NA,NA,NA,NA
78144118,42.867581772155,9211,0,0,2,1,50,NA,NA,NA,NA,NA
660661112,4.83847753256889,9216,0,0,2,1,2,NA,NA,NA,NA,NA
5501232332,2.05714578235601,7112,2,3,1,1,8,NA,NA,NA,NA,NA
2206655554,45.3529257956236,9313,2,0,1,1,2,NA,NA,NA,NA,NA
990665512,6.00511406216661,3343,4,0,2,1,1,NA,NA,NA,NA,NA
66088449,6.04892692370184,8342,0,0,1,1,4,NA,NA,NA,NA,NA
5509911013,11.9538546864424,3256,4,1,2,1,5,NA,NA,NA,NA,NA
561661167,22.5720086639088,9211,0,0,2,1,40,NA,NA,NA,NA,NA
35277128,10.9241925663285,5414,2,1,1,1,20,NA,NA,NA,NA,NA
56177884,5.02331052128334,7412,0,0,1,1,1,NA,NA,NA,NA,NA
33055337,8.04017439763438,9329,0,0,1,1,5,NA,NA,NA,NA,NA
88077342,3.54837053120246,2330,5,0,1,1,2,NA,NA,NA,NA,NA
22012654,1,3123,5,2,1,1,6,NA,NA,NA,NA,NA
4406677013,9.52489085806869,8322,3,0,1,1,5,NA,NA,NA,NA,NA
56111018,4.99016341597904,4226,5,0,1,1,5,NA,NA,NA,NA,NA
330331211,17.4343211498199,7511,1,0,2,1,2,NA,NA,NA,NA,NA
990777767,3.89141327964785,8343,0,0,2,1,1,NA,NA,NA,NA,NA
231778867,2.91343494114822,5131,2,0,2,1,4,NA,NA,NA,NA,NA
121888823,2.39950702694744,5131,2,1,1,1,7,NA,NA,NA,NA,NA
48411351,14.2133793129833,2634,5,0,1,1,1,NA,NA,NA,NA,NA
89177125,15.9827479174487,5414,2,2,1,1,5,NA,NA,NA,NA,NA
23188442,3.46201747387135,7126,3,3,1,2,NA,8,NA,NA,NA,NA
220773455,5.73021563945187,2341,5,NA,1,1,1,NA,NA,NA,NA,NA
220121111,2.83554857378346,2411,5,2,1,1,4,NA,NA,NA,NA,NA
12166886,17.8979195718987,5132,0,0,2,1,2,NA,NA,NA,NA,NA
220663477,5.34290126427455,2353,5,0,1,1,2,NA,NA,NA,NA,NA
220127645,5.11925815814655,5223,0,0,1,1,2,NA,NA,NA,NA,NA
24277018,4.99016341597904,5414,2,0,1,1,2,NA,NA,NA,NA,NA
13277331,4.18840552816858,7233,3,0,1,2,NA,1,4,NA,NA,NA
891661277,3.61505489574363,9211,0,2,2,1,3,NA,NA,NA,NA,NA
55001217,54.9293399164394,9212,1,0,2,1,1,NA,NA,NA,NA,NA
121991244,139.430435247979,4311,5,4,2,1,1,NA,NA,NA,NA,NA
33001440,5.54013214292018,7212,0,3,2,1,5,NA,NA,NA,NA,NA
440113466,3.92919633519165,1345,6,10,1,1,1,NA,NA,NA,NA,NA
66055128,14.3633132974849,7119,2,0,1,1,3,NA,NA,NA,NA,NA
440015467,2.2551077502171,2423,3,0,1,1,1,NA,NA,NA,NA,NA
220342145,1,9211,3,1,1,1,43,NA,NA,NA,NA,NA
330998801,6.38196910193067,5151,4,5,1,1,5,NA,NA,NA,NA,NA
33088224,4.9718709548347,3121,5,0,1,1,2,NA,NA,NA,NA,NA
13277020,4.61877666218049,9112,0,0,2,1,1,NA,NA,NA,NA,NA
715113466,2.37414721167236,5321,4,1,1,1,6,NA,NA,NA,NA,NA
22778823,3.78015522531299,5131,3,0,1,1,5,NA,NA,NA,NA,NA
693773334,231.669315520792,7512,2,1,1,1,1,NA,NA,NA,NA,NA
440998845,1.43698803383698,1439,4,2,1,1,2,NA,NA,NA,NA,NA
220018723,3.5372587568796,3153,5,6,1,1,2,NA,NA,NA,NA,NA
44099334,3.83623723147949,3323,3,1,1,1,4,NA,NA,NA,NA,NA
45199669,21.6344070654774,3323,0,0,2,1,1,NA,NA,NA,NA,NA
462020934,30.7511909728815,4110,4,1,1,1,9,NA,NA,NA,NA,NA
24277668,13.778107439158,5245,2,3,2,1,2,NA,NA,NA,NA,NA
12188332,6.91655838195872,9112,0,0,1,1,1,NA,NA,NA,NA,NA
33012876,14.7227422316396,1212,5,4,1,1,1,NA,NA,NA,NA,NA
79211351,22.3915910543013,5312,4,0,2,1,2,NA,NA,NA,NA,NA
264113455,5.73021563945187,5321,2,3,2,1,1,NA,NA,NA,NA,NA
44012880,3.32442335558736,5112,2,0,1,1,57,NA,NA,NA,NA,NA
67166114,11.6821662441338,6112,2,1,2,1,5,NA,NA,NA,NA,NA
44099340,8.32124240624532,8183,0,1,2,1,9,NA,NA,NA,NA,NA
440773345,6.47466010089871,5223,2,0,1,2,NA,2,NA,NA,NA,NA
77088887,4.24301849537621,9112,1,0,2,1,2,NA,NA,NA,NA,NA
330127656,2.32365889203429,9211,0,0,1,1,18,NA,NA,NA,NA,NA
68277129,7.35619546493945,9211,0,0,2,1,1535,NA,NA,NA,NA,NA
22088560,51.3230634997549,2635,5,0,2,1,2,NA,NA,NA,NA,NA
23188337,8.04017439763438,8322,2,0,1,1,1,NA,NA,NA,NA,NA
56188117,54.9293399164394,9211,0,1,1,1,300,NA,NA,NA,NA,NA
66099446,2.98931841919601,7212,4,1,1,1,1,NA,NA,NA,NA,NA
99011448,4.04657594733918,9211,3,0,2,1,56,NA,NA,NA,NA,NA
44066349,10.8202217704964,3343,4,2,1,1,1,NA,NA,NA,NA,NA
22001448,6.88268729828353,3611,4,0,1,1,4,NA,NA,NA,NA,NA
440447723,2.2453250560792,8331,2,2,1,1,2,NA,NA,NA,NA,NA
803347634,187.379380067485,2433,5,2,1,1,3,NA,NA,NA,NA,NA
550122211,1,7515,3,1,1,1,50,NA,NA,NA,NA,NA
1023668834,87.5598207598285,9411,0,0,1,1,3,NA,NA,NA,NA,NA
33044887,5.57879253831152,1412,2,2,1,1,1,NA,NA,NA,NA,NA
660669923,3.11005036430238,3522,3,0,1,1,10,NA,NA,NA,NA,NA
22002094,3.8011582358127,3323,4,2,2,1,1,NA,NA,NA,NA,NA
23199776,9.62000025845905,8332,2,NA,1,1,3,NA,NA,NA,NA,NA
45111351,22.3915910543013,2341,5,0,1,1,1,NA,NA,NA,NA,NA
2266777,7.32795606064763,8332,2,1,1,1,1,NA,NA,NA,NA,NA
33055661,8.91560005738092,5131,2,0,1,1,6,NA,NA,NA,NA,NA
451880144,153.635728563717,3322,3,3,2,1,2,NA,NA,NA,NA,NA
99001437,3.60652676089592,3112,2,2,2,1,100,NA,NA,NA,NA,NA
34177350,17.9887620005335,5120,2,2,1,1,5,NA,NA,NA,NA,NA
902113455,5.73021563945187,2341,5,1,1,1,1,NA,NA,NA,NA,NA
990447701,6.04605927074092,9112,0,0,1,1,20,NA,NA,NA,NA,NA
2266340,13.1091876830554,7126,0,0,1,1,10,NA,NA,NA,NA,NA
67177666,27.0840741567653,5223,3,1,1,1,4,NA,NA,NA,NA,NA
121661233,6.0979201785786,3114,4,0,2,1,1,NA,NA,NA,NA,NA
231558812,3.20383500566392,3434,5,0,2,1,1,NA,NA,NA,NA,NA
77077554,34.6636746080955,7126,0,0,1,1,2,NA,NA,NA,NA,NA
55066887,5.57879253831152,5131,2,0,1,1,2,NA,NA,NA,NA,NA
44088444,3.2825743931432,3132,1,0,1,1,10,NA,NA,NA,NA,NA
2277670,19.8102936720593,5223,3,0,2,1,2,NA,NA,NA,NA,NA
33099350,17.9887620005335,2352,5,0,2,1,3,NA,NA,NA,NA,NA
22099342,3.54837053120246,2330,5,0,1,1,7,NA,NA,NA,NA,NA
99055667,11.4287913093968,9329,0,0,2,1,4,NA,NA,NA,NA,NA
220777767,3.89141327964785,8332,2,3,1,1,1,NA,NA,NA,NA,NA
242661167,17.1674156335887,9211,0,0,2,1,20,NA,NA,NA,NA,NA
440668867,2.91343494114822,5131,2,0,2,1,4,NA,NA,NA,NA,NA
330773477,4.06360851879736,2330,5,8,1,1,2,NA,NA,NA,NA,NA
45188128,6.44285449800106,9112,1,0,2,1,30,NA,NA,NA,NA,NA
13299669,16.4543113379694,7512,0,2,2,1,3,NA,NA,NA,NA,NA
67188779,14.1136507463825,3331,2,1,1,2,NA,12,NA,NA,NA,NA
77099773,2.02512187695574,8331,2,3,1,1,15,NA,NA,NA,NA,NA
20911342,5.8725273725894,6113,0,0,2,1,1,NA,NA,NA,NA,NA
770996667,5.64116086302934,5245,0,1,2,1,2,NA,NA,NA,NA,NA
550443411,11.6878087424019,5164,4,0,NA,1,5,NA,NA,NA,NA,NA
572113466,1.74394022113855,9112,1,0,1,1,5,NA,NA,NA,NA,NA
1166129,16.3994608559366,7322,5,0,2,1,1,NA,NA,NA,NA,NA
22034446,1,2310,7,3,1,1,41,NA,NA,NA,NA,NA
22013099,1.80212757602321,2642,5,5,1,1,36,NA,NA,NA,NA,NA
79288662,8.40385045878902,5223,2,2,1,1,2,NA,NA,NA,NA,NA
12188224,3.24867467744887,7212,3,5,1,1,10,NA,NA,NA,NA,NA
22023544,2.14486988997102,3132,2,0,1,1,6,NA,NA,NA,NA,NA
660558823,3.78015522531299,5132,2,0,2,1,1,NA,NA,NA,NA,NA
11996667,5.64116086302934,5245,2,1,1,1,5,NA,NA,NA,NA,NA
101211344,5.03215123785774,3132,3,0,1,1,2,NA,NA,NA,NA,NA
880771255,5.81496886942004,7115,0,3,1,1,5,NA,NA,NA,NA,NA
880885567,13.3436866244682,7115,0,1,1,1,9,NA,NA,NA,NA,NA
4411348,6.88268729828353,2243,4,0,1,1,1,NA,NA,NA,NA,NA
34199342,3.54837053120246,2341,5,0,1,1,22,NA,NA,NA,NA,NA
3308855992,32.5780408929994,7115,2,1,1,1,15,NA,NA,NA,NA,NA
792771233,3.8707411326085,5414,3,0,1,1,2,NA,NA,NA,NA,NA
660012167,10.1249735724033,9112,2,0,2,1,50,NA,NA,NA,NA,NA
33077991,9.81765801358457,2642,5,5,1,1,1,NA,NA,NA,NA,NA
22034432,4.17920775549524,7212,4,4,1,1,5,NA,NA,NA,NA,NA
44001433,2.43989173232533,3123,4,0,2,1,4,NA,NA,NA,NA,NA
440234334,69.9059807061057,9329,2,0,2,1,6,NA,NA,NA,NA,NA
45166020,4.61877666218048,9112,3,1,2,1,3,NA,NA,NA,NA,NA
770770177,2.48919632647864,4416,2,0,2,1,3,NA,NA,NA,NA,NA
88088224,4.9718709548347,3121,3,5,2,1,1,NA,NA,NA,NA,NA
45177337,8.04017439763438,7512,0,1,1,1,3,NA,NA,NA,NA,NA
66001769,21.6344070654774,5245,1,0,1,1,17,NA,NA,NA,NA,NA
33088131,15.0211478886385,3212,4,0,1,1,1,NA,NA,NA,NA,NA
770551211,17.4343211498199,8322,3,0,1,1,2,NA,NA,NA,NA,NA
66055664,9.07687591121961,2230,5,3,1,1,2,NA,NA,NA,NA,NA
55001764,9.07687591121961,4321,2,1,1,1,1,NA,NA,NA,NA,NA
550014301,7.12560837946903,7223,3,5,2,1,4,NA,NA,NA,NA,NA
68277332,6.91655838195872,4322,3,2,1,1,3,NA,NA,NA,NA,NA
34188778,8.6575183407399,8331,2,1,1,1,5,NA,NA,NA,NA,NA
11881255,3.69113378472407,5414,2,1,1,1,20,NA,NA,NA,NA,NA
68277020,4.61877666218049,9112,0,0,2,1,1,NA,NA,NA,NA,NA
220991156,2.66385760218223,5414,4,2,1,2,NA,1,4,NA,NA,NA
44066336,12.7070854301968,9333,0,0,2,2,NA,6,7,NA,NA,NA
33012230,1,9112,0,0,2,1,70,NA,NA,NA,NA,NA
88022019,3.34597568865511,8322,3,0,1,1,1,NA,NA,NA,NA,NA
88088663,4.52723425516123,7511,2,0,1,1,1,NA,NA,NA,NA,NA
770996656,3.84563853409296,4321,2,0,2,1,1,NA,NA,NA,NA,NA
66002099,1.80212757602321,2511,5,NA,1,1,80,NA,NA,NA,NA,NA
23166998,3.22251567262593,3512,4,0,1,1,5,NA,NA,NA,NA,NA
89155888,6.13896215578772,5230,2,0,2,1,2,NA,NA,NA,NA,NA
463213444,258.86641647549,4226,2,1,2,1,4,NA,NA,NA,NA,NA
451775567,17.5445050393423,9313,0,0,2,1,13,NA,NA,NA,NA,NA
451887767,3.89141327964785,8332,0,3,1,1,7,NA,NA,NA,NA,NA
330669912,2.53210239860824,2642,5,0,2,1,1,NA,NA,NA,NA,NA
4409966554,27.0840741567653,2432,5,1,1,1,1,NA,NA,NA,NA,NA
22001445,7.47445554885214,2352,5,0,1,1,4,NA,NA,NA,NA,NA
57211351,22.3915910543013,2352,5,0,2,1,1,NA,NA,NA,NA,NA
22023872,9.00362602625772,9333,4,0,2,1,5,NA,NA,NA,NA,NA
1177114,17.8787440435157,6112,2,10,2,1,6,NA,NA,NA,NA,NA
12166559,61.8329989886565,9313,2,0,1,1,5,NA,NA,NA,NA,NA
24244122,7.76553992713583,5414,2,0,1,1,6,NA,NA,NA,NA,NA
88077340,13.1091876830554,9214,0,0,2,1,1,NA,NA,NA,NA,NA
121668856,2.2233740864553,9112,1,2,1,2,NA,8,NA,NA,NA,NA
891778845,2.1583466704331302,5120,0,1,2,1,3,NA,NA,NA,NA,NA
45111331,4.18840552816857,7127,4,1,1,1,1,NA,NA,NA,NA,NA
1023669934,83.8018215905455,2512,5,2,1,1,16,NA,NA,NA,NA,NA
132130934,30.7511909728815,2423,5,2,1,1,1,NA,NA,NA,NA,NA
22077128,14.3633132974849,2230,5,0,2,1,2,NA,NA,NA,NA,NA
66077996,6.10920645087901,3522,4,0,1,1,1,NA,NA,NA,NA,NA
440991123,3.39212157220047,7541,0,0,1,1,15,NA,NA,NA,NA,NA
3305534654,36.5300984902798,2341,5,0,1,1,7,NA,NA,NA,NA,NA
12101432,4.17920775549524,3122,5,5,2,1,3,NA,NA,NA,NA,NA
22034433,1,8121,2,1,1,1,4,NA,NA,NA,NA,NA
913113444,258.866416475489,2352,5,1,1,1,3,NA,NA,NA,NA,NA
550771277,4.75313536812026,3111,2,0,1,1,3,NA,NA,NA,NA,NA
78177883,3.39768883088714,5230,2,2,1,1,2,NA,NA,NA,NA,NA
231128734,70.6340597329064,4222,2,1,1,1,1,NA,NA,NA,NA,NA
34188120,18.8571497898326,6221,0,0,1,1,6,NA,NA,NA,NA,NA
220771277,4.75313536812026,3313,4,1,1,1,1,NA,NA,NA,NA,NA
1177223,4.63486624771528,3113,4,3,1,1,2,NA,NA,NA,NA,NA
2208855882,61.8329989886565,3123,3,2,1,1,1,NA,NA,NA,NA,NA
550881255,5.81496886942004,7212,3,1,1,2,NA,1,3,4,NA,NA
220883356,1.99192662405012,8160,3,1,1,1,1,NA,NA,NA,NA,NA
3377339,16.8017324042206,7223,3,0,2,2,NA,8,NA,NA,NA,NA
286113477,5.34290126427455,1349,6,5,1,1,1,NA,NA,NA,NA,NA
990551156,4.4086649204006,7544,2,0,1,1,1,NA,NA,NA,NA,NA
1166018,4.99016341597904,7522,0,0,2,1,1,NA,NA,NA,NA,NA
440127645,3.24952156487532,9334,2,0,2,1,2,NA,NA,NA,NA,NA
33001326,3.18794295633118,5243,5,1,1,1,3,NA,NA,NA,NA,NA
55088663,4.52723425516123,8332,2,2,1,1,1,NA,NA,NA,NA,NA
2277336,12.7070854301968,9412,2,0,1,1,1,NA,NA,NA,NA,NA
22012121,5.35480683456073,4110,2,0,1,1,6,NA,NA,NA,NA,NA
440886645,5.11925815814655,3313,3,5,2,1,1,NA,NA,NA,NA,NA
22886645,3.24952156487532,5245,2,0,1,1,6,NA,NA,NA,NA,NA
440553367,3.62996180403925,2113,6,2,1,1,1,NA,NA,NA,NA,NA
550993367,2.76081158535236,7223,3,0,1,1,5,NA,NA,NA,NA,NA
550238734,53.1258693953205,9333,4,1,1,1,400,NA,NA,NA,NA,NA
23166334,3.83623723147949,7212,3,0,1,1,1,NA,NA,NA,NA,NA
66077129,16.3994608559366,2230,5,0,2,1,1,NA,NA,NA,NA,NA
33034322,1,8112,5,4,2,1,10,NA,NA,NA,NA,NA
66077114,17.8787440435157,4120,0,0,2,1,1,NA,NA,NA,NA,NA
88066349,10.8202217704964,8322,2,0,1,1,1,NA,NA,NA,NA,NA
220661266,4.65052397813388,7411,3,0,1,1,2,NA,NA,NA,NA,NA
5509966554,17.6970292822405,5223,2,0,2,1,1,NA,NA,NA,NA,NA
44099668,13.778107439158,5245,2,0,1,1,6,NA,NA,NA,NA,NA
55001324,3.24867467744887,8342,1,5,1,1,10,NA,NA,NA,NA,NA
55066128,14.3633132974849,2132,7,6,1,1,3,NA,NA,NA,NA,NA
99088114,11.6821662441338,8341,2,1,1,2,NA,8,NA,NA,NA,NA
22022349,10.8202217704964,3151,2,0,2,1,2,NA,NA,NA,NA,NA
44001438,8.08177884659016,4321,2,0,2,1,10,NA,NA,NA,NA,NA
2255888,4.66906230883171,5131,0,0,2,1,3,NA,NA,NA,NA,NA
23188667,11.4287913093968,3343,2,0,1,1,1,NA,NA,NA,NA,NA
88001767,11.4287913093968,4321,0,0,2,1,18,NA,NA,NA,NA,NA
33088337,8.04017439763438,7231,3,2,1,1,2,NA,NA,NA,NA,NA
44077125,15.9827479174487,4226,4,0,1,1,1,NA,NA,NA,NA,NA
781445501,28.0884053340587,2243,5,3,1,1,1,NA,NA,NA,NA,NA
231558845,3.40023402834294,9412,0,0,2,1,2,NA,NA,NA,NA,NA
561113455,5.73021563945187,1345,5,0,1,1,2,NA,NA,NA,NA,NA
132127634,154.084563926273,2243,5,5,1,1,1,NA,NA,NA,NA,NA
88078000,4.31787800363785,2513,5,2,2,1,1,NA,NA,NA,NA,NA
121778845,3.40023402834294,5131,2,1,1,1,1,NA,NA,NA,NA,NA
89166118,25.2823804013171,9211,0,0,2,1,500,NA,NA,NA,NA,NA
990883367,3.62996180403925,9412,3,0,2,1,4,NA,NA,NA,NA,NA
89177343,7.72485772324822,9112,2,1,1,2,NA,4,NA,NA,NA,NA
440015401,2.96512571382148,3132,4,1,1,1,3,NA,NA,NA,NA,NA
23188116,16.0265049012021,8341,2,1,1,1,2,NA,NA,NA,NA,NA
990996601,16.3994932203154,7231,3,3,1,1,9,NA,NA,NA,NA,NA
44088883,3.39768883088714,4321,0,1,2,1,1,NA,NA,NA,NA,NA
33001329,6.77479815454606,9311,4,1,1,1,1,NA,NA,NA,NA,NA
34111345,11.4391350739138,2352,5,0,1,1,1,NA,NA,NA,NA,NA
90266331,4.18840552816858,7127,2,0,1,1,1,NA,NA,NA,NA,NA
33099230,4.10385709154703,9311,0,2,2,1,1,NA,NA,NA,NA,NA
44001214,11.6821662441338,9211,0,2,2,1,3,NA,NA,NA,NA,NA
58301761,5.38709324017132,9329,0,0,1,1,4,NA,NA,NA,NA,NA
330883356,1.99192662405012,8153,2,0,2,1,1,NA,NA,NA,NA,NA
451774401,4.67122427020826,9129,0,0,1,1,5,NA,NA,NA,NA,NA
341773345,6.47466010089871,7213,2,0,1,1,4,NA,NA,NA,NA,NA
100177559,61.8329989886565,2243,5,2,1,1,1,NA,NA,NA,NA,NA
77011345,11.4391350739138,2352,5,1,1,1,1,NA,NA,NA,NA,NA
3307755992,51.3230634997549,7115,0,10,2,1,10,NA,NA,NA,NA,NA
352113466,2.37414721167236,2330,5,0,1,1,47,NA,NA,NA,NA,NA
78111351,22.3915910543013,2352,5,0,1,1,1,NA,NA,NA,NA,NA
2288779,10.734308677538,5230,2,0,1,1,2,NA,NA,NA,NA,NA
101255886,17.8979195718987,3434,3,1,1,1,2,NA,NA,NA,NA,NA
55044349,10.8202217704964,4226,3,0,2,1,2,NA,NA,NA,NA,NA
2203311552,16.0265049012021,2132,5,6,1,2,NA,6,NA,NA,NA,NA
33099122,4.69218979973437,3212,2,0,1,1,10,NA,NA,NA,NA,NA
22088994,3.8011582358127,1219,5,5,1,1,1,NA,NA,NA,NA,NA
44033888,6.13896215578772,9412,0,0,2,1,2,NA,NA,NA,NA,NA
55099669,21.6344070654774,4110,0,0,2,1,1,NA,NA,NA,NA,NA
12166348,4.05926136406294,9112,2,0,1,1,1,NA,NA,NA,NA,NA
33023118,3.79532945947425,3313,4,1,1,1,5,NA,NA,NA,NA,NA
55099125,10.4433017081777,8332,2,0,1,1,30,NA,NA,NA,NA,NA
880771211,17.4343211498199,3513,4,0,2,1,1,NA,NA,NA,NA,NA
11991145,10.1197107710232,3511,4,0,1,2,NA,12,NA,NA,NA,NA
13277888,6.13896215578772,5131,0,0,2,1,3,NA,NA,NA,NA,NA
24255888,6.13896215578772,5419,4,1,2,1,3,NA,NA,NA,NA,NA
45188130,12.7061325146884,9112,2,0,1,1,6,NA,NA,NA,NA,NA
550999901,1.73046560525986,5223,3,0,1,1,50,NA,NA,NA,NA,NA
231777723,3.5372587568796,3322,2,0,1,1,1,NA,NA,NA,NA,NA
440446667,5.64116086302934,5245,2,0,2,1,1,NA,NA,NA,NA,NA
77099669,21.6344070654774,5223,0,1,1,1,2,NA,NA,NA,NA,NA
67188020,4.61877666218048,7115,0,0,2,1,2,NA,NA,NA,NA,NA
22077774,3.74780012609433,8332,0,0,1,1,2,NA,NA,NA,NA,NA
44034219,20.4818040565633,8332,2,3,1,1,15,NA,NA,NA,NA,NA
33077347,36.5300984902798,2330,5,0,1,1,3,NA,NA,NA,NA,NA
55066129,16.3994608559366,3313,0,0,2,1,1,NA,NA,NA,NA,NA
68277334,3.83623723147949,8343,2,2,1,1,2,NA,NA,NA,NA,NA
220234345,1,8344,2,2,1,1,3,NA,NA,NA,NA,NA
572341144,46.359425082256,2413,5,2,2,1,8,NA,NA,NA,NA,NA
100188778,6.58458083743979,8332,0,2,1,1,1,NA,NA,NA,NA,NA
3377779,14.1136507463825,8322,1,2,1,1,1,NA,NA,NA,NA,NA
24277882,8.15889662339701,9112,0,1,2,2,NA,7,8,NA,NA,NA
22055332,6.91655838195872,3113,3,2,1,1,3,NA,NA,NA,NA,NA
55012115,4.61789358648057,3334,2,2,2,1,2,NA,NA,NA,NA,NA
660124301,4.74410071161121,9216,0,0,2,1,220,NA,NA,NA,NA,NA
102377771,3.13217582716262,8331,2,1,1,2,NA,2,8,NA,NA,NA
770122101,11.9538546864424,9216,1,0,2,1,4,NA,NA,NA,NA,NA
880883301,11.2255998614226,9112,1,0,2,1,2,NA,NA,NA,NA,NA
550018767,2.95966168401303,9333,2,0,2,1,5,NA,NA,NA,NA,NA
89177120,12.5547480261005,9211,0,0,1,1,80,NA,NA,NA,NA,NA
77077994,3.8011582358127,3122,5,3,1,1,1,NA,NA,NA,NA,NA
121773411,11.6878087424019,4226,3,0,2,1,6,NA,NA,NA,NA,NA
33011447,5.76130055397437,9211,2,0,2,1,1,NA,NA,NA,NA,NA
55077124,6.8876173488553,4226,3,0,1,1,1,NA,NA,NA,NA,NA
220880122,2.44167017008651,4224,4,0,1,1,6,NA,NA,NA,NA,NA
55011344,5.03215123785774,2341,5,0,1,1,1,NA,NA,NA,NA,NA
89188337,6.11505239546658,5246,0,1,1,1,12,NA,NA,NA,NA,NA
770886612,2.96231182319223,5245,0,0,2,1,3,NA,NA,NA,NA,NA
550995556,5.04418802401201,3343,4,0,1,1,1,NA,NA,NA,NA,NA
44066350,23.6519287699075,2330,5,1,2,1,2,NA,NA,NA,NA,NA
880113466,3.92919633519165,5312,4,1,1,1,1,NA,NA,NA,NA,NA
14311342,3.54837053120246,2341,5,0,1,1,4,NA,NA,NA,NA,NA
88001115,4.61789358648057,3313,4,0,1,1,1,NA,NA,NA,NA,NA
22001658,24.6602769010232,8343,1,3,1,1,1,NA,NA,NA,NA,NA
220888845,3.40023402834294,9412,3,1,2,1,22,NA,NA,NA,NA,NA
45166666,27.0840741567653,8181,2,0,2,1,1,NA,NA,NA,NA,NA
44099992,2.0468295953419,5223,4,4,1,1,1,NA,NA,NA,NA,NA
44088667,11.4287913093968,2413,4,1,1,1,1,NA,NA,NA,NA,NA
693661244,139.43043524798,3334,3,0,1,1,3,NA,NA,NA,NA,NA
1177994,3.8011582358127,7422,3,2,1,1,50,NA,NA,NA,NA,NA
682668801,10.0540792660816,5120,0,0,2,1,1,NA,NA,NA,NA,NA
88066113,5.87401137100153,4110,2,0,1,1,1,NA,NA,NA,NA,NA
56188668,13.778107439158,5223,2,0,2,1,3,NA,NA,NA,NA,NA
33088227,5.07775642045199,8112,2,2,1,1,3,NA,NA,NA,NA,NA
770663411,11.6878087424019,3142,3,1,2,1,3,NA,NA,NA,NA,NA
330223466,3.92919633519165,9112,2,0,2,1,1,NA,NA,NA,NA,NA
11996634,510.638218598107,4321,1,0,2,1,1,NA,NA,NA,NA,NA
1112118,4.99016341597905,3343,2,1,1,1,1,NA,NA,NA,NA,NA
330773433,2.83255681266876,2342,5,0,1,1,2,NA,NA,NA,NA,NA
66055114,17.8787440435157,9211,0,0,2,1,2,NA,NA,NA,NA,NA
2207711013,28.2854849989094,6121,0,0,2,1,1,NA,NA,NA,NA,NA
33001227,14.0061915420058,3257,5,2,1,1,7,NA,NA,NA,NA,NA
44077021,5.35480683456073,3322,2,0,2,1,1,NA,NA,NA,NA,NA
88011774,3.74780012609433,8322,2,1,1,2,NA,2,6,8,12,NA
22553444,78.1126783014563,2636,4,3,1,1,4,NA,NA,NA,NA,NA
231443444,258.866416475489,1344,5,3,1,1,3,NA,NA,NA,NA,NA
561346534,1,1323,5,3,2,1,10,NA,NA,NA,NA,NA
24299771,3.13217582716262,8331,2,3,1,2,NA,1,4,5,6,NA
66099670,19.8102936720593,5244,5,0,1,1,3,NA,NA,NA,NA,NA
33099334,3.83623723147949,6122,4,1,1,1,2,NA,NA,NA,NA,NA
82511345,11.4391350739138,2642,5,2,1,1,1,NA,NA,NA,NA,NA
363779934,83.8018215905455,1330,5,2,1,1,3,NA,NA,NA,NA,NA
66088129,12.4728093486332,3323,4,0,2,1,1,NA,NA,NA,NA,NA
22066349,10.8202217704964,2352,5,0,1,1,1,NA,NA,NA,NA,NA
880113433,2.83255681266876,1212,5,5,1,1,1,NA,NA,NA,NA,NA
330664423,2.62079755941452,9333,0,0,2,1,2,NA,NA,NA,NA,NA
990661222,2.84121619791885,3512,4,1,1,1,1,NA,NA,NA,NA,NA
99077889,10.7068218908321,9412,0,0,2,1,1,NA,NA,NA,NA,NA
1167000,4.31787800363785,2642,5,0,1,1,3,NA,NA,NA,NA,NA
22011339,16.8017324042206,7411,3,0,2,1,12,NA,NA,NA,NA,NA
33001656,29.634096081514,3123,4,4,1,1,5,NA,NA,NA,NA,NA
770775523,8.07699680921145,7126,0,0,1,1,1,NA,NA,NA,NA,NA
55044347,36.5300984902798,2330,5,0,1,1,10,NA,NA,NA,NA,NA
605779934,83.8018215905455,2529,5,3,1,1,4,NA,NA,NA,NA,NA
99044337,8.04017439763438,7212,2,1,1,1,4,NA,NA,NA,NA,NA
220771112,4.83847753256889,8341,0,4,2,2,NA,9,NA,NA,NA,NA
44044349,8.22945122640888,2359,5,5,2,1,7,NA,NA,NA,NA,NA
33077771,5.18372817016438,8332,2,2,1,2,NA,4,5,8,NA,NA
550666667,5.64116086302934,5223,4,1,1,1,2,NA,NA,NA,NA,NA
1166120,29.7073325945741,9211,0,0,2,1,7,NA,NA,NA,NA,NA
22099223,4.63486624771528,8342,2,5,1,1,3,NA,NA,NA,NA,NA
88066552,29.087720167689,7412,4,0,1,1,1,NA,NA,NA,NA,NA
165113411,4.93943686364191,5312,2,0,2,1,3,NA,NA,NA,NA,NA
7706633554,12.7070854301968,7413,4,2,1,1,10,NA,NA,NA,NA,NA
99011344,5.03215123785774,2352,5,2,1,1,2,NA,NA,NA,NA,NA
88077883,3.39768883088714,5132,0,0,1,1,2,NA,NA,NA,NA,NA
25377336,12.7070854301968,7512,2,2,1,1,1,NA,NA,NA,NA,NA
220124323,3.67100582805091,7233,4,2,1,1,1,NA,NA,NA,NA,NA
33012225,10.4433017081777,3143,2,6,1,1,1,NA,NA,NA,NA,NA
11883433,2.83255681266876,5223,2,1,1,1,3,NA,NA,NA,NA,NA
462113444,258.866416475489,3611,4,0,1,1,2,NA,NA,NA,NA,NA
33012761,8.91560005738092,4321,4,0,1,1,1,NA,NA,NA,NA,NA
770663455,3.63733547255337,5321,2,0,1,1,16,NA,NA,NA,NA,NA
5501133013,11.2255998614226,7212,0,0,1,1,3,NA,NA,NA,NA,NA
91311351,14.2133793129833,2341,5,2,2,1,5,NA,NA,NA,NA,NA
100166777,7.32795606064763,8322,0,0,1,1,5,NA,NA,NA,NA,NA
66088350,23.6519287699075,2247,5,0,1,1,1,NA,NA,NA,NA,NA
1188670,19.8102936720593,4311,0,0,2,1,1,NA,NA,NA,NA,NA
88088124,4.1617206494349,3123,2,3,2,1,2,NA,NA,NA,NA,NA
935889934,25.2871145670537,2512,5,1,1,1,3,NA,NA,NA,NA,NA
44022992,3.38748806528896,2529,5,3,1,1,2,NA,NA,NA,NA,NA
242663444,258.86641647549,2243,5,5,1,1,1,NA,NA,NA,NA,NA
2208833882,16.8017324042206,7512,0,5,1,1,1,NA,NA,NA,NA,NA
660883301,11.2255998614226,8142,3,0,2,1,4,NA,NA,NA,NA,NA
99055120,29.7073325945741,9211,0,0,2,1,100,NA,NA,NA,NA,NA
12199339,7.53663969814667,8322,0,0,1,1,2,NA,NA,NA,NA,NA
12144888,6.13896215578772,9112,0,0,1,1,2,NA,NA,NA,NA,NA
44099224,4.9718709548347,3323,5,0,1,1,1,NA,NA,NA,NA,NA
770661266,4.65052397813388,8342,2,2,1,1,2,NA,NA,NA,NA,NA
220558867,2.91343494114822,9412,0,0,2,1,1,NA,NA,NA,NA,NA
1101764,5.93092966229354,5414,2,1,2,1,1,NA,NA,NA,NA,NA
44099113,5.87401137100153,8341,2,2,1,1,1,NA,NA,NA,NA,NA
561771101,28.2854849989094,9216,0,0,2,1,5,NA,NA,NA,NA,NA
220012156,1.95674825595962,9211,0,0,1,1,58,NA,NA,NA,NA,NA
33034653,1,8342,2,3,1,1,30,NA,NA,NA,NA,NA
363669934,83.8018215905455,4222,5,0,2,1,2,NA,NA,NA,NA,NA
341663345,6.47466010089871,7512,3,0,1,1,1,NA,NA,NA,NA,NA
660018723,3.5372587568796,8332,0,0,1,1,1,NA,NA,NA,NA,NA
220129856,1,9412,4,0,1,1,6,NA,NA,NA,NA,NA
3308888992,8.1756216135078,9412,3,1,1,1,1,NA,NA,NA,NA,NA
46277127,18.7647360968455,5414,2,0,1,1,3,NA,NA,NA,NA,NA
44099670,19.8102936720593,5230,3,0,2,1,1,NA,NA,NA,NA,NA
572661211,11.0666820846193,5414,3,0,1,1,15,NA,NA,NA,NA,NA
22012659,47.0278391841497,7231,3,0,1,1,5,NA,NA,NA,NA,NA
66077994,3.8011582358127,4110,4,0,1,1,1,NA,NA,NA,NA,NA
660888856,1.343434366103,9412,4,1,1,1,2,NA,NA,NA,NA,NA
550348734,1,8331,3,2,1,1,550,NA,NA,NA,NA,NA
55099774,3.74780012609433,8331,2,3,1,1,14,NA,NA,NA,NA,NA
22088668,13.778107439158,4321,3,1,2,2,NA,12,NA,NA,NA,NA
341661255,5.81496886942004,5223,2,0,2,1,2,NA,NA,NA,NA,NA
33023872,5.44028137095823,8332,3,5,1,1,1,NA,NA,NA,NA,NA
33066345,11.4391350739138,2330,5,0,1,1,4,NA,NA,NA,NA,NA
24277339,16.8017324042206,8342,2,1,1,1,1,NA,NA,NA,NA,NA
220995501,28.0884053340588,9312,2,0,2,1,1,NA,NA,NA,NA,NA
100155889,10.7068218908321,3322,3,5,1,1,1,NA,NA,NA,NA,NA
23112769,9.70439995191111,8172,2,0,1,1,50,NA,NA,NA,NA,NA
990668856,2.2233740864553,9112,2,0,1,1,1,NA,NA,NA,NA,NA
67177662,8.40385045878902,9311,3,3,1,1,3,NA,NA,NA,NA,NA
990886601,16.3994932203154,5223,0,1,1,1,8,NA,NA,NA,NA,NA
22012653,5.27776830114315,1323,5,5,2,1,2,NA,NA,NA,NA,NA
34188116,16.0265049012021,9112,2,0,1,1,1,NA,NA,NA,NA,NA
451777723,3.5372587568796,8331,2,3,1,1,6,NA,NA,NA,NA,NA
66113411,7.41900200796358,5321,3,0,1,1,8,NA,NA,NA,NA,NA
33044019,3.34597568865511,2411,5,1,2,1,1,NA,NA,NA,NA,NA
22001231,15.0211478886385,8341,2,1,1,1,5,NA,NA,NA,NA,NA
330883323,3.67100582805091,4321,3,2,2,1,1,NA,NA,NA,NA,NA
682889934,83.8018215905455,5223,2,0,1,1,1,NA,NA,NA,NA,NA
44002099,3.05560038266833,3339,5,1,1,1,2,NA,NA,NA,NA,NA
121445567,17.5445050393423,9313,0,0,2,1,2,NA,NA,NA,NA,NA
242017634,510.638218598107,3221,4,2,1,1,1,NA,NA,NA,NA,NA
66099778,8.65751834073991,5151,4,3,2,2,NA,2,NA,NA,NA,NA
2206613093,15.0211478886385,7126,4,0,1,1,1,NA,NA,NA,NA,NA
45111130,28.3262895606989,9112,0,0,1,1,2,NA,NA,NA,NA,NA
56199668,13.778107439158,2411,2,0,1,1,1,NA,NA,NA,NA,NA
880996667,5.64116086302934,8172,0,1,1,1,1,NA,NA,NA,NA,NA
2211351,22.3915910543013,2352,5,0,1,1,1,NA,NA,NA,NA,NA
880776656,3.84563853409296,9329,0,0,1,1,4,NA,NA,NA,NA,NA
44088890,12.8797783942311,5131,0,0,2,1,1,NA,NA,NA,NA,NA
33001549,2.71332632180879,7126,0,1,2,1,48,NA,NA,NA,NA,NA
100177884,5.02331052128334,5230,0,0,2,1,4,NA,NA,NA,NA,NA
44055342,5.8725273725894,3611,4,1,1,1,5,NA,NA,NA,NA,NA
33001324,3.24867467744887,8342,3,2,1,1,2,NA,NA,NA,NA,NA
550663433,2.83255681266876,3221,4,1,1,1,2,NA,NA,NA,NA,NA
220122101,1,6114,3,0,1,1,200,NA,NA,NA,NA,NA
77077669,21.6344070654774,9334,0,0,2,1,1,NA,NA,NA,NA,NA
88012768,6.180352656087,8343,3,1,1,1,1,NA,NA,NA,NA,NA
220124422,1,5312,2,1,1,1,8,NA,NA,NA,NA,NA
462999934,83.8018215905455,2423,4,4,1,1,2,NA,NA,NA,NA,NA
88001768,13.778107439158,5230,2,1,1,1,1,NA,NA,NA,NA,NA
46266996,2.97953696112841,5243,0,1,1,1,100,NA,NA,NA,NA,NA
220124301,7.12560837946903,4416,5,3,2,1,1,NA,NA,NA,NA,NA
660666645,5.11925815814655,9329,0,0,2,1,2,NA,NA,NA,NA,NA
66077350,17.9887620005335,2341,5,0,1,1,5,NA,NA,NA,NA,NA
16511348,9.04947376143623,1344,5,5,1,1,1,NA,NA,NA,NA,NA
6611351,22.3915910543013,9111,0,0,2,1,2,NA,NA,NA,NA,NA
1177662,8.40385045878902,9412,1,3,1,1,2,NA,NA,NA,NA,NA
143773301,7.12560837946903,4321,2,0,1,1,3,NA,NA,NA,NA,NA
13266554,22.6496228380874,7115,0,3,1,1,40,NA,NA,NA,NA,NA
880017623,2.74178775262076,5230,2,0,1,1,5,NA,NA,NA,NA,NA
67177018,4.99016341597904,2330,5,5,1,1,1,NA,NA,NA,NA,NA
2266888,6.13896215578772,5131,0,0,2,1,2,NA,NA,NA,NA,NA
440113422,3.92156216748668,2330,5,3,1,1,1,NA,NA,NA,NA,NA
55022337,8.04017439763438,7126,0,0,1,1,9,NA,NA,NA,NA,NA
22055344,5.03215123785774,2330,5,0,1,1,1,NA,NA,NA,NA,NA
561778867,2.91343494114822,9112,0,0,2,1,1,NA,NA,NA,NA,NA
14377332,6.91655838195872,7512,0,2,2,2,NA,5,NA,NA,NA,NA
55001439,12.7787618657436,8332,2,3,1,1,9,NA,NA,NA,NA,NA
55044336,12.7070854301968,7512,1,1,1,2,NA,3,5,NA,NA,NA
440770177,2.48919632647864,3334,0,0,1,1,1,NA,NA,NA,NA,NA
11666634,510.638218598107,8142,3,2,1,1,1,NA,NA,NA,NA,NA
57266886,17.8979195718987,5120,0,0,1,1,1,NA,NA,NA,NA,NA
33077114,17.8787440435157,9211,0,0,2,1,1,NA,NA,NA,NA,NA
154113455,3.63733547255337,3611,4,2,1,1,1,NA,NA,NA,NA,NA
6611347,36.5300984902799,9112,0,0,1,1,1,NA,NA,NA,NA,NA
23155336,12.7070854301968,7212,2,0,1,1,1,NA,NA,NA,NA,NA
220994423,1.66358834100554,7119,3,0,1,1,3,NA,NA,NA,NA,NA
33001880,4.99326223439946,8332,2,2,1,1,3,NA,NA,NA,NA,NA
67188662,8.40385045878902,4321,3,2,1,1,2,NA,NA,NA,NA,NA
121778801,10.0540792660816,5120,4,2,2,1,2,NA,NA,NA,NA,NA
220999956,1.79623563261714,5243,2,0,1,1,40,NA,NA,NA,NA,NA
2209901983,3.51286674832601,3133,4,3,1,1,1,NA,NA,NA,NA,NA
462771233,6.0979201785786,7233,4,1,1,1,5,NA,NA,NA,NA,NA
88077670,19.8102936720593,5223,0,0,2,1,4,NA,NA,NA,NA,NA
990017601,16.3994932203154,5245,2,0,2,1,5,NA,NA,NA,NA,NA
22077443,4.42094934397458,5230,2,0,2,1,1,NA,NA,NA,NA,NA
44066997,3.90278568342011,4321,4,1,1,1,1,NA,NA,NA,NA,NA
880551145,6.42362962852544,9211,0,0,2,1,112,NA,NA,NA,NA,NA
99001769,16.4543113379694,1221,6,0,2,1,1,NA,NA,NA,NA,NA
704889934,83.8018215905458,2434,5,5,1,1,1,NA,NA,NA,NA,NA
341776623,4.31938026576803,2242,5,0,1,1,1,NA,NA,NA,NA,NA
37411351,14.2133793129833,2634,5,2,1,1,1,NA,NA,NA,NA,NA
55066666,27.0840741567653,7125,0,0,2,1,1,NA,NA,NA,NA,NA
781113422,2.48926708471777,2341,5,0,1,1,2,NA,NA,NA,NA,NA
79277668,13.778107439158,4110,2,0,2,1,1,NA,NA,NA,NA,NA
231886623,4.31938026576803,5223,2,0,1,1,8,NA,NA,NA,NA,NA
66066667,11.4287913093968,5223,2,0,1,1,1,NA,NA,NA,NA,NA
220234356,1,8160,2,0,1,1,2,NA,NA,NA,NA,NA
341775545,10.6466910555505,9313,0,0,1,1,10,NA,NA,NA,NA,NA
990776656,3.84563853409296,5230,0,0,2,1,1,NA,NA,NA,NA,NA
55022998,3.22251567262593,8341,1,0,2,1,10,NA,NA,NA,NA,NA
55077128,14.3633132974849,3240,4,3,2,1,1,NA,NA,NA,NA,NA
22012443,4.6676082994262,3422,5,5,2,1,5,NA,NA,NA,NA,NA
34166778,8.6575183407399,4110,3,0,2,2,NA,8,NA,NA,NA,NA
660344367,1,4120,4,3,2,1,2,NA,NA,NA,NA,NA
77077553,11.8911116421776,8342,5,1,1,1,2,NA,NA,NA,NA,NA
770885501,28.0884053340587,8332,0,0,1,1,3,NA,NA,NA,NA,NA
880777756,3.01617970092595,8332,2,2,1,1,5,NA,NA,NA,NA,NA
121445501,28.0884053340587,7131,3,1,2,1,6,NA,NA,NA,NA,NA
44099554,22.6496228380874,8342,2,0,1,1,7,NA,NA,NA,NA,NA
45188337,8.04017439763437,5223,2,1,1,1,1,NA,NA,NA,NA,NA
22034438,1,8160,3,0,1,1,412,NA,NA,NA,NA,NA
220663367,3.62996180403925,8344,3,5,1,1,7,NA,NA,NA,NA,NA
4466886,11.6946957434009,9412,0,0,1,1,2,NA,NA,NA,NA,NA
35277774,3.74780012609433,8332,2,3,1,1,2,NA,NA,NA,NA,NA
440665545,10.6466910555505,9313,0,0,2,1,2,NA,NA,NA,NA,NA
67177131,15.0211478886385,9112,0,0,1,1,9,NA,NA,NA,NA,NA
330018767,2.95966168401303,8332,0,1,1,1,30,NA,NA,NA,NA,NA
45177124,4.1617206494349,9333,2,0,1,1,4,NA,NA,NA,NA,NA
23188336,12.7070854301968,7512,0,0,2,1,1,NA,NA,NA,NA,NA
605777734,234.082178741939,8322,2,2,1,1,3,NA,NA,NA,NA,NA
220014444,78.1126783014563,1345,6,5,1,1,1,NA,NA,NA,NA,NA
132778801,10.0540792660816,3434,4,3,2,1,3,NA,NA,NA,NA,NA
330558812,3.20383500566392,9412,3,0,2,1,2,NA,NA,NA,NA,NA
44044128,14.3633132974849,2411,4,0,2,1,1,NA,NA,NA,NA,NA
330558823,3.78015522531299,9412,0,0,2,1,2,NA,NA,NA,NA,NA
220342123,1,6221,1,0,2,1,35,NA,NA,NA,NA,NA
1001017634,510.638218598106,2243,5,0,2,1,1,NA,NA,NA,NA,NA
880778801,10.0540792660816,5131,2,0,2,1,2,NA,NA,NA,NA,NA
58311351,22.3915910543013,2341,5,0,1,1,3,NA,NA,NA,NA,NA
12188774,3.74780012609433,8331,2,2,1,1,8,NA,NA,NA,NA,NA
46277670,19.8102936720593,5222,3,2,2,1,1,NA,NA,NA,NA,NA
45177449,4.60058491836551,3132,4,0,1,1,20,NA,NA,NA,NA,NA
12177229,6.77479815454606,2144,5,0,1,1,2,NA,NA,NA,NA,NA
330551101,28.2854849989094,9211,1,0,2,1,6,NA,NA,NA,NA,NA
231777745,3.4372448622224,8332,2,0,1,1,1,NA,NA,NA,NA,NA
99099774,2.4488534550445,8332,1,3,1,1,8,NA,NA,NA,NA,NA
89166887,5.57879253831152,5131,2,0,1,1,1,NA,NA,NA,NA,NA
44022226,4.87892527382878,7231,3,4,1,1,2,NA,NA,NA,NA,NA
55088994,3.8011582358127,7422,2,1,1,1,2,NA,NA,NA,NA,NA
67199667,11.4287913093968,7231,4,1,2,1,2,NA,NA,NA,NA,NA
5505588992,12.8797783942311,5131,2,1,1,1,2,NA,NA,NA,NA,NA
1001771233,6.0979201785786,8350,0,0,1,1,5,NA,NA,NA,NA,NA
1001776601,16.3994932203154,5414,3,1,1,2,NA,1,NA,NA,NA,NA
55077889,10.7068218908321,9412,4,2,2,1,1,NA,NA,NA,NA,NA
880776612,2.96231182319223,5223,0,0,2,1,2,NA,NA,NA,NA,NA
440773323,3.67100582805091,9112,2,0,2,1,1,NA,NA,NA,NA,NA
5508877554,14.7227422316396,8332,1,0,1,1,14,NA,NA,NA,NA,NA
44022882,8.15889662339701,5131,3,2,1,1,2,NA,NA,NA,NA,NA
451778856,2.2233740864553,5223,2,1,2,1,1,NA,NA,NA,NA,NA
550113422,3.92156216748668,2330,5,0,1,1,6,NA,NA,NA,NA,NA
57288017,11.8136722761082,5414,0,0,1,1,3,NA,NA,NA,NA,NA
99011348,9.04947376143623,2352,5,0,1,1,3,NA,NA,NA,NA,NA
100166337,8.04017439763437,9411,0,0,2,1,1,NA,NA,NA,NA,NA
253113466,3.92919633519165,2634,5,2,1,1,3,NA,NA,NA,NA,NA
220880133,2.94636350302331,3221,3,0,1,1,5,NA,NA,NA,NA,NA
66088013,3.67872007090204,3334,5,5,1,1,1,NA,NA,NA,NA,NA
67177350,23.6519287699075,2151,5,5,2,1,1,NA,NA,NA,NA,NA
451778812,3.20383500566392,5230,2,0,1,1,2,NA,NA,NA,NA,NA
121346534,1,7212,2,3,1,1,64,NA,NA,NA,NA,NA
880773367,3.62996180403925,7212,3,0,1,1,1,NA,NA,NA,NA,NA
56166129,16.3994608559366,5414,3,0,1,1,11,NA,NA,NA,NA,NA
550881266,2.80999664908918,5414,2,0,1,1,7,NA,NA,NA,NA,NA
77012549,6.04892692370184,8342,4,2,1,2,NA,1,7,NA,NA,NA
55099444,2.14486988997102,8332,0,5,1,1,1,NA,NA,NA,NA,NA
100166446,4.57494421535132,4311,5,1,1,2,NA,12,NA,NA,NA,NA
57277888,6.13896215578772,5414,4,0,2,2,NA,6,9,NA,NA,NA
99088349,10.8202217704964,2161,5,1,2,1,2,NA,NA,NA,NA,NA
88088559,47.0278391841496,3113,4,0,1,1,1,NA,NA,NA,NA,NA
660017656,2.32365889203429,7511,2,1,1,1,6,NA,NA,NA,NA,NA
88077337,8.04017439763437,7522,0,4,1,1,3,NA,NA,NA,NA,NA
3417701652,11.8136722761082,2247,5,1,1,1,2,NA,NA,NA,NA,NA
22044129,16.3994608559366,3313,3,3,2,1,1,NA,NA,NA,NA,NA
550774445,1.86707573977902,9333,0,0,1,1,1,NA,NA,NA,NA,NA
770885556,6.86700426264657,7112,4,2,1,1,14,NA,NA,NA,NA,NA
2201155454,10.6466910555505,7115,0,3,1,1,1,NA,NA,NA,NA,NA
88044553,11.8911116421776,3123,4,5,1,1,2,NA,NA,NA,NA,NA
660775545,10.6466910555505,7214,2,0,1,1,3,NA,NA,NA,NA,NA
330443455,5.73021563945187,2634,5,0,1,1,1,NA,NA,NA,NA,NA
770349834,1,5131,0,0,2,1,1200,NA,NA,NA,NA,NA
66066020,4.61877666218049,6113,1,0,1,1,2,NA,NA,NA,NA,NA
23188348,6.88268729828353,5120,3,1,1,1,2,NA,NA,NA,NA,NA
660885567,17.5445050393423,7115,0,2,1,1,30,NA,NA,NA,NA,NA
33099338,8.08177884659016,7115,0,0,2,1,3,NA,NA,NA,NA,NA
550887723,3.5372587568796,8350,2,1,1,2,NA,8,NA,NA,NA,NA
11886612,2.96231182319223,5223,2,0,1,1,2,NA,NA,NA,NA,NA
550996645,5.11925815814655,5245,2,0,1,1,2,NA,NA,NA,NA,NA
11778812,3.20383500566392,8322,2,2,1,1,1,NA,NA,NA,NA,NA
33055449,6.04892692370184,8332,2,2,1,1,1,NA,NA,NA,NA,NA
220126545,4.49944548500421,9312,0,1,1,1,130,NA,NA,NA,NA,NA
330119956,4.04702086646765,5414,2,0,1,1,4,NA,NA,NA,NA,NA
45111349,10.8202217704964,2341,5,0,1,1,7,NA,NA,NA,NA,NA
55088122,7.76553992713581,2230,5,4,1,1,2,NA,NA,NA,NA,NA
550667756,3.01617970092595,4120,3,0,2,1,1,NA,NA,NA,NA,NA
23111342,5.8725273725894,5312,3,0,1,1,4,NA,NA,NA,NA,NA
1188128,10.9241925663285,3341,5,2,2,1,1,NA,NA,NA,NA,NA
231668823,3.78015522531299,3434,4,0,2,1,1,NA,NA,NA,NA,NA
56166666,27.0840741567653,5223,3,0,1,1,1,NA,NA,NA,NA,NA
77077124,6.8876173488553,3343,3,1,1,1,1,NA,NA,NA,NA,NA
11997701,9.52489085806869,3152,3,0,1,1,1,NA,NA,NA,NA,NA
67177661,8.91560005738092,5230,3,1,1,2,NA,5,NA,NA,NA,NA
44034767,8.69230618857931,9211,0,0,2,1,360,NA,NA,NA,NA,NA
682347634,1,2163,5,2,1,1,5,NA,NA,NA,NA,NA
660663301,11.2255998614226,8142,3,0,2,1,1,NA,NA,NA,NA,NA
220126567,7.8698202056013,9313,0,0,2,1,30,NA,NA,NA,NA,NA
66077777,7.32795606064763,8332,2,2,1,1,12,NA,NA,NA,NA,NA
44077883,3.39768883088714,4226,2,2,1,1,3,NA,NA,NA,NA,NA
89188670,19.8102936720593,8341,3,2,1,1,1,NA,NA,NA,NA,NA
3301122332,4.63486624771528,8111,3,5,1,1,1,NA,NA,NA,NA,NA
11996623,4.31938026576803,5243,4,5,2,1,3,NA,NA,NA,NA,NA
451778845,2.1583466704331302,5131,0,0,1,1,11,NA,NA,NA,NA,NA
770661145,10.1197107710232,9215,0,0,1,1,5,NA,NA,NA,NA,NA
45199666,27.0840741567653,3343,3,1,1,1,1,NA,NA,NA,NA,NA
12177554,34.6636746080955,3113,5,1,1,1,1,NA,NA,NA,NA,NA
55012873,1.48756213454977,8332,2,3,1,1,60,NA,NA,NA,NA,NA
99077333,4.03800303779987,4110,2,0,1,1,2,NA,NA,NA,NA,NA
22088014,4.01679227892075,3221,4,1,1,1,2,NA,NA,NA,NA,NA
770773367,3.62996180403925,5230,0,0,2,1,1,NA,NA,NA,NA,NA
330663422,2.48926708471777,5321,2,0,2,1,10,NA,NA,NA,NA,NA
44077348,9.04947376143623,2330,5,0,1,1,1,NA,NA,NA,NA,NA
88012323,2.05714578235601,8342,2,5,1,2,NA,12,NA,NA,NA,NA
3377338,8.08177884659016,8172,1,2,1,1,4,NA,NA,NA,NA,NA
33012656,22.1191933502152,7115,0,15,1,1,8,NA,NA,NA,NA,NA
660882245,3.8464059039183,3121,4,6,1,1,1,NA,NA,NA,NA,NA
88099336,8.30294813285885,7212,3,1,1,1,10,NA,NA,NA,NA,NA
77077128,14.3633132974849,2230,5,2,1,1,2,NA,NA,NA,NA,NA
99066447,5.76130055397437,9612,0,0,2,1,2,NA,NA,NA,NA,NA
3307777992,7.86632675576514,8332,3,2,1,1,4,NA,NA,NA,NA,NA
990668867,2.91343494114822,1420,2,3,1,1,1,NA,NA,NA,NA,NA
33088889,10.7068218908321,5131,2,0,2,2,NA,12,NA,NA,NA,NA
781888834,87.5598207598285,5131,1,1,1,1,8,NA,NA,NA,NA,NA
220996623,4.31938026576803,5223,2,0,1,1,1,NA,NA,NA,NA,NA
67177556,45.3529257956236,9313,0,0,1,1,6,NA,NA,NA,NA,NA
89177340,13.1091876830554,5246,0,0,NA,1,4,NA,NA,NA,NA,NA
220014477,4.06360851879736,2341,5,0,1,1,3,NA,NA,NA,NA,NA
33055344,5.03215123785774,5414,2,4,1,1,10,NA,NA,NA,NA,NA
67111668,13.778107439158,5244,3,4,1,1,1,NA,NA,NA,NA,NA
440995501,17.8295127997664,7115,1,5,1,1,20,NA,NA,NA,NA,NA
880773356,1.99192662405012,9112,0,0,2,1,5,NA,NA,NA,NA,NA
550776623,4.31938026576803,5230,2,0,2,1,1,NA,NA,NA,NA,NA
770778812,3.20383500566392,5131,2,0,2,1,2,NA,NA,NA,NA,NA
330883345,6.47466010089871,2141,5,0,2,1,1,NA,NA,NA,NA,NA
71511343,7.72485772324822,9112,0,0,1,1,2,NA,NA,NA,NA,NA
880127667,4.29045348305249,3323,4,1,1,1,1,NA,NA,NA,NA,NA
79277338,8.08177884659016,2166,3,0,1,1,1,NA,NA,NA,NA,NA
330778845,3.40023402834294,5132,0,0,1,1,1,NA,NA,NA,NA,NA
22099126,28.7181252781852,7412,4,2,1,1,4,NA,NA,NA,NA,NA
23166446,4.57494421535132,8332,2,NA,1,1,1,NA,NA,NA,NA,NA
99099337,6.11505239546658,7233,4,2,1,1,6,NA,NA,NA,NA,NA
44077019,3.34597568865511,1346,5,1,2,1,1,NA,NA,NA,NA,NA
33044888,6.13896215578772,5131,2,1,2,1,2,NA,NA,NA,NA,NA
330124477,4.06360851879736,4226,3,0,2,1,8,NA,NA,NA,NA,NA
44012877,3.28705178872377,7231,4,2,1,1,6,NA,NA,NA,NA,NA
45188774,3.74780012609433,8331,2,3,1,1,1,NA,NA,NA,NA,NA
1177884,5.02331052128334,5131,2,0,1,1,8,NA,NA,NA,NA,NA
22771101,17.95461190615,3152,0,5,1,1,2,NA,NA,NA,NA,NA
91311349,8.22945122640888,5312,5,0,1,1,1,NA,NA,NA,NA,NA
330778856,2.2233740864553,4224,2,0,1,1,1,NA,NA,NA,NA,NA
77066887,5.57879253831152,9412,2,1,1,1,3,NA,NA,NA,NA,NA
56166128,14.3633132974849,7411,4,1,1,1,17,NA,NA,NA,NA,NA
22099331,4.18840552816858,3323,3,2,2,1,1,NA,NA,NA,NA,NA
220660122,2.44167017008651,3322,0,0,2,1,4,NA,NA,NA,NA,NA
12177020,4.61877666218048,2421,5,0,1,1,1,NA,NA,NA,NA,NA
55055888,6.13896215578772,5131,2,1,2,1,2,NA,NA,NA,NA,NA
3309901654,11.8136722761082,2221,5,1,1,1,10,NA,NA,NA,NA,NA
550886656,3.84563853409296,5230,2,1,1,1,2,NA,NA,NA,NA,NA
880778867,2.91343494114822,5131,2,0,2,1,2,NA,NA,NA,NA,NA
2207733993,8.32124240624532,7233,0,0,2,1,3,NA,NA,NA,NA,NA
990771123,5.34390853706442,6222,2,0,2,1,1,NA,NA,NA,NA,NA
781668801,10.0540792660816,3339,4,5,1,1,1,NA,NA,NA,NA,NA
462113466,1.74394022113855,2330,5,0,1,1,15,NA,NA,NA,NA,NA
561771255,5.81496886942004,9333,0,0,2,1,1,NA,NA,NA,NA,NA
550885512,6.00511406216661,3112,5,2,1,1,1,NA,NA,NA,NA,NA
11775545,10.6466910555505,9215,0,0,2,1,2,NA,NA,NA,NA,NA
561778856,2.2233740864553,4224,4,2,1,1,1,NA,NA,NA,NA,NA
44001432,6.91655838195872,4110,4,5,1,1,1,NA,NA,NA,NA,NA
6601134654,36.5300984902798,8332,2,0,1,1,3,NA,NA,NA,NA,NA
11668845,3.40023402834294,5131,0,1,1,1,2,NA,NA,NA,NA,NA
67166336,12.7070854301968,7512,2,1,1,1,4,NA,NA,NA,NA,NA
891778867,2.91343494114822,5131,0,0,2,1,2,NA,NA,NA,NA,NA
22066112,3.65251125831881,1312,5,0,2,1,1,NA,NA,NA,NA,NA
22012223,1,5414,4,3,1,1,2,NA,NA,NA,NA,NA
55113466,2.37414721167236,5132,2,0,1,1,4,NA,NA,NA,NA,NA
440553477,5.34290126427455,2341,5,0,1,1,2,NA,NA,NA,NA,NA
99011351,22.3915910543013,2330,5,3,2,1,1,NA,NA,NA,NA,NA
77044342,3.54837053120246,8322,2,1,1,1,2,NA,NA,NA,NA,NA
77088446,4.57494421535132,8332,0,2,1,1,2,NA,NA,NA,NA,NA
33099228,4.00611018786579,8332,0,1,1,1,1,NA,NA,NA,NA,NA
22034879,1,2142,5,10,1,1,1,NA,NA,NA,NA,NA
44001987,4.24301849537621,4212,2,1,1,1,2,NA,NA,NA,NA,NA
3302234654,23.8691645475402,2341,5,0,1,1,4,NA,NA,NA,NA,NA
990778801,10.0540792660816,5131,2,0,2,1,3,NA,NA,NA,NA,NA
66066883,3.39768883088714,4321,3,0,2,1,1,NA,NA,NA,NA,NA
106711350,10.6093860452297,2242,5,0,2,1,1,NA,NA,NA,NA,NA
23177350,23.6519287699075,3344,3,0,2,1,1,NA,NA,NA,NA,NA
220993477,4.06360851879736,2246,5,3,1,1,1,NA,NA,NA,NA,NA
45188669,21.6344070654774,5223,3,0,2,1,2,NA,NA,NA,NA,NA
88099773,2.02512187695574,8331,2,4,1,2,NA,1,5,NA,NA,NA
880663411,11.6878087424019,4226,4,2,1,1,1,NA,NA,NA,NA,NA
4477122,4.69218979973437,5414,2,1,1,1,51,NA,NA,NA,NA,NA
66044342,2.60647109768217,2330,5,0,1,1,41,NA,NA,NA,NA,NA
4406612113,17.4343211498199,8344,3,0,1,1,1,NA,NA,NA,NA,NA
88088442,3.46201747387135,9129,3,3,1,1,3,NA,NA,NA,NA,NA
88088889,10.7068218908321,5131,2,0,2,1,2,NA,NA,NA,NA,NA
220993466,2.37414721167236,2330,5,0,1,1,3,NA,NA,NA,NA,NA
33077663,4.52723425516123,7231,2,0,2,1,2,NA,NA,NA,NA,NA
330223455,5.73021563945187,2352,5,0,1,1,1,NA,NA,NA,NA,NA
12199669,21.6344070654774,4321,2,0,2,1,1,NA,NA,NA,NA,NA
121999934,83.8018215905455,4222,3,0,2,1,5,NA,NA,NA,NA,NA
341558812,3.20383500566392,5120,5,2,2,1,2,NA,NA,NA,NA,NA
330551222,2.84121619791885,9112,2,0,1,1,1,NA,NA,NA,NA,NA
89166883,3.39768883088714,5414,4,2,1,1,2,NA,NA,NA,NA,NA
220993422,2.48926708471777,2342,5,0,2,1,2,NA,NA,NA,NA,NA
33034762,3.72997722110544,4311,4,0,2,1,2,NA,NA,NA,NA,NA
770886623,4.31938026576803,4321,2,0,1,1,1,NA,NA,NA,NA,NA
220124334,231.669315520792,7223,3,2,2,1,3,NA,NA,NA,NA,NA
44001328,3.04689581211318,7233,0,0,2,1,1,NA,NA,NA,NA,NA
2208855014,28.0884053340588,7212,2,0,1,1,2,NA,NA,NA,NA,NA
1023779934,83.8018215905455,2512,5,2,1,1,1,NA,NA,NA,NA,NA
880885523,8.07699680921145,8332,3,3,1,1,3,NA,NA,NA,NA,NA
132991244,169.558766002071,9112,2,0,1,1,12,NA,NA,NA,NA,NA
99088130,28.3262895606988,3313,4,0,1,1,1,NA,NA,NA,NA,NA
68277888,6.13896215578772,4226,2,0,2,1,5,NA,NA,NA,NA,NA
781886623,4.31938026576803,5223,0,0,2,1,5,NA,NA,NA,NA,NA
660669934,83.8018215905458,2511,5,3,1,1,5,NA,NA,NA,NA,NA
88077338,8.08177884659017,5223,3,1,1,1,1,NA,NA,NA,NA,NA
101201761,8.91560005738092,4321,2,0,1,1,1,NA,NA,NA,NA,NA
45166350,23.6519287699075,2632,5,0,1,1,6,NA,NA,NA,NA,NA
440883312,2.0096822241167,8160,0,0,1,1,8,NA,NA,NA,NA,NA
13277131,9.53488620526702,5414,1,0,1,1,39,NA,NA,NA,NA,NA
22001984,3.2822858508801,5230,2,0,2,1,13,NA,NA,NA,NA,NA
990349834,1,2411,5,4,1,1,1,NA,NA,NA,NA,NA
1012778823,3.78015522531298,4221,4,0,1,1,3,NA,NA,NA,NA,NA
56177331,4.18840552816858,7223,3,0,2,1,1,NA,NA,NA,NA,NA
682663334,231.669315520792,3322,2,0,1,2,NA,1,2,NA,NA,NA
12177223,4.63486624771528,3118,4,0,1,1,1,NA,NA,NA,NA,NA
440122167,10.1249735724033,9211,0,0,2,1,4800,NA,NA,NA,NA,NA
990345401,1.97412687588724,2611,5,5,2,1,1,NA,NA,NA,NA,NA
25377666,27.0840741567653,3339,4,0,1,1,3,NA,NA,NA,NA,NA
33066120,29.7073325945741,9214,3,8,2,1,1,NA,NA,NA,NA,NA
44099779,14.1136507463825,8332,0,0,1,1,2,NA,NA,NA,NA,NA
99011018,3.79532945947425,3321,5,0,1,1,1,NA,NA,NA,NA,NA
45177554,34.6636746080955,7115,2,2,1,1,1,NA,NA,NA,NA,NA
66099663,4.52723425516123,8332,3,2,1,1,2,NA,NA,NA,NA,NA
242119934,83.8018215905458,5414,4,1,1,1,6,NA,NA,NA,NA,NA
66077883,3.39768883088714,5131,0,0,2,1,1,NA,NA,NA,NA,NA
121551233,6.0979201785786,6121,0,NA,2,1,7,NA,NA,NA,NA,NA
770773455,5.73021563945188,4120,3,0,1,1,1,NA,NA,NA,NA,NA
77055881,4.15580958287232,5131,2,1,2,1,10,NA,NA,NA,NA,NA
7711348,9.04947376143623,1120,5,5,1,1,1,NA,NA,NA,NA,NA
45166114,11.6821662441338,6111,0,1,2,1,2,NA,NA,NA,NA,NA
11881233,2.57706918255296,5414,2,0,1,1,75,NA,NA,NA,NA,NA
44088130,28.3262895606989,1213,5,0,1,1,1,NA,NA,NA,NA,NA
561777745,3.4372448622224,8322,2,2,1,1,2,NA,NA,NA,NA,NA
2204401653,11.8136722761082,2424,2,0,1,1,1,NA,NA,NA,NA,NA
550662201,4.44878501924596,7214,3,0,2,1,2,NA,NA,NA,NA,NA
374886634,510.638218598106,5223,2,1,2,1,3,NA,NA,NA,NA,NA
550017645,3.24952156487532,8342,2,1,1,1,2,NA,NA,NA,NA,NA
77088350,23.6519287699075,3251,4,0,1,1,1,NA,NA,NA,NA,NA
34155125,15.9827479174487,5414,2,0,1,1,10,NA,NA,NA,NA,NA
22077773,3.35156194954141,8342,3,0,1,2,NA,4,NA,NA,NA,NA
330128723,2.2453250560792,8322,2,2,1,1,20,NA,NA,NA,NA,NA
22099114,17.8787440435157,2132,4,2,1,1,1,NA,NA,NA,NA,NA
330773455,3.63733547255337,3221,4,3,1,2,NA,2,NA,NA,NA,NA
33001328,4.00611018786579,7231,4,1,1,1,4,NA,NA,NA,NA,NA
550779901,4.09466738576137,3323,5,0,2,1,1,NA,NA,NA,NA,NA
22077558,32.4237494882581,1323,5,2,1,1,1,NA,NA,NA,NA,NA
44012440,5.54013214292018,7512,2,1,1,1,10,NA,NA,NA,NA,NA
45188668,13.778107439158,5223,0,0,2,1,1,NA,NA,NA,NA,NA
341555501,28.0884053340588,7115,2,2,2,1,10,NA,NA,NA,NA,NA
90277337,8.04017439763438,9329,0,0,1,1,5,NA,NA,NA,NA,NA
16511345,11.4391350739138,2634,5,0,1,1,1,NA,NA,NA,NA,NA
11996656,3.84563853409296,5223,0,0,2,1,10,NA,NA,NA,NA,NA
45166113,3.54926721092822,9211,0,1,1,1,16,NA,NA,NA,NA,NA
220016523,5.12698803227856,8342,3,0,2,1,25,NA,NA,NA,NA,NA
55099888,4.66906230883171,3421,2,0,2,1,5,NA,NA,NA,NA,NA
33034451,1,4110,5,0,1,1,135,NA,NA,NA,NA,NA
22077131,15.0211478886385,2143,5,2,2,1,1,NA,NA,NA,NA,NA
46288668,10.4791071354881,8332,0,0,1,1,1,NA,NA,NA,NA,NA
44088345,7.47445554885214,2342,5,0,1,1,2,NA,NA,NA,NA,NA
34177884,5.02331052128334,5120,0,2,2,1,2,NA,NA,NA,NA,NA
77088774,3.74780012609433,8332,2,4,1,1,1,NA,NA,NA,NA,NA
22023877,7.32795606064763,4321,2,1,1,1,5,NA,NA,NA,NA,NA
1199123,17.0012048076737,2141,5,NA,1,1,2,NA,NA,NA,NA,NA
24244557,31.7496431070843,7212,3,2,1,1,1,NA,NA,NA,NA,NA
44077888,6.13896215578772,5131,2,0,2,1,1,NA,NA,NA,NA,NA
33023224,1,8342,2,5,1,1,19,NA,NA,NA,NA,NA
12188348,9.04947376143623,9112,0,0,2,1,1,NA,NA,NA,NA,NA
101277669,21.6344070654774,3123,3,5,2,1,1,NA,NA,NA,NA,NA
2288776,14.7227422316396,3331,4,5,1,1,2,NA,NA,NA,NA,NA
55044342,3.54837053120246,2310,5,2,1,1,15,NA,NA,NA,NA,NA
35211346,36.5300984902798,9112,2,0,1,1,1,NA,NA,NA,NA,NA
231773433,2.83255681266876,3611,4,0,1,1,4,NA,NA,NA,NA,NA
770887701,9.52489085806869,9629,1,0,1,1,1,NA,NA,NA,NA,NA
93511348,9.04947376143623,4223,2,1,1,1,4,NA,NA,NA,NA,NA
66044118,56.3630221236528,9211,0,0,2,1,5,NA,NA,NA,NA,NA
231775523,8.07699680921145,7114,0,3,2,1,3,NA,NA,NA,NA,NA
660660111,4.46708996366323,9333,2,0,1,1,1,NA,NA,NA,NA,NA
561667701,9.52489085806869,3152,0,0,1,1,1,NA,NA,NA,NA,NA
78188667,11.4287913093968,4321,2,1,2,1,1,NA,NA,NA,NA,NA
34144119,20.4818040565633,9211,0,0,2,1,65,NA,NA,NA,NA,NA
22088664,9.07687591121961,5223,2,0,1,1,2,NA,NA,NA,NA,NA
77088447,5.76130055397437,9623,2,1,1,1,2,NA,NA,NA,NA,NA
67188331,4.18840552816858,2243,5,0,1,1,1,NA,NA,NA,NA,NA
33099344,3.04058815363088,2341,5,0,1,1,3,NA,NA,NA,NA,NA
22012220,1,9211,0,0,2,1,300,NA,NA,NA,NA,NA
33001873,2.02512187695574,8332,2,3,1,1,10,NA,NA,NA,NA,NA
22077349,10.8202217704964,3611,3,0,1,1,2,NA,NA,NA,NA,NA
440661233,6.0979201785786,5419,3,2,1,1,7,NA,NA,NA,NA,NA
77088771,5.18372817016438,8332,2,3,1,1,1,NA,NA,NA,NA,NA
44099776,14.7227422316396,3322,5,0,1,1,3,NA,NA,NA,NA,NA
121881145,10.1197107710232,8341,0,1,1,1,1,NA,NA,NA,NA,NA
550123234,57.4653099581732,2114,5,5,1,1,4,NA,NA,NA,NA,NA
220669956,4.04702086646765,4225,3,1,1,1,1,NA,NA,NA,NA,NA
89177119,26.9298226643207,9216,0,0,2,1,6,NA,NA,NA,NA,NA
440996667,5.64116086302934,9333,2,0,1,1,1,NA,NA,NA,NA,NA
22023766,1,5223,3,2,1,1,60,NA,NA,NA,NA,NA
5507711013,28.2854849989094,7541,2,0,1,1,2,NA,NA,NA,NA,NA
69377882,8.15889662339701,5131,3,0,2,1,2,NA,NA,NA,NA,NA
44044129,16.3994608559366,2151,5,2,2,1,1,NA,NA,NA,NA,NA
495778834,87.5598207598285,5120,3,2,1,1,3,NA,NA,NA,NA,NA
66001763,4.52723425516123,4321,0,0,1,1,1,NA,NA,NA,NA,NA
66088444,3.2825743931432,1321,5,4,1,1,1,NA,NA,NA,NA,NA
880773477,5.34290126427455,3221,4,0,1,1,1,NA,NA,NA,NA,NA
55066883,3.39768883088714,5131,2,1,1,1,3,NA,NA,NA,NA,NA
23101877,3.28705178872377,9211,0,0,1,1,238,NA,NA,NA,NA,NA
5506677554,14.7227422316396,3343,5,0,1,1,3,NA,NA,NA,NA,NA
45177126,28.7181252781852,2243,5,1,1,1,1,NA,NA,NA,NA,NA
330017645,5.11925815814655,5230,3,1,2,1,1,NA,NA,NA,NA,NA
23188663,4.52723425516123,7412,2,2,1,1,1,NA,NA,NA,NA,NA
220018745,2.18183982102448,8350,1,0,1,1,12,NA,NA,NA,NA,NA
23166348,9.04947376143625,4110,4,1,2,1,1,NA,NA,NA,NA,NA
550884467,5.02740192968878,9329,2,0,2,2,NA,8,12,NA,NA,NA
440771266,4.65052397813388,3111,2,0,1,1,6,NA,NA,NA,NA,NA
56177889,10.7068218908321,5131,0,1,2,1,2,NA,NA,NA,NA,NA
22099779,14.1136507463825,4416,4,4,1,1,1,NA,NA,NA,NA,NA
99088779,14.1136507463825,8342,0,0,1,1,7,NA,NA,NA,NA,NA
990887767,3.89141327964785,4323,4,2,2,1,1,NA,NA,NA,NA,NA
22077336,12.7070854301968,7512,1,0,2,1,3,NA,NA,NA,NA,NA
36366887,5.57879253831152,9112,2,0,1,1,3,NA,NA,NA,NA,NA
66001121,5.35480683456073,3123,5,0,1,1,1,NA,NA,NA,NA,NA
35277130,28.3262895606989,7544,5,0,1,1,1,NA,NA,NA,NA,NA
12188661,8.91560005738092,5223,2,0,1,1,1,NA,NA,NA,NA,NA
34166883,3.39768883088714,9112,2,0,1,1,1,NA,NA,NA,NA,NA
33001874,3.74780012609433,8331,2,2,1,2,NA,8,NA,NA,NA,NA
11012134,79.9182862727064,9211,0,0,2,1,15,NA,NA,NA,NA,NA
66099444,1.60095289145395,7412,4,2,1,1,7,NA,NA,NA,NA,NA
68277126,18.7647360968455,5414,2,1,1,1,20,NA,NA,NA,NA,NA
2266886,17.8979195718987,9112,0,0,2,1,3,NA,NA,NA,NA,NA
330881134,264.850224421149,9211,0,0,2,1,3,NA,NA,NA,NA,NA
68211889,10.7068218908321,3421,2,2,2,1,7,NA,NA,NA,NA,NA
99099338,6.14669516497217,9211,0,0,2,1,80,NA,NA,NA,NA,NA
330888856,2.2233740864553,9412,0,0,1,1,4,NA,NA,NA,NA,NA
330441255,5.81496886942004,7422,1,0,1,1,7,NA,NA,NA,NA,NA
99088124,4.16172064943489,2243,5,2,1,1,1,NA,NA,NA,NA,NA
781778845,2.1583466704331302,5131,3,1,1,1,3,NA,NA,NA,NA,NA
69311350,10.6093860452297,1345,5,2,1,1,3,NA,NA,NA,NA,NA
77012770,12.5748642684542,5222,0,2,2,1,2,NA,NA,NA,NA,NA
106711342,5.87252737258939,5414,2,0,1,2,NA,8,NA,NA,NA,NA
220551156,4.4086649204006,9211,2,0,2,1,1,NA,NA,NA,NA,NA
77077884,5.02331052128334,9412,3,3,1,1,3,NA,NA,NA,NA,NA
88066776,14.7227422316396,8331,0,2,1,1,4,NA,NA,NA,NA,NA
88044559,61.8329989886565,3123,3,0,1,1,1,NA,NA,NA,NA,NA
231887767,3.89141327964785,8322,2,0,1,1,4,NA,NA,NA,NA,NA
26477122,4.69218979973437,5414,2,1,1,1,15,NA,NA,NA,NA,NA
66066447,5.76130055397437,7126,3,1,1,1,2,NA,NA,NA,NA,NA
44011351,22.3915910543013,9112,2,0,2,1,1,NA,NA,NA,NA,NA
48411348,6.88268729828353,2352,4,0,1,2,NA,7,8,9,NA,NA
440129823,1.59754822154648,5230,3,1,1,1,51,NA,NA,NA,NA,NA
572778867,2.21584836780982,5230,2,0,2,1,6,NA,NA,NA,NA,NA
440778801,10.0540792660816,5120,4,5,2,1,2,NA,NA,NA,NA,NA
22023983,1,9412,1,1,1,1,8,NA,NA,NA,NA,NA
33055348,9.04947376143623,2359,5,0,2,1,6,NA,NA,NA,NA,NA
352771277,3.61505489574363,5414,1,2,1,1,2,NA,NA,NA,NA,NA
11883367,3.62996180403925,7112,0,4,1,1,5,NA,NA,NA,NA,NA
902776645,5.11925815814655,1420,5,2,1,1,1,NA,NA,NA,NA,NA
68266889,10.7068218908321,5230,3,2,1,1,2,NA,NA,NA,NA,NA
220330177,2.48919632647864,5249,2,2,1,1,3,NA,NA,NA,NA,NA
330993466,2.37414721167236,2221,5,1,1,1,3,NA,NA,NA,NA,NA
25377667,11.4287913093968,3324,5,0,2,2,NA,2,6,7,8,10
550885556,11.3648420156433,8332,2,2,1,1,3,NA,NA,NA,NA,NA
220993433,1.79800552387734,9112,3,0,1,1,1,NA,NA,NA,NA,NA
55099339,16.8017324042206,7233,3,0,1,1,1,NA,NA,NA,NA,NA
11775567,17.5445050393423,7112,2,5,1,1,15,NA,NA,NA,NA,NA
363881244,139.430435247979,5414,2,0,1,1,50,NA,NA,NA,NA,NA
22001879,14.1136507463825,8332,2,3,1,1,5,NA,NA,NA,NA,NA
56177887,5.57879253831152,9112,0,0,1,1,2,NA,NA,NA,NA,NA
45177778,8.6575183407399,8332,2,2,1,1,1,NA,NA,NA,NA,NA
330991123,5.34390853706442,9212,0,1,2,1,6,NA,NA,NA,NA,NA
55066886,17.8979195718987,5120,2,3,2,1,1,NA,NA,NA,NA,NA
57277884,5.02331052128334,5230,5,0,1,1,2,NA,NA,NA,NA,NA
275771134,79.9182862727064,9211,0,0,2,1,3,NA,NA,NA,NA,NA
33088336,12.7070854301968,4321,3,1,1,1,2,NA,NA,NA,NA,NA
56177120,18.8571497898326,3143,2,1,1,1,1,NA,NA,NA,NA,NA
55088342,3.54837053120246,2341,5,2,1,1,2,NA,NA,NA,NA,NA
22088344,3.04058815363088,2330,5,0,1,1,3,NA,NA,NA,NA,NA
220113411,11.6878087424019,2352,4,0,1,1,1,NA,NA,NA,NA,NA
77088331,4.18840552816857,9112,2,0,2,1,1,NA,NA,NA,NA,NA
891773301,11.2255998614226,7512,0,0,2,1,1,NA,NA,NA,NA,NA
12177444,3.2825743931432,4110,3,0,1,1,1,NA,NA,NA,NA,NA
66088344,5.03215123785774,1211,5,5,1,2,NA,6,8,9,NA,NA
22044667,11.4287913093968,5222,4,2,1,1,1,NA,NA,NA,NA,NA
44055351,9.46300993854909,2249,5,0,1,1,7,NA,NA,NA,NA,NA
440882245,3.8464059039183,8332,3,0,1,1,4,NA,NA,NA,NA,NA
11124334,69.9059807061057,5223,2,0,2,1,11,NA,NA,NA,NA,NA
13266334,3.83623723147949,9412,2,1,1,1,1,NA,NA,NA,NA,NA
99088442,3.46201747387135,8332,3,5,1,1,3,NA,NA,NA,NA,NA
51711350,23.6519287699075,2248,5,2,1,1,1,NA,NA,NA,NA,NA
77088552,29.087720167689,9313,3,2,1,1,2,NA,NA,NA,NA,NA
55066998,3.22251567262593,7422,0,0,2,1,2,NA,NA,NA,NA,NA
770558823,3.78015522531299,5120,4,1,1,1,1,NA,NA,NA,NA,NA
330666623,4.31938026576803,4321,3,2,1,1,1,NA,NA,NA,NA,NA
550997767,2.95966168401303,9112,1,0,1,1,1,NA,NA,NA,NA,NA
121665512,6.00511406216661,7115,2,5,1,1,3,NA,NA,NA,NA,NA
12188336,12.7070854301968,7212,4,1,2,1,2,NA,NA,NA,NA,NA
22077351,22.3915910543013,8322,3,0,1,1,1,NA,NA,NA,NA,NA
693113466,3.92919633519165,5153,0,0,2,1,1,NA,NA,NA,NA,NA
33099114,17.8787440435157,9211,0,0,1,1,30,NA,NA,NA,NA,NA
1177669,21.6344070654774,5223,2,0,2,1,2,NA,NA,NA,NA,NA
56144557,31.7496431070843,7112,0,NA,2,1,11,NA,NA,NA,NA,NA
66099337,8.04017439763438,4321,2,0,1,1,10,NA,NA,NA,NA,NA
440775567,17.5445050393423,9313,0,0,2,1,1,NA,NA,NA,NA,NA
23166780,7.86632675576514,9112,0,0,2,1,1,NA,NA,NA,NA,NA
22099888,4.66906230883171,5230,2,0,1,1,4,NA,NA,NA,NA,NA
23155999,4.01755510457195,2433,5,3,1,1,1,NA,NA,NA,NA,NA
89155128,14.3633132974849,1120,4,1,1,1,1,NA,NA,NA,NA,NA
22099125,15.9827479174487,8342,2,1,1,1,1,NA,NA,NA,NA,NA
220238767,1,8332,2,0,1,1,50,NA,NA,NA,NA,NA
330993367,3.62996180403925,9333,2,0,2,1,1,NA,NA,NA,NA,NA
18711351,14.2133793129833,4110,3,0,2,1,1,NA,NA,NA,NA,NA
88033124,6.8876173488553,5414,3,2,1,1,12,NA,NA,NA,NA,NA
440445567,17.5445050393423,7115,2,0,1,1,6,NA,NA,NA,NA,NA
25377882,8.15889662339701,5222,4,2,1,1,2,NA,NA,NA,NA,NA
67177774,3.74780012609433,8332,2,3,1,1,2,NA,NA,NA,NA,NA
121887712,1.59140111631994,3152,4,0,1,1,2,NA,NA,NA,NA,NA
275113466,2.37414721167236,2330,5,2,1,1,2,NA,NA,NA,NA,NA
451668845,3.40023402834294,5131,1,1,1,1,2,NA,NA,NA,NA,NA
880665501,28.0884053340587,9313,0,0,2,1,4,NA,NA,NA,NA,NA
671113422,2.48926708471777,2341,5,0,1,1,1,NA,NA,NA,NA,NA
33022348,6.88268729828353,2352,5,0,2,1,2,NA,NA,NA,NA,NA
79266884,5.02331052128334,9412,4,3,1,1,2,NA,NA,NA,NA,NA
330778867,2.91343494114822,9411,2,0,1,1,3,NA,NA,NA,NA,NA
55012549,4.60058491836551,2151,5,2,1,1,1,NA,NA,NA,NA,NA
550885545,6.75813782208289,3313,4,2,1,1,1,NA,NA,NA,NA,NA
78166015,4.61789358648056,8322,2,2,1,1,7,NA,NA,NA,NA,NA
77001763,4.52723425516123,5245,2,0,2,1,2,NA,NA,NA,NA,NA
103411349,4.85355384649436,2341,5,0,1,1,21,NA,NA,NA,NA,NA
2277668,13.778107439158,5245,2,0,1,1,7,NA,NA,NA,NA,NA
23112119,3.34597568865511,3113,4,0,1,1,1,NA,NA,NA,NA,NA
77077114,17.8787440435157,8341,2,3,1,1,1,NA,NA,NA,NA,NA
440776623,4.31938026576803,5223,2,0,1,1,4,NA,NA,NA,NA,NA
66077554,34.6636746080955,3123,5,5,1,1,1,NA,NA,NA,NA,NA
22023768,1,6111,2,0,2,1,50,NA,NA,NA,NA,NA
34188774,3.74780012609433,8341,1,0,1,1,4,NA,NA,NA,NA,NA
44077124,6.8876173488553,8112,2,1,1,1,7,NA,NA,NA,NA,NA
45166342,5.8725273725894,2247,5,0,2,1,2,NA,NA,NA,NA,NA
77088124,6.8876173488553,3343,3,2,1,1,1,NA,NA,NA,NA,NA
220883367,3.62996180403925,9321,0,3,2,1,7,NA,NA,NA,NA,NA
56155128,14.3633132974849,8332,2,2,1,1,2,NA,NA,NA,NA,NA
220995512,6.00511406216661,8342,0,0,1,1,1,NA,NA,NA,NA,NA
57266331,4.18840552816858,5223,0,0,2,1,1,NA,NA,NA,NA,NA
990443301,11.2255998614226,7214,0,1,2,1,3,NA,NA,NA,NA,NA
2209933992,8.32124240624532,9412,3,0,2,1,7,NA,NA,NA,NA,NA
47311345,7.47445554885214,2341,5,0,1,1,5,NA,NA,NA,NA,NA
55044114,17.8787440435157,7119,3,1,2,1,2,NA,NA,NA,NA,NA
23188342,3.54837053120246,2330,5,0,1,1,13,NA,NA,NA,NA,NA
23199667,11.4287913093968,7511,0,2,1,1,7,NA,NA,NA,NA,NA
22775545,6.75813782208289,7212,0,0,1,1,3,NA,NA,NA,NA,NA
5505577013,9.52489085806869,8331,3,1,1,1,10,NA,NA,NA,NA,NA
22066128,14.3633132974849,2230,5,1,1,1,1,NA,NA,NA,NA,NA
1188883,2.0529932270711,5120,0,0,2,1,8,NA,NA,NA,NA,NA
22034450,1,2622,4,1,2,1,6,NA,NA,NA,NA,NA
55034437,3.60652676089592,8114,2,1,1,1,22,NA,NA,NA,NA,NA
33012120,4.61877666218049,8189,3,2,1,1,100,NA,NA,NA,NA,NA
33001436,12.7070854301968,2242,5,2,1,1,6,NA,NA,NA,NA,NA
33001983,2.0529932270711,3421,2,NA,1,1,30,NA,NA,NA,NA,NA
66066449,6.04892692370184,9333,3,0,1,1,3,NA,NA,NA,NA,NA
56188777,7.32795606064763,7231,2,2,1,1,2,NA,NA,NA,NA,NA
22088337,8.04017439763438,3257,4,1,1,1,2,NA,NA,NA,NA,NA
24266890,12.8797783942311,5131,0,0,2,1,1,NA,NA,NA,NA,NA
330997745,3.4372448622224,8332,2,1,1,1,1,NA,NA,NA,NA,NA
330881222,2.84121619791885,9122,0,0,2,1,1,NA,NA,NA,NA,NA
2255777,7.32795606064763,9629,2,0,1,1,3,NA,NA,NA,NA,NA
660237634,154.084563926273,1321,5,2,2,1,5,NA,NA,NA,NA,NA
451661277,4.75313536812026,5414,0,1,1,1,2,NA,NA,NA,NA,NA
330993334,231.669315520792,3313,4,5,1,1,1,NA,NA,NA,NA,NA
78112761,8.91560005738092,5223,5,2,2,2,NA,1,2,NA,NA,NA
22012449,8.22945122640888,3221,4,0,1,1,8,NA,NA,NA,NA,NA
220990133,2.94636350302331,1212,4,2,2,1,1,NA,NA,NA,NA,NA
220344356,1,8189,2,0,2,1,200,NA,NA,NA,NA,NA
88099998,2.4509234761273,5244,2,2,2,1,10,NA,NA,NA,NA,NA
33012321,2.45904439056947,8322,3,3,1,1,7,NA,NA,NA,NA,NA
451776645,5.11925815814655,3512,4,1,1,1,1,NA,NA,NA,NA,NA
90277334,3.83623723147949,7522,0,2,2,1,3,NA,NA,NA,NA,NA
583113444,258.866416475489,2330,5,2,1,1,1,NA,NA,NA,NA,NA
33001449,8.22945122640888,4225,4,0,2,1,1,NA,NA,NA,NA,NA
660991167,10.1249735724033,9211,0,0,2,1,40,NA,NA,NA,NA,NA
88088883,3.39768883088714,3434,4,3,1,1,1,NA,NA,NA,NA,NA
78166884,5.02331052128334,9112,2,0,2,1,3,NA,NA,NA,NA,NA
440331255,5.81496886942004,5164,0,0,1,1,1,NA,NA,NA,NA,NA
660996601,16.3994932203155,1211,5,0,2,1,1,NA,NA,NA,NA,NA
44022663,4.52723425516123,3221,4,0,1,1,2,NA,NA,NA,NA,NA
69377669,21.6344070654774,1211,5,2,1,1,1,NA,NA,NA,NA,NA
88088125,10.4433017081777,7544,2,0,1,1,3,NA,NA,NA,NA,NA
33022349,10.8202217704964,2342,5,0,1,1,1,NA,NA,NA,NA,NA
1001113411,11.6878087424019,2341,5,0,2,1,1,NA,NA,NA,NA,NA
1001668812,3.20383500566392,1431,4,0,1,1,1,NA,NA,NA,NA,NA
55055130,28.3262895606989,1212,5,3,1,1,1,NA,NA,NA,NA,NA
46211342,3.54837053120246,2352,5,1,1,1,3,NA,NA,NA,NA,NA
660886656,3.84563853409296,2242,5,1,1,1,1,NA,NA,NA,NA,NA
2208801113,4.46708996366324,7511,0,0,2,1,100,NA,NA,NA,NA,NA
99099017,11.8136722761082,9112,2,0,1,1,1,NA,NA,NA,NA,NA
22088443,4.42094934397458,1219,5,5,1,1,1,NA,NA,NA,NA,NA
231883367,2.76081158535236,7212,2,0,2,1,2,NA,NA,NA,NA,NA
121345401,1.97412687588724,2611,5,2,2,1,2,NA,NA,NA,NA,NA
3308877992,7.86632675576514,8322,3,1,1,1,2,NA,NA,NA,NA,NA
781665501,28.0884053340587,3257,4,3,1,1,1,NA,NA,NA,NA,NA
550998823,2.39950702694744,4212,3,0,2,1,2,NA,NA,NA,NA,NA
330886601,16.3994932203154,9334,0,0,2,1,8,NA,NA,NA,NA,NA
33012660,1,7112,0,1,1,1,14,NA,NA,NA,NA,NA
12166888,6.13896215578772,5131,0,0,2,1,3,NA,NA,NA,NA,NA
70411351,9.46300993854909,2341,5,0,2,1,62,NA,NA,NA,NA,NA
44088991,5.93214576460398,2243,5,2,1,1,1,NA,NA,NA,NA,NA
101211348,9.04947376143623,2352,5,1,1,1,1,NA,NA,NA,NA,NA
330014433,1.19707943954436,9112,2,0,1,1,2,NA,NA,NA,NA,NA
33066664,9.07687591121961,5223,2,2,1,1,5,NA,NA,NA,NA,NA
44001873,2.02512187695574,8332,2,2,1,2,NA,1,8,NA,NA,NA
440012167,17.1674156335887,3142,2,2,1,1,4,NA,NA,NA,NA,NA
3306613092,15.0211478886385,5120,3,2,1,1,2,NA,NA,NA,NA,NA
45155780,7.86632675576514,8332,2,0,1,1,1,NA,NA,NA,NA,NA
88055337,8.04017439763438,7214,2,3,1,1,3,NA,NA,NA,NA,NA
473881134,79.9182862727064,9211,0,0,2,1,85,NA,NA,NA,NA,NA
440124444,78.1126783014563,3221,4,1,1,1,11,NA,NA,NA,NA,NA
88011348,9.04947376143623,2352,5,0,1,1,1,NA,NA,NA,NA,NA
33001654,22.6496228380874,3121,5,15,1,1,2,NA,NA,NA,NA,NA
40711346,36.5300984902799,5414,2,0,1,1,1,NA,NA,NA,NA,NA
44077666,27.0840741567653,8322,2,0,1,1,2,NA,NA,NA,NA,NA
660127612,1,1212,5,2,2,2,NA,1,3,4,NA,NA
671668812,3.20383500566392,7512,0,0,2,1,1,NA,NA,NA,NA,NA
341778834,87.5598207598285,5120,3,2,1,1,1,NA,NA,NA,NA,NA
45166996,6.10920645087901,2642,5,2,1,1,1,NA,NA,NA,NA,NA
660556645,5.11925815814655,8172,3,2,2,1,1,NA,NA,NA,NA,NA
11886656,3.84563853409296,5243,2,0,1,1,2,NA,NA,NA,NA,NA
23177560,51.3230634997549,2243,5,5,1,1,1,NA,NA,NA,NA,NA
68201761,8.91560005738092,7543,3,2,1,1,1,NA,NA,NA,NA,NA
88066559,61.8329989886565,7231,4,0,1,1,3,NA,NA,NA,NA,NA
58377887,5.57879253831152,9112,2,0,1,1,5,NA,NA,NA,NA,NA
88055131,15.0211478886385,9412,2,0,2,1,1,NA,NA,NA,NA,NA
15477122,4.69218979973437,5414,2,2,1,1,12,NA,NA,NA,NA,NA
99012115,4.61789358648057,3334,3,2,1,1,5,NA,NA,NA,NA,NA
55077129,16.3994608559366,3111,3,1,2,1,1,NA,NA,NA,NA,NA
58377886,11.6946957434009,9112,4,0,1,1,1,NA,NA,NA,NA,NA
440996645,5.11925815814655,4321,0,1,2,1,1,NA,NA,NA,NA,NA
89177131,9.53488620526702,5414,2,0,1,1,30,NA,NA,NA,NA,NA
77022349,10.8202217704964,2221,5,0,1,1,1,NA,NA,NA,NA,NA
55088123,17.0012048076737,7233,4,0,2,2,NA,6,NA,NA,NA,NA
132778823,3.78015522531299,5131,2,0,1,1,1,NA,NA,NA,NA,NA
891771233,6.0979201785786,8332,3,0,1,1,10,NA,NA,NA,NA,NA
34177345,11.4391350739138,1342,5,3,1,1,1,NA,NA,NA,NA,NA
24266776,14.7227422316396,5112,2,0,1,1,1,NA,NA,NA,NA,NA
89188777,5.57336607968624,8332,2,2,1,1,6,NA,NA,NA,NA,NA
3366557,24.1475770966248,3123,3,2,1,1,14,NA,NA,NA,NA,NA
132668823,3.78015522531299,9412,2,1,2,1,1,NA,NA,NA,NA,NA
55099443,2.67128024729517,9333,2,3,1,1,2,NA,NA,NA,NA,NA
101277336,12.7070854301968,7512,3,1,1,2,NA,1,NA,NA,NA,NA
121113444,258.866416475489,1345,5,0,1,2,NA,1,2,6,8,10
68211122,7.76553992713583,3121,2,2,1,2,NA,1,5,NA,NA,NA
550441145,10.1197107710232,6114,0,1,1,1,1,NA,NA,NA,NA,NA
990558801,10.0540792660816,4224,2,0,1,1,1,NA,NA,NA,NA,NA
66099557,24.1475770966248,3123,5,3,1,1,1,NA,NA,NA,NA,NA
56177664,9.07687591121961,9333,0,1,2,1,1,NA,NA,NA,NA,NA
45155888,6.13896215578772,9412,0,0,2,1,2,NA,NA,NA,NA,NA
22023218,1,7515,2,1,1,1,15,NA,NA,NA,NA,NA
12155128,14.3633132974849,5414,2,0,1,1,4,NA,NA,NA,NA,NA
100111350,23.6519287699075,5312,3,1,1,1,1,NA,NA,NA,NA,NA
25377662,5.07787761974289,3122,4,5,1,2,NA,6,NA,NA,NA,NA
88055339,16.8017324042206,7512,2,1,2,1,1,NA,NA,NA,NA,NA
5508855552,29.634096081514,3123,5,3,1,1,4,NA,NA,NA,NA,NA
2277779,14.1136507463825,8332,2,0,1,2,NA,1,4,7,NA,NA
77077450,5.23370769244726,9621,2,0,2,1,1,NA,NA,NA,NA,NA
66055338,8.08177884659017,5223,3,0,2,2,NA,12,NA,NA,NA,NA
671993334,231.669315520792,2161,5,0,1,1,1,NA,NA,NA,NA,NA
100166129,12.4728093486332,4110,4,2,2,1,1,NA,NA,NA,NA,NA
121555567,17.5445050393423,9215,3,0,2,1,3,NA,NA,NA,NA,NA
44044119,26.9298226643207,9211,0,1,1,1,4,NA,NA,NA,NA,NA
9911342,5.8725273725894,5414,2,0,2,1,1,NA,NA,NA,NA,NA
99001767,11.4287913093968,7521,2,0,1,1,6,NA,NA,NA,NA,NA
89177663,4.52723425516123,4321,2,1,2,1,1,NA,NA,NA,NA,NA
11342244,1,2431,5,3,1,1,57,NA,NA,NA,NA,NA
440993422,2.48926708471777,2143,5,1,1,1,1,NA,NA,NA,NA,NA
66077774,3.74780012609433,8322,2,3,1,1,2,NA,NA,NA,NA,NA
550887712,2.50707465236255,8322,0,0,1,1,1,NA,NA,NA,NA,NA
220991266,4.65052397813388,8342,2,2,1,1,6,NA,NA,NA,NA,NA
660228823,3.78015522531299,5131,2,0,1,1,2,NA,NA,NA,NA,NA
13277887,5.57879253831153,9412,0,0,2,1,2,NA,NA,NA,NA,NA
924113455,5.73021563945187,5321,4,2,1,1,2,NA,NA,NA,NA,NA
22012433,1.79223314641399,3115,4,5,1,1,21,NA,NA,NA,NA,NA
330346523,1,9313,0,1,1,1,10,NA,NA,NA,NA,NA
35288771,3.13217582716262,8332,2,3,1,1,15,NA,NA,NA,NA,NA
55088124,6.88761734885529,8332,2,0,1,1,1,NA,NA,NA,NA,NA
220991233,3.87074113260851,3313,0,2,1,1,1,NA,NA,NA,NA,NA
1188882,8.15889662339701,4224,3,2,1,2,NA,6,NA,NA,NA,NA
90211350,17.9887620005335,2352,5,0,1,1,1,NA,NA,NA,NA,NA
100177887,5.57879253831152,9411,2,0,1,1,1,NA,NA,NA,NA,NA
55055997,3.90278568342011,3513,3,0,1,1,2,NA,NA,NA,NA,NA
781667701,9.52489085806869,5243,2,1,1,1,10,NA,NA,NA,NA,NA
34111350,23.6519287699075,2330,5,1,1,1,1,NA,NA,NA,NA,NA
451557701,9.52489085806869,2422,5,2,1,1,1,NA,NA,NA,NA,NA
66012767,11.4287913093968,5245,2,0,1,1,4,NA,NA,NA,NA,NA
100177122,7.76553992713583,7233,3,0,1,1,1,NA,NA,NA,NA,NA
660883367,3.62996180403925,7212,0,0,2,1,6,NA,NA,NA,NA,NA
12101768,10.4791071354881,5223,0,0,1,1,7,NA,NA,NA,NA,NA
440344301,4.74410071161121,9321,0,0,2,1,20,NA,NA,NA,NA,NA
4405555552,45.3529257956236,9329,0,0,1,1,1,NA,NA,NA,NA,NA
15477331,4.18840552816858,7214,0,0,2,1,1,NA,NA,NA,NA,NA
89177667,11.4287913093968,1420,5,3,2,1,1,NA,NA,NA,NA,NA
3309955332,7.1849933524850504,7212,2,5,1,1,2,NA,NA,NA,NA,NA
1001885534,815.917781369119,9313,0,0,1,1,2,NA,NA,NA,NA,NA
88088780,7.86632675576513,7131,0,1,2,1,2,NA,NA,NA,NA,NA
99077229,6.77479815454606,9311,0,0,1,1,2,NA,NA,NA,NA,NA
990997723,2.2453250560792,8331,2,2,1,1,10,NA,NA,NA,NA,NA
22023659,1,3123,2,2,1,1,100,NA,NA,NA,NA,NA
1111346,36.5300984902798,2246,5,0,1,2,NA,1,2,3,NA,NA
77099336,8.30294813285885,7412,3,1,1,1,8,NA,NA,NA,NA,NA
22088120,29.7073325945741,9211,0,0,2,1,1,NA,NA,NA,NA,NA
330663477,5.34290126427455,3215,4,0,1,1,2,NA,NA,NA,NA,NA
66012768,10.4791071354881,7511,0,0,2,1,5,NA,NA,NA,NA,NA
88066889,10.7068218908321,5131,2,1,2,1,1,NA,NA,NA,NA,NA
121551167,17.1674156335887,9211,0,0,2,1,10,NA,NA,NA,NA,NA
100166339,16.8017324042206,7212,0,0,1,1,3,NA,NA,NA,NA,NA
660127667,4.29045348305249,5223,3,3,1,1,1,NA,NA,NA,NA,NA
3307755552,45.3529257956236,7112,0,0,1,1,1,NA,NA,NA,NA,NA
66099350,17.9887620005335,9112,2,0,2,1,1,NA,NA,NA,NA,NA
46266890,12.8797783942311,2166,4,2,2,1,6,NA,NA,NA,NA,NA
220883312,2.0096822241167,7515,2,0,1,1,1,NA,NA,NA,NA,NA
132776656,3.84563853409296,5223,2,1,1,1,12,NA,NA,NA,NA,NA
550993411,7.41900200796358,2221,5,0,1,1,2,NA,NA,NA,NA,NA
990771244,462.07424844616,2166,5,2,2,1,1,NA,NA,NA,NA,NA
220014466,2.37414721167236,2310,5,2,1,2,NA,7,8,NA,NA,NA
33088778,8.6575183407399,8332,0,0,1,1,4,NA,NA,NA,NA,NA
88001763,4.52723425516123,5223,2,1,2,1,2,NA,NA,NA,NA,NA
99077780,7.86632675576514,8322,2,2,1,1,1,NA,NA,NA,NA,NA
44023119,3.34597568865511,3334,4,0,1,1,1,NA,NA,NA,NA,NA
561887701,6.0460592707409,8332,2,2,1,1,12,NA,NA,NA,NA,NA
1177124,6.88761734885529,8331,2,5,1,1,3,NA,NA,NA,NA,NA
44012324,3.24867467744887,8113,0,2,1,1,30,NA,NA,NA,NA,NA
3309911882,20.4818040565633,9215,2,0,1,1,2,NA,NA,NA,NA,NA
77088345,11.4391350739138,4226,3,1,1,1,2,NA,NA,NA,NA,NA
671113411,11.6878087424019,2341,5,0,1,1,6,NA,NA,NA,NA,NA
55055444,3.2825743931432,7112,2,0,1,1,3,NA,NA,NA,NA,NA
66066116,16.0265049012021,9213,0,0,2,1,11,NA,NA,NA,NA,NA
220441123,5.34390853706443,5222,0,1,1,1,1,NA,NA,NA,NA,NA
3300165552,22.1191933502152,3113,0,1,1,1,10,NA,NA,NA,NA,NA
88088340,13.1091876830554,5223,2,0,1,1,3,NA,NA,NA,NA,NA
56166780,7.86632675576514,5230,3,0,1,1,2,NA,NA,NA,NA,NA
440998801,4.24899917952074,2423,5,2,2,1,1,NA,NA,NA,NA,NA
99077776,14.7227422316396,8331,5,3,1,2,NA,12,NA,NA,NA,NA
231666667,5.64116086302934,4313,0,3,2,1,4,NA,NA,NA,NA,NA
440019834,26.4210870002648,5151,3,2,1,1,1,NA,NA,NA,NA,NA
56177883,3.39768883088714,5131,0,0,2,1,1,NA,NA,NA,NA,NA
28611348,4.05926136406294,2211,5,5,1,1,3,NA,NA,NA,NA,NA
220126501,11.8705659722709,2243,5,5,1,1,10,NA,NA,NA,NA,NA
44034877,3.28705178872377,8332,2,3,1,1,90,NA,NA,NA,NA,NA
990885512,3.81183113680117,9313,0,0,2,1,60,NA,NA,NA,NA,NA
34188119,20.4818040565633,3257,4,0,1,1,1,NA,NA,NA,NA,NA
33044347,36.5300984902798,3611,3,0,1,1,1,NA,NA,NA,NA,NA
341113422,2.48926708471777,2341,5,0,2,1,1,NA,NA,NA,NA,NA
220993411,7.41900200796358,2330,5,0,1,1,2,NA,NA,NA,NA,NA
22099346,23.8691645475402,2330,5,5,1,1,3,NA,NA,NA,NA,NA
88067000,4.31787800363785,4212,0,0,1,1,4,NA,NA,NA,NA,NA
25377130,21.5439039337003,5414,2,0,1,1,11,NA,NA,NA,NA,NA
89188666,27.0840741567653,5223,2,1,1,1,3,NA,NA,NA,NA,NA
55089000,4.31787800363785,7422,3,0,1,1,5,NA,NA,NA,NA,NA
44012218,1,1311,2,1,1,1,2,NA,NA,NA,NA,NA
23101432,4.17920775549524,3257,4,3,1,1,2,NA,NA,NA,NA,NA
12188118,25.2823804013171,9211,3,1,2,1,25,NA,NA,NA,NA,NA
38511349,10.8202217704964,2211,5,0,1,1,3,NA,NA,NA,NA,NA
56188774,3.74780012609433,8332,2,0,1,1,5,NA,NA,NA,NA,NA
44066019,3.34597568865511,4226,2,NA,2,1,1,NA,NA,NA,NA,NA
55012324,3.24867467744887,8342,2,2,1,1,54,NA,NA,NA,NA,NA
1001887767,2.95966168401303,8332,2,2,1,1,2,NA,NA,NA,NA,NA
12188558,24.6602769010231,2243,5,3,1,1,1,NA,NA,NA,NA,NA
47377336,12.7070854301968,7212,3,0,1,1,2,NA,NA,NA,NA,NA
220772267,3.14212620605549,9329,3,0,2,1,1,NA,NA,NA,NA,NA
3307702093,5.35480683456073,5414,2,0,1,1,1,NA,NA,NA,NA,NA
88099332,6.91655838195872,7412,4,3,1,1,1,NA,NA,NA,NA,NA
781669934,83.8018215905458,2142,5,1,1,1,2,NA,NA,NA,NA,NA
330776656,3.84563853409296,3254,4,2,1,1,1,NA,NA,NA,NA,NA
902113477,4.06360851879736,2352,5,0,1,1,6,NA,NA,NA,NA,NA
330556645,5.11925815814655,5223,0,0,2,1,2,NA,NA,NA,NA,NA
56188996,3.99182208801672,4416,5,4,1,1,1,NA,NA,NA,NA,NA
33113477,4.06360851879736,2341,5,0,1,1,3,NA,NA,NA,NA,NA
44011224,4.9718709548347,8342,4,2,1,1,6,NA,NA,NA,NA,NA
13211342,5.8725273725894,2330,5,0,1,1,1,NA,NA,NA,NA,NA
46211351,22.3915910543013,2246,5,0,1,1,1,NA,NA,NA,NA,NA
11668812,3.20383500566392,9412,2,1,1,1,3,NA,NA,NA,NA,NA
440883301,11.2255998614226,5246,3,0,2,1,2,NA,NA,NA,NA,NA
220889912,1.60728783244817,7422,4,0,1,1,3,NA,NA,NA,NA,NA
2208855453,10.6466910555505,2142,5,2,1,1,2,NA,NA,NA,NA,NA
1188668,13.778107439158,7231,0,0,2,1,3,NA,NA,NA,NA,NA
55011347,36.5300984902798,2342,5,1,1,1,6,NA,NA,NA,NA,NA
220775512,6.00511406216661,9313,0,0,2,1,3,NA,NA,NA,NA,NA
22066348,9.04947376143623,8322,3,2,1,1,1,NA,NA,NA,NA,NA
770012101,11.9538546864424,7541,0,0,1,1,40,NA,NA,NA,NA,NA
66044338,8.08177884659016,7115,0,1,2,1,1,NA,NA,NA,NA,NA
88066333,4.03800303779987,7512,0,0,1,1,6,NA,NA,NA,NA,NA
4407733554,12.7070854301968,7512,3,2,1,1,3,NA,NA,NA,NA,NA
341667767,3.89141327964785,8332,0,0,1,1,1,NA,NA,NA,NA,NA
550991222,1.20073902087936,5414,2,1,1,1,22,NA,NA,NA,NA,NA
23177129,16.3994608559366,4323,0,0,1,1,1,NA,NA,NA,NA,NA
22012988,2.75371281815603,9412,1,0,1,1,200,NA,NA,NA,NA,NA
341773367,3.62996180403925,8183,0,0,1,1,3,NA,NA,NA,NA,NA
45177777,7.32795606064763,5223,2,1,1,1,3,NA,NA,NA,NA,NA
22077448,4.04657594733918,3113,4,0,2,1,1,NA,NA,NA,NA,NA
33034876,1,8332,1,4,1,1,6,NA,NA,NA,NA,NA
7811134654,36.5300984902798,5312,2,0,1,1,2,NA,NA,NA,NA,NA
22055130,28.3262895606988,3123,4,5,1,1,1,NA,NA,NA,NA,NA
44023659,27.7360110030266,7112,3,5,1,1,15,NA,NA,NA,NA,NA
100111345,11.4391350739138,5312,4,0,1,1,4,NA,NA,NA,NA,NA
4408866992,19.8102936720593,5230,2,0,2,1,1,NA,NA,NA,NA,NA
77001437,6.11505239546658,7212,3,1,1,1,12,NA,NA,NA,NA,NA
99011668,13.778107439158,5223,2,0,2,1,1,NA,NA,NA,NA,NA
1177998,3.22251567262593,3343,3,2,1,1,1,NA,NA,NA,NA,NA
99088123,17.0012048076737,7231,3,4,1,1,3,NA,NA,NA,NA,NA
220881145,10.1197107710232,8341,3,0,1,1,2,NA,NA,NA,NA,NA
88077351,22.3915910543013,5414,2,0,1,1,2,NA,NA,NA,NA,NA
143119934,25.2871145670537,7422,2,0,1,1,2,NA,NA,NA,NA,NA
77088883,3.39768883088714,9112,0,0,2,1,3,NA,NA,NA,NA,NA
44012322,2.10187158118795,8111,5,2,2,1,5,NA,NA,NA,NA,NA
550661233,6.0979201785786,3240,3,0,1,2,NA,6,7,8,12,NA
22113466,2.37414721167236,2341,5,0,1,1,11,NA,NA,NA,NA,NA
77066447,5.76130055397437,3132,0,1,1,1,1,NA,NA,NA,NA,NA
79277884,5.02331052128334,9412,2,0,1,1,2,NA,NA,NA,NA,NA
220885545,10.6466910555505,7411,3,1,1,1,2,NA,NA,NA,NA,NA
33088348,6.88268729828353,2341,5,0,1,1,1,NA,NA,NA,NA,NA
90266887,5.57879253831152,5131,2,0,1,1,1,NA,NA,NA,NA,NA
770342244,1,2421,5,4,1,1,1,NA,NA,NA,NA,NA
99099130,21.5439039337002,7541,2,3,1,1,20,NA,NA,NA,NA,NA
440997767,3.89141327964785,8332,2,0,1,1,12,NA,NA,NA,NA,NA
78155557,31.7496431070843,3113,4,2,1,1,2,NA,NA,NA,NA,NA
132778867,2.91343494114822,9412,4,1,2,1,4,NA,NA,NA,NA,NA
36377669,21.6344070654774,9333,0,0,1,1,2,NA,NA,NA,NA,NA
990775523,8.07699680921145,3113,4,3,1,2,NA,1,2,NA,NA,NA
660771112,4.83847753256889,7541,1,2,1,1,14,NA,NA,NA,NA,NA
44001324,3.24867467744887,8113,2,3,1,1,60,NA,NA,NA,NA,NA
121881255,3.69113378472407,5414,2,0,1,1,2,NA,NA,NA,NA,NA
44012876,9.62000025845905,4110,5,0,1,1,20,NA,NA,NA,NA,NA
22044019,3.34597568865511,3312,2,0,2,1,4,NA,NA,NA,NA,NA
79266130,21.5439039337002,7115,0,15,1,1,10,NA,NA,NA,NA,NA
33077112,3.65251125831881,4321,0,0,2,1,1,NA,NA,NA,NA,NA
3306601652,11.8136722761082,1120,6,10,1,1,1,NA,NA,NA,NA,NA
33012658,14.5441024578265,3123,4,0,2,1,20,NA,NA,NA,NA,NA
121778856,2.2233740864553,5132,2,1,1,1,1,NA,NA,NA,NA,NA
330014411,4.93943686364191,2342,5,5,1,1,3,NA,NA,NA,NA,NA
23188129,7.35619546493945,5414,2,0,1,1,300,NA,NA,NA,NA,NA
47377334,2.50663922370614,7214,2,3,1,1,91,NA,NA,NA,NA,NA
23166557,31.7496431070843,9313,0,1,1,1,8,NA,NA,NA,NA,NA
24277669,21.6344070654774,5222,5,0,2,1,1,NA,NA,NA,NA,NA
88066116,16.0265049012021,6112,0,0,2,1,1,NA,NA,NA,NA,NA
77099337,6.11505239546658,7513,2,0,1,1,1,NA,NA,NA,NA,NA
990886623,4.31938026576803,4321,0,0,1,1,1,NA,NA,NA,NA,NA
121881167,17.1674156335887,6112,0,0,2,1,10,NA,NA,NA,NA,NA
121998834,26.4210870002648,5131,2,1,2,1,20,NA,NA,NA,NA,NA
231778845,3.40023402834294,5321,2,0,1,1,7,NA,NA,NA,NA,NA
231881101,28.2854849989094,6121,3,0,2,1,1,NA,NA,NA,NA,NA
880994401,2.96512571382148,9612,3,1,2,1,5,NA,NA,NA,NA,NA
11881167,17.1674156335887,6210,0,0,1,1,28,NA,NA,NA,NA,NA
90277126,18.7647360968455,3132,3,2,1,1,1,NA,NA,NA,NA,NA
990661211,17.4343211498199,3113,4,1,1,1,5,NA,NA,NA,NA,NA
440558867,2.91343494114822,5131,2,0,1,1,1,NA,NA,NA,NA,NA
781771101,28.2854849989094,9216,0,1,1,1,6,NA,NA,NA,NA,NA
330663411,11.6878087424019,2342,5,2,1,1,1,NA,NA,NA,NA,NA
24277999,3.05560038266833,3521,4,2,2,2,NA,8,NA,NA,NA,NA
100177340,13.1091876830554,2243,5,0,2,1,1,NA,NA,NA,NA,NA
45177888,6.13896215578772,5120,0,0,1,1,2,NA,NA,NA,NA,NA
44099663,4.52723425516123,5245,2,0,1,1,2,NA,NA,NA,NA,NA
22001450,17.9887620005335,2330,5,0,1,1,3,NA,NA,NA,NA,NA
220664456,3.23155869787241,8332,2,2,1,1,2,NA,NA,NA,NA,NA
220779901,4.09466738576137,3313,4,0,1,1,2,NA,NA,NA,NA,NA
671776667,5.64116086302934,5223,3,0,1,1,1,NA,NA,NA,NA,NA
220124433,1.79800552387734,4226,2,0,2,1,9,NA,NA,NA,NA,NA
220344466,1,2310,7,3,1,1,4,NA,NA,NA,NA,NA
33001877,5.57336607968624,8332,2,2,1,1,12,NA,NA,NA,NA,NA
44066348,6.88268729828353,2341,5,0,1,1,5,NA,NA,NA,NA,NA
22077993,3.24887610795061,3522,4,0,1,1,1,NA,NA,NA,NA,NA
66022348,4.05926136406294,3221,4,0,1,1,40,NA,NA,NA,NA,NA
99099015,4.61789358648057,4110,5,0,1,1,1,NA,NA,NA,NA,NA
132665501,28.0884053340587,9313,1,0,1,1,8,NA,NA,NA,NA,NA
55011444,3.2825743931432,5414,2,0,1,1,2,NA,NA,NA,NA,NA
79211886,17.8979195718987,9214,2,0,1,1,1,NA,NA,NA,NA,NA
55066997,3.90278568342011,7422,4,0,1,1,2,NA,NA,NA,NA,NA
22023542,2.09186266889658,9612,0,0,2,2,NA,2,8,NA,NA,NA
44066779,14.1136507463825,4323,3,0,1,1,1,NA,NA,NA,NA,NA
187773334,231.669315520792,3215,4,4,1,2,NA,2,8,NA,NA,NA
77055669,21.6344070654774,5246,0,0,2,1,1,NA,NA,NA,NA,NA
903213444,258.86641647549,9622,3,1,2,1,1,NA,NA,NA,NA,NA
23166337,8.04017439763438,7231,4,2,1,1,1,NA,NA,NA,NA,NA
33099118,56.3630221236528,6113,0,0,2,1,3,NA,NA,NA,NA,NA
66001442,2.60647109768217,2341,5,0,1,1,30,NA,NA,NA,NA,NA
330881277,4.75313536812026,2421,5,0,1,1,1,NA,NA,NA,NA,NA
132885534,815.917781369119,7119,3,5,2,1,10,NA,NA,NA,NA,NA
671773367,3.62996180403925,2144,5,2,1,1,1,NA,NA,NA,NA,NA
121775512,3.81183113680117,3112,4,2,1,1,2,NA,NA,NA,NA,NA
440017656,3.84563853409296,5223,2,0,2,1,10,NA,NA,NA,NA,NA
56199018,3.79532945947425,5414,2,1,1,1,2,NA,NA,NA,NA,NA
55099227,5.07775642045199,8113,0,5,2,1,3,NA,NA,NA,NA,NA
341661266,2.80999664908918,1212,5,3,1,1,1,NA,NA,NA,NA,NA
34101767,8.69230618857933,5230,2,1,1,1,16,NA,NA,NA,NA,NA
2209912983,12.7061325146884,5414,2,0,1,1,100,NA,NA,NA,NA,NA
12177881,4.15580958287232,9412,2,0,1,1,1,NA,NA,NA,NA,NA
6607733554,12.7070854301968,7212,3,0,1,1,8,NA,NA,NA,NA,NA
440996656,3.84563853409296,5223,1,0,1,1,4,NA,NA,NA,NA,NA
4477331,4.18840552816858,7212,0,0,2,1,6,NA,NA,NA,NA,NA
330997712,2.50707465236255,8350,1,0,1,1,3,NA,NA,NA,NA,NA
102311349,8.22945122640888,2330,5,0,1,1,7,NA,NA,NA,NA,NA
7707733554,12.7070854301968,7512,2,0,2,1,3,NA,NA,NA,NA,NA
99077994,3.8011582358127,1219,5,5,1,1,1,NA,NA,NA,NA,NA
34177340,13.1091876830554,9313,0,0,2,1,10,NA,NA,NA,NA,NA
1144113,5.87401137100153,9211,2,0,1,1,24,NA,NA,NA,NA,NA
34188336,12.7070854301968,9313,0,0,1,1,6,NA,NA,NA,NA,NA
22012444,3.04058815363088,2211,5,1,1,1,10,NA,NA,NA,NA,NA
55001223,10.2726765337983,8322,3,3,1,1,4,NA,NA,NA,NA,NA
99012764,5.93092966229354,5223,5,3,1,1,3,NA,NA,NA,NA,NA
1199662,8.40385045878902,8322,3,0,1,1,1,NA,NA,NA,NA,NA
44099442,3.46201747387135,1321,5,3,1,1,3,NA,NA,NA,NA,NA
56112767,5.12653577690573,9211,0,0,2,1,510,NA,NA,NA,NA,NA
440779945,1.99406078025323,2654,5,2,1,1,8,NA,NA,NA,NA,NA
1177448,4.04657594733918,9312,1,0,2,1,2,NA,NA,NA,NA,NA
33345434,38.3709232495538,3132,2,1,2,1,6,NA,NA,NA,NA,NA
68277337,8.04017439763438,7212,3,1,1,1,2,NA,NA,NA,NA,NA
37411348,6.88268729828353,2330,5,0,2,1,3,NA,NA,NA,NA,NA
27511347,36.5300984902799,5153,0,5,1,1,1,NA,NA,NA,NA,NA
101266887,5.57879253831152,4224,5,2,1,1,1,NA,NA,NA,NA,NA
550776667,5.64116086302934,4321,0,0,1,1,1,NA,NA,NA,NA,NA
93511344,3.04058815363088,2634,5,3,1,1,8,NA,NA,NA,NA,NA
330775512,6.00511406216661,8342,2,0,1,1,5,NA,NA,NA,NA,NA
99099224,3.24867467744887,8113,0,NA,1,1,12,NA,NA,NA,NA,NA
91377336,12.7070854301968,7512,5,1,1,1,2,NA,NA,NA,NA,NA
462886634,510.638218598106,8332,2,3,1,1,1,NA,NA,NA,NA,NA
1001011144,46.359425082256,2519,5,3,2,1,1,NA,NA,NA,NA,NA
11558812,3.20383500566392,1412,0,0,1,1,1,NA,NA,NA,NA,NA
22077994,3.8011582358127,5223,4,1,1,1,2,NA,NA,NA,NA,NA
440990133,2.94636350302331,3341,4,0,2,1,5,NA,NA,NA,NA,NA
1178000,4.31787800363785,3511,4,3,2,1,6,NA,NA,NA,NA,NA
397213444,258.86641647549,5153,2,0,1,1,1,NA,NA,NA,NA,NA
220016512,1,9313,0,0,2,1,17,NA,NA,NA,NA,NA
330995512,3.81183113680117,3313,3,0,2,1,1,NA,NA,NA,NA,NA
462775501,17.8295127997664,7131,1,5,1,1,25,NA,NA,NA,NA,NA
89188669,21.6344070654774,2433,5,3,1,1,3,NA,NA,NA,NA,NA
231888834,87.5598207598285,3434,4,5,1,1,1,NA,NA,NA,NA,NA
22066344,5.03215123785774,2341,5,1,1,1,1,NA,NA,NA,NA,NA
1188340,8.32124240624532,8160,2,0,2,1,2,NA,NA,NA,NA,NA
44099114,17.8787440435157,9211,1,0,2,1,3,NA,NA,NA,NA,NA
440991145,10.1197107710232,8160,1,1,1,1,1,NA,NA,NA,NA,NA
3377668,13.778107439158,5223,2,0,2,1,1,NA,NA,NA,NA,NA
66077131,15.0211478886385,7413,3,2,1,1,32,NA,NA,NA,NA,NA
12188333,2.43989173232533,2243,5,3,1,1,48,NA,NA,NA,NA,NA
440228856,2.2233740864553,9412,2,0,1,1,1,NA,NA,NA,NA,NA
100166118,25.2823804013171,9211,0,0,2,1,80,NA,NA,NA,NA,NA
55011342,5.8725273725894,5120,2,0,1,1,1,NA,NA,NA,NA,NA
33088448,3.07767253748806,7411,4,5,1,1,30,NA,NA,NA,NA,NA
44099884,3.28228585088011,9412,0,0,2,1,4,NA,NA,NA,NA,NA
44034542,3.46201747387135,3343,5,2,2,1,2,NA,NA,NA,NA,NA
550667712,2.50707465236255,8332,0,0,1,1,8,NA,NA,NA,NA,NA
330017601,16.3994932203154,5223,2,0,2,1,1,NA,NA,NA,NA,NA
550888856,1.343434366103,9412,4,2,1,1,1,NA,NA,NA,NA,NA
34188882,8.15889662339701,9412,3,NA,1,1,2,NA,NA,NA,NA,NA
66077338,8.08177884659016,9321,0,0,2,1,2,NA,NA,NA,NA,NA
550127645,3.24952156487532,5246,2,0,2,1,16,NA,NA,NA,NA,NA
22001324,3.24867467744887,4110,4,1,1,1,1,NA,NA,NA,NA,NA
67199668,10.4791071354881,7515,5,2,2,2,NA,5,NA,NA,NA,NA
990773312,2.0096822241167,9313,0,0,2,1,1,NA,NA,NA,NA,NA
22001451,14.2133793129833,1345,5,0,2,1,1,NA,NA,NA,NA,NA
66077997,3.90278568342011,4110,2,2,1,1,1,NA,NA,NA,NA,NA
33034651,1,8343,2,5,1,1,140,NA,NA,NA,NA,NA
220888867,2.91343494114822,9412,0,1,2,1,1,NA,NA,NA,NA,NA
99077347,36.5300984902798,3221,4,0,1,1,1,NA,NA,NA,NA,NA
341558845,3.40023402834294,5131,0,1,2,1,2,NA,NA,NA,NA,NA
88077777,7.32795606064763,4321,2,1,1,1,1,NA,NA,NA,NA,NA
440883433,1.79800552387734,2330,5,0,2,1,1,NA,NA,NA,NA,NA
44023439,12.7787618657435,8183,3,0,1,1,20,NA,NA,NA,NA,NA
132771244,462.07424844616,7214,3,0,2,1,9,NA,NA,NA,NA,NA
682771233,3.87074113260851,7212,3,0,2,1,12,NA,NA,NA,NA,NA
12177449,6.04892692370184,9612,0,2,1,1,1,NA,NA,NA,NA,NA
826213444,258.86641647549,5153,2,0,1,1,5,NA,NA,NA,NA,NA
55012767,11.4287913093968,5245,2,0,1,1,3,NA,NA,NA,NA,NA
1155887,5.57879253831152,9412,0,0,2,1,2,NA,NA,NA,NA,NA
440124367,2.76081158535236,7514,1,0,2,1,7,NA,NA,NA,NA,NA
24266130,28.3262895606988,7119,3,0,1,1,2,NA,NA,NA,NA,NA
660773411,7.41900200796358,9112,2,0,1,1,1,NA,NA,NA,NA,NA
220235401,2.96512571382147,4222,3,0,2,1,12,NA,NA,NA,NA,NA
990996623,4.31938026576803,9334,2,0,1,1,1,NA,NA,NA,NA,NA
78144887,5.57879253831152,3313,4,1,1,1,1,NA,NA,NA,NA,NA
220333422,3.92156216748668,3611,3,0,1,1,2,NA,NA,NA,NA,NA
89177560,32.5780408929994,9313,0,0,2,1,25,NA,NA,NA,NA,NA
660773323,3.67100582805091,4110,3,1,2,1,1,NA,NA,NA,NA,NA
220122145,6.42362962852544,6121,0,0,2,1,1,NA,NA,NA,NA,NA
13266890,12.8797783942311,9412,0,0,2,1,2,NA,NA,NA,NA,NA
12188887,4.24301849537621,5120,3,1,1,1,2,NA,NA,NA,NA,NA
44099449,6.04892692370184,7223,0,0,2,2,NA,1,2,5,6,8
45188339,16.8017324042206,9412,4,1,1,1,1,NA,NA,NA,NA,NA
34111349,10.8202217704964,3611,4,0,2,1,1,NA,NA,NA,NA,NA
56188889,8.1432035691453,5230,2,0,1,1,12,NA,NA,NA,NA,NA
4407733013,11.2255998614226,7212,0,0,2,1,2,NA,NA,NA,NA,NA
242127634,154.084563926273,5223,2,2,1,2,NA,1,2,5,NA,NA
220664412,3.793366385534,9612,0,0,2,1,2,NA,NA,NA,NA,NA
56177339,16.8017324042206,7132,0,0,2,1,15,NA,NA,NA,NA,NA
220014455,3.63733547255337,2341,5,5,1,1,1,NA,NA,NA,NA,NA
770661222,2.84121619791885,8342,2,2,1,2,NA,8,NA,NA,NA,NA
770885523,8.07699680921145,7115,0,10,2,1,8,NA,NA,NA,NA,NA
33077118,56.3630221236528,3151,2,1,1,1,2,NA,NA,NA,NA,NA
66066013,3.67872007090204,9112,0,0,2,1,1,NA,NA,NA,NA,NA
495779934,83.8018215905458,2166,5,NA,1,1,7,NA,NA,NA,NA,NA
24277020,4.61877666218049,8172,0,5,2,1,1,NA,NA,NA,NA,NA
45177333,4.03800303779987,7512,2,0,2,1,1,NA,NA,NA,NA,NA
67177663,4.52723425516123,8332,2,5,1,2,NA,1,6,NA,NA,NA
79288667,11.4287913093968,7231,4,2,NA,1,1,NA,NA,NA,NA,NA
550668834,87.5598207598285,5120,2,0,2,1,4,NA,NA,NA,NA,NA
100177123,17.0012048076738,2243,5,0,1,1,3,NA,NA,NA,NA,NA
891113411,11.6878087424019,2330,5,0,1,1,2,NA,NA,NA,NA,NA
44034119,1.50088173037544,2611,5,2,2,1,2,NA,NA,NA,NA,NA
1101876,9.62000025845905,3331,3,1,1,1,7,NA,NA,NA,NA,NA
88088553,7.1849933524850504,7223,3,10,1,1,3,NA,NA,NA,NA,NA
770887745,3.4372448622224,8332,2,5,1,1,3,NA,NA,NA,NA,NA
44088888,6.13896215578772,5131,2,0,2,1,3,NA,NA,NA,NA,NA
891775556,6.86700426264657,7131,0,1,1,1,3,NA,NA,NA,NA,NA
34199666,27.0840741567653,3322,2,2,1,1,1,NA,NA,NA,NA,NA
45188552,17.5757391178205,2142,5,5,1,1,1,NA,NA,NA,NA,NA
88088670,19.8102936720593,5223,2,0,2,1,7,NA,NA,NA,NA,NA
56188666,27.0840741567653,5230,0,0,2,1,5,NA,NA,NA,NA,NA
12155888,6.13896215578772,9412,4,0,2,1,2,NA,NA,NA,NA,NA
22088442,3.46201747387135,8322,3,3,1,1,1,NA,NA,NA,NA,NA
440017601,16.3994932203154,5245,2,0,2,1,5,NA,NA,NA,NA,NA
22001873,3.35156194954141,1120,5,10,2,1,1,NA,NA,NA,NA,NA
35266777,7.32795606064763,8331,2,2,1,1,7,NA,NA,NA,NA,NA
550771266,4.65052397813388,4120,2,1,1,1,1,NA,NA,NA,NA,NA
66012438,3.62518898774706,9321,0,0,2,1,110,NA,NA,NA,NA,NA
99088348,9.04947376143623,3313,4,1,1,1,2,NA,NA,NA,NA,NA
23177883,3.39768883088714,9112,1,0,1,1,3,NA,NA,NA,NA,NA
44099774,3.74780012609433,2413,5,3,1,1,1,NA,NA,NA,NA,NA
35277888,4.66906230883171,5131,4,0,1,1,2,NA,NA,NA,NA,NA
22099227,5.07775642045199,8112,2,2,1,1,3,NA,NA,NA,NA,NA
121883433,1.79800552387734,2330,5,0,1,1,1,NA,NA,NA,NA,NA
1122997,3.90278568342011,3113,4,0,2,2,NA,1,3,9,NA,NA
660127645,3.24952156487532,5223,2,0,2,1,3,NA,NA,NA,NA,NA
99022019,3.34597568865511,9112,0,0,2,1,3,NA,NA,NA,NA,NA
220779912,2.53210239860824,3522,3,0,1,1,2,NA,NA,NA,NA,NA
220553466,3.92919633519165,3611,4,0,1,1,1,NA,NA,NA,NA,NA
220996601,16.3994932203154,9334,0,0,2,1,8,NA,NA,NA,NA,NA
330337723,3.5372587568796,8332,3,3,1,1,15,NA,NA,NA,NA,NA
33001433,2.43989173232533,2523,5,4,1,1,3,NA,NA,NA,NA,NA
34188128,6.44285449800106,5414,2,1,1,1,9,NA,NA,NA,NA,NA
35266331,4.18840552816858,5223,2,0,1,1,3,NA,NA,NA,NA,NA
44001764,9.07687591121961,5223,3,1,1,1,4,NA,NA,NA,NA,NA
13277662,8.40385045878902,3113,4,NA,1,1,2,NA,NA,NA,NA,NA
77011449,6.04892692370184,8332,3,0,1,1,2,NA,NA,NA,NA,NA
440771233,6.0979201785786,3111,0,0,2,1,1,NA,NA,NA,NA,NA
660880133,2.94636350302331,9112,3,1,1,1,1,NA,NA,NA,NA,NA
1188884,3.28228585088011,5132,0,0,1,1,3,NA,NA,NA,NA,NA
33088347,23.8691645475402,2341,5,1,1,1,5,NA,NA,NA,NA,NA
47311348,9.04947376143623,2341,5,0,1,1,1,NA,NA,NA,NA,NA
33023450,10.6093860452297,2221,5,3,1,1,1,NA,NA,NA,NA,NA
1177553,11.8911116421776,7212,3,3,1,1,2,NA,NA,NA,NA,NA
33099667,11.4287913093968,3323,4,0,1,1,1,NA,NA,NA,NA,NA
22023445,1,3221,4,0,1,1,110,NA,NA,NA,NA,NA
330237623,4.31938026576803,5223,3,0,1,1,10,NA,NA,NA,NA,NA
34188889,8.1432035691453,9112,2,0,1,1,2,NA,NA,NA,NA,NA
66099340,8.32124240624532,3313,3,2,1,1,1,NA,NA,NA,NA,NA
44088669,21.6344070654774,2431,4,1,1,1,1,NA,NA,NA,NA,NA
44088013,3.67872007090204,7119,0,0,2,1,3,NA,NA,NA,NA,NA
880776645,5.11925815814655,3213,3,1,1,1,1,NA,NA,NA,NA,NA
24277125,10.4433017081777,9321,3,0,2,1,9,NA,NA,NA,NA,NA
34188222,2.10187158118795,8189,3,3,2,1,8,NA,NA,NA,NA,NA
330663466,3.92919633519165,1345,5,3,1,1,1,NA,NA,NA,NA,NA
66078000,4.31787800363785,4311,2,2,2,1,1,NA,NA,NA,NA,NA
231771255,5.81496886942004,5414,2,0,1,1,8,NA,NA,NA,NA,NA
1177334,3.83623723147949,3123,0,0,2,2,NA,1,NA,NA,NA,NA
55001433,1.79223314641399,7212,4,3,1,1,5,NA,NA,NA,NA,NA
891113466,2.37414721167236,2634,5,2,1,1,1,NA,NA,NA,NA,NA
660342101,1,7511,0,0,1,1,1500,NA,NA,NA,NA,NA
66034436,1,4416,4,0,1,1,2,NA,NA,NA,NA,NA
550347634,1,5223,2,0,1,1,1950,NA,NA,NA,NA,NA
2288670,12.5748642684542,2243,5,0,1,1,1,NA,NA,NA,NA,NA
12188668,13.778107439158,8332,3,2,1,1,2,NA,NA,NA,NA,NA
440881112,4.83847753256889,8350,0,2,1,1,3,NA,NA,NA,NA,NA
55001874,2.4488534550445,8332,2,1,1,1,5,NA,NA,NA,NA,NA
770113466,3.92919633519165,2342,5,2,1,1,2,NA,NA,NA,NA,NA
220992212,2.37085399095875,2114,5,2,2,1,5,NA,NA,NA,NA,NA
451122134,15.9254702021699,5411,2,1,2,1,688,NA,NA,NA,NA,NA
55077114,17.8787440435157,9211,2,2,2,1,4,NA,NA,NA,NA,NA
13277668,13.778107439158,5223,2,0,2,1,1,NA,NA,NA,NA,NA
7707755552,45.3529257956236,3113,4,2,1,1,4,NA,NA,NA,NA,NA
55044888,6.13896215578772,9112,0,0,1,1,1,NA,NA,NA,NA,NA
1101768,10.4791071354881,3313,4,3,1,1,1,NA,NA,NA,NA,NA
88088122,7.76553992713583,2611,5,2,1,2,NA,1,2,NA,NA,NA
22033668,13.778107439158,7233,3,2,2,2,NA,4,6,NA,NA,NA
89111345,11.4391350739138,2330,5,2,1,1,1,NA,NA,NA,NA,NA
44099996,6.10920645087901,4110,3,0,1,1,1,NA,NA,NA,NA,NA
11661222,2.84121619791885,7543,2,0,2,2,NA,12,NA,NA,NA,NA
77088999,4.01755510457196,4222,4,NA,1,1,1,NA,NA,NA,NA,NA
77011019,3.34597568865511,9211,0,0,2,1,30,NA,NA,NA,NA,NA
440121111,2.83554857378345,5414,3,0,2,1,3,NA,NA,NA,NA,NA
34177131,15.0211478886385,8342,3,0,1,1,1,NA,NA,NA,NA,NA
693776634,510.638218598106,9333,2,0,1,1,1,NA,NA,NA,NA,NA
77077448,4.04657594733918,8332,2,3,1,1,2,NA,NA,NA,NA,NA
253113444,258.866416475489,9112,2,0,1,1,1,NA,NA,NA,NA,NA
88099779,14.1136507463825,8331,3,2,1,1,15,NA,NA,NA,NA,NA
22088998,3.22251567262593,3522,4,0,1,1,3,NA,NA,NA,NA,NA
220124345,4.10988213001659,8183,2,0,1,1,6,NA,NA,NA,NA,NA
550668812,3.20383500566392,5131,0,2,2,1,2,NA,NA,NA,NA,NA
44012763,2.73550102019893,5223,2,0,2,1,3,NA,NA,NA,NA,NA
891774434,104.566787909428,7127,2,4,1,1,6,NA,NA,NA,NA,NA
22001987,4.24301849537621,9112,2,1,1,1,4,NA,NA,NA,NA,NA
792887734,234.082178741939,3331,4,2,2,2,NA,1,5,8,NA,NA
44033344,5.03215123785774,5153,2,0,1,1,1,NA,NA,NA,NA,NA
88066131,15.0211478886385,4321,0,0,2,1,1,NA,NA,NA,NA,NA
34111348,9.04947376143623,1120,5,1,1,1,4,NA,NA,NA,NA,NA
55088349,10.8202217704964,3221,4,1,1,1,1,NA,NA,NA,NA,NA
330668867,2.91343494114822,5131,0,0,2,1,8,NA,NA,NA,NA,NA
22001654,22.6496228380874,8342,2,3,1,1,17,NA,NA,NA,NA,NA
44034769,9.7043999519111,5223,5,0,2,1,20,NA,NA,NA,NA,NA
22088349,8.22945122640888,5312,4,0,1,1,2,NA,NA,NA,NA,NA
792113411,11.6878087424019,2352,5,0,2,1,1,NA,NA,NA,NA,NA
78177559,61.8329989886565,8342,2,2,1,2,NA,8,NA,NA,NA,NA
77779934,83.8018215905455,2512,5,2,2,1,3,NA,NA,NA,NA,NA
56166559,61.8329989886565,9313,2,1,1,1,20,NA,NA,NA,NA,NA
660017623,4.31938026576803,5230,2,1,2,1,7,NA,NA,NA,NA,NA
66055349,10.8202217704964,3251,4,0,1,1,2,NA,NA,NA,NA,NA
45144129,16.3994608559366,5414,0,0,1,1,10,NA,NA,NA,NA,NA
330993433,1.79800552387734,5312,4,1,1,1,1,NA,NA,NA,NA,NA
66088886,17.8979195718987,5120,1,0,2,1,5,NA,NA,NA,NA,NA
44088448,4.04657594733918,3313,4,0,1,1,1,NA,NA,NA,NA,NA
68277336,12.7070854301968,7512,0,3,1,1,3,NA,NA,NA,NA,NA
34199776,9.62000025845905,7541,5,0,1,1,4,NA,NA,NA,NA,NA
22077997,3.90278568342011,4110,4,1,1,1,2,NA,NA,NA,NA,NA
22099348,6.88268729828353,9112,1,1,1,1,2,NA,NA,NA,NA,NA
24288667,11.4287913093968,3240,4,1,1,1,1,NA,NA,NA,NA,NA
330014301,11.2255998614226,9333,0,0,2,1,4,NA,NA,NA,NA,NA
363777734,234.082178741939,2423,5,2,1,1,1,NA,NA,NA,NA,NA
33012214,11.6821662441338,4321,2,1,2,2,NA,7,9,12,NA,NA
56166661,8.91560005738092,5223,2,1,1,1,6,NA,NA,NA,NA,NA
12177349,10.8202217704964,2421,5,0,2,1,1,NA,NA,NA,NA,NA
66077228,4.00611018786579,8332,2,1,1,1,1,NA,NA,NA,NA,NA
660123234,57.4653099581733,1322,6,6,1,1,1,NA,NA,NA,NA,NA
220130912,1,2153,5,2,1,1,1,NA,NA,NA,NA,NA
90211346,23.8691645475402,2352,5,0,1,1,1,NA,NA,NA,NA,NA
220123201,1.88012083417833,9313,1,0,2,1,8,NA,NA,NA,NA,NA
88044884,5.02331052128334,9412,4,1,1,1,1,NA,NA,NA,NA,NA
101288664,5.93092966229354,5131,2,0,2,1,2,NA,NA,NA,NA,NA
88011015,4.61789358648056,3112,3,0,1,1,7,NA,NA,NA,NA,NA
33001448,4.05926136406294,2330,5,2,1,1,12,NA,NA,NA,NA,NA
770127623,2.74178775262076,8332,2,1,1,1,1,NA,NA,NA,NA,NA
33088349,8.22945122640888,3612,4,0,1,1,1,NA,NA,NA,NA,NA
55067000,4.31787800363785,1211,5,1,1,1,1,NA,NA,NA,NA,NA
23188777,7.32795606064763,8332,2,2,1,1,1,NA,NA,NA,NA,NA
451661167,22.5720086639088,9211,0,0,2,1,86,NA,NA,NA,NA,NA
56177020,4.61877666218049,2330,5,3,1,1,5,NA,NA,NA,NA,NA
78199666,17.6970292822405,5230,2,1,1,1,3,NA,NA,NA,NA,NA
13288669,21.6344070654774,5223,3,1,2,1,2,NA,NA,NA,NA,NA
341663323,3.67100582805091,7411,4,0,1,1,1,NA,NA,NA,NA,NA
561994434,104.566787909428,2243,5,5,2,1,1,NA,NA,NA,NA,NA
44066351,22.3915910543013,2341,5,0,1,1,1,NA,NA,NA,NA,NA
67188889,8.1432035691453,5132,4,0,1,1,2,NA,NA,NA,NA,NA
34188332,6.91655838195872,7233,3,3,1,1,2,NA,NA,NA,NA,NA
44088351,22.3915910543013,3251,4,0,2,1,2,NA,NA,NA,NA,NA
550122101,17.95461190615,3142,4,1,2,1,2,NA,NA,NA,NA,NA
473887734,234.082178741939,8343,2,0,1,1,1,NA,NA,NA,NA,NA
451113477,5.34290126427455,2652,0,0,2,1,5,NA,NA,NA,NA,NA
25311349,10.8202217704964,2352,5,0,1,1,1,NA,NA,NA,NA,NA
66088662,8.40385045878902,5223,3,1,1,1,1,NA,NA,NA,NA,NA
79277669,21.6344070654774,7231,4,0,1,1,1,NA,NA,NA,NA,NA
231777712,2.50707465236255,4323,2,0,2,2,NA,2,7,NA,NA,NA
99077668,13.778107439158,9334,0,0,2,1,1,NA,NA,NA,NA,NA
440888867,2.21584836780982,9121,0,0,1,1,1,NA,NA,NA,NA,NA
33088128,14.3633132974849,3111,4,2,1,1,3,NA,NA,NA,NA,NA
22012550,3.32217002649045,5243,2,2,1,1,2,NA,NA,NA,NA,NA
11888823,2.39950702694744,9412,0,0,2,1,1,NA,NA,NA,NA,NA
990666667,5.64116086302934,5223,3,1,1,1,6,NA,NA,NA,NA,NA
56188664,9.07687591121961,5244,4,1,1,1,2,NA,NA,NA,NA,NA
68266337,8.04017439763438,7411,4,2,1,1,2,NA,NA,NA,NA,NA
440127667,5.64116086302934,2243,4,1,1,1,1,NA,NA,NA,NA,NA
99088129,12.4728093486332,5223,2,1,2,1,1,NA,NA,NA,NA,NA
45177447,5.76130055397437,9329,2,4,1,1,9,NA,NA,NA,NA,NA
440991222,1.20073902087936,5414,2,0,1,1,80,NA,NA,NA,NA,NA
341668867,2.91343494114822,3434,5,3,1,1,1,NA,NA,NA,NA,NA
770667712,2.50707465236255,8331,0,0,1,1,6,NA,NA,NA,NA,NA
99001768,13.778107439158,2411,4,0,1,1,2,NA,NA,NA,NA,NA
66099344,3.04058815363088,3221,4,0,1,1,6,NA,NA,NA,NA,NA
99055114,17.8787440435157,9211,0,0,1,1,7,NA,NA,NA,NA,NA
22099992,3.38748806528896,1323,6,5,1,1,1,NA,NA,NA,NA,NA
330773356,1.99192662405012,5223,3,0,1,1,3,NA,NA,NA,NA,NA
77077888,6.13896215578772,1412,0,0,2,1,1,NA,NA,NA,NA,NA
33012654,1,9313,0,0,2,1,45,NA,NA,NA,NA,NA
34188999,3.05560038266833,5244,3,0,1,1,5,NA,NA,NA,NA,NA
330664412,3.793366385534,7233,2,5,2,1,40,NA,NA,NA,NA,NA
59411344,5.03215123785774,2341,5,0,1,1,1,NA,NA,NA,NA,NA
55012546,2.23125793740013,1323,5,15,1,2,NA,7,9,NA,NA,NA
220443312,2.0096822241167,7114,2,4,2,1,1,NA,NA,NA,NA,NA
220661156,4.4086649204006,6111,4,0,2,1,1,NA,NA,NA,NA,NA
22012767,11.4287913093968,4321,2,0,1,1,16,NA,NA,NA,NA,NA
4408855013,17.8295127997664,9313,0,0,1,1,50,NA,NA,NA,NA,NA
33034658,1,9313,3,2,2,1,30,NA,NA,NA,NA,NA
56188337,8.04017439763438,3257,4,1,1,1,1,NA,NA,NA,NA,NA
2201287554,9.62000025845905,8131,3,2,1,1,3,NA,NA,NA,NA,NA
671771255,3.69113378472407,9112,1,1,1,1,6,NA,NA,NA,NA,NA
44066447,5.76130055397437,2142,5,NA,1,1,1,NA,NA,NA,NA,NA
121771233,6.0979201785786,4221,4,0,2,1,5,NA,NA,NA,NA,NA
12199667,11.4287913093968,8322,1,0,1,1,2,NA,NA,NA,NA,NA
4407777992,7.86632675576514,8332,0,2,1,1,1,NA,NA,NA,NA,NA
36377334,2.50663922370614,2243,4,2,1,1,1,NA,NA,NA,NA,NA
5507777992,7.86632675576514,4120,3,3,2,1,1,NA,NA,NA,NA,NA
33088129,12.4728093486332,2149,5,3,1,1,1,NA,NA,NA,NA,NA
33099554,22.6496228380874,9313,0,0,1,1,2,NA,NA,NA,NA,NA
550773422,3.92156216748668,3344,2,0,2,1,1,NA,NA,NA,NA,NA
231663323,3.67100582805091,5222,5,2,2,1,1,NA,NA,NA,NA,NA
440663356,1.99192662405012,9329,0,0,2,1,1,NA,NA,NA,NA,NA
88088887,4.24301849537621,3434,4,1,2,1,7,NA,NA,NA,NA,NA
99088668,13.778107439158,4321,2,1,2,1,10,NA,NA,NA,NA,NA
440993433,1.79800552387734,2330,5,0,1,2,NA,3,5,7,8,9
44099887,4.24301849537621,5230,2,0,2,1,1,NA,NA,NA,NA,NA
341771244,462.07424844616,7543,4,1,1,2,NA,10,NA,NA,NA,NA
33088663,4.52723425516123,5245,2,0,1,1,5,NA,NA,NA,NA,NA
12188778,8.6575183407399,8332,0,0,1,1,5,NA,NA,NA,NA,NA
44055779,14.1136507463825,8332,0,0,1,1,1,NA,NA,NA,NA,NA
330128756,3.01617970092595,4321,2,0,2,1,2,NA,NA,NA,NA,NA
44099344,3.04058815363088,2330,5,1,1,1,1,NA,NA,NA,NA,NA
341996623,2.74178775262076,5419,3,0,1,1,15,NA,NA,NA,NA,NA
990660144,153.635728563717,4416,4,1,1,1,1,NA,NA,NA,NA,NA
440556601,16.3994932203154,5223,0,0,2,1,2,NA,NA,NA,NA,NA
11771167,22.5720086639088,9211,0,1,1,1,5,NA,NA,NA,NA,NA
34101871,3.13217582716262,1211,5,2,1,2,NA,3,4,NA,NA,NA
440443411,11.6878087424019,9412,3,0,1,1,1,NA,NA,NA,NA,NA
35211350,23.6519287699075,3611,4,1,1,1,5,NA,NA,NA,NA,NA
24255117,93.1355328565424,6112,0,0,1,1,28,NA,NA,NA,NA,NA
80377669,21.6344070654774,5230,0,0,2,1,2,NA,NA,NA,NA,NA
22777745,3.4372448622224,5131,0,0,2,1,12,NA,NA,NA,NA,NA
1001773367,3.62996180403925,8322,2,1,1,1,2,NA,NA,NA,NA,NA
66077560,51.3230634997549,7115,0,3,2,1,4,NA,NA,NA,NA,NA
716213444,258.86641647549,5153,2,5,1,1,1,NA,NA,NA,NA,NA
78166889,10.7068218908321,9411,2,0,2,1,2,NA,NA,NA,NA,NA
770993444,258.866416475489,4226,2,2,2,1,1,NA,NA,NA,NA,NA
99066350,23.6519287699075,2241,5,0,1,1,1,NA,NA,NA,NA,NA
3300111653,7.71918223938465,3331,5,0,1,1,8,NA,NA,NA,NA,NA
34166664,9.07687591121961,7231,3,3,1,1,2,NA,NA,NA,NA,NA
14366887,5.57879253831152,5120,2,0,2,1,10,NA,NA,NA,NA,NA
88099227,3.86194938403533,8112,2,2,1,1,6,NA,NA,NA,NA,NA
36311342,3.54837053120246,2341,5,0,1,1,7,NA,NA,NA,NA,NA
242888834,26.4210870002648,5120,3,10,1,1,1,NA,NA,NA,NA,NA
770344334,1,8160,2,0,1,1,600,NA,NA,NA,NA,NA
55011348,9.04947376143623,5312,3,1,1,1,2,NA,NA,NA,NA,NA
671771123,5.34390853706442,7541,3,2,1,1,7,NA,NA,NA,NA,NA
22023656,1,7112,0,0,2,1,30,NA,NA,NA,NA,NA
44077343,7.72485772324824,5120,3,3,1,1,1,NA,NA,NA,NA,NA
100155128,14.3633132974849,6210,0,3,1,1,8,NA,NA,NA,NA,NA
55066343,7.72485772324824,5153,3,2,1,1,1,NA,NA,NA,NA,NA
12101118,3.79532945947425,9112,0,1,1,1,9,NA,NA,NA,NA,NA
352997734,70.6340597329064,4321,2,0,1,1,1,NA,NA,NA,NA,NA
330996623,4.31938026576803,5230,0,0,1,1,2,NA,NA,NA,NA,NA
66012219,12.0797287846928,5411,1,1,1,1,18,NA,NA,NA,NA,NA
22001113,3.67872007090204,3321,5,3,1,1,1,NA,NA,NA,NA,NA
23101871,3.13217582716262,8331,2,2,1,1,5,NA,NA,NA,NA,NA
22023220,1,9211,0,0,2,1,100,NA,NA,NA,NA,NA
45155113,3.54926721092822,9211,2,0,1,1,24,NA,NA,NA,NA,NA
79277667,11.4287913093968,4226,2,0,2,1,2,NA,NA,NA,NA,NA
770996601,16.3994932203154,4321,2,0,1,1,2,NA,NA,NA,NA,NA
440116656,3.84563853409296,5243,0,1,1,1,3,NA,NA,NA,NA,NA
5507766992,19.8102936720593,7132,3,2,1,1,1,NA,NA,NA,NA,NA
44088450,5.23370769244726,3313,4,2,2,1,1,NA,NA,NA,NA,NA
11993444,78.1126783014563,2241,4,2,1,1,3,NA,NA,NA,NA,NA
550128723,1.49489666412702,8332,2,1,1,1,10,NA,NA,NA,NA,NA
44099128,14.3633132974849,2421,5,1,2,1,1,NA,NA,NA,NA,NA
990663411,11.6878087424019,4226,2,1,2,1,1,NA,NA,NA,NA,NA
34101769,16.4543113379694,5223,2,1,1,1,1,NA,NA,NA,NA,NA
78199662,8.40385045878902,5223,3,2,1,1,2,NA,NA,NA,NA,NA
220123223,2.73157097967576,1120,5,10,1,1,1,NA,NA,NA,NA,NA
341666601,16.3994932203154,5223,3,1,1,1,1,NA,NA,NA,NA,NA
8802255552,45.3529257956236,7112,0,0,1,1,1,NA,NA,NA,NA,NA
88088773,3.35156194954141,8344,2,1,1,1,2,NA,NA,NA,NA,NA
56177553,7.1849933524850504,7112,0,0,1,1,3,NA,NA,NA,NA,NA
44099351,14.2133793129833,3212,5,0,1,1,1,NA,NA,NA,NA,NA
880018734,234.082178741939,2424,5,1,2,1,1,NA,NA,NA,NA,NA
1199777,3.28705178872377,9211,0,0,2,1,920,NA,NA,NA,NA,NA
22077344,5.03215123785774,2356,2,5,1,1,4,NA,NA,NA,NA,NA
11773356,1.99192662405012,9329,0,0,2,1,1,NA,NA,NA,NA,NA
451773301,11.2255998614226,3332,5,4,2,1,1,NA,NA,NA,NA,NA
990881211,11.0666820846193,7511,0,2,2,1,12,NA,NA,NA,NA,NA
55088448,4.04657594733918,3343,3,0,2,1,1,NA,NA,NA,NA,NA
1188224,3.24867467744887,7112,3,0,1,1,10,NA,NA,NA,NA,NA
550666623,4.31938026576803,5230,0,0,2,1,1,NA,NA,NA,NA,NA
352883334,231.669315520792,4321,2,1,1,1,1,NA,NA,NA,NA,NA
67188777,5.57336607968624,8331,2,2,1,1,2,NA,NA,NA,NA,NA
23155779,14.1136507463825,4323,2,0,1,1,1,NA,NA,NA,NA,NA
45177348,9.04947376143623,3251,4,0,1,1,1,NA,NA,NA,NA,NA
66044886,17.8979195718987,5131,2,2,1,1,5,NA,NA,NA,NA,NA
1188336,12.7070854301968,5223,0,0,2,1,3,NA,NA,NA,NA,NA
44099349,4.85355384649436,2341,5,0,2,1,2,NA,NA,NA,NA,NA
77055332,6.91655838195872,8332,1,2,1,1,1,NA,NA,NA,NA,NA
341881167,10.1249735724033,9211,0,0,2,1,650,NA,NA,NA,NA,NA
91377331,4.18840552816858,8153,2,0,2,1,2,NA,NA,NA,NA,NA
78155777,7.32795606064763,8331,2,1,1,1,4,NA,NA,NA,NA,NA
220124477,2.39662915721086,2351,5,0,1,1,5,NA,NA,NA,NA,NA
990771233,6.0979201785786,8331,0,0,1,1,6,NA,NA,NA,NA,NA
561991244,462.074248446162,2413,5,NA,NA,1,1,NA,NA,NA,NA,NA
44001767,11.4287913093968,5245,2,0,1,1,1,NA,NA,NA,NA,NA
55011558,32.4237494882581,7112,2,5,1,1,5,NA,NA,NA,NA,NA
36311350,17.9887620005335,2341,5,0,1,1,7,NA,NA,NA,NA,NA
121771255,5.81496886942004,4415,0,1,1,1,1,NA,NA,NA,NA,NA
89188776,14.7227422316396,8331,0,0,1,1,5,NA,NA,NA,NA,NA
44066346,36.5300984902798,2341,5,1,1,2,NA,2,8,NA,NA,NA
660991123,3.39212157220047,9129,0,0,2,1,8,NA,NA,NA,NA,NA
561771233,6.0979201785786,7212,2,3,1,1,2,NA,NA,NA,NA,NA
33099557,31.7496431070843,9313,2,2,2,1,8,NA,NA,NA,NA,NA
77055774,3.74780012609433,8322,2,2,1,1,1,NA,NA,NA,NA,NA
561668856,2.2233740864553,9412,3,2,2,1,1,NA,NA,NA,NA,NA
33011348,9.04947376143623,2352,5,0,1,1,1,NA,NA,NA,NA,NA
13277883,3.39768883088714,2166,4,1,1,1,1,NA,NA,NA,NA,NA
44088994,3.8011582358127,1221,5,4,1,1,1,NA,NA,NA,NA,NA
14377339,16.8017324042206,8322,0,0,1,1,1,NA,NA,NA,NA,NA
57277882,8.15889662339701,5131,3,1,1,1,2,NA,NA,NA,NA,NA
22077126,28.7181252781852,2230,5,0,1,1,1,NA,NA,NA,NA,NA
4477336,8.30294813285885,5222,3,3,2,1,1,NA,NA,NA,NA,NA
22099996,6.10920645087901,2511,5,2,2,1,1,NA,NA,NA,NA,NA
44012439,7.53663969814667,8152,3,2,2,1,18,NA,NA,NA,NA,NA
44044663,4.52723425516123,5245,2,0,1,1,9,NA,NA,NA,NA,NA
66001873,1.48756213454977,3114,4,3,1,1,4,NA,NA,NA,NA,NA
34166779,14.1136507463825,5414,2,0,1,1,2,NA,NA,NA,NA,NA
33001989,4.80268682788692,9412,2,0,1,1,2,NA,NA,NA,NA,NA
90277338,8.08177884659017,9112,2,0,2,1,2,NA,NA,NA,NA,NA
33088554,34.6636746080955,9313,0,0,2,1,10,NA,NA,NA,NA,NA
88099553,7.1849933524850504,8332,2,5,1,1,10,NA,NA,NA,NA,NA
220778845,3.40023402834294,9412,1,NA,2,1,2,NA,NA,NA,NA,NA
550666656,3.84563853409296,4321,2,1,1,1,2,NA,NA,NA,NA,NA
220113477,5.34290126427455,2246,5,0,1,1,1,NA,NA,NA,NA,NA
770558812,3.20383500566392,5120,0,0,2,2,NA,1,2,NA,NA,NA
44011124,6.88761734885529,3221,4,2,1,1,4,NA,NA,NA,NA,NA
660993411,7.41900200796358,8157,1,1,2,1,50,NA,NA,NA,NA,NA
12166129,16.3994608559366,8332,0,3,1,1,2,NA,NA,NA,NA,NA
165778834,87.5598207598285,5131,2,1,1,1,3,NA,NA,NA,NA,NA
69377886,11.6946957434009,5131,0,1,1,1,2,NA,NA,NA,NA,NA
660881277,4.75313536812027,2243,4,3,1,1,1,NA,NA,NA,NA,NA
330342123,3.39212157220047,9329,2,0,2,1,350,NA,NA,NA,NA,NA
67199779,10.734308677538,4321,0,0,1,1,3,NA,NA,NA,NA,NA
660550177,2.48919632647864,8332,5,3,1,1,1,NA,NA,NA,NA,NA
66077448,4.04657594733918,9211,2,0,2,1,4,NA,NA,NA,NA,NA
12177890,12.8797783942311,5120,2,1,1,1,21,NA,NA,NA,NA,NA
88088345,11.4391350739138,8157,0,0,1,1,3,NA,NA,NA,NA,NA
55099019,3.34597568865511,5223,3,0,2,1,25,NA,NA,NA,NA,NA
1199667,11.4287913093968,4321,2,1,1,1,3,NA,NA,NA,NA,NA
561774401,2.96512571382148,9612,3,0,1,1,5,NA,NA,NA,NA,NA
77066332,6.91655838195872,7233,3,2,1,1,3,NA,NA,NA,NA,NA
99044348,9.04947376143623,3221,4,0,1,1,5,NA,NA,NA,NA,NA
44077444,3.2825743931432,9612,0,0,1,1,3,NA,NA,NA,NA,NA
946779934,83.8018215905455,3522,4,1,1,1,4,NA,NA,NA,NA,NA
660558867,2.91343494114822,5132,2,1,2,2,NA,5,9,NA,NA,NA
990883444,258.866416475489,2244,5,3,1,1,5,NA,NA,NA,NA,NA
56188334,2.50663922370615,5230,2,2,2,1,14,NA,NA,NA,NA,NA
2207755013,28.0884053340587,7112,0,3,1,1,6,NA,NA,NA,NA,NA
330883477,2.39662915721086,2330,5,0,1,1,1,NA,NA,NA,NA,NA
64911342,5.87252737258939,4226,1,0,1,1,1,NA,NA,NA,NA,NA
22778801,10.0540792660816,5131,2,0,2,1,2,NA,NA,NA,NA,NA
550124367,1.62826746533625,3321,5,2,1,1,7,NA,NA,NA,NA,NA
77077348,6.88268729828353,2622,4,3,1,2,NA,3,4,NA,NA,NA
78166331,4.18840552816858,7512,4,1,1,1,2,NA,NA,NA,NA,NA
990014444,78.1126783014563,2422,5,3,1,1,3,NA,NA,NA,NA,NA
37411349,8.22945122640888,9112,2,0,1,1,2,NA,NA,NA,NA,NA
550996623,4.31938026576803,7511,2,0,2,1,2,NA,NA,NA,NA,NA
88099663,4.52723425516123,5223,3,0,1,1,7,NA,NA,NA,NA,NA
55001769,21.6344070654774,7511,2,0,1,1,1,NA,NA,NA,NA,NA
1166116,16.0265049012021,9211,0,0,2,1,17,NA,NA,NA,NA,NA
45177114,17.8787440435157,5414,2,0,1,1,4,NA,NA,NA,NA,NA
12101762,5.07787761974289,2141,5,1,2,1,2,NA,NA,NA,NA,NA
330019801,4.24899917952074,9112,1,0,2,1,5,NA,NA,NA,NA,NA
66044337,8.04017439763438,7521,0,0,1,1,1,NA,NA,NA,NA,NA
440665501,28.0884053340587,2142,5,5,1,2,NA,12,NA,NA,NA,NA
33066890,12.8797783942311,5131,2,1,2,1,4,NA,NA,NA,NA,NA
34177666,27.0840741567653,8322,0,0,1,1,2,NA,NA,NA,NA,NA
36311351,22.3915910543013,2352,5,0,1,1,1,NA,NA,NA,NA,NA
880885512,3.81183113680117,3113,4,4,1,1,3,NA,NA,NA,NA,NA
22034223,1,3115,4,1,2,1,3,NA,NA,NA,NA,NA
99088670,19.8102936720593,4311,3,1,2,1,2,NA,NA,NA,NA,NA
12177348,9.04947376143623,4110,5,3,1,1,1,NA,NA,NA,NA,NA
220993323,3.67100582805091,9329,0,0,2,1,21,NA,NA,NA,NA,NA
22088340,13.1091876830554,1321,4,5,1,1,1,NA,NA,NA,NA,NA
66088338,8.08177884659017,6123,1,0,2,1,5,NA,NA,NA,NA,NA
550771112,4.83847753256889,9411,0,1,2,2,NA,1,2,8,NA,NA
22012219,26.9298226643207,4311,3,2,2,1,1,NA,NA,NA,NA,NA
803113455,3.63733547255337,2330,5,2,1,1,10,NA,NA,NA,NA,NA
13288776,14.7227422316396,3331,4,0,1,1,3,NA,NA,NA,NA,NA
440772267,3.14212620605549,9313,1,0,1,1,4,NA,NA,NA,NA,NA
44023433,1,8113,2,0,1,1,8,NA,NA,NA,NA,NA
11773411,11.6878087424019,2221,5,1,1,1,10,NA,NA,NA,NA,NA
22023444,1,2310,6,5,1,1,1,NA,NA,NA,NA,NA
220128756,3.01617970092595,1213,5,3,1,1,1,NA,NA,NA,NA,NA
44077998,3.22251567262593,2151,5,2,1,1,6,NA,NA,NA,NA,NA
3307712433,4.1617206494349,2421,5,2,1,1,1,NA,NA,NA,NA,NA
22066442,3.46201747387135,3122,5,5,1,1,1,NA,NA,NA,NA,NA
2211348,9.04947376143623,9112,0,2,1,1,1,NA,NA,NA,NA,NA
77066342,5.8725273725894,2342,4,0,1,1,1,NA,NA,NA,NA,NA
660124323,2.33022290232641,7233,4,0,1,2,NA,8,NA,NA,NA,NA
22034543,1,2432,6,7,2,1,1,NA,NA,NA,NA,NA
1188331,4.18840552816858,8142,2,0,1,1,1,NA,NA,NA,NA,NA
45177882,8.15889662339701,5131,4,1,1,1,2,NA,NA,NA,NA,NA
55088559,61.8329989886565,7126,3,0,2,1,2,NA,NA,NA,NA,NA
11773433,2.83255681266876,5223,2,1,1,1,3,NA,NA,NA,NA,NA
330122277,2.13208184990742,5414,0,0,1,1,620,NA,NA,NA,NA,NA
660881211,17.4343211498199,8344,3,2,1,1,1,NA,NA,NA,NA,NA
341886601,16.3994932203154,7231,3,0,1,1,1,NA,NA,NA,NA,NA
440664401,4.67122427020826,5223,2,0,2,1,1,NA,NA,NA,NA,NA
561778845,2.1583466704331302,3434,5,5,1,1,1,NA,NA,NA,NA,NA
33044337,8.04017439763438,7233,4,1,1,1,1,NA,NA,NA,NA,NA
88077013,3.67872007090204,3334,4,3,1,1,1,NA,NA,NA,NA,NA
77088227,3.86194938403533,8112,2,1,1,1,2,NA,NA,NA,NA,NA
68266887,5.57879253831152,9412,2,1,2,1,1,NA,NA,NA,NA,NA
231996667,4.2904534830525,8172,0,0,2,1,10,NA,NA,NA,NA,NA
132776623,4.31938026576803,5246,5,3,2,1,2,NA,NA,NA,NA,NA
44011344,5.03215123785774,2246,5,0,1,1,1,NA,NA,NA,NA,NA
220232123,3.39212157220047,6221,4,1,2,1,3,NA,NA,NA,NA,NA
77088344,3.04058815363088,2635,5,2,1,1,2,NA,NA,NA,NA,NA
550883466,3.92919633519165,4120,2,0,1,1,1,NA,NA,NA,NA,NA
2209977013,9.52489085806869,8331,0,0,1,1,5,NA,NA,NA,NA,NA
891661255,3.69113378472407,8160,2,1,1,1,2,NA,NA,NA,NA,NA
990777756,3.01617970092595,8342,2,0,1,1,1,NA,NA,NA,NA,NA
78188336,8.30294813285885,7512,0,0,2,1,10,NA,NA,NA,NA,NA
440237623,1.82543251545691,4321,2,1,1,1,50,NA,NA,NA,NA,NA
330775545,10.6466910555505,3113,3,0,2,2,NA,12,NA,NA,NA,NA
990881233,6.0979201785786,1324,5,5,1,1,1,NA,NA,NA,NA,NA
44012226,1,9112,1,1,1,1,350,NA,NA,NA,NA,NA
330348723,1.49489666412702,3151,5,3,1,1,5,NA,NA,NA,NA,NA
22001218,42.867581772155,9211,0,0,2,1,20,NA,NA,NA,NA,NA
24266125,10.4433017081777,5414,3,0,1,1,80,NA,NA,NA,NA,NA
24277884,5.02331052128334,9412,2,0,1,1,1,NA,NA,NA,NA,NA
693881134,79.9182862727067,8341,2,0,1,1,2,NA,NA,NA,NA,NA
66066124,6.88761734885529,7233,4,2,1,2,NA,1,5,6,NA,NA
671777745,3.4372448622224,8332,2,0,1,1,4,NA,NA,NA,NA,NA
121551222,1.80350219121457,9112,0,0,2,1,10,NA,NA,NA,NA,NA
90288667,8.69230618857933,5245,2,0,1,1,3,NA,NA,NA,NA,NA
660669945,3.14141996393956,7422,3,2,1,1,8,NA,NA,NA,NA,NA
79266886,17.8979195718987,9411,0,1,1,1,1,NA,NA,NA,NA,NA
88011450,5.23370769244726,9211,1,0,2,1,25,NA,NA,NA,NA,NA
33023439,12.7787618657435,4110,4,2,1,1,1,NA,NA,NA,NA,NA
671773411,7.41900200796358,8157,0,0,1,1,25,NA,NA,NA,NA,NA
44012549,6.04892692370184,3116,4,2,1,1,1,NA,NA,NA,NA,NA
13211345,11.4391350739138,2352,5,2,1,1,2,NA,NA,NA,NA,NA
880347601,6.93066280795633,5223,3,2,1,1,30,NA,NA,NA,NA,NA
78188776,14.7227422316396,4323,5,0,1,1,1,NA,NA,NA,NA,NA
220554412,3.793366385534,9612,0,0,1,1,1,NA,NA,NA,NA,NA
69311349,8.22945122640888,2341,5,1,1,1,1,NA,NA,NA,NA,NA
880660111,4.46708996366324,4110,2,0,1,1,1,NA,NA,NA,NA,NA
79277777,7.32795606064763,8332,2,2,NA,1,8,NA,NA,NA,NA,NA
440666612,2.96231182319223,5223,0,0,2,1,2,NA,NA,NA,NA,NA
132775501,28.0884053340587,8342,2,5,1,1,1,NA,NA,NA,NA,NA
44077342,5.8725273725894,2330,5,0,1,1,3,NA,NA,NA,NA,NA
66066340,13.1091876830554,5246,2,1,2,1,2,NA,NA,NA,NA,NA
44088887,5.57879253831152,5223,2,0,2,1,4,NA,NA,NA,NA,NA
550775512,6.00511406216661,7115,0,0,2,1,2,NA,NA,NA,NA,NA
671886634,510.638218598106,4321,0,0,2,1,2,NA,NA,NA,NA,NA
77001770,12.5748642684542,5245,2,0,1,1,3,NA,NA,NA,NA,NA
67144125,15.9827479174487,7233,5,3,1,1,1,NA,NA,NA,NA,NA
5511344,5.03215123785774,2352,5,0,1,1,3,NA,NA,NA,NA,NA
77077131,15.0211478886385,2230,5,0,1,1,2,NA,NA,NA,NA,NA
330125445,1.86707573977902,7413,3,1,1,1,6,NA,NA,NA,NA,NA
330237601,10.4098104112287,3115,4,2,2,2,NA,2,NA,NA,NA,NA
891773367,3.62996180403925,2243,5,1,1,1,1,NA,NA,NA,NA,NA
23188127,28.7181252781852,5414,1,1,1,2,NA,3,NA,NA,NA,NA
770017601,16.3994932203154,5245,1,0,2,1,1,NA,NA,NA,NA,NA
66066012,5.52243263264132,5414,2,0,1,1,1,NA,NA,NA,NA,NA
22001986,11.6946957434009,4224,2,0,2,1,1,NA,NA,NA,NA,NA
242776601,16.3994932203154,7132,3,1,1,1,1,NA,NA,NA,NA,NA
58377336,12.7070854301968,7512,4,0,1,1,1,NA,NA,NA,NA,NA
88077122,7.76553992713581,2421,5,2,1,1,2,NA,NA,NA,NA,NA
33099449,6.04892692370184,2411,5,3,1,1,2,NA,NA,NA,NA,NA
22011448,4.04657594733918,8322,0,0,1,1,1,NA,NA,NA,NA,NA
242668845,2.1583466704331302,9412,3,0,1,1,5,NA,NA,NA,NA,NA
231778856,2.2233740864553,5131,2,1,1,1,2,NA,NA,NA,NA,NA
220012244,462.074248446162,3114,5,0,2,2,NA,2,6,8,NA,NA
23188773,3.35156194954141,8322,2,5,1,1,3,NA,NA,NA,NA,NA
22034768,1,9211,0,0,2,1,400,NA,NA,NA,NA,NA
220333411,11.6878087424019,2330,5,0,1,1,3,NA,NA,NA,NA,NA
583113411,11.6878087424019,2341,5,0,1,1,2,NA,NA,NA,NA,NA
451667767,3.89141327964785,5414,2,0,1,1,8,NA,NA,NA,NA,NA
67199776,9.62000025845905,3331,4,1,2,1,4,NA,NA,NA,NA,NA
1155331,4.18840552816857,5312,5,2,1,1,2,NA,NA,NA,NA,NA
990881145,10.1197107710232,6121,2,1,1,1,2,NA,NA,NA,NA,NA
55088223,4.63486624771528,7412,3,3,1,1,2,NA,NA,NA,NA,NA
770997745,2.18183982102448,4321,2,0,1,1,8,NA,NA,NA,NA,NA
143993334,69.9059807061057,7223,3,1,1,1,11,NA,NA,NA,NA,NA
550778856,2.2233740864553,3343,5,0,2,1,1,NA,NA,NA,NA,NA
220346534,1,8332,3,4,1,1,244,NA,NA,NA,NA,NA
22001433,2.43989173232533,7223,4,5,1,2,NA,2,3,9,NA,NA
3388666,17.6970292822405,8153,0,3,1,1,2,NA,NA,NA,NA,NA
55055447,5.76130055397437,4226,0,0,2,1,1,NA,NA,NA,NA,NA
561775556,11.3648420156433,3123,4,2,2,1,3,NA,NA,NA,NA,NA
2209955333,7.1849933524850504,8342,1,3,1,1,70,NA,NA,NA,NA,NA
22001874,3.74780012609433,2243,5,5,2,1,1,NA,NA,NA,NA,NA
12177668,13.778107439158,5223,2,0,2,1,1,NA,NA,NA,NA,NA
33088890,12.8797783942311,5246,0,1,2,1,1,NA,NA,NA,NA,NA
2288667,11.4287913093968,2230,5,0,2,1,1,NA,NA,NA,NA,NA
660887745,3.4372448622224,8332,2,2,1,1,2,NA,NA,NA,NA,NA
33077343,7.72485772324824,5312,3,2,1,1,1,NA,NA,NA,NA,NA
330441167,22.5720086639088,9211,0,0,2,2,NA,6,7,8,9,NA
12199018,3.79532945947424,9211,0,0,1,1,7,NA,NA,NA,NA,NA
143113466,3.92919633519165,9112,2,0,1,1,2,NA,NA,NA,NA,NA
2266339,16.8017324042207,5222,4,3,2,1,1,NA,NA,NA,NA,NA
46266337,8.04017439763437,5131,0,0,1,1,4,NA,NA,NA,NA,NA
22066016,11.8136722761082,3343,4,0,2,1,1,NA,NA,NA,NA,NA
33001544,2.14486988997102,2243,4,0,1,1,1,NA,NA,NA,NA,NA
462778834,87.5598207598285,3322,5,2,2,1,1,NA,NA,NA,NA,NA
72611342,5.8725273725894,3412,0,0,1,1,14,NA,NA,NA,NA,NA
572888834,26.4210870002648,9412,2,1,1,2,NA,10,NA,NA,NA,NA
55011448,4.04657594733918,9211,2,0,2,1,8,NA,NA,NA,NA,NA
121881211,11.0666820846193,9112,0,0,2,1,89,NA,NA,NA,NA,NA
330124345,2.73628491762591,7233,3,0,2,1,50,NA,NA,NA,NA,NA
4404455552,45.3529257956236,9214,2,2,1,1,1,NA,NA,NA,NA,NA
682113411,11.6878087424019,3343,4,0,1,1,1,NA,NA,NA,NA,NA
330887756,3.01617970092595,8332,2,2,1,1,2,NA,NA,NA,NA,NA
66066332,6.91655838195872,7233,4,3,1,1,2,NA,NA,NA,NA,NA
24277129,12.4728093486332,9211,0,1,2,1,120,NA,NA,NA,NA,NA
22011446,4.57494421535132,8332,2,0,1,1,2,NA,NA,NA,NA,NA
121883367,3.62996180403925,7512,3,0,2,1,2,NA,NA,NA,NA,NA
33012763,4.52723425516123,5223,1,0,1,1,5,NA,NA,NA,NA,NA
22012547,5.76130055397437,9112,2,0,1,1,2,NA,NA,NA,NA,NA
143661244,462.07424844616,9112,1,2,1,1,5,NA,NA,NA,NA,NA
132113466,2.37414721167236,2330,5,0,1,1,7,NA,NA,NA,NA,NA
12166340,13.1091876830554,8341,2,0,1,1,8,NA,NA,NA,NA,NA
100166130,28.3262895606988,2243,5,0,2,1,1,NA,NA,NA,NA,NA
66099224,4.9718709548347,7233,3,1,1,1,1,NA,NA,NA,NA,NA
33001442,3.54837053120246,1345,5,0,1,1,5,NA,NA,NA,NA,NA
330881266,4.65052397813388,7212,3,1,1,1,1,NA,NA,NA,NA,NA
33001653,7.1849933524850504,1323,6,5,1,1,2,NA,NA,NA,NA,NA
13277339,16.8017324042206,5223,1,0,1,1,3,NA,NA,NA,NA,NA
1012776645,5.11925815814655,5245,0,0,2,1,7,NA,NA,NA,NA,NA
22023657,14.2417231084297,9313,0,1,1,1,51,NA,NA,NA,NA,NA
770771277,4.75313536812026,2212,5,10,1,1,1,NA,NA,NA,NA,NA
12155780,7.86632675576514,9333,2,0,1,1,2,NA,NA,NA,NA,NA
121776645,5.11925815814655,5223,2,0,2,1,3,NA,NA,NA,NA,NA
550017667,5.64116086302934,5223,2,1,2,1,8,NA,NA,NA,NA,NA
12111344,5.03215123785774,2341,5,0,1,1,1,NA,NA,NA,NA,NA
23144129,16.3994608559366,5414,2,2,1,1,20,NA,NA,NA,NA,NA
1001776656,3.84563853409296,5245,4,0,2,1,2,NA,NA,NA,NA,NA
67177560,32.5780408929994,7212,0,0,2,1,3,NA,NA,NA,NA,NA
44044019,3.34597568865511,4226,2,0,2,1,1,NA,NA,NA,NA,NA
88066125,15.9827479174487,2611,5,5,1,1,1,NA,NA,NA,NA,NA
770556623,4.31938026576803,4322,0,0,2,1,2,NA,NA,NA,NA,NA
99066448,4.04657594733918,3343,2,0,2,1,1,NA,NA,NA,NA,NA
330342101,1,6121,2,2,1,1,15,NA,NA,NA,NA,NA
880345401,1.97412687588724,2151,5,3,2,1,1,NA,NA,NA,NA,NA
330993323,3.67100582805091,8152,0,0,2,1,8,NA,NA,NA,NA,NA
825778834,87.5598207598285,5131,2,0,2,1,3,NA,NA,NA,NA,NA
220348756,1,9333,4,0,1,1,6,NA,NA,NA,NA,NA
99088554,22.6496228380874,3123,4,10,1,1,1,NA,NA,NA,NA,NA
7707722333,4.63486624771528,8113,3,2,1,1,8,NA,NA,NA,NA,NA
550997745,2.18183982102448,8322,2,0,1,1,2,NA,NA,NA,NA,NA
25377777,7.32795606064763,8344,2,0,2,1,4,NA,NA,NA,NA,NA
22077779,14.1136507463825,8332,4,0,1,2,NA,2,3,4,NA,NA
23166890,12.8797783942311,5131,3,0,1,1,2,NA,NA,NA,NA,NA
330887723,3.5372587568796,7115,2,0,1,1,1,NA,NA,NA,NA,NA
35277018,4.99016341597904,2411,5,2,1,1,3,NA,NA,NA,NA,NA
13288668,13.778107439158,5223,2,0,1,1,3,NA,NA,NA,NA,NA
13277019,2.54482249242049,5414,2,0,1,1,4,NA,NA,NA,NA,NA
561991134,264.850224421149,6111,0,0,2,1,1,NA,NA,NA,NA,NA
2206633993,13.1091876830554,5120,4,0,1,1,2,NA,NA,NA,NA,NA
18711350,23.6519287699075,9613,2,0,2,1,2,NA,NA,NA,NA,NA
231113477,5.34290126427455,2246,5,2,2,1,1,NA,NA,NA,NA,NA
56177128,14.3633132974849,2243,5,5,1,1,4,NA,NA,NA,NA,NA
77077441,7.28162471491128,9329,0,0,2,1,3,NA,NA,NA,NA,NA
88012766,17.6970292822405,5223,1,0,2,1,2,NA,NA,NA,NA,NA
68288667,11.4287913093968,5223,0,0,2,1,1,NA,NA,NA,NA,NA
55066131,15.0211478886385,3343,5,0,1,1,1,NA,NA,NA,NA,NA
88012219,12.0797287846928,9215,0,1,2,1,150,NA,NA,NA,NA,NA
330122211,1,7511,2,2,1,1,80,NA,NA,NA,NA,NA
45188020,4.61877666218048,2411,5,0,1,1,2,NA,NA,NA,NA,NA
451665512,6.00511406216661,2142,5,2,2,1,1,NA,NA,NA,NA,NA
34101766,17.6970292822405,7231,4,1,1,1,1,NA,NA,NA,NA,NA
3304434654,23.8691645475402,2341,5,1,1,1,12,NA,NA,NA,NA,NA
44088222,3.47858215077982,8343,3,2,1,1,4,NA,NA,NA,NA,NA
66088342,3.54837053120246,2330,5,0,1,1,1,NA,NA,NA,NA,NA
34177667,11.4287913093968,4321,2,1,1,1,1,NA,NA,NA,NA,NA
33001230,21.5439039337003,3312,4,1,2,1,1,NA,NA,NA,NA,NA
67166123,17.0012048076737,9112,2,1,1,1,1,NA,NA,NA,NA,NA
660997745,2.18183982102448,8342,2,0,1,1,2,NA,NA,NA,NA,NA
22077884,5.02331052128334,5120,4,0,1,1,5,NA,NA,NA,NA,NA
22012987,2.50244131381364,5131,2,1,1,1,6,NA,NA,NA,NA,NA
781778867,2.91343494114822,9412,4,0,2,1,2,NA,NA,NA,NA,NA
242113455,5.73021563945187,2352,5,0,1,1,1,NA,NA,NA,NA,NA
24288774,2.4488534550445,8322,2,0,1,1,1,NA,NA,NA,NA,NA
462668823,3.78015522531299,5120,3,0,1,1,1,NA,NA,NA,NA,NA
132777723,3.5372587568796,5112,0,2,1,1,1,NA,NA,NA,NA,NA
88066338,8.08177884659016,7512,1,0,2,1,1,NA,NA,NA,NA,NA
44077336,12.7070854301968,9112,0,0,1,1,1,NA,NA,NA,NA,NA
880771112,4.83847753256889,2423,5,1,2,1,1,NA,NA,NA,NA,NA
3305513092,9.53488620526702,5414,2,0,1,1,6,NA,NA,NA,NA,NA
451111266,2.80999664908918,6113,0,0,1,1,140,NA,NA,NA,NA,NA
561777756,3.01617970092595,5414,2,3,1,1,2,NA,NA,NA,NA,NA
100166882,8.15889662339701,5131,2,2,NA,1,3,NA,NA,NA,NA,NA
22012448,4.05926136406294,4226,3,2,1,1,6,NA,NA,NA,NA,NA
66012326,2.37951332973283,2512,5,4,1,2,NA,4,NA,NA,NA,NA
55022342,2.60647109768217,2341,5,0,1,1,12,NA,NA,NA,NA,NA
440997745,3.4372448622224,8322,2,4,1,1,1,NA,NA,NA,NA,NA
770888801,6.38196910193067,5120,3,0,2,1,1,NA,NA,NA,NA,NA
1199664,9.07687591121961,5223,2,0,1,1,1,NA,NA,NA,NA,NA
55034323,1,7412,4,5,1,1,4,NA,NA,NA,NA,NA
12177113,3.54926721092822,9211,1,0,2,1,50,NA,NA,NA,NA,NA
231996623,2.74178775262076,5223,0,1,2,1,3,NA,NA,NA,NA,NA
23177890,12.8797783942311,1431,5,0,1,1,1,NA,NA,NA,NA,NA
24288661,8.91560005738092,5223,3,0,1,1,2,NA,NA,NA,NA,NA
56166130,28.3262895606988,3313,4,1,2,1,1,NA,NA,NA,NA,NA
77077122,7.76553992713583,3123,2,3,1,1,3,NA,NA,NA,NA,NA
880884401,2.96512571382147,4321,3,1,1,1,2,NA,NA,NA,NA,NA
55077348,9.04947376143623,2341,5,1,1,1,4,NA,NA,NA,NA,NA
13288664,9.07687591121961,5223,0,0,1,1,10,NA,NA,NA,NA,NA
101277777,7.32795606064763,8331,2,1,1,1,5,NA,NA,NA,NA,NA
550991211,11.0666820846193,3339,5,2,2,1,6,NA,NA,NA,NA,NA
6607711554,10.4718929983324,5223,3,1,1,1,4,NA,NA,NA,NA,NA
56155554,34.6636746080955,7126,0,0,2,1,5,NA,NA,NA,NA,NA
220018701,9.52489085806869,3115,4,1,1,1,1,NA,NA,NA,NA,NA
660017645,3.24952156487532,5414,2,0,1,1,1,NA,NA,NA,NA,NA
781775523,5.12698803227856,7115,0,3,2,1,5,NA,NA,NA,NA,NA
440773312,2.0096822241167,7513,0,0,2,1,1,NA,NA,NA,NA,NA
1177348,9.04947376143623,4226,3,1,1,1,1,NA,NA,NA,NA,NA
77066772,9.00362602625772,8322,2,0,1,1,3,NA,NA,NA,NA,NA
330017623,4.31938026576803,5230,0,0,2,1,2,NA,NA,NA,NA,NA
660773433,2.83255681266876,3344,2,1,1,2,NA,8,NA,NA,NA,NA
13277340,13.1091876830554,3343,3,2,2,1,1,NA,NA,NA,NA,NA
220997756,3.01617970092595,8332,2,1,1,1,6,NA,NA,NA,NA,NA
13277551,19.3075073460584,7112,0,1,2,1,2,NA,NA,NA,NA,NA
44099343,4.6676082994262,3423,3,2,1,1,4,NA,NA,NA,NA,NA
66088122,7.76553992713581,3115,3,3,1,1,15,NA,NA,NA,NA,NA
78166780,7.86632675576514,8322,2,0,1,1,1,NA,NA,NA,NA,NA
23166015,4.61789358648057,3434,0,0,1,1,1,NA,NA,NA,NA,NA
220559945,3.14141996393956,4110,4,3,1,1,1,NA,NA,NA,NA,NA
924771244,139.430435247979,5414,2,NA,1,2,NA,1,4,NA,NA,NA
27511348,9.04947376143623,4226,4,2,2,1,6,NA,NA,NA,NA,NA
330344345,1,8183,2,0,1,1,4,NA,NA,NA,NA,NA
77077346,36.5300984902798,3251,4,1,1,1,2,NA,NA,NA,NA,NA
660012101,17.95461190615,8152,0,0,2,1,5,NA,NA,NA,NA,NA
121665567,17.5445050393423,7115,2,3,2,1,2,NA,NA,NA,NA,NA
22001656,45.3529257956236,6113,0,0,2,2,NA,12,NA,NA,NA,NA
242771277,3.61505489574363,5414,1,0,1,1,5,NA,NA,NA,NA,NA
88099774,3.74780012609433,8332,2,1,1,1,15,NA,NA,NA,NA,NA
4408833013,11.2255998614226,2144,5,0,1,1,1,NA,NA,NA,NA,NA
220999945,1.99406078025323,2512,5,0,1,1,2,NA,NA,NA,NA,NA
220125412,1,3141,5,0,2,1,2,NA,NA,NA,NA,NA
55099887,2.50244131381364,4311,4,2,1,1,1,NA,NA,NA,NA,NA
88011888,6.13896215578772,5230,0,0,2,1,1,NA,NA,NA,NA,NA
12188442,3.46201747387135,9612,0,0,2,1,3,NA,NA,NA,NA,NA
990557745,3.4372448622224,8331,2,2,1,1,3,NA,NA,NA,NA,NA
46266889,10.7068218908321,9112,0,0,1,1,2,NA,NA,NA,NA,NA
78101871,3.13217582716262,8331,3,3,1,1,7,NA,NA,NA,NA,NA
24277340,13.1091876830554,7115,0,2,1,1,6,NA,NA,NA,NA,NA
12144114,17.8787440435157,9211,1,0,2,1,9,NA,NA,NA,NA,NA
4406655554,45.3529257956236,9333,2,0,1,1,4,NA,NA,NA,NA,NA
440663455,3.63733547255337,2330,5,1,1,1,3,NA,NA,NA,NA,NA
33066223,4.63486624771528,8112,0,6,2,1,3,NA,NA,NA,NA,NA
67177332,6.91655838195872,3122,4,4,2,1,3,NA,NA,NA,NA,NA
89166019,3.34597568865511,9112,0,0,2,1,1,NA,NA,NA,NA,NA
55012437,3.60652676089592,9329,2,1,1,1,10,NA,NA,NA,NA,NA
77066339,16.8017324042206,7512,4,0,2,1,2,NA,NA,NA,NA,NA
33023436,8.30294813285885,8160,4,5,1,1,2,NA,NA,NA,NA,NA
3307712113,17.4343211498199,2142,5,0,1,1,2,NA,NA,NA,NA,NA
66099223,2.80053574313203,3522,4,2,1,1,7,NA,NA,NA,NA,NA
330012101,28.2854849989094,6121,0,2,2,1,1,NA,NA,NA,NA,NA
68277339,16.8017324042206,8332,0,0,1,1,1,NA,NA,NA,NA,NA
561771266,2.80999664908918,5414,2,0,1,1,15,NA,NA,NA,NA,NA
143113477,4.06360851879736,9112,2,0,1,1,1,NA,NA,NA,NA,NA
35211348,9.04947376143623,3611,4,0,2,1,1,NA,NA,NA,NA,NA
55099344,3.04058815363088,2359,5,0,1,1,3,NA,NA,NA,NA,NA
770669967,2.24515747094152,3343,3,0,2,1,1,NA,NA,NA,NA,NA
990127601,10.4098104112287,8183,1,1,2,1,18,NA,NA,NA,NA,NA
781776612,2.96231182319223,7231,4,1,1,1,6,NA,NA,NA,NA,NA
12166020,4.61877666218048,7115,2,4,2,1,1,NA,NA,NA,NA,NA
56166340,13.1091876830554,5223,3,2,1,1,3,NA,NA,NA,NA,NA
440883422,3.92156216748668,3344,4,1,1,1,1,NA,NA,NA,NA,NA
2203377554,14.7227422316396,9333,0,0,1,1,1,NA,NA,NA,NA,NA
5507755013,28.0884053340587,4416,4,2,1,1,4,NA,NA,NA,NA,NA
781993334,231.669315520792,9329,2,0,2,1,2,NA,NA,NA,NA,NA
44099125,15.9827479174487,2131,5,0,1,1,1,NA,NA,NA,NA,NA
55012219,20.4818040565633,9212,0,0,2,1,4,NA,NA,NA,NA,NA
5507755554,45.3529257956236,3123,3,10,1,1,3,NA,NA,NA,NA,NA
77099779,14.1136507463825,8332,2,15,1,1,6,NA,NA,NA,NA,NA
891020934,25.2871145670538,2432,5,0,2,1,9,NA,NA,NA,NA,NA
55001654,16.905910863184,7114,0,3,2,1,60,NA,NA,NA,NA,NA
66044116,16.0265049012021,9211,3,0,1,1,1,NA,NA,NA,NA,NA
572773301,11.2255998614226,7512,4,2,1,1,1,NA,NA,NA,NA,NA
66099229,6.77479815454606,8332,1,1,1,1,1,NA,NA,NA,NA,NA
77055337,8.04017439763437,7231,2,0,1,1,1,NA,NA,NA,NA,NA
77088337,8.04017439763438,9329,0,0,1,1,1,NA,NA,NA,NA,NA
66099333,2.43989173232533,7212,2,1,1,1,7,NA,NA,NA,NA,NA
550018723,3.5372587568796,8332,3,3,1,1,4,NA,NA,NA,NA,NA
121770111,4.46708996366323,5230,3,0,1,1,2,NA,NA,NA,NA,NA
66055342,5.8725273725894,2342,5,0,1,1,1,NA,NA,NA,NA,NA
451881101,28.2854849989095,3152,0,2,1,1,2,NA,NA,NA,NA,NA
99011342,5.8725273725894,5312,4,0,1,2,NA,1,5,NA,NA,NA
660128723,1.49489666412702,8332,2,2,1,1,104,NA,NA,NA,NA,NA
891668801,10.0540792660816,5120,4,3,2,1,1,NA,NA,NA,NA,NA
33099348,6.88268729828353,2341,5,0,1,1,1,NA,NA,NA,NA,NA
231113422,2.48926708471777,2330,5,0,1,1,3,NA,NA,NA,NA,NA
55088339,16.8017324042207,7411,3,5,1,1,1,NA,NA,NA,NA,NA
220129823,1.59754822154648,3255,0,0,1,1,3,NA,NA,NA,NA,NA
220347601,1,9333,1,0,1,1,214,NA,NA,NA,NA,NA
11445545,10.6466910555505,7115,0,1,2,1,2,NA,NA,NA,NA,NA
880886612,2.96231182319223,5223,2,0,2,1,2,NA,NA,NA,NA,NA
880888823,3.78015522531299,9412,2,0,1,1,6,NA,NA,NA,NA,NA
220770166,2.39142142109452,4321,4,1,1,1,1,NA,NA,NA,NA,NA
121777756,3.01617970092595,9329,3,1,2,2,NA,1,NA,NA,NA,NA
67111348,9.04947376143623,2246,5,0,1,1,1,NA,NA,NA,NA,NA
1001887701,6.0460592707409,8332,0,1,1,1,5,NA,NA,NA,NA,NA
1188338,8.08177884659016,8172,0,1,2,1,10,NA,NA,NA,NA,NA
23166888,6.13896215578772,5131,0,0,2,1,1,NA,NA,NA,NA,NA
23155886,17.8979195718987,1412,5,0,1,2,NA,1,2,3,4,NA
55066776,14.7227422316396,9112,3,0,1,1,1,NA,NA,NA,NA,NA
330882223,4.30328488150779,3134,4,3,2,1,5,NA,NA,NA,NA,NA
231771112,4.83847753256889,4313,4,1,1,1,1,NA,NA,NA,NA,NA
902778823,2.39950702694744,4224,0,1,1,1,3,NA,NA,NA,NA,NA
11667745,3.4372448622224,8332,2,1,1,1,1,NA,NA,NA,NA,NA
660011111,4.46708996366323,3313,4,3,1,1,2,NA,NA,NA,NA,NA
330993455,3.63733547255337,2221,5,0,1,1,21,NA,NA,NA,NA,NA
89111348,9.04947376143623,2342,5,0,1,1,1,NA,NA,NA,NA,NA
55066118,56.3630221236528,9215,0,1,2,1,3,NA,NA,NA,NA,NA
55088345,5.57901030683986,2310,5,3,1,1,80,NA,NA,NA,NA,NA
33012877,5.57336607968624,8332,2,1,1,1,4,NA,NA,NA,NA,NA
24277889,10.7068218908321,5131,2,0,2,1,4,NA,NA,NA,NA,NA
22886601,16.3994932203154,9333,1,0,2,1,15,NA,NA,NA,NA,NA
220888801,10.0540792660816,5131,1,0,1,1,1,NA,NA,NA,NA,NA
220883411,7.41900200796358,2330,5,0,1,1,1,NA,NA,NA,NA,NA
66001113,3.67872007090204,2433,5,3,1,2,NA,5,6,NA,NA,NA
341668801,10.0540792660816,5120,2,2,2,1,1,NA,NA,NA,NA,NA
13299771,3.13217582716262,5112,2,0,2,1,10,NA,NA,NA,NA,NA
330991255,3.69113378472407,8342,2,1,1,2,NA,10,NA,NA,NA,NA
36311349,8.22945122640888,2352,5,2,1,1,4,NA,NA,NA,NA,NA
57277125,10.4433017081777,5414,2,0,1,1,60,NA,NA,NA,NA,NA
660881233,6.0979201785786,4221,4,1,1,1,4,NA,NA,NA,NA,NA
66034450,1,2221,5,3,1,1,1,NA,NA,NA,NA,NA
44011776,14.7227422316396,8344,2,2,1,1,1,NA,NA,NA,NA,NA
341887767,3.89141327964785,8331,2,6,1,1,4,NA,NA,NA,NA,NA
33100000,2.74083417047324,4132,4,1,2,1,2,NA,NA,NA,NA,NA
561113477,5.34290126427455,2330,5,0,1,1,1,NA,NA,NA,NA,NA
330773301,11.2255998614226,4321,4,0,1,1,1,NA,NA,NA,NA,NA
253661244,462.07424844616,9123,0,0,2,1,1,NA,NA,NA,NA,NA
89166779,14.1136507463825,8322,2,1,1,1,2,NA,NA,NA,NA,NA
55012218,1,9211,1,0,1,1,550,NA,NA,NA,NA,NA
440127656,2.32365889203429,9112,0,0,1,1,2,NA,NA,NA,NA,NA
1188120,29.7073325945741,8341,0,1,1,1,2,NA,NA,NA,NA,NA
330668823,3.78015522531299,4321,4,1,2,1,1,NA,NA,NA,NA,NA
220991211,17.4343211498199,2141,5,0,1,1,1,NA,NA,NA,NA,NA
440666656,3.84563853409297,9333,2,0,2,1,1,NA,NA,NA,NA,NA
330994467,3.82365166384475,8344,2,0,1,1,3,NA,NA,NA,NA,NA
11668823,3.78015522531299,4224,3,0,2,1,3,NA,NA,NA,NA,NA
22034766,1,4321,1,1,2,2,NA,5,NA,NA,NA,NA
34166889,10.7068218908321,5131,2,2,2,1,2,NA,NA,NA,NA,NA
45199771,3.13217582716262,8331,3,2,1,1,5,NA,NA,NA,NA,NA
56177998,3.22251567262593,7422,3,0,1,1,3,NA,NA,NA,NA,NA
45155114,17.8787440435157,7544,4,0,2,1,1,NA,NA,NA,NA,NA
88077348,9.04947376143623,3221,4,0,1,1,2,NA,NA,NA,NA,NA
55033114,17.8787440435157,9211,0,0,2,1,1,NA,NA,NA,NA,NA
22099450,5.23370769244726,2142,5,2,1,1,3,NA,NA,NA,NA,NA
24277780,7.86632675576514,8322,0,0,1,1,3,NA,NA,NA,NA,NA
440777767,3.89141327964785,8332,0,3,1,1,2,NA,NA,NA,NA,NA
990886656,3.84563853409296,5223,2,0,1,1,1,NA,NA,NA,NA,NA
550773312,2.0096822241167,8219,0,0,2,1,1,NA,NA,NA,NA,NA
770883411,7.41900200796358,3221,4,2,1,1,29,NA,NA,NA,NA,NA
451778823,3.78015522531299,5132,4,3,1,1,2,NA,NA,NA,NA,NA
660887723,3.5372587568796,8332,2,0,1,1,1,NA,NA,NA,NA,NA
440110166,2.39142142109452,5414,3,2,1,1,1,NA,NA,NA,NA,NA
121888834,87.5598207598285,9412,1,0,2,1,7,NA,NA,NA,NA,NA
36312761,5.38709324017132,8332,2,3,1,1,10,NA,NA,NA,NA,NA
66077888,6.13896215578772,5230,0,0,2,1,1,NA,NA,NA,NA,NA
66066331,4.18840552816858,7212,4,1,1,1,1,NA,NA,NA,NA,NA
22088131,15.0211478886385,2149,5,5,2,1,4,NA,NA,NA,NA,NA
220239823,1.59754822154648,5414,2,0,1,1,20,NA,NA,NA,NA,NA
44099123,10.2726765337983,9611,3,3,1,1,3,NA,NA,NA,NA,NA
99066224,4.9718709548347,7544,2,0,1,1,1,NA,NA,NA,NA,NA
34177442,3.46201747387135,4322,5,2,1,1,3,NA,NA,NA,NA,NA
77001769,21.6344070654774,5223,0,0,2,1,1,NA,NA,NA,NA,NA
990996645,3.24952156487532,5222,3,2,2,1,1,NA,NA,NA,NA,NA
330664456,3.23155869787241,3122,3,3,1,1,1,NA,NA,NA,NA,NA
2288668,13.778107439158,5223,0,2,2,1,3,NA,NA,NA,NA,NA
22044349,10.8202217704964,2342,5,0,1,1,2,NA,NA,NA,NA,NA
45166664,9.07687591121961,5223,0,0,2,1,4,NA,NA,NA,NA,NA
13277558,24.6602769010232,3123,5,5,1,1,3,NA,NA,NA,NA,NA
550017601,16.3994932203154,5223,0,0,2,1,1,NA,NA,NA,NA,NA
990997701,9.52489085806869,8332,3,2,1,1,9,NA,NA,NA,NA,NA
77055883,3.39768883088714,9112,0,0,1,1,2,NA,NA,NA,NA,NA
11886623,4.31938026576803,5246,2,0,1,1,1,NA,NA,NA,NA,NA
3301221552,7.81632837174241,6111,2,0,2,1,4,NA,NA,NA,NA,NA
78177557,31.7496431070843,9313,2,0,1,1,35,NA,NA,NA,NA,NA
550773466,3.92919633519165,4226,2,0,2,1,1,NA,NA,NA,NA,NA
880130934,25.2871145670537,4222,3,2,1,1,1,NA,NA,NA,NA,NA
99099663,4.52723425516123,8342,2,5,1,1,6,NA,NA,NA,NA,NA
220663411,11.6878087424019,3611,4,1,1,1,1,NA,NA,NA,NA,NA
440349834,1,9112,0,0,2,1,1500,NA,NA,NA,NA,NA
550997701,9.52489085806869,3152,1,4,1,1,4,NA,NA,NA,NA,NA
22012660,1,9313,0,0,1,1,25,NA,NA,NA,NA,NA
990777712,2.50707465236255,7231,4,5,1,1,1,NA,NA,NA,NA,NA
2277780,7.86632675576514,8322,3,3,1,1,2,NA,NA,NA,NA,NA
2277340,13.1091876830554,8322,2,0,1,1,1,NA,NA,NA,NA,NA
3311348,9.04947376143623,2341,5,0,1,1,4,NA,NA,NA,NA,NA
77066560,51.3230634997549,7114,0,2,1,1,2,NA,NA,NA,NA,NA
891885534,815.917781369119,7119,2,4,1,1,30,NA,NA,NA,NA,NA
77001879,6.33086505259683,9333,1,0,1,1,3,NA,NA,NA,NA,NA
66001328,3.04689581211318,2424,5,0,1,1,1,NA,NA,NA,NA,NA
66099884,3.28228585088011,4321,3,2,1,2,NA,6,7,NA,NA,NA
33033778,8.6575183407399,3359,3,0,2,1,1,NA,NA,NA,NA,NA
341996601,16.3994932203154,4321,2,1,1,1,6,NA,NA,NA,NA,NA
2277773,3.35156194954141,8331,2,2,1,1,1,NA,NA,NA,NA,NA
66077664,9.07687591121961,5223,0,0,2,1,2,NA,NA,NA,NA,NA
330129834,32.130193814791,9112,2,2,2,1,20,NA,NA,NA,NA,NA
56166337,8.04017439763437,7411,2,1,1,1,5,NA,NA,NA,NA,NA
45177331,4.18840552816858,7212,2,0,1,1,30,NA,NA,NA,NA,NA
91311348,6.88268729828353,2352,5,0,1,1,2,NA,NA,NA,NA,NA
671776612,2.96231182319223,5223,2,0,1,1,2,NA,NA,NA,NA,NA
102311351,14.2133793129833,2330,5,1,1,1,1,NA,NA,NA,NA,NA
330553356,1.99192662405012,7412,3,0,2,1,2,NA,NA,NA,NA,NA
22771167,17.1674156335887,4110,5,0,2,1,2,NA,NA,NA,NA,NA
47377666,27.0840741567653,5223,0,0,1,1,3,NA,NA,NA,NA,NA
22034449,1,2310,6,0,1,1,40,NA,NA,NA,NA,NA
33055228,4.00611018786579,8332,3,2,1,1,1,NA,NA,NA,NA,NA
66099998,2.4509234761273,3512,4,5,1,2,NA,1,5,NA,NA,NA
66022118,56.3630221236528,2161,5,2,2,1,1,NA,NA,NA,NA,NA
924778834,87.5598207598285,5120,4,3,1,1,3,NA,NA,NA,NA,NA
220991222,2.84121619791885,7411,3,1,1,1,1,NA,NA,NA,NA,NA
11342101,11.9538546864424,7511,0,0,1,1,200,NA,NA,NA,NA,NA
1177554,34.6636746080955,9313,0,0,2,1,15,NA,NA,NA,NA,NA
330991167,22.5720086639088,8341,1,1,1,1,4,NA,NA,NA,NA,NA
660441244,462.07424844616,4120,3,1,2,1,2,NA,NA,NA,NA,NA
99012118,4.99016341597904,4321,2,0,2,1,30,NA,NA,NA,NA,NA
100199667,8.69230618857931,2141,5,2,1,1,1,NA,NA,NA,NA,NA
880888834,87.5598207598285,4224,2,2,2,1,1,NA,NA,NA,NA,NA
99077554,34.6636746080955,1323,5,5,1,1,1,NA,NA,NA,NA,NA
781113477,5.34290126427455,2352,5,1,2,1,1,NA,NA,NA,NA,NA
23155120,29.7073325945741,9211,0,0,2,1,21,NA,NA,NA,NA,NA
33099345,7.47445554885214,2341,5,0,1,1,6,NA,NA,NA,NA,NA
220775567,17.5445050393423,7115,0,0,1,1,3,NA,NA,NA,NA,NA
22088345,7.47445554885214,2330,5,1,1,1,8,NA,NA,NA,NA,NA
220342167,1,7233,3,2,1,1,2,NA,NA,NA,NA,NA
23199662,8.40385045878902,3334,4,3,1,2,NA,10,NA,NA,NA,NA
44066556,45.3529257956236,1219,5,3,1,1,1,NA,NA,NA,NA,NA
550883433,1.79800552387734,2330,5,0,1,1,2,NA,NA,NA,NA,NA
13277773,3.35156194954141,8331,2,1,1,1,2,NA,NA,NA,NA,NA
88088129,12.4728093486332,5414,2,0,1,1,30,NA,NA,NA,NA,NA
34177999,4.01755510457195,3521,4,0,1,1,1,NA,NA,NA,NA,NA
770884467,5.02740192968878,4416,5,3,2,1,1,NA,NA,NA,NA,NA
22034549,2.71332632180879,3132,3,5,1,1,15,NA,NA,NA,NA,NA
90299661,8.91560005738092,7231,3,1,1,1,2,NA,NA,NA,NA,NA
660887712,2.50707465236255,8332,0,5,1,1,2,NA,NA,NA,NA,NA
25377337,8.04017439763438,7512,0,0,1,1,2,NA,NA,NA,NA,NA
88066447,5.76130055397437,8322,2,0,1,1,1,NA,NA,NA,NA,NA
46255886,17.8979195718987,5120,3,2,1,1,1,NA,NA,NA,NA,NA
23112767,8.69230618857933,5230,0,0,2,1,5,NA,NA,NA,NA,NA
770779901,4.09466738576137,7413,4,1,1,1,4,NA,NA,NA,NA,NA
990441134,264.850224421149,5164,0,0,2,1,1,NA,NA,NA,NA,NA
66011444,3.2825743931432,3132,2,0,2,1,3,NA,NA,NA,NA,NA
58311349,8.22945122640888,2341,5,1,1,1,8,NA,NA,NA,NA,NA
990773301,11.2255998614226,2151,5,0,1,1,3,NA,NA,NA,NA,NA
67177772,9.00362602625772,2411,5,4,1,2,NA,7,NA,NA,NA,NA
880667756,3.01617970092595,8322,2,0,1,1,5,NA,NA,NA,NA,NA
99099124,4.1617206494349,3111,4,0,1,1,30,NA,NA,NA,NA,NA
770665567,17.5445050393423,9313,0,0,2,1,8,NA,NA,NA,NA,NA
341777745,3.4372448622224,8331,2,5,1,1,2,NA,NA,NA,NA,NA
220017656,3.84563853409296,9329,2,0,1,1,3,NA,NA,NA,NA,NA
88012324,2.42484410946029,9311,2,0,2,1,60,NA,NA,NA,NA,NA
22001431,4.18840552816858,3122,4,2,1,2,NA,1,3,5,8,9
25311348,9.04947376143623,2359,2,2,1,1,4,NA,NA,NA,NA,NA
660773466,3.92919633519165,9112,0,0,2,1,1,NA,NA,NA,NA,NA
66077666,27.0840741567653,5245,3,0,2,1,2,NA,NA,NA,NA,NA
220663323,3.67100582805091,5246,0,0,2,1,4,NA,NA,NA,NA,NA
13211350,23.6519287699075,2342,5,0,1,1,1,NA,NA,NA,NA,NA
45177118,56.3630221236528,6121,0,0,2,1,1,NA,NA,NA,NA,NA
880338834,26.4210870002648,1431,5,0,2,1,1,NA,NA,NA,NA,NA
440118801,10.0540792660816,9412,3,2,1,1,3,NA,NA,NA,NA,NA
44088997,2.96831110397465,3513,3,1,1,1,14,NA,NA,NA,NA,NA
66012431,1.85898800667999,7233,3,2,2,1,3,NA,NA,NA,NA,NA
45111345,11.4391350739138,2248,5,0,1,1,1,NA,NA,NA,NA,NA
341887701,9.52489085806869,8331,2,1,1,1,4,NA,NA,NA,NA,NA
12188557,24.1475770966248,2243,5,2,1,1,2,NA,NA,NA,NA,NA
77099333,2.43989173232533,7212,3,1,2,1,10,NA,NA,NA,NA,NA
121441211,17.4343211498199,6111,0,2,2,1,1,NA,NA,NA,NA,NA
55088336,12.7070854301968,8142,3,1,1,1,1,NA,NA,NA,NA,NA
22034658,1,3123,5,2,2,1,20,NA,NA,NA,NA,NA
1001773334,231.669315520792,2432,5,2,1,1,1,NA,NA,NA,NA,NA
220344301,7.12560837946903,3114,4,2,1,1,10,NA,NA,NA,NA,NA
550773356,1.99192662405012,7512,0,0,2,1,1,NA,NA,NA,NA,NA
2208855454,6.75813782208289,8332,2,0,1,1,6,NA,NA,NA,NA,NA
61611347,36.5300984902799,6113,0,1,2,1,3,NA,NA,NA,NA,NA
55066125,15.9827479174487,3411,4,2,1,1,1,NA,NA,NA,NA,NA
2203377013,9.52489085806869,8331,0,1,1,1,1,NA,NA,NA,NA,NA
4408811554,16.0265049012021,9211,2,0,2,1,10,NA,NA,NA,NA,NA
23111348,9.04947376143623,2342,5,1,1,1,2,NA,NA,NA,NA,NA
44066131,15.0211478886385,7115,0,5,2,1,20,NA,NA,NA,NA,NA
56188662,8.40385045878902,1324,5,4,1,1,3,NA,NA,NA,NA,NA
12177558,32.4237494882581,7115,0,5,2,1,5,NA,NA,NA,NA,NA
550888801,10.0540792660816,9412,3,2,1,1,2,NA,NA,NA,NA,NA
1001777756,1.82247310034377,8332,2,0,1,1,2,NA,NA,NA,NA,NA
330558856,2.2233740864553,5131,0,0,2,1,5,NA,NA,NA,NA,NA
33077337,8.04017439763438,8131,2,1,1,1,2,NA,NA,NA,NA,NA
682017634,154.084563926273,4321,2,0,2,1,2,NA,NA,NA,NA,NA
99034322,1.5439389655706,8111,5,5,2,1,6,NA,NA,NA,NA,NA
56166125,15.9827479174487,5414,2,0,1,1,3,NA,NA,NA,NA,NA
1199779,10.734308677538,8332,0,0,1,1,6,NA,NA,NA,NA,NA
22099997,3.90278568342011,3513,4,2,1,1,5,NA,NA,NA,NA,NA
78199668,10.4791071354881,8322,2,1,1,1,1,NA,NA,NA,NA,NA
660776645,5.11925815814655,5223,4,0,1,1,3,NA,NA,NA,NA,NA
46266886,17.8979195718987,9112,0,0,2,1,2,NA,NA,NA,NA,NA
99077663,4.52723425516123,5245,0,0,1,1,16,NA,NA,NA,NA,NA
220883345,6.47466010089871,7513,0,0,2,1,1,NA,NA,NA,NA,NA
330773367,3.62996180403924,8183,2,1,1,1,1,NA,NA,NA,NA,NA
44077778,8.65751834073991,4321,0,0,2,1,80,NA,NA,NA,NA,NA
44044999,4.01755510457195,2642,5,0,1,1,1,NA,NA,NA,NA,NA
55001877,5.57336607968624,8332,2,2,1,1,35,NA,NA,NA,NA,NA
462991244,169.558766002071,9112,0,0,1,1,280,NA,NA,NA,NA,NA
220019823,2.39950702694744,5120,4,2,2,1,13,NA,NA,NA,NA,NA
2201222982,21.5439039337002,7541,2,5,1,1,13,NA,NA,NA,NA,NA
77088663,4.52723425516123,5414,2,3,1,1,1,NA,NA,NA,NA,NA
34155777,7.32795606064763,8322,2,1,1,1,2,NA,NA,NA,NA,NA
99088774,3.74780012609433,8322,2,2,1,1,3,NA,NA,NA,NA,NA
55088131,9.53488620526702,5223,2,0,2,1,8,NA,NA,NA,NA,NA
3301232332,2.80053574313203,8112,2,2,1,1,5,NA,NA,NA,NA,NA
330017612,1,5230,2,0,2,1,10,NA,NA,NA,NA,NA
770771266,4.65052397813388,8332,3,0,1,1,4,NA,NA,NA,NA,NA
55066019,3.34597568865511,3321,4,0,1,1,2,NA,NA,NA,NA,NA
33077441,7.28162471491128,8332,2,5,1,1,2,NA,NA,NA,NA,NA
67166884,5.02331052128334,1412,2,1,2,2,NA,5,8,NA,NA,NA
33034219,1,2132,5,2,2,1,1,NA,NA,NA,NA,NA
440880177,2.48919632647864,5414,2,1,1,1,8,NA,NA,NA,NA,NA
1166887,5.57879253831152,4224,3,2,2,1,2,NA,NA,NA,NA,NA
34178000,4.31787800363785,7422,4,1,1,1,4,NA,NA,NA,NA,NA
561666601,16.3994932203155,5223,3,1,2,1,4,NA,NA,NA,NA,NA
1177661,8.91560005738092,5223,2,2,2,1,1,NA,NA,NA,NA,NA
44001656,22.1191933502152,7115,0,1,2,1,50,NA,NA,NA,NA,NA
99077553,11.8911116421776,2243,5,2,1,1,1,NA,NA,NA,NA,NA
550996612,2.96231182319223,9334,0,0,2,1,5,NA,NA,NA,NA,NA
220012255,3.69113378472407,8322,3,2,1,1,4,NA,NA,NA,NA,NA
561668812,3.20383500566392,5120,1,0,2,1,2,NA,NA,NA,NA,NA
462113455,5.73021563945187,2330,4,2,1,1,3,NA,NA,NA,NA,NA
44034766,1,7413,3,3,1,2,NA,1,2,8,9,NA
66088554,22.6496228380874,8332,2,3,1,1,10,NA,NA,NA,NA,NA
3307777013,9.52489085806869,2423,5,0,1,1,1,NA,NA,NA,NA,NA
121773323,3.67100582805091,8153,1,1,2,1,4,NA,NA,NA,NA,NA
660016534,815.917781369119,9313,0,0,1,1,10,NA,NA,NA,NA,NA
4407733992,13.1091876830554,9329,0,2,2,1,1,NA,NA,NA,NA,NA
77077012,5.52243263264132,9112,2,0,1,1,2,NA,NA,NA,NA,NA
66022017,11.8136722761082,2611,5,1,1,1,1,NA,NA,NA,NA,NA
341886612,1.88036935313171,3343,4,0,2,1,1,NA,NA,NA,NA,NA
682996634,510.638218598106,8183,2,1,2,1,1,NA,NA,NA,NA,NA
550665567,17.5445050393423,8342,2,5,1,1,2,NA,NA,NA,NA,NA
220889945,3.14141996393956,3512,4,0,2,1,1,NA,NA,NA,NA,NA
44099777,7.32795606064763,8332,2,2,1,1,14,NA,NA,NA,NA,NA
132771167,17.1674156335887,9211,0,0,2,1,95,NA,NA,NA,NA,NA
12177338,8.08177884659017,7511,0,0,2,1,1,NA,NA,NA,NA,NA
68288669,16.4543113379694,5245,0,0,1,1,8,NA,NA,NA,NA,NA
880778823,3.78015522531299,5131,2,1,2,1,2,NA,NA,NA,NA,NA
2209955332,7.1849933524850504,8342,3,5,1,1,3,NA,NA,NA,NA,NA
22066560,51.3230634997549,7127,3,0,1,1,4,NA,NA,NA,NA,NA
33023432,3.06985534067553,2433,5,2,2,1,2,NA,NA,NA,NA,NA
11663356,1.99192662405012,7212,2,1,1,1,3,NA,NA,NA,NA,NA
56144128,10.9241925663285,7231,4,2,1,1,1,NA,NA,NA,NA,NA
11771266,2.80999664908918,9112,2,0,1,1,4,NA,NA,NA,NA,NA
77088334,3.83623723147949,3434,3,0,1,2,NA,7,NA,NA,NA,NA
440773356,1.99192662405012,5223,2,0,2,2,NA,5,NA,NA,NA,NA
341777767,3.89141327964785,8331,2,0,1,1,5,NA,NA,NA,NA,NA
121663411,11.6878087424019,4416,4,0,2,1,1,NA,NA,NA,NA,NA
55099337,8.04017439763438,7522,0,0,2,1,15,NA,NA,NA,NA,NA
440887756,1.82247310034377,8332,2,1,1,1,1,NA,NA,NA,NA,NA
55034439,1,8172,2,1,1,1,225,NA,NA,NA,NA,NA
78188020,3.51286674832601,5414,2,0,1,1,1,NA,NA,NA,NA,NA
44066344,5.03215123785774,2310,5,1,1,1,36,NA,NA,NA,NA,NA
89177777,7.32795606064763,4321,2,1,1,1,1,NA,NA,NA,NA,NA
44088125,10.4433017081777,2422,3,0,2,1,1,NA,NA,NA,NA,NA
330773466,3.92919633519165,2247,5,0,1,1,1,NA,NA,NA,NA,NA
330991222,1.80350219121457,3151,2,0,2,1,15,NA,NA,NA,NA,NA
22771211,17.4343211498199,8157,0,0,2,1,4,NA,NA,NA,NA,NA
33001657,24.1475770966248,3123,2,2,1,1,7,NA,NA,NA,NA,NA
4409911552,16.0265049012021,6113,4,0,1,1,11,NA,NA,NA,NA,NA
440221277,4.75313536812026,2230,7,2,1,1,5,NA,NA,NA,NA,NA
79277780,7.86632675576514,8332,3,0,1,1,2,NA,NA,NA,NA,NA
330346534,1,7119,1,1,1,1,185,NA,NA,NA,NA,NA
594113466,3.92919633519165,9112,2,0,2,1,4,NA,NA,NA,NA,NA
451773323,3.67100582805091,5230,0,2,2,1,1,NA,NA,NA,NA,NA
990991101,17.95461190615,3114,4,0,1,1,1,NA,NA,NA,NA,NA
44001219,26.9298226643207,6121,1,2,2,1,2,NA,NA,NA,NA,NA
22034654,1,3123,5,0,2,1,9,NA,NA,NA,NA,NA
660663433,2.83255681266876,9112,0,1,1,1,1,NA,NA,NA,NA,NA
66088664,9.07687591121961,5223,0,0,2,1,3,NA,NA,NA,NA,NA
440014345,2.73628491762591,5222,5,5,1,1,1,NA,NA,NA,NA,NA
440885567,17.5445050393423,7115,0,0,1,1,2,NA,NA,NA,NA,NA
66055780,7.86632675576514,9333,2,0,1,1,1,NA,NA,NA,NA,NA
33077113,5.87401137100153,9112,0,3,1,1,2,NA,NA,NA,NA,NA
990553444,258.866416475489,2248,5,0,1,1,2,NA,NA,NA,NA,NA
440331277,3.61505489574363,5414,2,0,1,1,20,NA,NA,NA,NA,NA
473881244,169.558766002071,5414,3,2,1,1,1,NA,NA,NA,NA,NA
660663411,7.41900200796358,2352,5,0,2,1,1,NA,NA,NA,NA,NA
2209912114,11.0666820846193,3113,4,0,1,1,5,NA,NA,NA,NA,NA
330129823,1.59754822154648,9112,2,0,2,1,10,NA,NA,NA,NA,NA
45188778,8.6575183407399,8331,2,5,1,1,3,NA,NA,NA,NA,NA
3399661,5.38709324017132,5223,0,0,1,1,10,NA,NA,NA,NA,NA
220991112,4.83847753256889,6121,0,2,1,1,1,NA,NA,NA,NA,NA
44034546,2.23125793740013,7126,3,2,1,1,8,NA,NA,NA,NA,NA
660997701,9.52489085806869,8332,2,5,1,1,6,NA,NA,NA,NA,NA
231881145,10.1197107710232,6210,0,10,2,1,2,NA,NA,NA,NA,NA
550990133,1.87024593119997,5164,0,2,1,1,10,NA,NA,NA,NA,NA
22034762,5.07787761974289,8183,0,1,2,1,2,NA,NA,NA,NA,NA
55099884,3.28228585088011,5131,2,2,1,1,4,NA,NA,NA,NA,NA
1166664,9.07687591121961,4110,5,1,1,2,NA,8,10,NA,NA,NA
231661266,4.65052397813388,9112,2,0,1,1,1,NA,NA,NA,NA,NA
770996612,2.96231182319223,5223,2,0,2,1,8,NA,NA,NA,NA,NA
44099348,9.04947376143623,2247,4,1,1,1,2,NA,NA,NA,NA,NA
77055224,4.9718709548347,9311,2,1,2,1,4,NA,NA,NA,NA,NA
44001762,8.40385045878902,5223,2,0,2,1,3,NA,NA,NA,NA,NA
12101876,7.18046689059344,8332,1,0,1,1,90,NA,NA,NA,NA,NA
220232211,1,9112,1,0,2,1,900,NA,NA,NA,NA,NA
66088447,5.76130055397437,2141,5,1,1,1,1,NA,NA,NA,NA,NA
220447712,2.50707465236255,8350,0,0,2,1,12,NA,NA,NA,NA,NA
220234477,1,3221,4,0,1,1,25,NA,NA,NA,NA,NA
77077339,16.8017324042206,5223,2,0,2,1,1,NA,NA,NA,NA,NA
44066884,5.02331052128334,9411,0,1,1,1,5,NA,NA,NA,NA,NA
44088553,11.8911116421776,1219,5,4,1,1,1,NA,NA,NA,NA,NA
34177449,4.60058491836551,7544,2,1,1,1,30,NA,NA,NA,NA,NA
44034223,1,2421,5,2,2,1,2,NA,NA,NA,NA,NA
66012324,2.42484410946029,8113,2,5,1,1,55,NA,NA,NA,NA,NA
12177887,5.57879253831152,9412,2,1,1,1,4,NA,NA,NA,NA,NA
880129834,32.130193814791,9411,2,0,1,1,60,NA,NA,NA,NA,NA
2209988992,5.44318046249358,9411,3,0,2,1,5,NA,NA,NA,NA,NA
330344367,1,9321,0,0,2,1,283,NA,NA,NA,NA,NA
990773367,3.62996180403925,4321,2,0,2,1,3,NA,NA,NA,NA,NA
99012324,2.42484410946029,8113,1,1,2,1,20,NA,NA,NA,NA,NA
55088668,13.778107439158,5245,2,0,2,1,1,NA,NA,NA,NA,NA
68211349,10.8202217704964,3343,2,2,2,1,1,NA,NA,NA,NA,NA
682113444,258.866416475489,2330,5,0,1,1,1,NA,NA,NA,NA,NA
660991112,3.0712920891139,8350,2,1,1,1,4,NA,NA,NA,NA,NA
330014345,4.10988213001659,9321,2,0,1,1,1,NA,NA,NA,NA,NA
96811342,5.87252737258939,5414,2,0,1,1,3,NA,NA,NA,NA,NA
45177129,16.3994608559366,5414,3,0,2,1,2,NA,NA,NA,NA,NA
88077997,3.90278568342011,3513,4,1,1,1,2,NA,NA,NA,NA,NA
99077558,32.4237494882581,7131,0,0,1,1,3,NA,NA,NA,NA,NA
1188772,9.00362602625772,4323,7,5,1,1,1,NA,NA,NA,NA,NA
11443301,11.2255998614226,7212,1,2,1,1,20,NA,NA,NA,NA,NA
660116623,4.31938026576803,5243,2,0,2,1,30,NA,NA,NA,NA,NA
23155338,8.08177884659016,5223,2,0,2,1,1,NA,NA,NA,NA,NA
36377338,6.14669516497218,7213,3,2,1,1,1,NA,NA,NA,NA,NA
77012119,2.54482249242049,2513,5,0,2,1,1,NA,NA,NA,NA,NA
58377337,8.04017439763438,7132,3,3,1,1,4,NA,NA,NA,NA,NA
23177999,4.01755510457195,5414,4,0,1,1,1,NA,NA,NA,NA,NA
66012437,3.60652676089592,9329,0,1,1,1,136,NA,NA,NA,NA,NA
550883334,231.669315520792,7223,3,1,1,1,4,NA,NA,NA,NA,NA
231345401,1.97412687588724,3132,3,0,1,1,30,NA,NA,NA,NA,NA
22001432,6.91655838195872,7212,4,2,2,1,5,NA,NA,NA,NA,NA
330443466,3.92919633519165,2342,5,0,2,1,2,NA,NA,NA,NA,NA
55044129,16.3994608559366,9112,2,0,2,1,4,NA,NA,NA,NA,NA
341668812,3.20383500566392,9412,0,2,1,1,1,NA,NA,NA,NA,NA
99066998,3.22251567262593,2512,5,1,1,1,3,NA,NA,NA,NA,NA
66077449,6.04892692370184,8332,2,0,1,1,1,NA,NA,NA,NA,NA
25377669,21.6344070654774,3251,4,0,1,1,2,NA,NA,NA,NA,NA
45155128,14.3633132974849,9211,1,0,1,1,11,NA,NA,NA,NA,NA
88099559,27.7360110030266,7119,0,3,1,1,30,NA,NA,NA,NA,NA
33023437,3.60652676089592,9211,0,1,1,1,5,NA,NA,NA,NA,NA
550448801,10.0540792660816,5222,2,0,2,1,1,NA,NA,NA,NA,NA
66034767,5.12653577690574,1420,4,2,1,1,2,NA,NA,NA,NA,NA
89177556,45.3529257956236,7115,1,0,2,1,2,NA,NA,NA,NA,NA
33001431,4.18840552816858,2243,5,4,1,1,1,NA,NA,NA,NA,NA
22034542,1,2151,5,2,2,1,5,NA,NA,NA,NA,NA
55001219,20.4818040565633,6223,0,0,1,1,40,NA,NA,NA,NA,NA
660448867,2.91343494114822,5131,0,1,1,1,3,NA,NA,NA,NA,NA
33023768,10.4791071354881,3322,2,0,1,1,6,NA,NA,NA,NA,NA
11779901,4.09466738576137,3513,4,2,1,1,1,NA,NA,NA,NA,NA
55099999,3.05560038266833,2423,5,2,1,1,2,NA,NA,NA,NA,NA
24266889,10.7068218908321,5131,0,0,1,1,5,NA,NA,NA,NA,NA
33012433,1.79223314641399,7212,3,1,1,1,50,NA,NA,NA,NA,NA
1188348,6.88268729828353,2211,5,2,1,1,3,NA,NA,NA,NA,NA
770776667,5.64116086302935,5223,3,1,1,1,1,NA,NA,NA,NA,NA
341776634,510.638218598106,7125,2,3,1,1,2,NA,NA,NA,NA,NA
660665512,6.00511406216661,9313,2,0,2,1,6,NA,NA,NA,NA,NA
24277663,4.52723425516123,5230,2,1,1,1,1,NA,NA,NA,NA,NA
924777734,234.082178741939,5230,2,0,2,1,1,NA,NA,NA,NA,NA
89177996,6.10920645087901,7422,4,0,1,1,2,NA,NA,NA,NA,NA
121779901,4.09466738576137,3513,4,2,2,1,2,NA,NA,NA,NA,NA
47377332,6.91655838195872,7522,4,0,1,2,NA,1,2,3,NA,NA
2277777,7.32795606064763,8332,2,2,1,1,4,NA,NA,NA,NA,NA
56144129,16.3994608559366,5414,1,0,1,1,20,NA,NA,NA,NA,NA
220129845,2.1583466704331302,4212,2,3,1,1,3,NA,NA,NA,NA,NA
33034324,1,8111,3,5,1,1,12,NA,NA,NA,NA,NA
88077889,10.7068218908321,9411,3,0,2,1,2,NA,NA,NA,NA,NA
485213444,258.86641647549,5153,0,0,2,1,2,NA,NA,NA,NA,NA
242342244,106.335079680585,3323,3,2,1,1,2,NA,NA,NA,NA,NA
1177779,14.1136507463825,8332,2,5,1,1,2,NA,NA,NA,NA,NA
990115545,10.6466910555505,7115,0,3,1,1,4,NA,NA,NA,NA,NA
440997723,3.5372587568796,8332,0,5,1,1,3,NA,NA,NA,NA,NA
550775523,8.07699680921145,9313,0,0,2,1,3,NA,NA,NA,NA,NA
44099553,7.1849933524850504,9312,0,2,1,1,200,NA,NA,NA,NA,NA
45177018,3.79532945947424,3142,4,1,1,1,15,NA,NA,NA,NA,NA
100177771,5.18372817016438,2243,5,0,1,1,1,NA,NA,NA,NA,NA
12199999,3.05560038266833,7422,1,0,1,1,10,NA,NA,NA,NA,NA
99012871,2.30075345699356,8331,2,3,1,1,60,NA,NA,NA,NA,NA
44886634,510.638218598106,5223,2,3,1,1,2,NA,NA,NA,NA,NA
770773312,2.0096822241167,8342,0,2,1,1,1,NA,NA,NA,NA,NA
330124323,3.67100582805091,4311,3,1,1,1,1,NA,NA,NA,NA,NA
88088774,3.74780012609433,8332,2,0,1,1,4,NA,NA,NA,NA,NA
89166889,10.7068218908321,9411,0,4,2,1,1,NA,NA,NA,NA,NA
220770122,2.44167017008651,7115,1,0,2,1,5,NA,NA,NA,NA,NA
12166447,5.76130055397437,3132,2,1,1,1,1,NA,NA,NA,NA,NA
99088122,4.69218979973436,8189,2,5,1,1,50,NA,NA,NA,NA,NA
44001450,17.9887620005335,2642,5,3,1,1,2,NA,NA,NA,NA,NA
33012442,2.60647109768217,3221,4,0,1,1,12,NA,NA,NA,NA,NA
66088348,6.88268729828353,2330,5,5,1,1,1,NA,NA,NA,NA,NA
55088449,6.04892692370184,9333,0,0,1,1,1,NA,NA,NA,NA,NA
100177339,16.8017324042206,7512,0,0,1,1,2,NA,NA,NA,NA,NA
561778801,10.0540792660816,5230,2,1,2,1,5,NA,NA,NA,NA,NA
55034761,5.38709324017132,9612,2,2,1,2,NA,1,5,NA,NA,NA
88099125,7.79498753943481,9112,0,0,2,1,34,NA,NA,NA,NA,NA
990018723,2.2453250560792,8350,2,1,1,1,1,NA,NA,NA,NA,NA
77088130,21.5439039337002,9329,0,0,1,1,60,NA,NA,NA,NA,NA
33001987,2.50244131381364,3434,4,2,1,1,1,NA,NA,NA,NA,NA
12188777,7.32795606064763,8342,2,2,1,1,5,NA,NA,NA,NA,NA
99067000,4.31787800363785,2512,4,0,2,1,4,NA,NA,NA,NA,NA
44066338,8.08177884659016,1420,3,0,2,1,1,NA,NA,NA,NA,NA
2200121552,16.0265049012021,4321,2,0,1,1,1,NA,NA,NA,NA,NA
11773301,11.2255998614226,3343,5,0,2,1,1,NA,NA,NA,NA,NA
100155888,6.13896215578772,1412,0,2,2,1,1,NA,NA,NA,NA,NA
220237623,1,5223,2,0,1,1,25,NA,NA,NA,NA,NA
23188119,20.4818040565633,7513,0,0,1,1,2,NA,NA,NA,NA,NA
33066887,5.57879253831152,5230,2,1,2,1,4,NA,NA,NA,NA,NA
660775512,6.00511406216661,4321,0,0,2,1,1,NA,NA,NA,NA,NA
66099114,11.6821662441338,6112,4,5,1,1,1,NA,NA,NA,NA,NA
22044449,6.04892692370184,3113,5,3,1,1,3,NA,NA,NA,NA,NA
24277334,3.83623723147949,7132,2,2,2,1,1,NA,NA,NA,NA,NA
770883323,2.33022290232641,9333,0,0,1,1,2,NA,NA,NA,NA,NA
330773345,6.47466010089871,7212,3,2,1,1,1,NA,NA,NA,NA,NA
55077780,7.86632675576514,8332,2,0,1,1,1,NA,NA,NA,NA,NA
77066344,5.03215123785774,3221,4,1,1,1,6,NA,NA,NA,NA,NA
100177129,12.4728093486332,5414,3,2,1,1,9,NA,NA,NA,NA,NA
77099777,5.57336607968624,8332,2,2,1,1,5,NA,NA,NA,NA,NA
990661244,462.07424844616,2166,5,NA,1,1,1,NA,NA,NA,NA,NA
990771266,4.65052397813388,9333,2,0,2,1,4,NA,NA,NA,NA,NA
1199018,4.99016341597905,3313,4,1,1,1,1,NA,NA,NA,NA,NA
330883367,3.62996180403924,8182,1,0,1,1,3,NA,NA,NA,NA,NA
660883323,2.33022290232641,9411,3,0,1,1,12,NA,NA,NA,NA,NA
78188771,5.18372817016438,8332,2,3,1,1,4,NA,NA,NA,NA,NA
88099340,8.32124240624532,8160,3,0,2,1,17,NA,NA,NA,NA,NA
33001225,7.7949875394348,5230,3,0,2,1,2,NA,NA,NA,NA,NA
671663367,3.62996180403925,5223,2,0,1,1,2,NA,NA,NA,NA,NA
24288664,9.07687591121961,3322,0,1,1,1,1,NA,NA,NA,NA,NA
56155890,12.8797783942311,5132,3,2,1,1,1,NA,NA,NA,NA,NA
33778834,87.5598207598285,5131,2,1,1,1,1,NA,NA,NA,NA,NA
220555523,8.07699680921145,7115,0,0,1,1,2,NA,NA,NA,NA,NA
66099124,6.8876173488553,8343,2,5,1,1,1,NA,NA,NA,NA,NA
363113477,4.06360851879736,5312,4,1,1,1,3,NA,NA,NA,NA,NA
330012145,10.1197107710232,8344,0,0,1,1,1,NA,NA,NA,NA,NA
66088340,13.1091876830554,8183,0,0,1,1,10,NA,NA,NA,NA,NA
660551266,4.65052397813388,9112,0,0,1,1,2,NA,NA,NA,NA,NA
770774467,5.02740192968878,4321,0,0,1,1,1,NA,NA,NA,NA,NA
90266336,12.7070854301968,7212,3,5,1,1,4,NA,NA,NA,NA,NA
11661112,4.83847753256889,6113,0,0,2,2,NA,8,NA,NA,NA,NA
77077020,4.61877666218048,1221,5,3,1,1,1,NA,NA,NA,NA,NA
770557701,9.52489085806872,8350,3,2,1,1,3,NA,NA,NA,NA,NA
71511351,22.3915910543013,9112,0,0,1,1,1,NA,NA,NA,NA,NA
1001776667,5.64116086302935,7214,3,1,2,1,2,NA,NA,NA,NA,NA
220234455,1,4226,2,1,1,1,11,NA,NA,NA,NA,NA
770018701,6.0460592707409,5131,3,0,1,1,25,NA,NA,NA,NA,NA
990113345,6.47466010089871,7212,3,2,1,1,1,NA,NA,NA,NA,NA
68277996,6.10920645087901,7413,4,1,1,1,5,NA,NA,NA,NA,NA
22022446,4.57494421535132,8332,1,0,1,2,NA,4,9,NA,NA,NA
440127601,16.3994932203154,5245,0,0,2,1,3,NA,NA,NA,NA,NA
22023432,1,7233,3,3,1,1,10,NA,NA,NA,NA,NA
220333433,2.83255681266876,2351,5,0,1,1,1,NA,NA,NA,NA,NA
66012770,12.5748642684542,9333,0,0,2,1,9,NA,NA,NA,NA,NA
45177340,13.1091876830554,3139,4,0,1,1,3,NA,NA,NA,NA,NA
770881167,22.5720086639088,8172,2,1,2,1,2,NA,NA,NA,NA,NA
671776601,16.3994932203154,5223,3,3,2,1,2,NA,NA,NA,NA,NA
89166334,3.83623723147949,4321,0,0,2,1,3,NA,NA,NA,NA,NA
23199779,10.734308677538,3152,0,2,1,1,2,NA,NA,NA,NA,NA
22023437,6.11505239546657,4321,2,0,1,1,4,NA,NA,NA,NA,NA
7709901113,2.83554857378346,5230,3,2,2,1,4,NA,NA,NA,NA,NA
103411350,10.6093860452297,2248,5,2,1,1,2,NA,NA,NA,NA,NA
22023876,9.62000025845905,3331,4,4,1,1,2,NA,NA,NA,NA,NA
44012768,13.778107439158,5245,0,0,2,1,24,NA,NA,NA,NA,NA
55088554,34.6636746080955,9313,2,2,2,1,10,NA,NA,NA,NA,NA
55088447,5.76130055397437,9612,2,1,1,1,7,NA,NA,NA,NA,NA
55077342,5.8725273725894,5312,3,0,1,1,2,NA,NA,NA,NA,NA
1177125,15.9827479174487,7233,3,3,1,1,80,NA,NA,NA,NA,NA
34144348,4.05926136406294,2221,5,0,1,1,4,NA,NA,NA,NA,NA
100111884,5.02331052128334,3152,5,5,1,2,NA,2,NA,NA,NA,NA
220232101,11.9538546864424,7511,1,0,2,1,120,NA,NA,NA,NA,NA
220664467,5.02740192968878,1120,5,3,2,1,1,NA,NA,NA,NA,NA
33012450,10.6093860452297,2330,5,2,1,1,17,NA,NA,NA,NA,NA
220992245,2.44156058278795,1120,5,10,1,1,1,NA,NA,NA,NA,NA
1012778801,6.38196910193067,5120,3,2,1,1,2,NA,NA,NA,NA,NA
44099883,2.0529932270711,9412,2,2,1,1,1,NA,NA,NA,NA,NA
12101763,2.00937424210104,8332,2,0,1,1,10,NA,NA,NA,NA,NA
99055125,15.9827479174487,5414,2,1,1,1,4,NA,NA,NA,NA,NA
4409977013,6.0460592707409,8331,3,0,1,1,12,NA,NA,NA,NA,NA
44066883,3.39768883088714,5120,4,2,1,1,1,NA,NA,NA,NA,NA
1001773444,258.866416475489,2431,4,2,2,1,1,NA,NA,NA,NA,NA
88012116,11.8136722761082,2413,5,4,1,2,NA,5,NA,NA,NA,NA
45177125,15.9827479174487,7544,3,1,1,2,NA,7,NA,NA,NA,NA
44999934,25.2871145670537,2512,5,5,1,1,3,NA,NA,NA,NA,NA
440770122,2.44167017008651,1431,5,2,1,1,1,NA,NA,NA,NA,NA
902667734,234.082178741939,9333,2,0,2,1,1,NA,NA,NA,NA,NA
44088337,8.04017439763437,8183,2,1,1,1,4,NA,NA,NA,NA,NA
77077224,4.9718709548347,8332,2,0,1,1,4,NA,NA,NA,NA,NA
1188890,8.1756216135078,9412,2,0,1,1,4,NA,NA,NA,NA,NA
473773444,258.86641647549,4214,4,2,1,1,2,NA,NA,NA,NA,NA
14311345,7.47445554885214,2352,4,0,1,1,2,NA,NA,NA,NA,NA
22012218,1,9211,0,0,2,1,413,NA,NA,NA,NA,NA
56177559,61.8329989886565,4321,3,0,2,1,1,NA,NA,NA,NA,NA
220441222,2.84121619791885,9112,0,0,2,1,10,NA,NA,NA,NA,NA
352113411,11.6878087424019,2341,5,0,1,1,2,NA,NA,NA,NA,NA
55077886,17.8979195718987,5131,3,1,1,1,3,NA,NA,NA,NA,NA
23188669,21.6344070654774,4313,3,0,2,1,1,NA,NA,NA,NA,NA
2201243993,5.54013214292018,9329,0,0,2,1,200,NA,NA,NA,NA,NA
2208877992,7.86632675576514,8332,0,0,1,1,2,NA,NA,NA,NA,NA
770441167,22.5720086639088,9211,0,0,2,1,25,NA,NA,NA,NA,NA
550012101,17.95461190615,9216,0,0,2,1,10,NA,NA,NA,NA,NA
55099666,27.0840741567653,4321,2,1,1,1,1,NA,NA,NA,NA,NA
78177780,7.86632675576514,9112,0,0,2,1,1,NA,NA,NA,NA,NA
34155776,14.7227422316396,9333,1,0,1,1,3,NA,NA,NA,NA,NA
550349834,1,9412,2,0,2,1,4,NA,NA,NA,NA,NA
55088887,5.57879253831152,9412,4,3,1,1,1,NA,NA,NA,NA,NA
11558801,10.0540792660816,9412,4,2,1,1,2,NA,NA,NA,NA,NA
13277889,10.7068218908321,9411,0,0,1,1,1,NA,NA,NA,NA,NA
231555545,10.6466910555505,7233,3,2,2,1,4,NA,NA,NA,NA,NA
66001766,27.0840741567653,2411,0,0,1,1,1,NA,NA,NA,NA,NA
1177449,6.04892692370184,9333,3,1,1,1,3,NA,NA,NA,NA,NA
440346523,1,7115,0,1,2,1,150,NA,NA,NA,NA,NA
55088664,9.07687591121961,5245,0,0,1,1,11,NA,NA,NA,NA,NA
44066331,4.18840552816858,2243,5,2,1,1,1,NA,NA,NA,NA,NA
33099336,12.7070854301968,8143,0,1,1,1,1,NA,NA,NA,NA,NA
891668856,2.2233740864553,9412,0,0,1,1,1,NA,NA,NA,NA,NA
33099113,5.87401137100153,8341,1,0,1,1,1,NA,NA,NA,NA,NA
22001657,24.1475770966248,7124,3,2,1,1,5,NA,NA,NA,NA,NA
33077993,3.24887610795061,7412,2,1,2,1,1,NA,NA,NA,NA,NA
220015445,2.9413692206434,9112,0,0,1,1,2,NA,NA,NA,NA,NA
242886601,16.3994932203154,5223,2,0,1,1,1,NA,NA,NA,NA,NA
440778834,87.5598207598285,5131,0,0,1,1,1,NA,NA,NA,NA,NA
1001668856,2.2233740864553,9412,0,0,2,1,4,NA,NA,NA,NA,NA
550661244,462.074248446162,2519,5,3,2,1,6,NA,NA,NA,NA,NA
902668801,10.0540792660816,9412,0,0,1,1,2,NA,NA,NA,NA,NA
660661222,2.84121619791885,3313,4,0,2,1,1,NA,NA,NA,NA,NA
220344345,1,8160,2,0,2,1,8,NA,NA,NA,NA,NA
99055018,3.79532945947424,4110,2,0,1,1,3,NA,NA,NA,NA,NA
55055887,5.57879253831152,3434,4,0,1,1,2,NA,NA,NA,NA,NA
3300143554,8.30294813285885,7212,3,2,1,1,3,NA,NA,NA,NA,NA
45188889,8.1432035691453,5131,0,0,2,1,5,NA,NA,NA,NA,NA
11127634,510.638218598106,2411,5,5,1,1,1,NA,NA,NA,NA,NA
341883334,231.669315520792,4321,2,1,2,1,2,NA,NA,NA,NA,NA
22661244,462.074248446162,7231,4,0,1,2,NA,2,6,7,8,NA
22066444,3.2825743931432,4214,0,0,2,1,1,NA,NA,NA,NA,NA
33012768,13.778107439158,5245,0,0,2,1,2,NA,NA,NA,NA,NA
102377661,8.91560005738092,5223,2,1,1,1,1,NA,NA,NA,NA,NA
55034451,1,3521,4,3,2,1,1,NA,NA,NA,NA,NA
12111017,11.8136722761082,5153,2,3,1,1,1,NA,NA,NA,NA,NA
1177883,3.39768883088714,4224,4,0,1,1,2,NA,NA,NA,NA,NA
990888823,3.78015522531299,9112,2,0,2,1,7,NA,NA,NA,NA,NA
330772267,3.14212620605549,8332,0,0,1,1,2,NA,NA,NA,NA,NA
56177224,4.9718709548347,8113,2,2,1,1,3,NA,NA,NA,NA,NA
23188884,5.02331052128334,3323,2,1,1,1,1,NA,NA,NA,NA,NA
891342244,1,5414,2,0,1,1,400,NA,NA,NA,NA,NA
11129834,32.130193814791,2519,5,3,1,1,2,NA,NA,NA,NA,NA
550885523,8.07699680921145,9313,0,0,1,1,29,NA,NA,NA,NA,NA
3308877882,14.1136507463825,8331,2,3,1,1,1,NA,NA,NA,NA,NA
781779934,83.8018215905455,2513,5,3,2,1,2,NA,NA,NA,NA,NA
99066337,8.04017439763438,7316,2,1,1,1,1,NA,NA,NA,NA,NA
2277889,10.7068218908321,5230,2,2,1,1,2,NA,NA,NA,NA,NA
12177331,4.18840552816857,5223,2,1,2,1,5,NA,NA,NA,NA,NA
440017645,5.11925815814655,5223,3,3,2,1,4,NA,NA,NA,NA,NA
770669945,3.14141996393956,5414,2,0,1,1,5,NA,NA,NA,NA,NA
440557756,3.01617970092595,8332,2,2,1,1,1,NA,NA,NA,NA,NA
781343234,21.0869726612122,7233,3,0,1,1,3,NA,NA,NA,NA,NA
3377889,10.7068218908321,9411,2,0,2,1,25,NA,NA,NA,NA,NA
330883422,2.48926708471777,2341,5,0,1,1,12,NA,NA,NA,NA,NA
46266887,5.57879253831152,5132,2,1,2,1,2,NA,NA,NA,NA,NA
6607777554,14.7227422316396,9333,2,0,1,1,3,NA,NA,NA,NA,NA
1001778823,3.78015522531299,9412,3,0,1,1,1,NA,NA,NA,NA,NA
34155774,3.74780012609433,8331,2,3,1,1,12,NA,NA,NA,NA,NA
55099447,4.3818271857324,9611,0,0,2,1,10,NA,NA,NA,NA,NA
4409911013,17.95461190615,9216,0,1,1,1,3,NA,NA,NA,NA,NA
880881233,6.0979201785786,8331,3,3,1,1,15,NA,NA,NA,NA,NA
1177021,5.35480683456073,7115,2,5,2,1,5,NA,NA,NA,NA,NA
22012549,1,9613,0,0,2,1,31,NA,NA,NA,NA,NA
330015401,4.67122427020826,8113,3,1,2,1,3,NA,NA,NA,NA,NA
56166116,16.0265049012021,9211,0,3,2,1,5,NA,NA,NA,NA,NA
22066884,5.02331052128334,9112,0,0,2,1,1,NA,NA,NA,NA,NA
671883301,7.12560837946903,7515,2,0,1,1,2,NA,NA,NA,NA,NA
990668801,10.0540792660816,5120,3,1,1,1,1,NA,NA,NA,NA,NA
3377666,27.0840741567653,6113,2,0,2,1,3,NA,NA,NA,NA,NA
330993422,2.48926708471777,9622,2,2,2,1,1,NA,NA,NA,NA,NA
1012557734,234.082178741939,8332,2,1,1,1,2,NA,NA,NA,NA,NA
55099334,3.83623723147949,5223,3,0,1,1,3,NA,NA,NA,NA,NA
55012660,21.6898682544344,9313,0,0,2,1,100,NA,NA,NA,NA,NA
99077117,122.456175083365,9211,0,0,2,1,1,NA,NA,NA,NA,NA
330663367,3.62996180403925,9321,0,0,2,1,4,NA,NA,NA,NA,NA
660777723,3.5372587568796,3113,4,0,1,1,2,NA,NA,NA,NA,NA
550999934,83.8018215905458,4321,3,1,1,1,1,NA,NA,NA,NA,NA
2200165332,7.1849933524850504,3112,4,4,1,1,2,NA,NA,NA,NA,NA
770998834,26.4210870002648,1120,5,NA,1,2,NA,8,NA,NA,NA,NA
89177447,4.3818271857324,9611,1,0,2,1,4,NA,NA,NA,NA,NA
33088994,3.8011582358127,7422,4,0,1,1,4,NA,NA,NA,NA,NA
24277117,93.1355328565424,3142,4,5,1,1,1,NA,NA,NA,NA,NA
440017623,4.31938026576803,9333,2,1,1,1,2,NA,NA,NA,NA,NA
45166780,7.86632675576514,8331,1,10,1,1,1,NA,NA,NA,NA,NA
78177333,4.03800303779987,7233,0,2,1,2,NA,1,5,8,NA,NA
330773422,3.92156216748668,2341,5,0,2,1,3,NA,NA,NA,NA,NA
22347634,1,2611,6,5,1,1,1,NA,NA,NA,NA,NA
22044344,5.03215123785774,2342,5,0,1,1,2,NA,NA,NA,NA,NA
3377667,11.4287913093968,5223,2,1,2,1,7,NA,NA,NA,NA,NA
220113466,3.92919633519165,2342,5,0,1,1,1,NA,NA,NA,NA,NA
660122123,2.25841296736366,8344,0,3,1,1,2,NA,NA,NA,NA,NA
990128734,70.6340597329064,3322,5,1,1,1,5,NA,NA,NA,NA,NA
99099227,3.86194938403533,3434,4,1,1,1,4,NA,NA,NA,NA,NA
220019812,1,1431,6,4,2,2,NA,12,NA,NA,NA,NA
231775556,11.3648420156433,9313,0,0,2,2,NA,4,8,NA,NA,NA
22077886,17.8979195718987,9412,0,0,1,1,2,NA,NA,NA,NA,NA
33077888,6.13896215578772,5131,2,0,2,1,2,NA,NA,NA,NA,NA
3308855453,6.75813782208289,7115,2,5,1,1,11,NA,NA,NA,NA,NA
88066345,11.4391350739138,3221,3,1,1,1,1,NA,NA,NA,NA,NA
440887712,2.50707465236255,8332,2,4,1,1,1,NA,NA,NA,NA,NA
880448845,3.40023402834294,9412,3,1,1,1,2,NA,NA,NA,NA,NA
9907766554,27.0840741567653,9129,2,1,1,1,3,NA,NA,NA,NA,NA
66088131,9.53488620526702,9112,0,0,2,1,2,NA,NA,NA,NA,NA
33770111,4.46708996366324,7115,2,5,1,1,5,NA,NA,NA,NA,NA
220014422,1,2341,5,4,1,1,1,NA,NA,NA,NA,NA
55066337,8.04017439763438,7412,4,2,1,1,1,NA,NA,NA,NA,NA
44044778,8.6575183407399,8331,0,1,1,1,3,NA,NA,NA,NA,NA
55055345,11.4391350739138,3251,3,2,1,1,4,NA,NA,NA,NA,NA
77066780,7.86632675576514,8322,2,2,1,1,3,NA,NA,NA,NA,NA
671124334,69.9059807061057,3313,5,2,2,1,2,NA,NA,NA,NA,NA
33066558,32.4237494882581,9313,3,3,1,1,3,NA,NA,NA,NA,NA
99099779,14.1136507463825,8332,2,2,1,1,8,NA,NA,NA,NA,NA
1001886601,16.3994932203154,4321,2,1,1,1,1,NA,NA,NA,NA,NA
11996612,1.88036935313171,9333,0,0,2,1,9,NA,NA,NA,NA,NA
56188771,5.18372817016438,8342,2,1,1,1,6,NA,NA,NA,NA,NA
363118834,87.5598207598285,5131,0,0,2,1,5,NA,NA,NA,NA,NA
102311348,6.88268729828353,2330,5,0,1,1,7,NA,NA,NA,NA,NA
11881211,11.0666820846193,7544,2,0,1,1,4,NA,NA,NA,NA,NA
3312761,5.38709324017132,4321,0,0,1,1,3,NA,NA,NA,NA,NA
561770111,4.46708996366323,2412,5,2,1,1,1,NA,NA,NA,NA,NA
902771233,3.8707411326085,5414,2,0,1,1,15,NA,NA,NA,NA,NA
45112767,5.12653577690573,9211,0,1,1,1,76,NA,NA,NA,NA,NA
550014367,2.76081158535236,8160,0,0,2,1,2,NA,NA,NA,NA,NA
13266889,10.7068218908321,9112,0,0,2,1,2,NA,NA,NA,NA,NA
330122123,3.39212157220047,8350,4,5,1,1,15,NA,NA,NA,NA,NA
12177333,4.03800303779987,2245,5,0,1,2,NA,4,NA,NA,NA,NA
440551222,2.84121619791885,9112,0,0,2,1,4,NA,NA,NA,NA,NA
45177884,5.02331052128334,5120,2,3,2,1,1,NA,NA,NA,NA,NA
2277020,4.61877666218048,3334,2,2,2,1,1,NA,NA,NA,NA,NA
22099122,4.69218979973437,7233,3,5,1,1,30,NA,NA,NA,NA,NA
12166448,4.04657594733918,8343,0,4,1,1,1,NA,NA,NA,NA,NA
22044886,17.8979195718987,5230,2,2,2,1,4,NA,NA,NA,NA,NA
78177348,9.04947376143623,6111,5,2,1,1,1,NA,NA,NA,NA,NA
45177446,4.57494421535132,4120,2,2,1,1,1,NA,NA,NA,NA,NA
220330166,2.39142142109452,3312,5,0,2,1,1,NA,NA,NA,NA,NA
5505555013,28.0884053340588,7212,0,0,2,1,4,NA,NA,NA,NA,NA
22012658,24.6602769010232,4110,4,2,1,2,NA,2,4,NA,NA,NA
44099552,17.5757391178205,3334,4,4,1,1,1,NA,NA,NA,NA,NA
66034876,14.7227422316396,1211,6,5,1,1,1,NA,NA,NA,NA,NA
100177662,8.40385045878902,5132,3,4,1,1,1,NA,NA,NA,NA,NA
880775501,28.0884053340587,3113,3,2,1,1,4,NA,NA,NA,NA,NA
451668801,10.0540792660816,9412,0,0,1,1,1,NA,NA,NA,NA,NA
550773323,3.67100582805091,5223,2,0,2,1,1,NA,NA,NA,NA,NA
22034434,1.87098123377472,8159,3,0,1,1,5,NA,NA,NA,NA,NA
23111347,36.5300984902798,9112,3,0,1,1,1,NA,NA,NA,NA,NA
33077128,14.3633132974849,4110,4,0,1,1,2,NA,NA,NA,NA,NA
22099889,8.1432035691453,5120,3,1,2,1,1,NA,NA,NA,NA,NA
11661266,4.65052397813388,5414,2,1,1,1,4,NA,NA,NA,NA,NA
23199224,3.24867467744887,8113,0,5,1,1,4,NA,NA,NA,NA,NA
462778801,10.0540792660816,9412,1,0,1,1,2,NA,NA,NA,NA,NA
99011345,11.4391350739138,9112,2,0,1,1,1,NA,NA,NA,NA,NA
45166662,8.40385045878902,1420,5,4,1,1,1,NA,NA,NA,NA,NA
440448867,2.91343494114822,4224,2,0,2,1,3,NA,NA,NA,NA,NA
99099342,5.8725273725894,4226,2,0,1,1,1,NA,NA,NA,NA,NA
121663345,6.47466010089871,4120,2,0,1,1,1,NA,NA,NA,NA,NA
79211350,17.9887620005335,5312,4,0,1,1,2,NA,NA,NA,NA,NA
660017667,4.29045348305249,5230,0,0,2,2,NA,2,3,4,7,9
79277996,6.10920645087901,1330,5,5,1,2,NA,6,NA,NA,NA,NA
462778867,2.21584836780982,9412,2,0,1,1,1,NA,NA,NA,NA,NA
22044114,17.8787440435157,9211,0,0,2,1,2,NA,NA,NA,NA,NA
68266888,6.13896215578772,5132,0,0,2,1,1,NA,NA,NA,NA,NA
22066342,5.8725273725894,2342,5,0,2,2,NA,1,9,NA,NA,NA
67166128,14.3633132974849,9112,0,0,2,1,2,NA,NA,NA,NA,NA
2277015,4.61789358648057,5414,2,0,1,1,2,NA,NA,NA,NA,NA
56188663,4.52723425516123,4110,4,0,1,2,NA,1,4,6,NA,NA
1177130,28.3262895606989,8113,2,5,1,1,2,NA,NA,NA,NA,NA
1155338,8.08177884659017,9412,3,2,2,2,NA,1,3,5,NA,NA
1101766,17.6970292822405,9333,2,0,1,2,NA,12,NA,NA,NA,NA
33099884,5.02331052128334,9412,0,0,2,1,2,NA,NA,NA,NA,NA
220012211,7.3679960442521,5120,3,2,1,1,10,NA,NA,NA,NA,NA
12188559,47.0278391841496,7214,0,0,1,1,19,NA,NA,NA,NA,NA
1166890,12.8797783942311,7115,0,0,1,1,3,NA,NA,NA,NA,NA
46277337,8.04017439763438,7212,0,1,1,1,4,NA,NA,NA,NA,NA
66099331,4.18840552816858,7223,2,3,1,2,NA,1,NA,NA,NA,NA
23177889,10.7068218908321,4224,2,0,1,1,2,NA,NA,NA,NA,NA
55001328,3.04689581211318,3113,4,0,1,1,2,NA,NA,NA,NA,NA
46277773,3.35156194954141,8331,5,3,1,1,15,NA,NA,NA,NA,NA
1188663,4.52723425516123,8332,4,3,1,1,1,NA,NA,NA,NA,NA
231666601,16.3994932203154,8332,2,1,1,1,3,NA,NA,NA,NA,NA
660018734,234.082178741939,3331,4,0,1,1,2,NA,NA,NA,NA,NA
770666667,5.64116086302935,9333,0,0,1,1,3,NA,NA,NA,NA,NA
330126501,11.8705659722709,9313,0,0,1,1,30,NA,NA,NA,NA,NA
12111883,3.39768883088714,5419,4,0,1,1,2,NA,NA,NA,NA,NA
100177779,14.1136507463825,8332,0,7,1,1,8,NA,NA,NA,NA,NA
77066881,4.15580958287232,5230,2,0,1,1,1,NA,NA,NA,NA,NA
22011128,14.3633132974849,7316,3,0,1,1,1,NA,NA,NA,NA,NA
22023326,3.18794295633118,8342,0,4,1,1,2,NA,NA,NA,NA,NA
88088350,17.9887620005335,5312,4,1,1,1,2,NA,NA,NA,NA,NA
99011667,11.4287913093968,7231,4,2,1,1,2,NA,NA,NA,NA,NA
220127612,1,5230,2,0,2,1,15,NA,NA,NA,NA,NA
671558845,3.40023402834294,5131,2,0,1,1,4,NA,NA,NA,NA,NA
2208855992,51.3230634997549,7115,2,1,2,1,6,NA,NA,NA,NA,NA
440012101,28.2854849989095,7214,2,0,2,1,3,NA,NA,NA,NA,NA
22099345,7.47445554885214,2359,5,0,1,1,4,NA,NA,NA,NA,NA
1023771244,462.074248446162,1221,5,5,2,1,1,NA,NA,NA,NA,NA
792773444,258.86641647549,2643,4,2,1,2,NA,8,NA,NA,NA,NA
11127601,6.93066280795633,5230,2,0,1,1,27,NA,NA,NA,NA,NA
22088444,3.2825743931432,2114,6,3,1,1,2,NA,NA,NA,NA,NA
55012768,13.778107439158,8332,2,2,1,1,6,NA,NA,NA,NA,NA
99055336,12.7070854301968,5223,4,1,1,1,1,NA,NA,NA,NA,NA
56199664,5.93092966229354,3254,3,2,1,1,2,NA,NA,NA,NA,NA
3308812653,18.7647360968455,3115,5,4,1,1,1,NA,NA,NA,NA,NA
22001228,6.44285449800105,2421,5,NA,1,1,3,NA,NA,NA,NA,NA
77099667,11.4287913093968,5230,2,0,2,1,3,NA,NA,NA,NA,NA
99088662,8.40385045878902,5223,1,0,2,1,1,NA,NA,NA,NA,NA
440441167,22.5720086639088,9211,0,0,2,1,98,NA,NA,NA,NA,NA
572130934,27.8261048373322,4222,2,0,2,1,420,NA,NA,NA,NA,NA
330344356,1,8160,2,0,2,1,90,NA,NA,NA,NA,NA
66001439,7.5366396981467,7214,3,2,1,1,1,NA,NA,NA,NA,NA
1012776667,5.64116086302934,5245,0,0,2,1,5,NA,NA,NA,NA,NA
99077888,6.13896215578772,5131,2,1,1,2,NA,2,6,7,NA,NA
44055997,3.90278568342011,3313,3,0,1,2,NA,1,2,NA,NA,NA
22099350,17.9887620005335,2351,6,1,1,1,1,NA,NA,NA,NA,NA
14377771,5.18372817016438,8332,2,1,1,1,2,NA,NA,NA,NA,NA
3309933013,7.12560837946903,7512,2,0,2,1,3,NA,NA,NA,NA,NA
660558845,3.40023402834294,9412,0,1,2,1,1,NA,NA,NA,NA,NA
68211351,22.3915910543013,2341,5,5,1,1,1,NA,NA,NA,NA,NA
66022886,17.8979195718987,5131,0,2,2,1,1,NA,NA,NA,NA,NA
781776667,5.64116086302934,5223,2,0,2,1,1,NA,NA,NA,NA,NA
36377018,3.79532945947424,9622,2,0,2,1,4,NA,NA,NA,NA,NA
231130934,25.2871145670537,2434,3,2,2,1,2,NA,NA,NA,NA,NA
330014455,3.63733547255337,4226,3,1,1,1,5,NA,NA,NA,NA,NA
660999901,1.73046560525986,5223,2,2,2,1,46,NA,NA,NA,NA,NA
770886667,5.64116086302934,5223,0,0,2,1,3,NA,NA,NA,NA,NA
231349834,1,9412,3,0,1,1,1,NA,NA,NA,NA,NA
220771156,4.4086649204006,6222,0,1,1,1,9,NA,NA,NA,NA,NA
44088333,4.03800303779988,7112,0,0,2,1,1,NA,NA,NA,NA,NA
220773433,2.83255681266876,3611,3,0,1,1,2,NA,NA,NA,NA,NA
220448856,2.2233740864553,5131,2,1,2,1,3,NA,NA,NA,NA,NA
891778823,3.78015522531299,5120,2,1,1,1,5,NA,NA,NA,NA,NA
33077127,28.7181252781852,4313,4,NA,1,1,1,NA,NA,NA,NA,NA
770667756,3.01617970092595,4321,2,2,1,1,1,NA,NA,NA,NA,NA
682778801,10.0540792660816,5131,2,1,2,1,5,NA,NA,NA,NA,NA
100177886,17.8979195718987,5120,5,1,1,1,1,NA,NA,NA,NA,NA
660771233,6.0979201785786,2230,5,0,2,1,1,NA,NA,NA,NA,NA
990773356,1.99192662405012,4416,3,0,1,1,2,NA,NA,NA,NA,NA
462777723,2.2453250560792,3123,2,0,1,1,2,NA,NA,NA,NA,NA
220014356,1.20358634105105,5223,4,0,2,1,1,NA,NA,NA,NA,NA
330991211,7.3679960442521,9623,2,0,2,1,4,NA,NA,NA,NA,NA
44001446,23.8691645475402,3211,5,2,1,1,1,NA,NA,NA,NA,NA
22776656,3.84563853409296,5120,0,1,2,1,1,NA,NA,NA,NA,NA
330995501,17.8295127997664,3123,3,10,2,1,1,NA,NA,NA,NA,NA
88077994,3.8011582358127,3521,4,0,1,1,1,NA,NA,NA,NA,NA
77077559,61.8329989886565,7112,2,1,2,1,6,NA,NA,NA,NA,NA
22023217,1,9211,0,0,2,1,353,NA,NA,NA,NA,NA
880558801,10.0540792660816,5131,2,1,2,1,2,NA,NA,NA,NA,NA
990773433,2.83255681266876,2619,4,0,1,1,1,NA,NA,NA,NA,NA
100177889,10.7068218908321,5131,2,2,1,1,6,NA,NA,NA,NA,NA
77099666,27.0840741567653,7412,4,0,1,1,1,NA,NA,NA,NA,NA
220234323,2.33022290232641,4321,4,1,1,1,1,NA,NA,NA,NA,NA
34177778,8.6575183407399,4110,2,1,2,1,1,NA,NA,NA,NA,NA
19811346,36.5300984902799,5153,2,0,1,1,12,NA,NA,NA,NA,NA
12101766,17.6970292822405,7231,4,1,1,1,1,NA,NA,NA,NA,NA
57288666,27.0840741567653,1342,5,0,1,1,1,NA,NA,NA,NA,NA
8811345,11.4391350739138,5414,3,0,1,1,2,NA,NA,NA,NA,NA
880344444,1,1345,5,3,1,1,13,NA,NA,NA,NA,NA
220237601,1,4110,2,0,1,1,2,NA,NA,NA,NA,NA
330553477,5.34290126427455,3611,4,0,1,1,1,NA,NA,NA,NA,NA
330990177,2.48919632647864,4225,5,2,1,1,1,NA,NA,NA,NA,NA
22012217,1,8341,2,1,1,1,12,NA,NA,NA,NA,NA
33034877,1,9329,0,0,2,1,300,NA,NA,NA,NA,NA
23177556,45.3529257956236,9112,0,0,1,1,3,NA,NA,NA,NA,NA
22034877,1,9211,0,1,1,1,580,NA,NA,NA,NA,NA
33034448,1,3221,4,0,1,1,1,NA,NA,NA,NA,NA
561668823,3.78015522531299,1411,5,5,1,2,NA,5,9,NA,NA,NA
440772223,4.30328488150779,2114,5,5,1,1,2,NA,NA,NA,NA,NA
44034116,5.76167681945956,2431,5,3,1,1,1,NA,NA,NA,NA,NA
11551156,4.4086649204006,9112,0,0,1,1,2,NA,NA,NA,NA,NA
550556601,16.3994932203154,5222,2,0,1,1,1,NA,NA,NA,NA,NA
2277996,6.10920645087901,5243,6,2,1,1,1,NA,NA,NA,NA,NA
44012217,122.456175083365,8341,2,1,1,1,40,NA,NA,NA,NA,NA
44034446,1,2634,5,2,1,1,6,NA,NA,NA,NA,NA
44099886,11.6946957434009,9412,2,0,1,1,1,NA,NA,NA,NA,NA
550773477,5.34290126427455,2247,5,1,1,1,1,NA,NA,NA,NA,NA
45188663,4.52723425516123,5223,2,0,1,1,2,NA,NA,NA,NA,NA
330346501,1,7411,2,0,1,1,40,NA,NA,NA,NA,NA
14311347,23.8691645475402,2330,5,0,1,1,1,NA,NA,NA,NA,NA
33023228,1,9112,0,1,1,1,208,NA,NA,NA,NA,NA
770347601,10.4098104112287,2133,5,5,2,1,1,NA,NA,NA,NA,NA
143777701,6.0460592707409,8331,2,2,1,1,7,NA,NA,NA,NA,NA
440661266,4.65052397813388,8342,4,1,1,1,2,NA,NA,NA,NA,NA
880553345,6.47466010089871,8322,2,0,1,1,1,NA,NA,NA,NA,NA
671663301,11.2255998614226,7512,2,1,2,1,1,NA,NA,NA,NA,NA
45177664,9.07687591121961,4323,2,0,1,1,1,NA,NA,NA,NA,NA
45166669,21.6344070654774,5223,2,1,1,1,12,NA,NA,NA,NA,NA
1111666,27.0840741567653,5245,3,0,1,1,1,NA,NA,NA,NA,NA
44023228,1,9622,0,1,1,1,4,NA,NA,NA,NA,NA
341997701,6.0460592707409,8350,1,0,1,1,4,NA,NA,NA,NA,NA
35277020,4.61877666218048,3343,5,0,2,1,1,NA,NA,NA,NA,NA
770996623,4.31938026576803,5223,2,2,2,1,1,NA,NA,NA,NA,NA
22012877,1,9329,1,0,1,1,650,NA,NA,NA,NA,NA
440127623,2.74178775262076,4321,4,0,1,1,2,NA,NA,NA,NA,NA
33012217,1,8343,2,1,1,1,40,NA,NA,NA,NA,NA
12177336,12.7070854301968,7411,3,1,1,1,5,NA,NA,NA,NA,NA
33088886,17.8979195718987,9412,2,0,2,1,1,NA,NA,NA,NA,NA
22023228,1,5414,2,1,1,1,420,NA,NA,NA,NA,NA
1001558867,2.91343494114822,5223,0,1,1,1,1,NA,NA,NA,NA,NA
330347667,1,6121,2,0,1,1,8,NA,NA,NA,NA,NA
330661211,17.4343211498199,2411,5,0,1,1,1,NA,NA,NA,NA,NA
33034323,1,7412,3,2,2,1,1,NA,NA,NA,NA,NA
11991101,17.95461190615,7541,0,1,1,1,2,NA,NA,NA,NA,NA
77077886,17.8979195718987,5132,2,1,1,1,4,NA,NA,NA,NA,NA
330016567,13.3436866244682,4321,3,3,2,1,1,NA,NA,NA,NA,NA
56144886,17.8979195718987,2642,5,0,1,1,1,NA,NA,NA,NA,NA
99088886,11.6946957434009,5131,2,0,1,1,2,NA,NA,NA,NA,NA
22099351,14.2133793129833,1345,5,3,1,1,6,NA,NA,NA,NA,NA
55066336,12.7070854301968,5243,2,1,2,1,2,NA,NA,NA,NA,NA
11881101,28.2854849989094,6121,0,0,2,1,1,NA,NA,NA,NA,NA
121660111,4.46708996366323,2411,5,2,2,1,1,NA,NA,NA,NA,NA
24244996,6.10920645087901,2512,5,1,1,2,NA,5,8,9,NA,NA
1155346,36.5300984902798,9112,2,1,1,1,5,NA,NA,NA,NA,NA
462776601,16.3994932203154,1420,2,1,1,2,NA,1,NA,NA,NA,NA
89111346,36.5300984902798,5312,2,2,1,1,1,NA,NA,NA,NA,NA
22034228,1,7233,3,1,1,1,512,NA,NA,NA,NA,NA
770771167,22.5720086639088,4110,3,1,1,1,1,NA,NA,NA,NA,NA
44001226,14.0061915420058,9112,0,0,1,1,250,NA,NA,NA,NA,NA
80377886,17.8979195718987,1219,4,2,2,1,1,NA,NA,NA,NA,NA
880012145,6.42362962852544,8182,3,1,1,1,10,NA,NA,NA,NA,NA
451773345,6.47466010089871,5223,2,1,2,1,1,NA,NA,NA,NA,NA
352778823,3.78015522531298,5230,0,1,2,1,4,NA,NA,NA,NA,NA
880127623,1.82543251545691,9333,2,0,1,1,8,NA,NA,NA,NA,NA
77099996,6.10920645087901,2434,4,0,1,1,1,NA,NA,NA,NA,NA
220998823,2.39950702694744,5120,0,0,2,1,3,NA,NA,NA,NA,NA
66044884,5.02331052128334,5321,0,0,1,1,8,NA,NA,NA,NA,NA
341778801,10.0540792660816,5131,0,1,1,1,8,NA,NA,NA,NA,NA
22034448,1,2221,5,1,1,1,51,NA,NA,NA,NA,NA
990778867,2.91343494114822,5131,0,0,2,2,NA,2,NA,NA,NA,NA
231886667,5.64116086302935,7511,0,0,2,1,2,NA,NA,NA,NA,NA
231773367,3.62996180403925,7223,2,0,2,1,1,NA,NA,NA,NA,NA
1001661277,2.13208184990742,9211,0,0,2,2,NA,6,8,NA,NA,NA
561445567,17.5445050393423,7115,0,3,1,1,20,NA,NA,NA,NA,NA
121663323,3.67100582805091,5120,3,1,2,1,2,NA,NA,NA,NA,NA
79277889,10.7068218908321,9412,0,0,2,1,2,NA,NA,NA,NA,NA
22012228,1,9211,0,1,1,1,730,NA,NA,NA,NA,NA
33034228,1,8344,2,2,1,1,35,NA,NA,NA,NA,NA
33099347,23.8691645475402,3343,5,1,1,1,1,NA,NA,NA,NA,NA
770883433,2.83255681266876,3221,4,5,2,1,2,NA,NA,NA,NA,NA
11778823,3.78015522531299,9412,3,2,2,1,2,NA,NA,NA,NA,NA
12188996,6.10920645087901,1330,4,5,1,1,1,NA,NA,NA,NA,NA
341665567,17.5445050393423,7115,0,1,1,1,6,NA,NA,NA,NA,NA
33012228,1,7233,4,2,1,1,6,NA,NA,NA,NA,NA
34101768,6.18035265608701,5120,0,0,1,1,1,NA,NA,NA,NA,NA
23111344,5.03215123785774,2342,5,0,1,1,2,NA,NA,NA,NA,NA
11771277,4.75313536812026,2230,4,0,1,1,1,NA,NA,NA,NA,NA
990888801,6.38196910193067,9412,3,1,2,1,4,NA,NA,NA,NA,NA
99077125,15.9827479174487,3123,5,2,1,1,1,NA,NA,NA,NA,NA
440883477,5.34290126427455,9112,0,0,1,1,2,NA,NA,NA,NA,NA
1166886,17.8979195718987,4222,0,0,1,1,7,NA,NA,NA,NA,NA
770773477,5.34290126427455,5142,5,0,1,1,1,NA,NA,NA,NA,NA
44099118,42.867581772155,6113,0,0,2,1,10,NA,NA,NA,NA,NA
880887723,3.5372587568796,8332,2,2,1,1,1,NA,NA,NA,NA,NA
330883411,7.41900200796358,2246,5,3,2,1,1,NA,NA,NA,NA,NA
77066346,36.5300984902798,2247,5,1,1,1,1,NA,NA,NA,NA,NA
2277886,17.8979195718987,9412,4,1,1,1,1,NA,NA,NA,NA,NA
33099127,18.7647360968455,3112,4,0,2,1,2,NA,NA,NA,NA,NA
77055999,4.01755510457195,2512,5,3,2,2,NA,8,9,NA,NA,NA
77099015,4.61789358648057,5414,2,3,1,1,2,NA,NA,NA,NA,NA
231776623,4.31938026576803,9313,0,0,1,1,1,NA,NA,NA,NA,NA
1177558,32.4237494882581,8342,3,2,1,1,1,NA,NA,NA,NA,NA
891663367,3.62996180403925,7212,0,0,1,1,1,NA,NA,NA,NA,NA
231668801,10.0540792660816,5131,0,0,2,1,1,NA,NA,NA,NA,NA
880881101,28.2854849989094,5414,0,0,2,1,1,NA,NA,NA,NA,NA
22558867,2.91343494114822,3521,2,0,2,1,5,NA,NA,NA,NA,NA
99001118,4.99016341597904,8344,2,1,1,1,5,NA,NA,NA,NA,NA
6601112654,28.7181252781852,9333,0,0,1,1,3,NA,NA,NA,NA,NA
12155777,7.32795606064763,9333,2,0,1,1,1,NA,NA,NA,NA,NA
1045778834,87.5598207598285,5131,1,1,2,1,9,NA,NA,NA,NA,NA
330995556,6.86700426264657,2243,5,2,1,1,1,NA,NA,NA,NA,NA
880017667,2.53041745226572,7515,5,0,1,1,30,NA,NA,NA,NA,NA
99077883,3.39768883088714,9412,2,0,2,1,1,NA,NA,NA,NA,NA
22099344,3.04058815363088,2634,5,2,1,1,1,NA,NA,NA,NA,NA
34166021,5.35480683456073,3423,5,0,2,1,1,NA,NA,NA,NA,NA
55066117,122.456175083365,3142,5,5,1,1,7,NA,NA,NA,NA,NA
99099339,12.7787618657435,2243,5,0,1,1,1,NA,NA,NA,NA,NA
77055778,8.6575183407399,7231,4,1,1,1,3,NA,NA,NA,NA,NA
33992234,17.3400989258152,3111,4,2,2,1,4,NA,NA,NA,NA,NA
220236534,992.222479418101,7112,0,0,2,1,150,NA,NA,NA,NA,NA
330887712,2.50707465236255,3343,4,0,1,1,1,NA,NA,NA,NA,NA
440779967,2.24515747094152,3322,2,2,1,1,16,NA,NA,NA,NA,NA
55088332,6.91655838195872,4120,3,2,1,1,1,NA,NA,NA,NA,NA
770555512,6.00511406216661,8332,2,0,1,1,1,NA,NA,NA,NA,NA
66088887,5.57879253831152,9112,0,1,1,1,4,NA,NA,NA,NA,NA
330016512,1,7115,0,0,2,1,35,NA,NA,NA,NA,NA
67177887,5.57879253831152,9412,2,1,1,1,3,NA,NA,NA,NA,NA
33023654,1,9313,2,1,2,1,120,NA,NA,NA,NA,NA
33012224,3.05701011041347,8343,5,3,1,1,6,NA,NA,NA,NA,NA
36311346,23.8691645475402,2330,5,0,1,1,3,NA,NA,NA,NA,NA
891778801,10.0540792660816,5131,0,0,1,1,1,NA,NA,NA,NA,NA
4409911554,10.4718929983324,7541,0,4,1,1,8,NA,NA,NA,NA,NA
34177126,28.7181252781852,8343,3,0,1,1,1,NA,NA,NA,NA,NA
220337723,3.5372587568796,8350,2,2,1,1,10,NA,NA,NA,NA,NA
78177881,4.15580958287232,9412,2,0,1,1,2,NA,NA,NA,NA,NA
330883466,2.37414721167236,9112,2,0,1,1,1,NA,NA,NA,NA,NA
44044777,7.32795606064763,4223,2,0,1,1,1,NA,NA,NA,NA,NA
89111342,5.8725273725894,2352,5,1,1,1,2,NA,NA,NA,NA,NA
2207713093,15.0211478886385,8342,2,2,1,1,9,NA,NA,NA,NA,NA
22077663,4.52723425516123,4110,2,0,1,1,1,NA,NA,NA,NA,NA
22099777,7.32795606064763,9333,0,0,2,1,5,NA,NA,NA,NA,NA
88055124,6.8876173488553,5151,2,2,1,1,1,NA,NA,NA,NA,NA
47377339,16.8017324042206,2144,5,5,1,1,1,NA,NA,NA,NA,NA
352775534,2703.96197895723,3113,4,2,1,1,1,NA,NA,NA,NA,NA
341665523,8.07699680921146,3123,4,2,1,1,1,NA,NA,NA,NA,NA
24211342,5.8725273725894,5312,4,1,1,1,2,NA,NA,NA,NA,NA
473884434,31.552922067661,8322,2,3,1,1,2,NA,NA,NA,NA,NA
33066351,22.3915910543013,8322,0,2,1,1,1,NA,NA,NA,NA,NA
220345467,1,3343,3,1,1,1,7,NA,NA,NA,NA,NA
101266884,5.02331052128334,9112,1,0,2,1,2,NA,NA,NA,NA,NA
88088888,4.66906230883171,9412,3,0,1,1,10,NA,NA,NA,NA,NA
44088350,17.9887620005335,2330,5,0,1,1,1,NA,NA,NA,NA,NA
22077230,6.46516832596426,2243,4,10,1,1,1,NA,NA,NA,NA,NA
1166342,5.8725273725894,2342,5,0,1,1,1,NA,NA,NA,NA,NA
440881156,4.4086649204006,3323,2,0,1,1,1,NA,NA,NA,NA,NA
550777745,3.4372448622224,7212,2,5,1,1,1,NA,NA,NA,NA,NA
24277337,8.04017439763438,4321,1,0,1,1,1,NA,NA,NA,NA,NA
275113444,78.1126783014563,5312,4,3,1,1,1,NA,NA,NA,NA,NA
56199771,3.13217582716262,4323,3,2,1,1,1,NA,NA,NA,NA,NA
660883411,11.6878087424019,2221,5,0,1,1,1,NA,NA,NA,NA,NA
242113411,11.6878087424019,5312,4,0,2,1,3,NA,NA,NA,NA,NA
22034224,1,7233,4,3,1,1,46,NA,NA,NA,NA,NA
35266334,3.83623723147949,7212,2,2,1,1,1,NA,NA,NA,NA,NA
99001115,3.01738200645872,3334,2,1,1,1,3,NA,NA,NA,NA,NA
78112116,11.8136722761082,4312,5,1,1,1,1,NA,NA,NA,NA,NA
880661112,4.83847753256889,9333,2,0,2,1,3,NA,NA,NA,NA,NA
440888856,1.343434366103,5131,2,0,2,1,1,NA,NA,NA,NA,NA
242125434,31.552922067661,2413,5,4,1,1,1,NA,NA,NA,NA,NA
77011344,5.03215123785774,2352,5,2,1,1,2,NA,NA,NA,NA,NA
44011345,11.4391350739138,5312,4,0,1,1,3,NA,NA,NA,NA,NA
23177444,3.2825743931432,8344,2,2,1,1,2,NA,NA,NA,NA,NA
33099351,14.2133793129833,5312,3,0,1,1,3,NA,NA,NA,NA,NA
660129834,32.130193814791,5120,4,2,1,1,10,NA,NA,NA,NA,NA
11887723,2.2453250560792,8331,2,2,1,1,1,NA,NA,NA,NA,NA
451775556,11.3648420156433,2243,5,2,1,1,1,NA,NA,NA,NA,NA
440443345,6.47466010089871,7212,3,2,1,1,5,NA,NA,NA,NA,NA
48477551,11.6662189464636,3123,2,4,2,1,1,NA,NA,NA,NA,NA
330122101,1,4132,4,0,1,1,50,NA,NA,NA,NA,NA
77088343,7.72485772324824,9112,0,0,1,1,2,NA,NA,NA,NA,NA
781113411,11.6878087424019,5312,2,0,1,1,2,NA,NA,NA,NA,NA
100177890,12.8797783942311,9412,4,1,2,1,3,NA,NA,NA,NA,NA
77099663,4.52723425516123,9334,2,0,2,1,2,NA,NA,NA,NA,NA
22001329,6.77479815454606,9112,0,0,2,1,1,NA,NA,NA,NA,NA
1199224,3.24867467744887,8113,3,5,1,1,2,NA,NA,NA,NA,NA
33099128,14.3633132974849,2243,5,3,1,1,4,NA,NA,NA,NA,NA
30811347,36.5300984902799,5153,2,0,1,1,1,NA,NA,NA,NA,NA
220014345,6.47466010089871,7213,3,5,2,1,7,NA,NA,NA,NA,NA
66001876,9.62000025845905,3257,5,2,1,1,1,NA,NA,NA,NA,NA
66088119,26.9298226643207,6210,1,0,2,1,3,NA,NA,NA,NA,NA
2288778,3.88344456657712,1212,4,0,2,1,1,NA,NA,NA,NA,NA
33088780,7.86632675576514,7233,3,2,2,1,1,NA,NA,NA,NA,NA
33055347,36.5300984902798,3611,4,1,1,1,1,NA,NA,NA,NA,NA
880443345,6.47466010089871,8182,0,0,1,1,1,NA,NA,NA,NA,NA
99099331,4.18840552816858,7531,2,0,1,1,2,NA,NA,NA,NA,NA
792771211,11.0666820846193,9313,0,0,2,1,2,NA,NA,NA,NA,NA
550775567,17.5445050393423,7115,0,10,1,1,7,NA,NA,NA,NA,NA
22088554,34.6636746080955,2243,4,2,1,1,1,NA,NA,NA,NA,NA
880448856,2.2233740864553,9412,2,0,1,1,1,NA,NA,NA,NA,NA
35277332,6.91655838195872,7512,0,2,2,1,1,NA,NA,NA,NA,NA
66088667,11.4287913093968,5223,2,1,1,1,1,NA,NA,NA,NA,NA
33099778,8.6575183407399,8332,0,2,1,1,1,NA,NA,NA,NA,NA
101277127,18.7647360968455,2143,5,2,1,2,NA,12,NA,NA,NA,NA
220776645,5.11925815814655,5230,2,0,1,1,1,NA,NA,NA,NA,NA
77055553,11.8911116421776,9313,0,0,2,1,10,NA,NA,NA,NA,NA
660888801,10.0540792660816,9112,3,1,2,1,1,NA,NA,NA,NA,NA
47366886,17.8979195718987,5131,2,1,1,1,1,NA,NA,NA,NA,NA
660778823,3.78015522531299,5131,0,0,1,1,2,NA,NA,NA,NA,NA
66066999,4.01755510457195,2642,5,0,1,1,1,NA,NA,NA,NA,NA
88088119,26.9298226643207,8341,3,6,1,1,4,NA,NA,NA,NA,NA
33055666,27.0840741567653,2247,5,5,1,1,1,NA,NA,NA,NA,NA
220773422,3.92156216748668,2352,5,3,2,1,1,NA,NA,NA,NA,NA
2201287014,6.0460592707409,5230,3,0,1,1,8,NA,NA,NA,NA,NA
451888834,87.5598207598285,5131,0,0,2,1,1,NA,NA,NA,NA,NA
33034440,5.54013214292018,9329,0,0,2,1,40,NA,NA,NA,NA,NA
671771266,2.80999664908918,2243,5,2,1,1,1,NA,NA,NA,NA,NA
7701134654,36.5300984902798,5312,3,0,1,1,1,NA,NA,NA,NA,NA
792888834,26.4210870002648,9412,0,0,2,1,1,NA,NA,NA,NA,NA
4407701654,11.8136722761082,4214,5,0,1,1,3,NA,NA,NA,NA,NA
77088667,11.4287913093968,7231,3,0,2,1,1,NA,NA,NA,NA,NA
24266887,5.57879253831152,9112,0,0,1,1,1,NA,NA,NA,NA,NA
352776667,5.64116086302934,7231,3,0,2,1,1,NA,NA,NA,NA,NA
45155884,5.02331052128334,9412,0,1,1,1,1,NA,NA,NA,NA,NA
440883367,3.62996180403925,7513,2,0,2,1,1,NA,NA,NA,NA,NA
880888801,6.38196910193067,5120,4,0,1,1,1,NA,NA,NA,NA,NA
143770144,153.635728563717,2512,0,2,2,1,1,NA,NA,NA,NA,NA
220348723,1.49489666412702,4323,4,1,1,1,15,NA,NA,NA,NA,NA
220772212,2.37085399095875,9311,2,0,2,1,3,NA,NA,NA,NA,NA
99066334,3.83623723147949,7512,4,2,2,1,1,NA,NA,NA,NA,NA
770012244,169.558766002071,3123,5,5,2,1,4,NA,NA,NA,NA,NA
66077118,56.3630221236528,6113,0,0,2,1,1,NA,NA,NA,NA,NA
66012874,1.82784934318484,8322,2,5,1,1,30,NA,NA,NA,NA,NA
902888834,26.4210870002648,9412,2,0,2,1,1,NA,NA,NA,NA,NA
46266884,5.02331052128334,5131,3,0,1,1,1,NA,NA,NA,NA,NA
231116667,4.29045348305249,7543,3,3,1,1,1,NA,NA,NA,NA,NA
88055884,5.02331052128334,9112,0,1,1,1,2,NA,NA,NA,NA,NA
34155887,5.57879253831152,9412,0,0,2,1,2,NA,NA,NA,NA,NA
33066667,11.4287913093968,3240,4,0,1,1,1,NA,NA,NA,NA,NA
990773323,3.67100582805091,4321,2,0,2,1,2,NA,NA,NA,NA,NA
770127601,10.4098104112287,2230,5,2,1,1,2,NA,NA,NA,NA,NA
231779901,4.09466738576137,2153,5,0,2,1,1,NA,NA,NA,NA,NA
88012121,3.39903942077162,3123,5,2,1,1,2,NA,NA,NA,NA,NA
11773312,2.0096822241167,5246,0,0,2,1,2,NA,NA,NA,NA,NA
770771112,4.83847753256889,3151,2,1,1,1,10,NA,NA,NA,NA,NA
22001983,1.50803515671311,9412,2,0,1,1,10,NA,NA,NA,NA,NA
11235434,38.3709232495538,3131,3,2,1,1,57,NA,NA,NA,NA,NA
55099118,42.867581772155,6113,0,1,1,1,4,NA,NA,NA,NA,NA
66077345,7.47445554885214,5312,4,0,1,1,1,NA,NA,NA,NA,NA
440999945,1.99406078025323,7422,0,0,2,1,15,NA,NA,NA,NA,NA
561778823,3.78015522531299,5151,4,1,1,2,NA,1,2,8,NA,NA
55066889,10.7068218908321,5131,0,0,2,1,1,NA,NA,NA,NA,NA
33066124,6.8876173488553,2320,0,0,1,1,1,NA,NA,NA,NA,NA
660886667,5.64116086302934,5223,0,0,2,1,1,NA,NA,NA,NA,NA
440125445,1.86707573977902,4225,3,1,1,1,1,NA,NA,NA,NA,NA
990881167,17.1674156335887,9211,2,1,2,1,6,NA,NA,NA,NA,NA
660881167,22.5720086639088,3142,3,3,1,1,3,NA,NA,NA,NA,NA
891775523,5.12698803227856,8332,2,1,1,1,2,NA,NA,NA,NA,NA
550997712,1.59140111631994,3151,2,0,1,1,4,NA,NA,NA,NA,NA
77066883,3.39768883088714,5131,4,1,1,1,4,NA,NA,NA,NA,NA
9911346,23.8691645475402,5414,2,1,1,1,1,NA,NA,NA,NA,NA
22023219,1,8332,2,1,1,1,45,NA,NA,NA,NA,NA
22778867,2.91343494114822,9412,3,0,2,1,4,NA,NA,NA,NA,NA
45199332,4.17920775549524,2141,5,4,1,1,1,NA,NA,NA,NA,NA
121558856,2.2233740864553,9412,4,0,2,1,1,NA,NA,NA,NA,NA
660668823,3.78015522531299,9412,0,1,1,1,1,NA,NA,NA,NA,NA
330993301,11.2255998614226,5223,0,0,1,1,2,NA,NA,NA,NA,NA
220888856,2.2233740864553,9412,0,0,1,1,2,NA,NA,NA,NA,NA
550127601,16.3994932203154,5223,2,0,2,1,4,NA,NA,NA,NA,NA
55099449,4.60058491836551,3257,5,3,1,1,3,NA,NA,NA,NA,NA
242999934,83.8018215905458,7422,3,2,1,1,25,NA,NA,NA,NA,NA
330889901,4.09466738576137,3522,4,3,1,1,5,NA,NA,NA,NA,NA
66044559,61.8329989886565,3257,5,3,1,1,1,NA,NA,NA,NA,NA
220881222,2.84121619791885,8350,2,0,1,1,1,NA,NA,NA,NA,NA
55099114,17.8787440435157,6112,2,2,1,1,3,NA,NA,NA,NA,NA
572889934,83.8018215905455,4321,3,3,1,2,NA,8,NA,NA,NA,NA
231990144,153.635728563717,2412,5,2,1,1,3,NA,NA,NA,NA,NA
73711345,11.4391350739138,9112,2,1,2,1,3,NA,NA,NA,NA,NA
1001668823,3.78015522531299,9412,0,0,2,1,1,NA,NA,NA,NA,NA
330014367,3.62996180403925,8114,2,1,1,1,2,NA,NA,NA,NA,NA
35299771,3.13217582716262,8331,2,0,1,1,3,NA,NA,NA,NA,NA
550771222,1.80350219121457,9112,2,0,1,1,56,NA,NA,NA,NA,NA
451992234,57.4653099581732,8113,2,5,1,1,3,NA,NA,NA,NA,NA
22012543,1.96220059240112,8112,2,1,1,1,25,NA,NA,NA,NA,NA
33034768,1,8343,3,2,1,1,83,NA,NA,NA,NA,NA
66023121,2.26301874536624,9313,0,0,1,1,21,NA,NA,NA,NA,NA
99066667,11.4287913093968,7132,2,NA,2,2,NA,8,NA,NA,NA,NA
440996612,2.96231182319223,8344,2,0,2,1,1,NA,NA,NA,NA,NA
35277887,5.57879253831152,9112,2,0,2,1,1,NA,NA,NA,NA,NA
22001118,4.99016341597905,3313,4,1,1,1,3,NA,NA,NA,NA,NA
88099124,4.16172064943489,9311,2,3,1,1,2,NA,NA,NA,NA,NA
88077349,10.8202217704964,2211,5,0,1,1,2,NA,NA,NA,NA,NA
55055661,8.91560005738092,7212,2,1,2,1,1,NA,NA,NA,NA,NA
100188669,21.6344070654774,9333,2,0,1,2,NA,12,NA,NA,NA,NA
440881266,2.80999664908918,9333,2,0,1,1,2,NA,NA,NA,NA,NA
66077224,4.9718709548347,2243,5,1,1,1,1,NA,NA,NA,NA,NA
33099997,2.96831110397465,2151,5,0,2,1,1,NA,NA,NA,NA,NA
440019801,6.38196910193067,5414,2,0,1,1,1,NA,NA,NA,NA,NA
121885523,5.12698803227856,7126,2,0,1,1,3,NA,NA,NA,NA,NA
341886645,5.11925815814655,5223,2,0,1,1,3,NA,NA,NA,NA,NA
1101871,3.13217582716262,8332,2,3,1,1,30,NA,NA,NA,NA,NA
462771101,17.95461190615,7541,3,2,1,1,10,NA,NA,NA,NA,NA
550663477,4.06360851879736,9112,2,0,1,1,2,NA,NA,NA,NA,NA
60511349,10.8202217704964,2248,5,1,1,1,1,NA,NA,NA,NA,NA
550127667,4.29045348305249,5245,0,0,2,1,4,NA,NA,NA,NA,NA
25377887,5.57879253831152,9412,4,1,1,1,6,NA,NA,NA,NA,NA
330883455,5.73021563945187,3251,4,2,1,1,2,NA,NA,NA,NA,NA
3306612653,28.7181252781852,4416,4,0,2,1,1,NA,NA,NA,NA,NA
99022128,14.3633132974849,5151,2,2,1,1,8,NA,NA,NA,NA,NA
5507712653,18.7647360968455,3123,5,0,2,1,1,NA,NA,NA,NA,NA
22055346,36.5300984902798,3611,4,1,1,1,2,NA,NA,NA,NA,NA
352013234,21.0869726612122,3121,3,3,1,1,4,NA,NA,NA,NA,NA
12199776,9.62000025845905,7127,3,0,1,2,NA,8,9,NA,NA,NA
55001115,4.61789358648057,2421,4,3,1,1,1,NA,NA,NA,NA,NA
44001877,5.57336607968623,4321,4,1,1,1,6,NA,NA,NA,NA,NA
89166125,15.9827479174487,9112,0,0,2,1,1,NA,NA,NA,NA,NA
23166128,14.3633132974849,7233,4,0,1,1,1,NA,NA,NA,NA,NA
11887745,3.4372448622224,5112,0,0,2,1,8,NA,NA,NA,NA,NA
33088018,4.99016341597904,2142,5,2,1,1,6,NA,NA,NA,NA,NA
231015434,31.552922067661,3131,5,4,1,1,11,NA,NA,NA,NA,NA
1166337,8.04017439763438,7512,0,0,1,1,2,NA,NA,NA,NA,NA
1188021,3.39903942077162,3221,4,0,1,1,4,NA,NA,NA,NA,NA
44099012,3.33683199258974,5151,2,2,1,1,5,NA,NA,NA,NA,NA
660997712,1.59140111631994,8332,2,2,1,1,3,NA,NA,NA,NA,NA
451663301,11.2255998614226,3122,5,2,1,1,1,NA,NA,NA,NA,NA
22033117,122.456175083365,6112,2,2,1,2,NA,5,NA,NA,NA,NA
80377887,5.57879253831152,9112,0,0,1,1,4,NA,NA,NA,NA,NA
44012225,7.7949875394348,7212,3,1,1,1,30,NA,NA,NA,NA,NA
2208888454,3.40023402834294,9412,4,2,1,1,2,NA,NA,NA,NA,NA
66099554,22.6496228380874,5131,0,0,2,1,12,NA,NA,NA,NA,NA
242661211,17.4343211498199,9112,1,1,1,1,12,NA,NA,NA,NA,NA
451558856,2.2233740864553,3343,3,0,1,1,1,NA,NA,NA,NA,NA
440773411,11.6878087424019,2342,5,0,1,1,1,NA,NA,NA,NA,NA
781663334,231.669315520792,7214,0,0,2,1,2,NA,NA,NA,NA,NA
550661112,4.83847753256889,8341,2,2,1,1,2,NA,NA,NA,NA,NA
550660133,2.94636350302331,4321,3,0,2,1,2,NA,NA,NA,NA,NA
550993323,2.33022290232641,3122,5,7,1,1,1,NA,NA,NA,NA,NA
89177339,16.8017324042206,7512,2,2,1,1,1,NA,NA,NA,NA,NA
330015467,2.2551077502171,7515,5,3,1,1,2,NA,NA,NA,NA,NA
22001213,3.54926721092822,8341,1,2,1,1,2,NA,NA,NA,NA,NA
891776623,4.31938026576803,5223,2,1,2,1,1,NA,NA,NA,NA,NA
330014323,2.33022290232641,6221,0,0,1,1,12,NA,NA,NA,NA,NA
33012880,3.32442335558736,4221,2,0,1,1,43,NA,NA,NA,NA,NA
220012277,2.13208184990742,6210,2,2,1,1,46,NA,NA,NA,NA,NA
45188015,3.01738200645872,5131,0,2,1,1,3,NA,NA,NA,NA,NA
45188996,6.10920645087901,2166,5,2,1,2,NA,12,NA,NA,NA,NA
44089000,4.31787800363785,2434,0,0,2,1,1,NA,NA,NA,NA,NA
22034987,2.50244131381364,4212,2,1,1,1,6,NA,NA,NA,NA,NA
55077120,29.7073325945741,9215,0,1,2,1,1,NA,NA,NA,NA,NA
67101871,3.13217582716262,4110,3,2,1,1,2,NA,NA,NA,NA,NA
22012326,3.18794295633118,2146,5,0,1,1,5,NA,NA,NA,NA,NA
77001546,2.98931841919601,9112,1,0,1,1,36,NA,NA,NA,NA,NA
693771134,264.850224421149,6113,2,0,2,1,9,NA,NA,NA,NA,NA
46277334,3.83623723147949,8181,4,1,1,1,1,NA,NA,NA,NA,NA
990347601,6.93066280795634,4110,4,2,2,1,15,NA,NA,NA,NA,NA
22044346,36.5300984902798,2341,5,0,1,1,1,NA,NA,NA,NA,NA
23199774,2.4488534550445,5112,2,3,2,1,8,NA,NA,NA,NA,NA
22023448,4.05926136406294,2221,5,1,1,1,2,NA,NA,NA,NA,NA
55077558,32.4237494882581,8343,2,0,1,1,1,NA,NA,NA,NA,NA
23112120,2.07181347206307,9313,0,1,2,1,50,NA,NA,NA,NA,NA
55055883,3.39768883088714,9412,2,0,1,1,1,NA,NA,NA,NA,NA
14377334,3.83623723147949,8183,2,0,1,1,2,NA,NA,NA,NA,NA
46277887,5.57879253831152,5131,2,1,1,1,3,NA,NA,NA,NA,NA
55088333,4.03800303779987,9329,0,2,1,1,1,NA,NA,NA,NA,NA
880556656,3.84563853409297,5131,2,2,1,2,NA,6,NA,NA,NA,NA
902127634,154.084563926273,9334,2,0,2,1,2,NA,NA,NA,NA,NA
3309911013,28.2854849989094,9212,0,0,2,1,2,NA,NA,NA,NA,NA
57266889,10.7068218908321,9112,0,0,2,1,1,NA,NA,NA,NA,NA
671668823,3.78015522531299,5132,2,0,2,1,3,NA,NA,NA,NA,NA
770997712,1.59140111631994,3151,1,0,1,1,2,NA,NA,NA,NA,NA
22088342,3.54837053120246,3611,3,1,1,1,2,NA,NA,NA,NA,NA
33012115,3.01738200645872,1221,5,0,2,1,1,NA,NA,NA,NA,NA
22088111,7.71693923591141,6122,0,0,2,1,1,NA,NA,NA,NA,NA
440237667,1,4321,2,2,1,1,16,NA,NA,NA,NA,NA
46277017,11.8136722761082,4110,4,NA,1,1,2,NA,NA,NA,NA,NA
22773323,3.67100582805091,5131,0,0,2,1,1,NA,NA,NA,NA,NA
902776667,5.64116086302934,5223,2,0,2,1,2,NA,NA,NA,NA,NA
33001770,19.8102936720593,7231,0,1,1,1,5,NA,NA,NA,NA,NA
88088449,6.04892692370184,8332,2,5,1,1,2,NA,NA,NA,NA,NA
440883455,5.73021563945187,3221,4,2,1,1,1,NA,NA,NA,NA,NA
990012145,4.27673600188581,9211,0,0,2,1,130,NA,NA,NA,NA,NA
11885567,13.3436866244682,7411,3,2,2,1,3,NA,NA,NA,NA,NA
12112769,16.4543113379694,9112,0,0,1,1,2,NA,NA,NA,NA,NA
44034658,24.6602769010232,1323,4,2,2,1,5,NA,NA,NA,NA,NA
12188130,21.5439039337003,3323,5,0,1,1,3,NA,NA,NA,NA,NA
77088773,3.35156194954141,8332,2,5,1,1,7,NA,NA,NA,NA,NA
33088446,2.98931841919601,9333,2,0,2,1,1,NA,NA,NA,NA,NA
330223422,3.92156216748668,9112,2,0,1,1,2,NA,NA,NA,NA,NA
11017623,2.74178775262076,2522,5,3,1,1,1,NA,NA,NA,NA,NA
78177447,5.76130055397437,8344,2,2,1,1,1,NA,NA,NA,NA,NA
24277557,31.7496431070843,8342,2,2,1,1,5,NA,NA,NA,NA,NA
77044778,6.5845808374398,4321,3,0,2,1,1,NA,NA,NA,NA,NA
440888823,3.78015522531299,4224,3,1,1,1,5,NA,NA,NA,NA,NA
2201287882,6.33086505259683,8311,2,2,1,1,5,NA,NA,NA,NA,NA
770886645,5.11925815814655,5223,2,0,1,1,1,NA,NA,NA,NA,NA
2266114,11.6821662441338,9211,0,0,2,1,30,NA,NA,NA,NA,NA
44022349,10.8202217704964,5322,2,1,2,1,5,NA,NA,NA,NA,NA
22055887,5.57879253831152,5131,2,1,1,1,2,NA,NA,NA,NA,NA
13211351,22.3915910543013,2330,5,0,1,1,2,NA,NA,NA,NA,NA
46288772,5.44028137095823,1221,5,5,1,1,1,NA,NA,NA,NA,NA
891346534,221.392238507527,3123,0,2,1,1,1,NA,NA,NA,NA,NA
22001224,3.05701011041347,7233,3,5,1,1,5,NA,NA,NA,NA,NA
77001872,5.44028137095823,8322,3,3,1,2,NA,7,NA,NA,NA,NA
220663422,1.65730883864262,2421,5,3,1,1,1,NA,NA,NA,NA,NA
44088348,6.88268729828353,9112,0,0,1,1,2,NA,NA,NA,NA,NA
440883411,7.41900200796358,2342,5,1,2,1,2,NA,NA,NA,NA,NA
22023440,5.54013214292018,8344,2,1,1,1,10,NA,NA,NA,NA,NA
77012222,3.44666854554849,3122,5,2,1,1,6,NA,NA,NA,NA,NA
220998812,2.03367961130068,5120,4,4,1,1,1,NA,NA,NA,NA,NA
89177114,11.6821662441338,7515,3,1,2,2,NA,1,5,NA,NA,NA
88011342,5.8725273725894,2330,5,3,2,1,1,NA,NA,NA,NA,NA
220346523,1,7115,3,2,1,1,80,NA,NA,NA,NA,NA
12111342,5.8725273725894,9112,2,1,1,1,1,NA,NA,NA,NA,NA
550127656,2.32365889203429,5245,2,0,1,1,6,NA,NA,NA,NA,NA
825113455,5.73021563945187,2248,5,2,1,1,1,NA,NA,NA,NA,NA
33034438,3.62518898774706,4323,4,1,1,1,1,NA,NA,NA,NA,NA
22012329,6.77479815454606,7231,4,0,1,1,1,NA,NA,NA,NA,NA
451668823,3.78015522531299,5131,0,0,1,1,1,NA,NA,NA,NA,NA
13266886,17.8979195718987,9412,4,0,1,1,1,NA,NA,NA,NA,NA
78188663,4.52723425516123,5222,5,2,1,1,4,NA,NA,NA,NA,NA
88077125,15.9827479174487,2133,1,0,1,1,4,NA,NA,NA,NA,NA
11778856,2.2233740864553,5120,2,5,2,1,4,NA,NA,NA,NA,NA
990124323,2.33022290232641,9333,2,0,1,1,8,NA,NA,NA,NA,NA
77001119,1.50088173037544,9211,0,0,2,1,445,NA,NA,NA,NA,NA
23177338,8.08177884659017,7543,2,0,2,2,NA,8,NA,NA,NA,NA
55011015,4.61789358648057,2432,0,0,2,1,3,NA,NA,NA,NA,NA
781558867,2.91343494114822,9112,0,1,2,2,NA,8,9,NA,NA,NA
77099664,9.07687591121961,8332,2,2,1,1,1,NA,NA,NA,NA,NA
44099345,7.47445554885214,9112,2,2,2,1,3,NA,NA,NA,NA,NA
220124411,7.41900200796358,2242,5,5,1,1,2,NA,NA,NA,NA,NA
44001437,6.11505239546658,9321,2,0,2,1,1,NA,NA,NA,NA,NA
440889945,1.99406078025323,7422,0,0,2,1,19,NA,NA,NA,NA,NA
1199339,12.7787618657435,7212,2,3,1,1,10,NA,NA,NA,NA,NA
44012879,10.734308677538,8332,0,10,1,1,70,NA,NA,NA,NA,NA
56166560,51.3230634997549,7112,2,2,1,1,1,NA,NA,NA,NA,NA
81477882,4.92986860831332,1412,5,3,1,2,NA,10,NA,NA,NA,NA
99044886,17.8979195718987,5120,4,19,1,1,1,NA,NA,NA,NA,NA
22001230,21.5439039337002,7213,2,0,2,1,20,NA,NA,NA,NA,NA
550344444,1,1345,2,NA,2,1,48,NA,NA,NA,NA,NA
990127667,2.53041745226572,9211,2,3,2,1,30,NA,NA,NA,NA,NA
22099664,9.07687591121961,7515,0,0,2,1,3,NA,NA,NA,NA,NA
56166890,12.8797783942311,3434,5,2,2,1,2,NA,NA,NA,NA,NA
99066130,28.3262895606988,9312,0,0,2,1,10,NA,NA,NA,NA,NA
99088118,42.867581772155,8341,2,3,1,1,3,NA,NA,NA,NA,NA
220333477,5.34290126427455,5322,2,1,1,1,4,NA,NA,NA,NA,NA
99099667,11.4287913093968,1420,5,0,1,1,1,NA,NA,NA,NA,NA
671773301,11.2255998614226,3113,3,0,1,1,2,NA,NA,NA,NA,NA
67177888,6.13896215578772,3434,5,1,2,1,1,NA,NA,NA,NA,NA
89188661,8.91560005738092,8322,0,0,1,1,2,NA,NA,NA,NA,NA
220125445,2.9413692206434,4311,4,0,2,1,1,NA,NA,NA,NA,NA
22034440,1,8332,0,0,1,1,5,NA,NA,NA,NA,NA
35211349,10.8202217704964,2634,5,0,1,1,1,NA,NA,NA,NA,NA
2288771,5.18372817016438,5112,2,0,2,1,4,NA,NA,NA,NA,NA
330347601,1,5120,4,1,1,1,4,NA,NA,NA,NA,NA
880883411,7.41900200796358,9629,0,0,2,1,3,NA,NA,NA,NA,NA
66088123,17.0012048076737,2522,5,4,1,1,2,NA,NA,NA,NA,NA
77012542,1.53658687525836,3341,5,3,1,1,3,NA,NA,NA,NA,NA
330122167,10.1249735724033,2243,5,1,1,1,1,NA,NA,NA,NA,NA
330016501,11.8705659722709,2243,5,2,1,1,3,NA,NA,NA,NA,NA
33012547,2.58430770252776,8342,2,5,1,1,12,NA,NA,NA,NA,NA
80377336,12.7070854301968,7127,4,0,1,1,3,NA,NA,NA,NA,NA
12111890,12.8797783942311,9112,2,0,1,1,2,NA,NA,NA,NA,NA
660113433,2.83255681266876,3423,5,0,1,1,1,NA,NA,NA,NA,NA
22023119,3.34597568865511,3142,4,0,1,1,1,NA,NA,NA,NA,NA
101266888,6.13896215578772,9112,2,0,2,1,1,NA,NA,NA,NA,NA
550773444,258.866416475489,1345,5,0,2,1,1,NA,NA,NA,NA,NA
2277999,4.01755510457195,3322,4,3,2,1,1,NA,NA,NA,NA,NA
605889934,25.2871145670537,2511,5,0,2,1,2,NA,NA,NA,NA,NA
220449901,4.09466738576137,2656,0,0,2,1,1,NA,NA,NA,NA,NA
990773466,1.74394022113855,2634,5,3,1,1,13,NA,NA,NA,NA,NA
22012657,14.2417231084297,2243,5,5,1,1,10,NA,NA,NA,NA,NA
671665523,8.07699680921145,7115,0,1,1,2,NA,5,8,NA,NA,NA
22034327,2.27769492426176,2133,5,2,1,1,1,NA,NA,NA,NA,NA
88034446,1,2310,5,0,1,1,37,NA,NA,NA,NA,NA
660019834,26.4210870002648,9412,0,0,2,1,6,NA,NA,NA,NA,NA
101211351,22.3915910543013,2246,5,0,1,1,1,NA,NA,NA,NA,NA
55077344,5.03215123785774,4226,4,0,1,1,1,NA,NA,NA,NA,NA
770996645,5.11925815814655,4321,0,0,2,1,1,NA,NA,NA,NA,NA
13277774,3.74780012609433,8343,2,0,1,1,2,NA,NA,NA,NA,NA
220771233,6.0979201785786,5222,5,1,2,1,1,NA,NA,NA,NA,NA
242778823,3.78015522531299,9412,4,2,1,1,3,NA,NA,NA,NA,NA
22088230,6.46516832596426,5230,0,0,2,1,1,NA,NA,NA,NA,NA
451991101,11.9538546864424,3151,0,1,1,1,60,NA,NA,NA,NA,NA
57266125,10.4433017081777,5414,2,0,2,1,1,NA,NA,NA,NA,NA
440342101,1,8160,4,2,1,1,90,NA,NA,NA,NA,NA
550779967,2.24515747094152,2411,5,5,1,1,1,NA,NA,NA,NA,NA
44066446,4.57494421535132,9623,3,0,2,2,NA,6,7,NA,NA,NA
66088223,2.80053574313203,3121,4,5,1,1,1,NA,NA,NA,NA,NA
66011119,26.9298226643207,4223,2,0,1,1,2,NA,NA,NA,NA,NA
330998834,87.5598207598285,5132,0,3,2,1,1,NA,NA,NA,NA,NA
550129823,1.59754822154648,5131,0,2,1,1,25,NA,NA,NA,NA,NA
440886612,2.96231182319223,7511,0,3,2,1,1,NA,NA,NA,NA,NA
924113477,2.39662915721086,2221,5,0,1,1,6,NA,NA,NA,NA,NA
2277556,45.3529257956236,9312,0,3,1,1,1,NA,NA,NA,NA,NA
90211889,8.1432035691453,3422,5,0,2,1,2,NA,NA,NA,NA,NA
660881255,5.81496886942004,2431,5,0,2,1,1,NA,NA,NA,NA,NA
66099887,4.24301849537621,5414,2,0,1,1,1,NA,NA,NA,NA,NA
33034543,1,2142,5,1,1,1,1,NA,NA,NA,NA,NA
1144890,12.8797783942311,5131,3,0,1,1,3,NA,NA,NA,NA,NA
33023659,1,7115,0,3,1,1,20,NA,NA,NA,NA,NA
23155667,11.4287913093968,8332,2,2,1,1,1,NA,NA,NA,NA,NA
44012224,3.05701011041347,9112,2,5,1,1,60,NA,NA,NA,NA,NA
79266887,5.57879253831152,9112,0,0,2,1,2,NA,NA,NA,NA,NA
77077344,5.03215123785774,3322,4,1,1,1,2,NA,NA,NA,NA,NA
440664445,2.9413692206434,9611,0,0,1,1,1,NA,NA,NA,NA,NA
2208855333,11.8911116421776,2151,5,2,1,1,3,NA,NA,NA,NA,NA
12144118,56.3630221236528,5151,2,1,2,1,12,NA,NA,NA,NA,NA
1112323,2.05714578235601,8113,2,2,1,1,5,NA,NA,NA,NA,NA
880127601,10.4098104112287,9334,1,0,2,1,4,NA,NA,NA,NA,NA
77066120,29.7073325945741,5164,0,0,2,1,1,NA,NA,NA,NA,NA
12188339,16.8017324042207,3122,5,5,1,1,1,NA,NA,NA,NA,NA
58377889,8.1432035691453,3323,4,0,1,1,1,NA,NA,NA,NA,NA
34177333,4.03800303779987,7412,2,0,1,1,7,NA,NA,NA,NA,NA
66001431,2.53076977014169,8142,2,0,1,1,1,NA,NA,NA,NA,NA
231668812,3.20383500566392,4224,2,0,2,1,1,NA,NA,NA,NA,NA
23177339,16.8017324042206,5230,0,0,2,1,1,NA,NA,NA,NA,NA
671775567,13.3436866244682,7115,0,4,1,1,6,NA,NA,NA,NA,NA
220129801,4.24899917952074,5131,2,1,2,1,10,NA,NA,NA,NA,NA
77099119,26.9298226643207,8341,0,3,1,1,2,NA,NA,NA,NA,NA
22088556,45.3529257956236,4416,5,1,1,2,NA,1,2,3,5,NA
561992234,57.4653099581733,7126,3,3,1,1,2,NA,NA,NA,NA,NA
55044338,8.08177884659017,2161,5,1,1,1,2,NA,NA,NA,NA,NA
66066888,6.13896215578772,9112,0,0,2,1,2,NA,NA,NA,NA,NA
55066347,36.5300984902798,5312,3,2,1,1,1,NA,NA,NA,NA,NA
44002100,2.74083417047324,3322,5,2,2,1,2,NA,NA,NA,NA,NA
220998867,2.21584836780982,5151,0,1,1,1,15,NA,NA,NA,NA,NA
440446656,3.84563853409297,9121,0,0,2,1,5,NA,NA,NA,NA,NA
33099883,2.0529932270711,9112,0,0,1,1,2,NA,NA,NA,NA,NA
440773422,3.92156216748668,4226,2,2,2,1,1,NA,NA,NA,NA,NA
3308855554,45.3529257956236,8322,2,2,1,1,1,NA,NA,NA,NA,NA
67155888,6.13896215578772,5132,3,2,1,1,1,NA,NA,NA,NA,NA
11019834,32.130193814791,7512,3,2,1,1,4,NA,NA,NA,NA,NA
89177336,12.7070854301968,3343,4,2,1,1,1,NA,NA,NA,NA,NA
132993334,69.9059807061057,9211,0,1,2,1,7,NA,NA,NA,NA,NA
44023549,4.60058491836551,4321,3,1,1,1,4,NA,NA,NA,NA,NA
66012115,4.61789358648057,3513,5,2,1,1,2,NA,NA,NA,NA,NA
77088128,14.3633132974849,4226,2,0,1,1,2,NA,NA,NA,NA,NA
55088348,6.88268729828353,9112,2,0,1,1,5,NA,NA,NA,NA,NA
1177889,10.7068218908321,5120,0,2,2,1,1,NA,NA,NA,NA,NA
440990177,2.48919632647864,2411,5,1,1,1,1,NA,NA,NA,NA,NA
68288122,3.4466685455485,9112,0,0,1,1,10,NA,NA,NA,NA,NA
561661277,4.75313536812026,2113,5,0,1,1,2,NA,NA,NA,NA,NA
330019867,2.21584836780982,5246,2,1,1,1,15,NA,NA,NA,NA,NA
891113477,5.34290126427455,2342,5,0,1,1,3,NA,NA,NA,NA,NA
34199667,11.4287913093968,4416,5,0,2,2,NA,2,3,NA,NA,NA
35266884,5.02331052128334,9412,2,0,1,1,2,NA,NA,NA,NA,NA
440995512,3.81183113680117,7112,0,0,1,1,15,NA,NA,NA,NA,NA
66001768,13.778107439158,9333,0,0,2,1,1,NA,NA,NA,NA,NA
22001544,3.2825743931432,6113,2,0,1,1,1,NA,NA,NA,NA,NA
231778801,10.0540792660816,5120,2,0,2,1,8,NA,NA,NA,NA,NA
99066883,3.39768883088714,9412,2,0,1,1,1,NA,NA,NA,NA,NA
13277125,10.4433017081777,7544,3,2,1,1,1,NA,NA,NA,NA,NA
101277887,5.57879253831152,9412,2,1,1,1,3,NA,NA,NA,NA,NA
550113466,3.92919633519165,3611,3,0,1,1,1,NA,NA,NA,NA,NA
561775523,8.07699680921145,2142,5,3,1,1,2,NA,NA,NA,NA,NA
66088337,8.04017439763438,3113,4,2,1,1,1,NA,NA,NA,NA,NA
11017601,10.4098104112287,5245,3,0,2,1,3,NA,NA,NA,NA,NA
2209977992,7.86632675576514,1324,5,2,1,1,1,NA,NA,NA,NA,NA
121778823,3.78015522531299,5151,0,1,1,1,1,NA,NA,NA,NA,NA
46277558,24.6602769010232,7112,0,0,2,1,2,NA,NA,NA,NA,NA
24211350,23.6519287699075,3612,4,0,1,1,5,NA,NA,NA,NA,NA
616779934,83.8018215905455,7213,5,0,1,1,3,NA,NA,NA,NA,NA
352661211,17.4343211498199,5151,3,3,1,1,3,NA,NA,NA,NA,NA
220342101,1,5120,3,1,2,1,50,NA,NA,NA,NA,NA
12166557,31.7496431070843,3123,2,1,1,1,2,NA,NA,NA,NA,NA
66088114,17.8787440435157,9211,0,0,1,1,3,NA,NA,NA,NA,NA
24277554,22.6496228380874,7115,2,0,1,1,15,NA,NA,NA,NA,NA
451881244,462.074248446162,7212,3,3,1,1,5,NA,NA,NA,NA,NA
770661277,4.75313536812026,4110,0,0,2,1,1,NA,NA,NA,NA,NA
880018701,4.02535651150994,8332,3,2,1,1,50,NA,NA,NA,NA,NA
66099773,2.02512187695574,8342,2,5,1,1,9,NA,NA,NA,NA,NA
660997723,3.5372587568796,8350,4,0,1,1,3,NA,NA,NA,NA,NA
55055339,16.8017324042206,7214,2,1,1,1,2,NA,NA,NA,NA,NA
33002100,2.74083417047324,2434,4,0,2,1,12,NA,NA,NA,NA,NA
59411351,14.2133793129833,2634,5,3,2,1,10,NA,NA,NA,NA,NA
44023446,17.8161893071709,3221,4,0,1,1,29,NA,NA,NA,NA,NA
34177349,10.8202217704964,3332,5,1,1,1,1,NA,NA,NA,NA,NA
4407712432,6.8876173488553,4416,3,0,1,1,1,NA,NA,NA,NA,NA
2209912433,4.1617206494349,2243,5,3,1,1,1,NA,NA,NA,NA,NA
33002099,3.05560038266833,2512,5,0,2,1,1,NA,NA,NA,NA,NA
33012326,3.18794295633118,7212,5,1,1,2,NA,5,NA,NA,NA,NA
220127667,5.64116086302934,4321,3,0,2,1,2,NA,NA,NA,NA,NA
44066449,6.04892692370184,7126,2,0,2,1,2,NA,NA,NA,NA,NA
55012222,3.4466685455485,7223,2,3,1,2,NA,8,NA,NA,NA,NA
22077345,11.4391350739138,5312,4,0,1,1,4,NA,NA,NA,NA,NA
33099999,4.01755510457196,2522,5,5,1,1,1,NA,NA,NA,NA,NA
330883433,1.79800552387734,2359,5,0,1,1,1,NA,NA,NA,NA,NA
781886645,5.11925815814655,5223,0,0,1,1,3,NA,NA,NA,NA,NA
715113411,11.6878087424019,2244,5,0,2,1,4,NA,NA,NA,NA,NA
55099129,12.4728093486332,4311,5,1,2,1,1,NA,NA,NA,NA,NA
78111349,10.8202217704964,5312,4,0,2,1,1,NA,NA,NA,NA,NA
99077449,6.04892692370184,7112,2,3,1,1,1,NA,NA,NA,NA,NA
88012120,4.61877666218048,7131,0,2,1,1,1,NA,NA,NA,NA,NA
13288774,2.4488534550445,4226,2,0,2,1,1,NA,NA,NA,NA,NA
55077991,9.81765801358457,3343,4,2,1,2,NA,9,NA,NA,NA,NA
22034112,2.45108453867106,3122,5,3,1,1,1,NA,NA,NA,NA,NA
550889901,4.09466738576137,2151,5,3,1,1,2,NA,NA,NA,NA,NA
440991112,4.83847753256889,8341,3,0,1,1,1,NA,NA,NA,NA,NA
1001661211,17.4343211498199,2144,5,1,2,1,1,NA,NA,NA,NA,NA
33999934,25.2871145670537,4311,5,2,2,1,1,NA,NA,NA,NA,NA
44099333,4.03800303779987,4110,2,1,1,1,1,NA,NA,NA,NA,NA
66089000,2.74083417047324,5243,2,0,2,1,5,NA,NA,NA,NA,NA
990885501,17.8295127997664,3113,4,2,1,1,4,NA,NA,NA,NA,NA
22099663,4.52723425516123,5221,0,0,1,1,1,NA,NA,NA,NA,NA
77012766,17.6970292822405,7511,1,1,2,1,1,NA,NA,NA,NA,NA
27511345,5.57901030683986,2634,5,2,1,1,80,NA,NA,NA,NA,NA
45188119,20.4818040565633,8344,2,2,1,1,3,NA,NA,NA,NA,NA
58311345,7.47445554885214,2341,5,2,1,1,3,NA,NA,NA,NA,NA
220883323,3.67100582805091,7512,2,0,1,1,1,NA,NA,NA,NA,NA
33778801,6.38196910193067,4226,0,0,1,1,4,NA,NA,NA,NA,NA
88001877,5.57336607968624,4321,2,0,1,1,3,NA,NA,NA,NA,NA
231667723,2.24532505607921,9329,0,0,1,2,NA,2,NA,NA,NA,NA
44889934,83.8018215905455,4222,3,3,1,1,1,NA,NA,NA,NA,NA
88001761,8.91560005738092,1219,2,3,1,1,1,NA,NA,NA,NA,NA
77088890,8.1756216135078,5131,2,1,1,1,1,NA,NA,NA,NA,NA
341881211,7.3679960442521,5151,0,0,1,1,2,NA,NA,NA,NA,NA
22099890,8.1756216135078,5132,3,0,1,1,2,NA,NA,NA,NA,NA
23177340,13.1091876830554,3113,3,0,1,1,6,NA,NA,NA,NA,NA
550993433,1.79800552387734,3221,4,0,1,1,20,NA,NA,NA,NA,NA
22033350,10.6093860452297,2634,5,2,1,1,40,NA,NA,NA,NA,NA
781775545,10.6466910555505,3132,3,0,1,1,1,NA,NA,NA,NA,NA
55077020,4.61877666218049,4110,4,0,1,1,3,NA,NA,NA,NA,NA
704771244,139.430435247979,2635,5,3,1,1,3,NA,NA,NA,NA,NA
33001450,10.6093860452297,2246,5,0,1,1,1,NA,NA,NA,NA,NA
1012999934,25.2871145670538,4214,4,3,1,1,6,NA,NA,NA,NA,NA
231886612,1.88036935313171,9112,0,3,2,1,3,NA,NA,NA,NA,NA
770448856,2.2233740864553,5223,0,0,2,1,2,NA,NA,NA,NA,NA
220993455,3.63733547255337,2359,5,3,1,1,1,NA,NA,NA,NA,NA
12188999,4.01755510457195,3521,4,0,1,1,1,NA,NA,NA,NA,NA
55099446,2.98931841919601,3111,4,2,1,1,2,NA,NA,NA,NA,NA
55121342,5.8725273725894,9112,1,0,2,1,7,NA,NA,NA,NA,NA
891886601,16.3994932203154,4321,2,0,1,1,3,NA,NA,NA,NA,NA
22668834,87.5598207598285,9411,3,1,1,1,7,NA,NA,NA,NA,NA
440127612,1,5223,0,1,2,1,2,NA,NA,NA,NA,NA
704113466,3.92919633519165,5414,2,1,1,1,1,NA,NA,NA,NA,NA
33034449,1,2421,5,2,1,1,22,NA,NA,NA,NA,NA
66088553,7.1849933524850504,7233,4,0,1,2,NA,2,4,6,8,9
22034764,4.4269067491022,4110,2,0,1,1,24,NA,NA,NA,NA,NA
66066890,12.8797783942311,9112,3,2,1,1,1,NA,NA,NA,NA,NA
44001989,8.1432035691453,5162,4,1,2,1,14,NA,NA,NA,NA,NA
572775501,17.8295127997664,3123,3,2,1,1,10,NA,NA,NA,NA,NA
341113477,5.34290126427455,3612,3,1,1,1,4,NA,NA,NA,NA,NA
46288661,8.91560005738092,3343,3,0,2,2,NA,6,NA,NA,NA,NA
56177560,51.3230634997549,4110,4,0,2,1,1,NA,NA,NA,NA,NA
902121144,153.635728563717,1120,5,5,1,1,1,NA,NA,NA,NA,NA
45166340,13.1091876830554,7212,2,0,1,1,3,NA,NA,NA,NA,NA
891773323,3.67100582805091,7512,2,0,2,1,2,NA,NA,NA,NA,NA
5507755992,32.5780408929994,9313,1,0,1,1,3,NA,NA,NA,NA,NA
55055778,8.6575183407399,4321,2,0,2,1,3,NA,NA,NA,NA,NA
11667701,9.52489085806869,8350,0,5,1,1,3,NA,NA,NA,NA,NA
660885556,11.3648420156433,7112,0,0,1,1,4,NA,NA,NA,NA,NA
451882234,57.4653099581732,8113,3,0,2,1,1,NA,NA,NA,NA,NA
660441112,4.83847753256889,9211,2,0,2,1,3,NA,NA,NA,NA,NA
792123234,21.0869726612122,8113,2,0,2,1,112,NA,NA,NA,NA,NA
2202343992,8.32124240624532,7233,4,0,2,1,3,NA,NA,NA,NA,NA
22001226,14.0061915420058,8332,2,3,1,1,10,NA,NA,NA,NA,NA
44034660,1,7111,0,4,1,1,50,NA,NA,NA,NA,NA
14311349,10.8202217704964,2341,5,0,1,1,1,NA,NA,NA,NA,NA
88099119,26.9298226643207,7231,2,4,1,1,1,NA,NA,NA,NA,NA
90277551,19.3075073460585,4321,4,0,1,1,2,NA,NA,NA,NA,NA
22001327,2.27769492426176,7212,3,2,1,1,3,NA,NA,NA,NA,NA
44012431,1.85898800667999,4321,2,0,2,1,2,NA,NA,NA,NA,NA
440441266,4.65052397813388,7541,2,2,1,1,1,NA,NA,NA,NA,NA
25377338,6.14669516497218,9313,0,5,1,1,5,NA,NA,NA,NA,NA
1199130,12.7061325146884,9112,0,0,2,1,20,NA,NA,NA,NA,NA
1001888834,87.5598207598285,4321,0,0,2,1,3,NA,NA,NA,NA,NA
220771211,17.4343211498199,3141,3,0,1,1,2,NA,NA,NA,NA,NA
12188334,3.83623723147949,3122,4,5,2,1,1,NA,NA,NA,NA,NA
12166666,27.0840741567653,7512,0,0,2,1,1,NA,NA,NA,NA,NA
242777701,9.52489085806872,8350,0,0,1,1,2,NA,NA,NA,NA,NA
891771123,3.39212157220047,9215,0,1,2,1,2,NA,NA,NA,NA,NA
88066015,4.61789358648057,3334,3,1,1,1,3,NA,NA,NA,NA,NA
66012871,3.13217582716262,1324,2,1,1,1,7,NA,NA,NA,NA,NA
6607722333,4.63486624771528,2243,5,5,1,1,1,NA,NA,NA,NA,NA
1034771244,58.0600095807979,5151,3,2,1,1,5,NA,NA,NA,NA,NA
231778812,2.03367961130068,3434,4,0,2,1,1,NA,NA,NA,NA,NA
33034119,3.34597568865511,2161,5,2,2,1,3,NA,NA,NA,NA,NA
22001437,8.04017439763438,1311,5,10,1,1,1,NA,NA,NA,NA,NA
39611342,5.87252737258939,9112,2,2,1,1,1,NA,NA,NA,NA,NA
44001326,2.37951332973283,8332,0,4,1,1,4,NA,NA,NA,NA,NA
22012211,4.66282369386627,8121,2,0,1,1,1,NA,NA,NA,NA,NA
990122244,169.558766002071,3322,5,5,1,1,12,NA,NA,NA,NA,NA
132123234,21.0869726612122,2113,5,NA,NA,1,9,NA,NA,NA,NA,NA
79277887,5.57879253831152,5120,0,2,1,1,4,NA,NA,NA,NA,NA
88066553,11.8911116421776,3113,4,5,1,1,1,NA,NA,NA,NA,NA
5501232332,2.05714578235601,2243,5,5,1,1,1,NA,NA,NA,NA,NA
5509911013,11.9538546864424,3115,4,3,1,1,2,NA,NA,NA,NA,NA
56177884,5.02331052128334,9112,2,0,1,1,1,NA,NA,NA,NA,NA
88077342,3.54837053120246,5312,4,0,1,2,NA,1,NA,NA,NA,NA
22012654,1,1212,4,2,1,1,2,NA,NA,NA,NA,NA
56111018,4.99016341597904,3221,4,0,2,1,1,NA,NA,NA,NA,NA
231778867,2.91343494114822,9412,2,1,2,1,2,NA,NA,NA,NA,NA
121888823,2.39950702694744,9412,2,1,2,1,5,NA,NA,NA,NA,NA
48411351,14.2133793129833,2341,5,0,2,1,3,NA,NA,NA,NA,NA
89177125,15.9827479174487,5414,2,2,1,1,12,NA,NA,NA,NA,NA
220121111,2.83554857378346,3312,5,2,1,1,4,NA,NA,NA,NA,NA
12166886,17.8979195718987,5131,0,0,2,1,2,NA,NA,NA,NA,NA
220127645,5.11925815814655,5223,0,0,1,1,2,NA,NA,NA,NA,NA
24277018,4.99016341597904,9334,2,0,2,1,3,NA,NA,NA,NA,NA
891661277,3.61505489574363,8332,2,5,1,1,2,NA,NA,NA,NA,NA
55001217,54.9293399164394,8344,1,2,1,1,2,NA,NA,NA,NA,NA
121991244,139.430435247979,9621,2,10,2,1,1,NA,NA,NA,NA,NA
440113466,3.92919633519165,2342,5,1,1,1,1,NA,NA,NA,NA,NA
440015467,2.2551077502171,9611,0,0,2,1,7,NA,NA,NA,NA,NA
33088224,4.9718709548347,8342,2,1,1,1,3,NA,NA,NA,NA,NA
715113466,2.37414721167236,9112,2,1,1,1,2,NA,NA,NA,NA,NA
440998845,1.43698803383698,1439,4,2,1,1,3,NA,NA,NA,NA,NA
220018723,3.5372587568796,7232,5,3,1,1,3,NA,NA,NA,NA,NA
45199669,21.6344070654774,4321,0,0,2,1,2,NA,NA,NA,NA,NA
462020934,30.7511909728815,7422,3,1,1,1,20,NA,NA,NA,NA,NA
24277668,13.778107439158,5223,2,1,2,1,2,NA,NA,NA,NA,NA
12188332,6.91655838195872,3113,3,1,1,1,1,NA,NA,NA,NA,NA
33012876,14.7227422316396,3313,5,4,1,1,1,NA,NA,NA,NA,NA
79211351,22.3915910543013,2352,5,0,2,1,1,NA,NA,NA,NA,NA
264113455,5.73021563945187,3221,4,0,2,1,1,NA,NA,NA,NA,NA
44012880,3.32442335558736,8331,2,3,1,1,57,NA,NA,NA,NA,NA
67166114,11.6821662441338,9211,0,0,2,1,75,NA,NA,NA,NA,NA
44099340,8.32124240624532,3322,2,2,2,1,5,NA,NA,NA,NA,NA
77088887,4.24301849537621,9412,2,0,2,1,2,NA,NA,NA,NA,NA
68277129,7.35619546493945,8344,0,0,1,1,50,NA,NA,NA,NA,NA
23188337,8.04017439763438,7512,0,0,2,1,3,NA,NA,NA,NA,NA
66099446,2.98931841919601,2114,5,0,1,1,1,NA,NA,NA,NA,NA
44066349,10.8202217704964,2244,5,3,1,1,1,NA,NA,NA,NA,NA
22001448,6.88268729828353,1212,2,0,1,1,1,NA,NA,NA,NA,NA
440447723,2.2453250560792,4221,2,NA,1,1,20,NA,NA,NA,NA,NA
550122211,1,2144,5,1,1,1,57,NA,NA,NA,NA,NA
33044887,5.57879253831152,9412,0,1,1,1,2,NA,NA,NA,NA,NA
22002094,3.8011582358127,4214,4,2,2,1,1,NA,NA,NA,NA,NA
23199776,9.62000025845905,4311,5,0,1,1,1,NA,NA,NA,NA,NA
2266777,7.32795606064763,9333,0,0,1,1,1,NA,NA,NA,NA,NA
33055661,8.91560005738092,5132,2,0,2,1,2,NA,NA,NA,NA,NA
451880144,153.635728563717,3322,3,3,2,1,1,NA,NA,NA,NA,NA
34177350,17.9887620005335,3221,4,1,1,1,6,NA,NA,NA,NA,NA
902113455,5.73021563945187,8331,0,1,1,1,1,NA,NA,NA,NA,NA
2266340,13.1091876830554,7411,3,0,1,1,2,NA,NA,NA,NA,NA
121661233,6.0979201785786,3522,4,0,1,2,NA,2,3,4,NA,NA
231558812,3.20383500566392,9412,2,0,2,1,3,NA,NA,NA,NA,NA
55066887,5.57879253831152,9412,2,1,1,1,2,NA,NA,NA,NA,NA
33099350,17.9887620005335,9112,2,0,2,1,1,NA,NA,NA,NA,NA
22099342,3.54837053120246,5312,5,0,1,1,2,NA,NA,NA,NA,NA
99055667,11.4287913093968,1211,5,2,2,1,3,NA,NA,NA,NA,NA
440668867,2.91343494114822,3434,2,1,1,1,1,NA,NA,NA,NA,NA
330773477,4.06360851879736,2330,5,8,1,1,3,NA,NA,NA,NA,NA
45188128,6.44285449800106,1120,3,2,2,1,1,NA,NA,NA,NA,NA
13299669,16.4543113379694,7512,4,3,1,1,5,NA,NA,NA,NA,NA
67188779,14.1136507463825,3331,4,1,1,2,NA,12,NA,NA,NA,NA
77099773,2.02512187695574,4226,2,2,2,1,5,NA,NA,NA,NA,NA
572113466,1.74394022113855,2330,5,3,1,1,14,NA,NA,NA,NA,NA
22013099,1.80212757602321,3521,4,0,1,1,3,NA,NA,NA,NA,NA
12188224,3.24867467744887,7233,3,5,1,1,10,NA,NA,NA,NA,NA
660558823,3.78015522531299,5120,4,0,2,1,2,NA,NA,NA,NA,NA
11996667,5.64116086302934,7231,2,2,1,1,5,NA,NA,NA,NA,NA
101211344,5.03215123785774,4110,3,0,2,1,1,NA,NA,NA,NA,NA
880771255,5.81496886942004,9313,0,3,1,1,10,NA,NA,NA,NA,NA
880885567,13.3436866244682,3123,3,0,1,1,1,NA,NA,NA,NA,NA
34199342,3.54837053120246,5312,4,0,1,1,24,NA,NA,NA,NA,NA
3308855992,32.5780408929994,9622,2,1,1,1,5,NA,NA,NA,NA,NA
660012167,10.1249735724033,9333,2,0,1,1,15,NA,NA,NA,NA,NA
33077991,9.81765801358457,3521,2,0,1,1,1,NA,NA,NA,NA,NA
44001433,2.43989173232533,2243,5,2,2,1,2,NA,NA,NA,NA,NA
770770177,2.48919632647864,5414,1,0,2,1,1,NA,NA,NA,NA,NA
88088224,4.9718709548347,8113,3,5,1,1,8,NA,NA,NA,NA,NA
45177337,8.04017439763438,5246,2,0,1,1,1,NA,NA,NA,NA,NA
66001769,21.6344070654774,5222,4,1,1,1,1,NA,NA,NA,NA,NA
33088131,15.0211478886385,3222,0,1,1,1,1,NA,NA,NA,NA,NA
770551211,17.4343211498199,9333,3,0,1,1,2,NA,NA,NA,NA,NA
66055664,9.07687591121961,3240,4,1,1,1,3,NA,NA,NA,NA,NA
550014301,7.12560837946903,7212,3,5,2,1,4,NA,NA,NA,NA,NA
68277332,6.91655838195872,7233,3,3,1,1,2,NA,NA,NA,NA,NA
68277020,4.61877666218049,5414,3,0,1,1,1,NA,NA,NA,NA,NA
44066336,12.7070854301968,4120,3,1,2,2,NA,5,11,NA,NA,NA
33012230,1,5131,2,2,2,1,100,NA,NA,NA,NA,NA
23166998,3.22251567262593,2512,4,0,2,1,5,NA,NA,NA,NA,NA
89155888,6.13896215578772,3434,2,0,2,1,1,NA,NA,NA,NA,NA
463213444,258.86641647549,9112,2,0,2,1,1,NA,NA,NA,NA,NA
451775567,17.5445050393423,7126,0,2,1,1,12,NA,NA,NA,NA,NA
4409966554,27.0840741567653,3313,6,3,1,1,1,NA,NA,NA,NA,NA
22001445,7.47445554885214,5312,4,0,1,1,2,NA,NA,NA,NA,NA
57211351,22.3915910543013,2341,5,0,1,1,1,NA,NA,NA,NA,NA
12166559,61.8329989886565,7115,2,1,1,1,3,NA,NA,NA,NA,NA
24244122,7.76553992713583,3343,2,0,1,1,1,NA,NA,NA,NA,NA
121668856,2.2233740864553,9112,1,0,1,2,NA,8,NA,NA,NA,NA
891778845,2.1583466704331302,9112,0,0,2,1,2,NA,NA,NA,NA,NA
22077128,14.3633132974849,3240,4,0,2,1,1,NA,NA,NA,NA,NA
440991123,3.39212157220047,6221,0,0,1,1,1,NA,NA,NA,NA,NA
3305534654,36.5300984902798,4110,3,0,1,1,1,NA,NA,NA,NA,NA
22034433,1,3111,3,3,1,1,5,NA,NA,NA,NA,NA
913113444,258.866416475489,3612,4,1,1,1,3,NA,NA,NA,NA,NA
78177883,3.39768883088714,3434,3,5,1,1,2,NA,NA,NA,NA,NA
231128734,70.6340597329064,8344,2,1,1,1,3,NA,NA,NA,NA,NA
220771277,4.75313536812026,2166,5,1,1,1,1,NA,NA,NA,NA,NA
1177223,4.63486624771528,7112,1,5,1,1,3,NA,NA,NA,NA,NA
2208855882,61.8329989886565,3343,3,2,1,1,1,NA,NA,NA,NA,NA
550881255,5.81496886942004,3143,3,2,1,2,NA,1,3,4,NA,NA
220883356,1.99192662405012,4226,3,1,1,1,1,NA,NA,NA,NA,NA
3377339,16.8017324042206,7223,3,NA,2,2,NA,8,12,NA,NA,NA
286113477,5.34290126427455,2248,5,2,1,1,1,NA,NA,NA,NA,NA
440127645,3.24952156487532,3313,4,2,1,1,2,NA,NA,NA,NA,NA
33001326,3.18794295633118,2114,5,2,1,1,3,NA,NA,NA,NA,NA
55088663,4.52723425516123,8344,2,3,1,1,1,NA,NA,NA,NA,NA
2277336,12.7070854301968,4321,2,0,1,1,1,NA,NA,NA,NA,NA
22012121,5.35480683456073,4110,2,0,1,1,8,NA,NA,NA,NA,NA
440886645,5.11925815814655,2433,5,2,1,1,1,NA,NA,NA,NA,NA
550993367,2.76081158535236,9333,0,0,1,1,3,NA,NA,NA,NA,NA
550238734,53.1258693953205,4225,4,1,1,1,400,NA,NA,NA,NA,NA
66077129,16.3994608559366,3240,4,0,2,1,2,NA,NA,NA,NA,NA
66077114,17.8787440435157,6112,0,0,2,1,1,NA,NA,NA,NA,NA
55001324,3.24867467744887,8111,1,1,1,1,20,NA,NA,NA,NA,NA
55066128,14.3633132974849,1212,5,2,1,1,1,NA,NA,NA,NA,NA
2255888,4.66906230883171,5132,0,0,2,1,1,NA,NA,NA,NA,NA
88001767,11.4287913093968,9211,0,0,2,1,32,NA,NA,NA,NA,NA
33088337,8.04017439763438,7212,2,2,1,1,1,NA,NA,NA,NA,NA
44077125,15.9827479174487,3240,4,0,1,1,4,NA,NA,NA,NA,NA
781445501,28.0884053340587,7212,1,0,2,1,2,NA,NA,NA,NA,NA
231558845,3.40023402834294,3434,0,0,2,1,1,NA,NA,NA,NA,NA
561113455,5.73021563945187,2341,5,1,1,1,11,NA,NA,NA,NA,NA
132127634,154.084563926273,3123,5,8,2,1,1,NA,NA,NA,NA,NA
88078000,4.31787800363785,2432,2,1,1,1,1,NA,NA,NA,NA,NA
990883367,3.62996180403925,5246,2,0,2,1,1,NA,NA,NA,NA,NA
440015401,2.96512571382148,7223,3,0,2,1,5,NA,NA,NA,NA,NA
23188116,16.0265049012021,7413,0,2,1,1,1,NA,NA,NA,NA,NA
44088883,3.39768883088714,5223,2,0,2,1,2,NA,NA,NA,NA,NA
90266331,4.18840552816858,8322,2,0,1,1,1,NA,NA,NA,NA,NA
33099230,4.10385709154703,8332,0,2,1,1,1,NA,NA,NA,NA,NA
44001214,11.6821662441338,6112,2,2,2,1,2,NA,NA,NA,NA,NA
100177559,61.8329989886565,3123,5,3,1,1,2,NA,NA,NA,NA,NA
77011345,11.4391350739138,8322,3,5,1,1,1,NA,NA,NA,NA,NA
352113466,2.37414721167236,5312,3,0,1,1,11,NA,NA,NA,NA,NA
2288779,10.734308677538,8322,2,0,1,1,6,NA,NA,NA,NA,NA
101255886,17.8979195718987,5131,0,1,2,1,2,NA,NA,NA,NA,NA
33099122,4.69218979973437,8189,2,0,1,1,2,NA,NA,NA,NA,NA
44033888,6.13896215578772,9412,0,0,2,1,2,NA,NA,NA,NA,NA
55099669,21.6344070654774,4416,0,0,2,1,1,NA,NA,NA,NA,NA
12166348,4.05926136406294,3221,4,0,1,1,1,NA,NA,NA,NA,NA
33023118,3.79532945947425,2411,5,2,1,1,1,NA,NA,NA,NA,NA
55099125,10.4433017081777,3121,2,3,1,1,10,NA,NA,NA,NA,NA
880771211,17.4343211498199,3322,5,3,2,1,1,NA,NA,NA,NA,NA
13277888,6.13896215578772,5132,1,0,2,1,2,NA,NA,NA,NA,NA
24255888,6.13896215578772,9622,4,1,2,1,5,NA,NA,NA,NA,NA
45188130,12.7061325146884,9129,2,0,1,1,12,NA,NA,NA,NA,NA
550999901,1.73046560525986,3522,3,1,1,1,30,NA,NA,NA,NA,NA
231777723,3.5372587568796,8332,2,2,1,1,1,NA,NA,NA,NA,NA
67188020,4.61877666218048,5414,2,0,1,1,2,NA,NA,NA,NA,NA
22077774,3.74780012609433,7231,0,1,1,2,NA,1,NA,NA,NA,NA
44034219,20.4818040565633,3257,4,0,1,1,1,NA,NA,NA,NA,NA
55066129,16.3994608559366,4226,0,0,2,1,1,NA,NA,NA,NA,NA
68277334,3.83623723147949,7215,2,1,1,1,2,NA,NA,NA,NA,NA
220234345,1,8182,2,2,1,1,1,NA,NA,NA,NA,NA
572341144,46.359425082256,1346,5,2,2,1,7,NA,NA,NA,NA,NA
100188778,6.58458083743979,9333,0,2,2,1,2,NA,NA,NA,NA,NA
3377779,14.1136507463825,9333,0,0,2,1,1,NA,NA,NA,NA,NA
770122101,11.9538546864424,3313,3,0,2,1,1,NA,NA,NA,NA,NA
550018767,2.95966168401303,4323,2,5,1,1,3,NA,NA,NA,NA,NA
89177120,12.5547480261005,9211,0,0,1,1,95,NA,NA,NA,NA,NA
77077994,3.8011582358127,3513,5,5,1,1,2,NA,NA,NA,NA,NA
55077124,6.8876173488553,7231,3,2,1,1,2,NA,NA,NA,NA,NA
220880122,2.44167017008651,5153,0,0,1,1,2,NA,NA,NA,NA,NA
89188337,6.11505239546658,5246,0,1,1,1,14,NA,NA,NA,NA,NA
550995556,5.04418802401201,1211,5,1,1,1,1,NA,NA,NA,NA,NA
44066350,23.6519287699075,2330,5,1,2,1,1,NA,NA,NA,NA,NA
220888845,3.40023402834294,3434,3,5,2,1,12,NA,NA,NA,NA,NA
44099992,2.0468295953419,3123,4,5,1,1,3,NA,NA,NA,NA,NA
44088667,11.4287913093968,8332,2,1,1,1,1,NA,NA,NA,NA,NA
693661244,139.43043524798,5223,2,0,1,1,1,NA,NA,NA,NA,NA
682668801,10.0540792660816,5132,0,1,2,1,1,NA,NA,NA,NA,NA
33088227,5.07775642045199,8342,2,2,1,1,2,NA,NA,NA,NA,NA
330223466,3.92919633519165,5414,2,0,1,1,1,NA,NA,NA,NA,NA
11996634,510.638218598107,2433,3,2,1,1,1,NA,NA,NA,NA,NA
1112118,4.99016341597905,3322,2,1,1,1,1,NA,NA,NA,NA,NA
330773433,2.83255681266876,3611,4,0,1,1,2,NA,NA,NA,NA,NA
33001227,14.0061915420058,7413,4,1,1,1,75,NA,NA,NA,NA,NA
22553444,78.1126783014563,3413,4,3,1,1,3,NA,NA,NA,NA,NA
231443444,258.866416475489,2161,6,3,1,1,1,NA,NA,NA,NA,NA
561346534,1,2243,5,0,2,1,10,NA,NA,NA,NA,NA
24299771,3.13217582716262,7231,3,3,1,1,2,NA,NA,NA,NA,NA
33099334,3.83623723147949,9213,2,1,1,1,2,NA,NA,NA,NA,NA
363779934,83.8018215905455,2512,5,3,1,1,4,NA,NA,NA,NA,NA
880113433,2.83255681266876,1345,5,5,1,1,4,NA,NA,NA,NA,NA
330664423,2.62079755941452,8344,3,0,1,1,1,NA,NA,NA,NA,NA
1167000,4.31787800363785,2166,5,0,1,2,NA,1,NA,NA,NA,NA
33001656,29.634096081514,7412,4,4,1,1,3,NA,NA,NA,NA,NA
770775523,8.07699680921145,7115,0,0,1,1,1,NA,NA,NA,NA,NA
55044347,36.5300984902798,2351,5,10,1,1,1,NA,NA,NA,NA,NA
605779934,83.8018215905455,2421,5,2,1,1,3,NA,NA,NA,NA,NA
99044337,8.04017439763438,7212,3,0,1,1,4,NA,NA,NA,NA,NA
220771112,4.83847753256889,3142,3,2,2,2,NA,9,NA,NA,NA,NA
44044349,8.22945122640888,2359,0,5,1,1,2,NA,NA,NA,NA,NA
1166120,29.7073325945741,8341,0,0,1,1,3,NA,NA,NA,NA,NA
22099223,4.63486624771528,9313,1,0,1,1,7,NA,NA,NA,NA,NA
88066552,29.087720167689,2243,5,0,1,1,1,NA,NA,NA,NA,NA
165113411,4.93943686364191,9112,2,0,2,1,4,NA,NA,NA,NA,NA
7706633554,12.7070854301968,3123,5,4,1,1,1,NA,NA,NA,NA,NA
88077883,3.39768883088714,5131,0,0,1,1,2,NA,NA,NA,NA,NA
25377336,12.7070854301968,9412,0,0,1,1,2,NA,NA,NA,NA,NA
220124323,3.67100582805091,3115,4,1,1,1,2,NA,NA,NA,NA,NA
33012225,10.4433017081777,2243,5,5,1,1,1,NA,NA,NA,NA,NA
11883433,2.83255681266876,9313,2,0,1,1,1,NA,NA,NA,NA,NA
462113444,258.866416475489,2355,5,0,1,1,1,NA,NA,NA,NA,NA
91311351,14.2133793129833,5311,3,0,2,1,1,NA,NA,NA,NA,NA
1188670,19.8102936720593,5223,0,0,2,1,1,NA,NA,NA,NA,NA
88088124,4.1617206494349,8342,2,3,1,1,8,NA,NA,NA,NA,NA
935889934,25.2871145670537,1212,5,2,1,2,NA,8,NA,NA,NA,NA
2208833882,16.8017324042206,5223,2,0,1,2,NA,2,NA,NA,NA,NA
12199339,7.53663969814667,5223,2,0,2,1,2,NA,NA,NA,NA,NA
12144888,6.13896215578772,3221,2,1,2,1,2,NA,NA,NA,NA,NA
44099224,4.9718709548347,9112,0,0,2,1,1,NA,NA,NA,NA,NA
770661266,4.65052397813388,3343,3,0,1,1,1,NA,NA,NA,NA,NA
44099113,5.87401137100153,6112,2,2,1,1,1,NA,NA,NA,NA,NA
220012156,1.95674825595962,8341,4,1,1,1,2,NA,NA,NA,NA,NA
33034653,1,2243,5,3,1,1,20,NA,NA,NA,NA,NA
660018723,3.5372587568796,4323,0,0,1,1,1,NA,NA,NA,NA,NA
220129856,1,5131,0,0,1,1,25,NA,NA,NA,NA,NA
46277127,18.7647360968455,5414,2,0,1,1,2,NA,NA,NA,NA,NA
22012659,47.0278391841497,8332,3,0,1,1,5,NA,NA,NA,NA,NA
660888856,1.343434366103,5223,2,0,1,1,2,NA,NA,NA,NA,NA
550348734,1,5414,3,1,1,1,50,NA,NA,NA,NA,NA
55099774,3.74780012609433,4221,2,1,2,1,4,NA,NA,NA,NA,NA
33066345,11.4391350739138,9112,2,2,1,1,1,NA,NA,NA,NA,NA
24277339,16.8017324042206,8172,2,1,1,1,1,NA,NA,NA,NA,NA
220995501,28.0884053340588,3323,2,0,1,1,1,NA,NA,NA,NA,NA
100155889,10.7068218908321,3423,4,0,1,1,2,NA,NA,NA,NA,NA
23112769,9.70439995191111,8344,2,2,1,1,3,NA,NA,NA,NA,NA
67177662,8.40385045878902,2146,5,5,1,1,1,NA,NA,NA,NA,NA
22012653,5.27776830114315,2421,5,3,2,1,4,NA,NA,NA,NA,NA
34188116,16.0265049012021,5414,3,1,1,1,1,NA,NA,NA,NA,NA
66113411,7.41900200796358,3221,4,0,1,1,2,NA,NA,NA,NA,NA
33044019,3.34597568865511,3343,5,1,2,1,1,NA,NA,NA,NA,NA
330883323,3.67100582805091,8160,3,0,1,1,1,NA,NA,NA,NA,NA
44002099,3.05560038266833,1221,5,5,1,1,1,NA,NA,NA,NA,NA
242017634,510.638218598107,2433,4,1,2,1,2,NA,NA,NA,NA,NA
56199668,13.778107439158,4321,2,0,1,1,1,NA,NA,NA,NA,NA
880996667,5.64116086302934,5223,2,1,2,1,1,NA,NA,NA,NA,NA
880776656,3.84563853409296,8322,0,0,1,1,1,NA,NA,NA,NA,NA
44088890,12.8797783942311,9112,0,0,2,1,1,NA,NA,NA,NA,NA
33001549,2.71332632180879,3112,4,3,1,1,12,NA,NA,NA,NA,NA
100177884,5.02331052128334,9412,0,0,2,1,16,NA,NA,NA,NA,NA
220122101,1,9211,3,0,1,1,200,NA,NA,NA,NA,NA
77077669,21.6344070654774,5223,0,0,2,1,2,NA,NA,NA,NA,NA
88012768,6.180352656087,9211,0,0,2,1,250,NA,NA,NA,NA,NA
220124422,1,2341,5,0,1,1,10,NA,NA,NA,NA,NA
88001768,13.778107439158,4321,2,1,1,1,2,NA,NA,NA,NA,NA
220124301,7.12560837946903,2142,5,3,2,1,1,NA,NA,NA,NA,NA
66077350,17.9887620005335,2634,5,0,1,1,1,NA,NA,NA,NA,NA
16511348,9.04947376143623,2248,5,5,1,1,1,NA,NA,NA,NA,NA
1177662,8.40385045878902,5131,1,3,1,1,4,NA,NA,NA,NA,NA
143773301,7.12560837946903,7214,3,2,1,1,4,NA,NA,NA,NA,NA
13266554,22.6496228380874,9313,0,3,1,1,10,NA,NA,NA,NA,NA
880017623,2.74178775262076,4321,2,0,1,1,1,NA,NA,NA,NA,NA
67177018,4.99016341597904,2330,5,5,1,1,1,NA,NA,NA,NA,NA
2266888,6.13896215578772,9412,3,0,2,1,1,NA,NA,NA,NA,NA
440113422,3.92156216748668,2330,5,3,1,1,1,NA,NA,NA,NA,NA
22055344,5.03215123785774,2341,5,0,1,1,1,NA,NA,NA,NA,NA
14377332,6.91655838195872,7512,0,2,2,2,NA,5,NA,NA,NA,NA
55044336,12.7070854301968,7512,1,1,1,2,NA,3,5,NA,NA,NA
57266886,17.8979195718987,5230,2,1,1,1,1,NA,NA,NA,NA,NA
23155336,12.7070854301968,4321,1,0,1,1,1,NA,NA,NA,NA,NA
220994423,1.66358834100554,3341,3,0,1,1,1,NA,NA,NA,NA,NA
2209901983,3.51286674832601,3116,5,5,1,1,1,NA,NA,NA,NA,NA
462771233,6.0979201785786,7231,0,1,1,1,5,NA,NA,NA,NA,NA
990017601,16.3994932203154,5223,2,0,2,1,3,NA,NA,NA,NA,NA
22077443,4.42094934397458,5223,2,0,2,1,2,NA,NA,NA,NA,NA
44066997,3.90278568342011,7422,4,1,1,1,1,NA,NA,NA,NA,NA
37411351,14.2133793129833,2341,5,2,1,1,4,NA,NA,NA,NA,NA
781113422,2.48926708471777,5312,5,0,1,1,3,NA,NA,NA,NA,NA
79277668,13.778107439158,5245,1,0,2,1,1,NA,NA,NA,NA,NA
220234356,1,4110,4,1,1,1,3,NA,NA,NA,NA,NA
55077128,14.3633132974849,5230,2,3,2,1,1,NA,NA,NA,NA,NA
660344367,1,9211,2,3,2,1,42,NA,NA,NA,NA,NA
770885501,28.0884053340587,3112,5,2,1,1,1,NA,NA,NA,NA,NA
44099554,22.6496228380874,8332,2,0,1,1,9,NA,NA,NA,NA,NA
22034438,1,7233,3,3,1,1,9,NA,NA,NA,NA,NA
220663367,3.62996180403925,8344,1,0,1,1,6,NA,NA,NA,NA,NA
4466886,11.6946957434009,9216,0,0,1,1,2,NA,NA,NA,NA,NA
330018767,2.95966168401303,7231,4,0,1,1,4,NA,NA,NA,NA,NA
23188336,12.7070854301968,9321,0,0,2,1,3,NA,NA,NA,NA,NA
605777734,234.082178741939,9333,2,1,1,1,2,NA,NA,NA,NA,NA
220014444,78.1126783014563,2310,5,3,1,1,7,NA,NA,NA,NA,NA
132778801,10.0540792660816,9412,2,0,2,1,4,NA,NA,NA,NA,NA
330558823,3.78015522531299,9412,0,0,2,1,2,NA,NA,NA,NA,NA
220342123,1,3142,4,0,1,1,4,NA,NA,NA,NA,NA
1001017634,510.638218598106,2433,4,0,2,1,4,NA,NA,NA,NA,NA
880778801,10.0540792660816,9412,3,1,2,1,1,NA,NA,NA,NA,NA
58311351,22.3915910543013,5312,4,0,1,1,3,NA,NA,NA,NA,NA
12188774,3.74780012609433,5112,2,1,1,1,8,NA,NA,NA,NA,NA
46277670,19.8102936720593,5230,2,1,1,1,10,NA,NA,NA,NA,NA
45177449,4.60058491836551,7126,0,0,1,1,2,NA,NA,NA,NA,NA
5505588992,12.8797783942311,5120,2,1,1,1,2,NA,NA,NA,NA,NA
1001776601,16.3994932203154,5223,4,0,2,2,NA,3,NA,NA,NA,NA
880776612,2.96231182319223,7511,0,0,2,1,1,NA,NA,NA,NA,NA
5508877554,14.7227422316396,9333,1,0,2,1,6,NA,NA,NA,NA,NA
550113422,3.92156216748668,2634,5,0,1,1,1,NA,NA,NA,NA,NA
57288017,11.8136722761082,9510,0,0,1,1,2,NA,NA,NA,NA,NA
253113466,3.92919633519165,2635,3,2,1,1,4,NA,NA,NA,NA,NA
451778812,3.20383500566392,3423,5,5,1,1,1,NA,NA,NA,NA,NA
121346534,1,7126,2,4,1,1,135,NA,NA,NA,NA,NA
77012549,6.04892692370184,7212,4,2,1,2,NA,1,7,NA,NA,NA
55099444,2.14486988997102,9611,0,0,2,1,1,NA,NA,NA,NA,NA
100166446,4.57494421535132,9612,5,1,1,2,NA,12,NA,NA,NA,NA
57277888,6.13896215578772,9622,3,0,2,2,NA,6,9,NA,NA,NA
99088349,10.8202217704964,2635,5,1,2,1,1,NA,NA,NA,NA,NA
88088559,47.0278391841496,3257,4,0,1,1,1,NA,NA,NA,NA,NA
3417701652,11.8136722761082,3221,4,1,1,1,3,NA,NA,NA,NA,NA
770885556,6.86700426264657,2635,5,2,1,1,1,NA,NA,NA,NA,NA
88044553,11.8911116421776,9313,3,2,1,1,3,NA,NA,NA,NA,NA
660775545,10.6466910555505,7212,0,2,1,1,3,NA,NA,NA,NA,NA
330443455,5.73021563945187,5312,4,0,1,1,1,NA,NA,NA,NA,NA
770349834,1,9412,0,0,2,1,900,NA,NA,NA,NA,NA
23188348,6.88268729828353,5321,4,1,1,1,24,NA,NA,NA,NA,NA
660885567,17.5445050393423,9313,0,1,1,1,15,NA,NA,NA,NA,NA
33099338,8.08177884659016,8172,0,0,2,1,1,NA,NA,NA,NA,NA
11886612,2.96231182319223,9629,2,0,1,1,1,NA,NA,NA,NA,NA
11778812,3.20383500566392,5131,2,2,2,1,2,NA,NA,NA,NA,NA
33055449,6.04892692370184,4223,2,0,1,1,1,NA,NA,NA,NA,NA
330119956,4.04702086646765,3343,2,0,1,1,1,NA,NA,NA,NA,NA
45111349,10.8202217704964,2634,5,0,1,1,1,NA,NA,NA,NA,NA
55088122,7.76553992713581,3240,4,0,2,2,NA,1,2,NA,NA,NA
550667756,3.01617970092595,4323,2,0,2,1,2,NA,NA,NA,NA,NA
23111342,5.8725273725894,2352,5,0,1,1,2,NA,NA,NA,NA,NA
1188128,10.9241925663285,4225,5,1,2,1,2,NA,NA,NA,NA,NA
231668823,3.78015522531299,5131,0,1,1,1,1,NA,NA,NA,NA,NA
77077124,6.8876173488553,1349,5,2,1,1,1,NA,NA,NA,NA,NA
67177661,8.91560005738092,7231,3,1,1,1,2,NA,NA,NA,NA,NA
44034767,8.69230618857931,4321,0,0,2,1,220,NA,NA,NA,NA,NA
682347634,1,2423,5,2,1,1,7,NA,NA,NA,NA,NA
220126567,7.8698202056013,7115,0,5,1,1,10,NA,NA,NA,NA,NA
66077777,7.32795606064763,7231,4,1,1,1,4,NA,NA,NA,NA,NA
44077883,3.39768883088714,5132,3,2,1,1,1,NA,NA,NA,NA,NA
89188670,19.8102936720593,6210,3,2,1,1,1,NA,NA,NA,NA,NA
3301122332,4.63486624771528,9311,3,5,1,1,1,NA,NA,NA,NA,NA
11996623,4.31938026576803,4321,2,0,1,1,3,NA,NA,NA,NA,NA
451778845,2.1583466704331302,5132,4,1,1,1,4,NA,NA,NA,NA,NA
770661145,10.1197107710232,3143,2,0,1,1,1,NA,NA,NA,NA,NA
12177554,34.6636746080955,3113,3,1,1,1,2,NA,NA,NA,NA,NA
99077333,4.03800303779987,7132,1,0,1,1,1,NA,NA,NA,NA,NA
22088014,4.01679227892075,3221,3,0,1,1,3,NA,NA,NA,NA,NA
44077348,9.04947376143623,2341,5,0,1,1,1,NA,NA,NA,NA,NA
88012323,2.05714578235601,8111,2,5,1,1,4,NA,NA,NA,NA,NA
33012656,22.1191933502152,8114,0,30,1,1,10,NA,NA,NA,NA,NA
660882245,3.8464059039183,4416,3,1,1,1,1,NA,NA,NA,NA,NA
77077128,14.3633132974849,3240,4,1,1,1,6,NA,NA,NA,NA,NA
990668867,2.91343494114822,5246,2,0,1,1,6,NA,NA,NA,NA,NA
33088889,10.7068218908321,9412,0,0,1,1,3,NA,NA,NA,NA,NA
781888834,87.5598207598285,9412,1,0,2,1,3,NA,NA,NA,NA,NA
220996623,4.31938026576803,4321,2,0,1,1,1,NA,NA,NA,NA,NA
220014477,4.06360851879736,2634,5,0,1,1,2,NA,NA,NA,NA,NA
440995501,17.8295127997664,7212,2,5,1,1,3,NA,NA,NA,NA,NA
880773356,1.99192662405012,5223,0,0,2,1,5,NA,NA,NA,NA,NA
550776623,4.31938026576803,2432,2,2,2,1,1,NA,NA,NA,NA,NA
770778812,3.20383500566392,9412,2,0,2,1,2,NA,NA,NA,NA,NA
71511343,7.72485772324822,9112,0,0,1,1,2,NA,NA,NA,NA,NA
880127667,4.29045348305249,4321,2,0,1,1,1,NA,NA,NA,NA,NA
79277338,8.08177884659016,7322,0,0,1,1,1,NA,NA,NA,NA,NA
330778845,3.40023402834294,5131,0,0,1,1,1,NA,NA,NA,NA,NA
23166446,4.57494421535132,3132,2,0,1,1,2,NA,NA,NA,NA,NA
99099337,6.11505239546658,7233,2,1,1,1,18,NA,NA,NA,NA,NA
44077019,3.34597568865511,2431,5,0,2,1,1,NA,NA,NA,NA,NA
33044888,6.13896215578772,2432,0,0,2,1,1,NA,NA,NA,NA,NA
330124477,4.06360851879736,9112,0,0,2,1,1,NA,NA,NA,NA,NA
1177884,5.02331052128334,5120,0,1,1,1,4,NA,NA,NA,NA,NA
91311349,8.22945122640888,5312,2,0,1,1,1,NA,NA,NA,NA,NA
77066887,5.57879253831152,5131,2,0,1,1,1,NA,NA,NA,NA,NA
56166128,14.3633132974849,1324,5,2,1,1,1,NA,NA,NA,NA,NA
22099331,4.18840552816858,9329,2,0,2,1,1,NA,NA,NA,NA,NA
55055888,6.13896215578772,3434,2,1,2,1,1,NA,NA,NA,NA,NA
3309901654,11.8136722761082,3221,4,1,1,1,10,NA,NA,NA,NA,NA
550886656,3.84563853409296,7511,2,0,1,1,3,NA,NA,NA,NA,NA
880778867,2.91343494114822,9412,2,0,2,1,1,NA,NA,NA,NA,NA
2207733993,8.32124240624532,2243,5,0,2,1,1,NA,NA,NA,NA,NA
462113466,1.74394022113855,2351,5,0,1,1,3,NA,NA,NA,NA,NA
561771255,5.81496886942004,8343,0,2,1,1,2,NA,NA,NA,NA,NA
550885512,6.00511406216661,3257,4,1,1,1,1,NA,NA,NA,NA,NA
11775545,10.6466910555505,9215,0,0,2,1,1,NA,NA,NA,NA,NA
561778856,2.2233740864553,9112,3,2,1,1,1,NA,NA,NA,NA,NA
6601134654,36.5300984902798,4223,2,0,1,1,4,NA,NA,NA,NA,NA
891778867,2.91343494114822,5120,2,1,2,1,2,NA,NA,NA,NA,NA
55113466,2.37414721167236,5131,2,0,1,1,8,NA,NA,NA,NA,NA
440553477,5.34290126427455,5312,4,0,1,1,2,NA,NA,NA,NA,NA
77044342,3.54837053120246,1431,5,1,1,1,1,NA,NA,NA,NA,NA
22034879,1,2411,5,6,1,1,1,NA,NA,NA,NA,NA
44001987,4.24301849537621,4212,2,0,2,1,4,NA,NA,NA,NA,NA
3302234654,23.8691645475402,5312,4,0,1,1,2,NA,NA,NA,NA,NA
990778801,10.0540792660816,9412,3,0,2,1,2,NA,NA,NA,NA,NA
66066883,3.39768883088714,9412,2,0,2,1,2,NA,NA,NA,NA,NA
220993477,4.06360851879736,2244,5,0,1,1,1,NA,NA,NA,NA,NA
88088442,3.46201747387135,3322,4,3,1,1,2,NA,NA,NA,NA,NA
88088889,10.7068218908321,3434,5,2,1,1,2,NA,NA,NA,NA,NA
220993466,2.37414721167236,9112,0,0,1,1,2,NA,NA,NA,NA,NA
330223455,5.73021563945187,3612,4,0,1,1,1,NA,NA,NA,NA,NA
12199669,21.6344070654774,7233,1,0,2,1,1,NA,NA,NA,NA,NA
121999934,83.8018215905455,2522,5,0,1,1,2,NA,NA,NA,NA,NA
341558812,3.20383500566392,9112,0,0,2,1,4,NA,NA,NA,NA,NA
89166883,3.39768883088714,5414,2,2,1,1,80,NA,NA,NA,NA,NA
220993422,2.48926708471777,2330,5,0,2,1,1,NA,NA,NA,NA,NA
220124334,231.669315520792,7212,3,2,1,1,2,NA,NA,NA,NA,NA
2208855014,28.0884053340588,8142,2,3,2,1,2,NA,NA,NA,NA,NA
132991244,169.558766002071,9122,2,0,1,1,32,NA,NA,NA,NA,NA
68277888,6.13896215578772,3423,5,0,1,1,5,NA,NA,NA,NA,NA
660669934,83.8018215905458,2153,5,3,1,1,6,NA,NA,NA,NA,NA
88077338,8.08177884659017,4321,3,1,1,1,1,NA,NA,NA,NA,NA
45166350,23.6519287699075,2632,5,5,1,1,2,NA,NA,NA,NA,NA
440883312,2.0096822241167,3313,5,0,1,1,1,NA,NA,NA,NA,NA
25377666,27.0840741567653,3343,2,0,2,1,2,NA,NA,NA,NA,NA
45177554,34.6636746080955,7125,2,2,1,1,1,NA,NA,NA,NA,NA
66099663,4.52723425516123,9333,2,0,1,1,2,NA,NA,NA,NA,NA
66077883,3.39768883088714,5120,0,2,1,1,2,NA,NA,NA,NA,NA
121551233,6.0979201785786,8151,0,NA,2,1,2,NA,NA,NA,NA,NA
77055881,4.15580958287232,5132,2,1,1,1,2,NA,NA,NA,NA,NA
7711348,9.04947376143623,3343,5,1,1,1,1,NA,NA,NA,NA,NA
45166114,11.6821662441338,9211,0,0,2,1,20,NA,NA,NA,NA,NA
11881233,2.57706918255296,5414,2,0,1,1,5,NA,NA,NA,NA,NA
561777745,3.4372448622224,9333,2,1,2,1,2,NA,NA,NA,NA,NA
2204401653,11.8136722761082,3322,2,1,1,1,1,NA,NA,NA,NA,NA
550017645,3.24952156487532,3313,4,1,1,1,2,NA,NA,NA,NA,NA
34155125,15.9827479174487,5414,2,0,1,1,1,NA,NA,NA,NA,NA
22077773,3.35156194954141,8332,3,0,1,2,NA,3,5,NA,NA,NA
330128723,2.2453250560792,4323,4,0,1,1,2,NA,NA,NA,NA,NA
22099114,17.8787440435157,6112,3,4,1,1,1,NA,NA,NA,NA,NA
330773455,3.63733547255337,2248,5,3,2,2,NA,2,NA,NA,NA,NA
33001328,4.00611018786579,8112,0,0,2,1,16,NA,NA,NA,NA,NA
22077558,32.4237494882581,7119,0,2,2,1,20,NA,NA,NA,NA,NA
44012440,5.54013214292018,9412,2,1,1,1,15,NA,NA,NA,NA,NA
341555501,28.0884053340588,2161,5,2,2,1,2,NA,NA,NA,NA,NA
16511345,11.4391350739138,5321,2,0,1,1,5,NA,NA,NA,NA,NA
220016523,5.12698803227856,3123,4,2,2,1,2,NA,NA,NA,NA,NA
55099888,4.66906230883171,3422,5,2,1,1,2,NA,NA,NA,NA,NA
33034451,1,2310,6,2,1,1,65,NA,NA,NA,NA,NA
22077131,15.0211478886385,2422,5,2,2,1,1,NA,NA,NA,NA,NA
44088345,7.47445554885214,2341,5,0,1,1,3,NA,NA,NA,NA,NA
34177884,5.02331052128334,5131,2,0,2,1,1,NA,NA,NA,NA,NA
1199123,17.0012048076737,2144,5,NA,1,1,3,NA,NA,NA,NA,NA
24244557,31.7496431070843,7212,2,1,1,1,4,NA,NA,NA,NA,NA
44077888,6.13896215578772,9412,4,1,1,1,1,NA,NA,NA,NA,NA
101277669,21.6344070654774,3122,0,5,2,1,4,NA,NA,NA,NA,NA
55044342,3.54837053120246,4416,2,1,1,1,5,NA,NA,NA,NA,NA
35211346,36.5300984902798,4411,3,0,1,1,1,NA,NA,NA,NA,NA
231773433,2.83255681266876,2342,5,0,1,1,3,NA,NA,NA,NA,NA
770887701,9.52489085806869,4321,3,0,1,1,1,NA,NA,NA,NA,NA
93511348,9.04947376143623,5411,2,3,1,1,3,NA,NA,NA,NA,NA
660660111,4.46708996366323,5414,2,1,1,1,2,NA,NA,NA,NA,NA
561667701,9.52489085806869,8350,0,0,1,1,2,NA,NA,NA,NA,NA
78188667,11.4287913093968,5223,2,0,2,1,1,NA,NA,NA,NA,NA
67188331,4.18840552816858,3343,4,0,2,1,1,NA,NA,NA,NA,NA
33099344,3.04058815363088,2341,5,0,1,1,3,NA,NA,NA,NA,NA
22012220,1,8341,0,0,1,1,20,NA,NA,NA,NA,NA
440661233,6.0979201785786,3143,3,2,1,1,1,NA,NA,NA,NA,NA
77088771,5.18372817016438,3343,4,2,1,1,1,NA,NA,NA,NA,NA
121881145,10.1197107710232,6121,0,1,1,1,1,NA,NA,NA,NA,NA
550123234,57.4653099581732,2142,5,5,2,1,9,NA,NA,NA,NA,NA
220669956,4.04702086646765,2423,4,1,1,1,1,NA,NA,NA,NA,NA
440996667,5.64116086302934,5223,2,0,2,1,1,NA,NA,NA,NA,NA
22023766,1,5223,3,1,1,1,35,NA,NA,NA,NA,NA
5507711013,28.2854849989094,7541,2,0,1,1,2,NA,NA,NA,NA,NA
495778834,87.5598207598285,5131,2,0,2,1,2,NA,NA,NA,NA,NA
66088444,3.2825743931432,3123,5,4,1,1,1,NA,NA,NA,NA,NA
880773477,5.34290126427455,2221,5,0,1,1,1,NA,NA,NA,NA,NA
23101877,3.28705178872377,4321,0,1,1,1,22,NA,NA,NA,NA,NA
5506677554,14.7227422316396,4323,5,0,1,1,6,NA,NA,NA,NA,NA
45177126,28.7181252781852,9329,0,0,1,1,1,NA,NA,NA,NA,NA
330017645,5.11925815814655,5223,0,1,2,1,1,NA,NA,NA,NA,NA
220018745,2.18183982102448,8350,1,5,1,1,4,NA,NA,NA,NA,NA
23166348,9.04947376143625,2635,5,1,1,1,2,NA,NA,NA,NA,NA
56177889,10.7068218908321,9412,4,2,1,1,2,NA,NA,NA,NA,NA
22099779,14.1136507463825,8332,0,6,1,1,1,NA,NA,NA,NA,NA
990887767,3.89141327964785,8332,2,3,1,1,2,NA,NA,NA,NA,NA
22077336,12.7070854301968,7512,1,0,2,1,1,NA,NA,NA,NA,NA
66001121,5.35480683456073,3323,4,0,1,1,1,NA,NA,NA,NA,NA
35277130,28.3262895606989,5243,0,1,2,1,2,NA,NA,NA,NA,NA
34166883,3.39768883088714,4226,2,0,1,1,1,NA,NA,NA,NA,NA
66099444,1.60095289145395,3113,4,2,1,1,1,NA,NA,NA,NA,NA
2266886,17.8979195718987,5131,2,0,2,1,4,NA,NA,NA,NA,NA
330888856,2.2233740864553,3343,0,0,1,1,1,NA,NA,NA,NA,NA
99088124,4.16172064943489,8343,2,3,1,1,10,NA,NA,NA,NA,NA
69311350,10.6093860452297,2320,5,1,1,1,40,NA,NA,NA,NA,NA
77012770,12.5748642684542,5230,0,2,2,1,12,NA,NA,NA,NA,NA
220551156,4.4086649204006,9211,3,0,2,1,1,NA,NA,NA,NA,NA
77077884,5.02331052128334,5131,3,3,1,1,3,NA,NA,NA,NA,NA
88044559,61.8329989886565,7131,0,1,1,1,1,NA,NA,NA,NA,NA
66066447,5.76130055397437,4110,4,1,1,1,2,NA,NA,NA,NA,NA
440129823,1.59754822154648,4224,3,1,1,1,14,NA,NA,NA,NA,NA
572778867,2.21584836780982,5246,2,0,2,1,8,NA,NA,NA,NA,NA
440778801,10.0540792660816,5131,2,5,2,1,2,NA,NA,NA,NA,NA
22023983,1,8322,2,2,1,1,4,NA,NA,NA,NA,NA
33055348,9.04947376143623,9112,0,0,2,1,1,NA,NA,NA,NA,NA
11883367,3.62996180403925,7125,0,10,1,2,NA,1,NA,NA,NA,NA
902776645,5.11925815814655,9211,0,0,2,1,100,NA,NA,NA,NA,NA
68266889,10.7068218908321,9411,3,3,1,1,1,NA,NA,NA,NA,NA
220330177,2.48919632647864,4321,2,2,1,1,4,NA,NA,NA,NA,NA
330993466,2.37414721167236,3221,4,1,1,1,1,NA,NA,NA,NA,NA
25377667,11.4287913093968,9211,1,3,2,1,24,NA,NA,NA,NA,NA
220993433,1.79800552387734,5312,4,0,1,1,3,NA,NA,NA,NA,NA
55099339,16.8017324042206,8172,3,0,1,1,1,NA,NA,NA,NA,NA
11775567,17.5445050393423,7126,2,5,1,1,5,NA,NA,NA,NA,NA
56177887,5.57879253831152,9622,4,2,1,1,2,NA,NA,NA,NA,NA
330991123,5.34390853706442,1311,5,3,2,1,1,NA,NA,NA,NA,NA
57277884,5.02331052128334,9112,0,0,1,1,1,NA,NA,NA,NA,NA
275771134,79.9182862727064,6112,1,0,2,1,6,NA,NA,NA,NA,NA
56177120,18.8571497898326,9215,0,0,1,1,32,NA,NA,NA,NA,NA
55088342,3.54837053120246,5312,5,2,1,1,1,NA,NA,NA,NA,NA
22088344,3.04058815363088,9112,2,0,1,1,2,NA,NA,NA,NA,NA
77088331,4.18840552816857,7233,3,2,2,1,1,NA,NA,NA,NA,NA
66088344,5.03215123785774,2411,5,5,1,2,NA,2,5,6,9,NA
22044667,11.4287913093968,5246,2,0,1,1,15,NA,NA,NA,NA,NA
44055351,9.46300993854909,4110,4,3,1,1,5,NA,NA,NA,NA,NA
440882245,3.8464059039183,8342,0,2,1,1,5,NA,NA,NA,NA,NA
11124334,69.9059807061057,9329,2,0,2,1,2,NA,NA,NA,NA,NA
770558823,3.78015522531299,5131,0,1,1,1,1,NA,NA,NA,NA,NA
330666623,4.31938026576803,7231,3,2,1,1,1,NA,NA,NA,NA,NA
550997767,2.95966168401303,8332,1,3,1,1,2,NA,NA,NA,NA,NA
121665512,6.00511406216661,7212,1,5,2,1,2,NA,NA,NA,NA,NA
12188336,12.7070854301968,7119,3,0,2,1,2,NA,NA,NA,NA,NA
22077351,22.3915910543013,5311,1,0,1,1,1,NA,NA,NA,NA,NA
693113466,3.92919633519165,9112,0,0,2,1,1,NA,NA,NA,NA,NA
66099337,8.04017439763438,8322,2,1,1,1,5,NA,NA,NA,NA,NA
22099888,4.66906230883171,4321,2,0,1,1,2,NA,NA,NA,NA,NA
23155999,4.01755510457195,2151,5,5,1,1,1,NA,NA,NA,NA,NA
89155128,14.3633132974849,1212,2,1,1,1,3,NA,NA,NA,NA,NA
22099125,15.9827479174487,9312,0,0,1,1,1,NA,NA,NA,NA,NA
18711351,14.2133793129833,2635,5,2,2,1,4,NA,NA,NA,NA,NA
67177774,3.74780012609433,9333,2,0,2,1,2,NA,NA,NA,NA,NA
121887712,1.59140111631994,8350,0,0,2,1,3,NA,NA,NA,NA,NA
275113466,2.37414721167236,3612,4,2,1,1,5,NA,NA,NA,NA,NA
79266884,5.02331052128334,5131,2,3,1,1,1,NA,NA,NA,NA,NA
55012549,4.60058491836551,3122,5,2,1,1,1,NA,NA,NA,NA,NA
550885545,6.75813782208289,3313,4,2,1,1,1,NA,NA,NA,NA,NA
78166015,4.61789358648056,3343,2,0,1,1,1,NA,NA,NA,NA,NA
77001763,4.52723425516123,9112,2,0,2,1,1,NA,NA,NA,NA,NA
103411349,4.85355384649436,5312,2,0,1,1,20,NA,NA,NA,NA,NA
23112119,3.34597568865511,7119,0,0,2,1,1,NA,NA,NA,NA,NA
77077114,17.8787440435157,6112,3,0,2,1,2,NA,NA,NA,NA,NA
440776623,4.31938026576803,4321,2,0,1,1,2,NA,NA,NA,NA,NA
66077554,34.6636746080955,3123,5,5,1,1,1,NA,NA,NA,NA,NA
22023768,1,7515,0,0,2,1,100,NA,NA,NA,NA,NA
34188774,3.74780012609433,4323,0,1,2,1,1,NA,NA,NA,NA,NA
44077124,6.8876173488553,2243,5,3,1,1,1,NA,NA,NA,NA,NA
56155128,14.3633132974849,3123,2,2,1,1,4,NA,NA,NA,NA,NA
220995512,6.00511406216661,8332,0,2,1,1,4,NA,NA,NA,NA,NA
990443301,11.2255998614226,7212,0,1,1,1,2,NA,NA,NA,NA,NA
2209933992,8.32124240624532,5132,3,0,2,1,3,NA,NA,NA,NA,NA
55044114,17.8787440435157,3123,3,1,2,1,2,NA,NA,NA,NA,NA
23188342,3.54837053120246,9112,2,0,2,1,1,NA,NA,NA,NA,NA
23199667,11.4287913093968,7511,0,5,1,2,NA,1,2,4,5,8
1188883,2.0529932270711,5230,0,0,2,1,4,NA,NA,NA,NA,NA
22034450,1,2635,5,3,2,1,2,NA,NA,NA,NA,NA
55034437,3.60652676089592,7214,0,1,1,1,20,NA,NA,NA,NA,NA
33012120,4.61877666218049,7411,3,2,1,1,100,NA,NA,NA,NA,NA
33001436,12.7070854301968,9211,4,2,1,1,8,NA,NA,NA,NA,NA
33001983,2.0529932270711,3422,5,NA,1,1,1,NA,NA,NA,NA,NA
56188777,7.32795606064763,4110,2,1,1,1,1,NA,NA,NA,NA,NA
22088337,8.04017439763438,7412,3,1,1,1,2,NA,NA,NA,NA,NA
24266890,12.8797783942311,9412,0,0,2,1,1,NA,NA,NA,NA,NA
330881222,2.84121619791885,5223,4,0,1,1,1,NA,NA,NA,NA,NA
451661277,4.75313536812026,5414,0,1,1,1,2,NA,NA,NA,NA,NA
330993334,231.669315520792,7233,5,5,1,1,1,NA,NA,NA,NA,NA
78112761,8.91560005738092,5223,5,1,2,2,NA,1,2,NA,NA,NA
22012449,8.22945122640888,4110,0,0,1,1,8,NA,NA,NA,NA,NA
33012321,2.45904439056947,7231,3,3,1,1,622,NA,NA,NA,NA,NA
451776645,5.11925815814655,2512,5,2,1,1,1,NA,NA,NA,NA,NA
583113444,258.866416475489,2342,5,2,1,1,1,NA,NA,NA,NA,NA
33001449,8.22945122640888,4321,4,0,2,1,2,NA,NA,NA,NA,NA
660991167,10.1249735724033,9211,0,0,2,1,600,NA,NA,NA,NA,NA
88088883,3.39768883088714,5230,3,1,1,1,1,NA,NA,NA,NA,NA
660996601,16.3994932203155,8172,2,0,2,1,1,NA,NA,NA,NA,NA
44022663,4.52723425516123,2634,5,1,1,1,2,NA,NA,NA,NA,NA
88088125,10.4433017081777,2243,5,0,1,1,2,NA,NA,NA,NA,NA
1001668812,3.20383500566392,3323,2,3,1,1,1,NA,NA,NA,NA,NA
55055130,28.3262895606989,4313,5,3,1,1,1,NA,NA,NA,NA,NA
660886656,3.84563853409296,5223,2,0,1,1,2,NA,NA,NA,NA,NA
2208801113,4.46708996366324,9333,0,0,2,1,15,NA,NA,NA,NA,NA
22088443,4.42094934397458,9611,2,3,1,1,1,NA,NA,NA,NA,NA
781665501,28.0884053340587,3123,5,5,2,1,1,NA,NA,NA,NA,NA
550998823,2.39950702694744,5230,3,0,2,1,1,NA,NA,NA,NA,NA
330886601,16.3994932203154,5230,2,0,2,2,NA,6,7,NA,NA,NA
33012660,1,7119,0,1,1,1,15,NA,NA,NA,NA,NA
44088991,5.93214576460398,7422,2,1,1,1,1,NA,NA,NA,NA,NA
33066664,9.07687591121961,8131,3,5,1,1,1,NA,NA,NA,NA,NA
44001873,2.02512187695574,3122,4,5,1,2,NA,2,8,NA,NA,NA
440012167,17.1674156335887,8341,0,2,1,1,7,NA,NA,NA,NA,NA
3306613092,15.0211478886385,5131,3,2,1,1,2,NA,NA,NA,NA,NA
45155780,7.86632675576514,8322,2,0,1,1,1,NA,NA,NA,NA,NA
473881134,79.9182862727064,8341,2,0,1,1,2,NA,NA,NA,NA,NA
440124444,78.1126783014563,2247,5,1,1,1,2,NA,NA,NA,NA,NA
33001654,22.6496228380874,3123,5,10,1,1,2,NA,NA,NA,NA,NA
44077666,27.0840741567653,9333,2,1,1,1,1,NA,NA,NA,NA,NA
660127612,1,3343,4,2,2,2,NA,1,2,NA,NA,NA
671668812,3.20383500566392,9412,0,0,2,1,2,NA,NA,NA,NA,NA
341778834,87.5598207598285,9412,2,0,2,1,2,NA,NA,NA,NA,NA
23177560,51.3230634997549,3313,3,3,1,1,1,NA,NA,NA,NA,NA
68201761,8.91560005738092,5151,3,3,1,1,1,NA,NA,NA,NA,NA
88066559,61.8329989886565,3122,4,0,1,1,1,NA,NA,NA,NA,NA
55077129,16.3994608559366,7515,5,1,1,1,1,NA,NA,NA,NA,NA
58377886,11.6946957434009,7512,3,1,1,1,1,NA,NA,NA,NA,NA
440996645,5.11925815814655,4321,3,0,2,1,1,NA,NA,NA,NA,NA
891771233,6.0979201785786,4221,4,3,1,1,2,NA,NA,NA,NA,NA
89188777,5.57336607968624,8332,2,2,1,1,2,NA,NA,NA,NA,NA
3366557,24.1475770966248,9313,0,1,1,1,21,NA,NA,NA,NA,NA
132668823,3.78015522531299,5131,2,1,2,1,3,NA,NA,NA,NA,NA
55099443,2.67128024729517,8332,2,3,1,1,2,NA,NA,NA,NA,NA
121113444,258.866416475489,2352,5,NA,NA,2,NA,1,2,3,8,10
68211122,7.76553992713583,8112,2,1,1,1,5,NA,NA,NA,NA,NA
66099557,24.1475770966248,8342,2,3,1,1,4,NA,NA,NA,NA,NA
45155888,6.13896215578772,9412,3,1,2,1,1,NA,NA,NA,NA,NA
22023218,1,8344,2,1,1,1,10,NA,NA,NA,NA,NA
88055339,16.8017324042206,5230,0,1,1,1,1,NA,NA,NA,NA,NA
5508855552,29.634096081514,2243,5,3,1,1,2,NA,NA,NA,NA,NA
77077450,5.23370769244726,9611,0,0,2,1,1,NA,NA,NA,NA,NA
671993334,231.669315520792,7233,4,5,1,1,1,NA,NA,NA,NA,NA
44044119,26.9298226643207,9211,0,0,1,1,4,NA,NA,NA,NA,NA
89177663,4.52723425516123,8332,2,1,1,2,NA,5,NA,NA,NA,NA
11342244,1,2423,5,3,1,1,29,NA,NA,NA,NA,NA
440993422,2.48926708471777,2642,5,1,1,1,1,NA,NA,NA,NA,NA
66077774,3.74780012609433,3343,2,0,1,1,1,NA,NA,NA,NA,NA
13277887,5.57879253831153,5230,2,1,2,1,1,NA,NA,NA,NA,NA
22012433,1.79223314641399,7412,4,5,1,1,6,NA,NA,NA,NA,NA
330346523,1,7115,0,5,1,1,5,NA,NA,NA,NA,NA
220991233,3.87074113260851,3511,0,2,1,1,2,NA,NA,NA,NA,NA
1188882,8.15889662339701,5132,3,3,1,1,2,NA,NA,NA,NA,NA
55055997,3.90278568342011,7422,4,1,1,1,1,NA,NA,NA,NA,NA
781667701,9.52489085806869,3522,4,1,1,1,15,NA,NA,NA,NA,NA
34111350,23.6519287699075,2634,5,1,1,1,1,NA,NA,NA,NA,NA
451557701,9.52489085806869,8331,3,5,1,1,7,NA,NA,NA,NA,NA
66012767,11.4287913093968,5223,2,0,1,1,2,NA,NA,NA,NA,NA
100177122,7.76553992713583,7231,4,1,1,1,1,NA,NA,NA,NA,NA
12101768,10.4791071354881,4321,0,0,1,1,3,NA,NA,NA,NA,NA
15477331,4.18840552816858,7223,1,0,2,1,1,NA,NA,NA,NA,NA
89177667,11.4287913093968,4321,5,2,2,1,1,NA,NA,NA,NA,NA
3309955332,7.1849933524850504,8111,2,10,1,1,2,NA,NA,NA,NA,NA
1001885534,815.917781369119,7115,0,1,1,1,1,NA,NA,NA,NA,NA
88088780,7.86632675576513,8189,2,1,1,1,1,NA,NA,NA,NA,NA
22023659,1,7112,2,1,1,1,400,NA,NA,NA,NA,NA
1111346,36.5300984902798,2342,5,0,1,2,NA,1,2,3,NA,NA
330663477,5.34290126427455,3251,4,0,1,1,2,NA,NA,NA,NA,NA
66012768,10.4791071354881,4311,3,0,2,1,1,NA,NA,NA,NA,NA
100166339,16.8017324042206,4321,0,0,1,1,1,NA,NA,NA,NA,NA
660127667,4.29045348305249,4321,3,0,1,1,1,NA,NA,NA,NA,NA
3307755552,45.3529257956236,7115,0,0,1,1,1,NA,NA,NA,NA,NA
66099350,17.9887620005335,2242,5,0,1,1,1,NA,NA,NA,NA,NA
46266890,12.8797783942311,3521,3,2,2,1,15,NA,NA,NA,NA,NA
132776656,3.84563853409296,5245,2,1,1,1,9,NA,NA,NA,NA,NA
220014466,2.37414721167236,2351,5,1,1,1,10,NA,NA,NA,NA,NA
88001763,4.52723425516123,9333,2,0,2,1,2,NA,NA,NA,NA,NA
561887701,6.0460592707409,9333,2,2,1,1,2,NA,NA,NA,NA,NA
44012324,3.24867467744887,3121,4,0,1,1,1,NA,NA,NA,NA,NA
3309911882,20.4818040565633,8341,3,2,1,1,3,NA,NA,NA,NA,NA
77088345,11.4391350739138,4226,2,1,1,1,1,NA,NA,NA,NA,NA
671113411,11.6878087424019,5312,4,0,1,1,3,NA,NA,NA,NA,NA
220441123,5.34390853706443,7544,0,0,1,1,4,NA,NA,NA,NA,NA
3300165552,22.1191933502152,9313,0,0,1,1,5,NA,NA,NA,NA,NA
88088340,13.1091876830554,7512,3,0,1,1,1,NA,NA,NA,NA,NA
440998801,4.24899917952074,9412,1,0,2,1,2,NA,NA,NA,NA,NA
231666667,5.64116086302934,4321,3,3,2,1,8,NA,NA,NA,NA,NA
440019834,26.4210870002648,9613,2,1,1,1,2,NA,NA,NA,NA,NA
220126501,11.8705659722709,2142,5,5,1,1,10,NA,NA,NA,NA,NA
44034877,3.28705178872377,2141,5,2,1,1,8,NA,NA,NA,NA,NA
990885512,3.81183113680117,8322,2,0,1,1,20,NA,NA,NA,NA,NA
34188119,20.4818040565633,3123,2,0,1,1,2,NA,NA,NA,NA,NA
341113422,2.48926708471777,2352,5,0,2,1,1,NA,NA,NA,NA,NA
220993411,7.41900200796358,5312,2,0,1,1,2,NA,NA,NA,NA,NA
22099346,23.8691645475402,2342,5,5,1,1,1,NA,NA,NA,NA,NA
25377130,21.5439039337003,9622,0,0,2,1,9,NA,NA,NA,NA,NA
89188666,27.0840741567653,9334,2,1,1,1,1,NA,NA,NA,NA,NA
23101432,4.17920775549524,2142,5,5,1,1,1,NA,NA,NA,NA,NA
38511349,10.8202217704964,9112,0,1,2,1,2,NA,NA,NA,NA,NA
56188774,3.74780012609433,7231,3,0,1,1,3,NA,NA,NA,NA,NA
55012324,3.24867467744887,8111,2,2,1,1,54,NA,NA,NA,NA,NA
1001887767,2.95966168401303,8332,2,0,1,1,8,NA,NA,NA,NA,NA
12188558,24.6602769010231,3123,5,5,1,1,1,NA,NA,NA,NA,NA
47377336,12.7070854301968,7233,3,0,1,1,1,NA,NA,NA,NA,NA
220772267,3.14212620605549,8342,3,0,1,1,1,NA,NA,NA,NA,NA
330776656,3.84563853409296,5223,2,1,1,1,2,NA,NA,NA,NA,NA
902113477,4.06360851879736,9112,2,0,1,1,2,NA,NA,NA,NA,NA
33113477,4.06360851879736,2330,5,0,1,1,3,NA,NA,NA,NA,NA
13211342,5.8725273725894,3611,4,0,1,1,1,NA,NA,NA,NA,NA
46211351,22.3915910543013,5312,4,0,1,1,2,NA,NA,NA,NA,NA
11668812,3.20383500566392,5131,2,0,2,1,4,NA,NA,NA,NA,NA
440883301,11.2255998614226,7512,3,1,1,1,1,NA,NA,NA,NA,NA
55011347,36.5300984902798,5312,3,0,1,1,2,NA,NA,NA,NA,NA
220775512,6.00511406216661,7115,0,0,2,1,3,NA,NA,NA,NA,NA
22066348,9.04947376143623,3611,3,1,1,1,1,NA,NA,NA,NA,NA
770012101,11.9538546864424,7541,0,0,1,1,10,NA,NA,NA,NA,NA
66044338,8.08177884659016,7125,0,1,2,1,1,NA,NA,NA,NA,NA
88066333,4.03800303779987,5223,0,1,1,1,4,NA,NA,NA,NA,NA
4407733554,12.7070854301968,5223,3,1,1,1,3,NA,NA,NA,NA,NA
22012988,2.75371281815603,9412,1,2,1,1,150,NA,NA,NA,NA,NA
7811134654,36.5300984902798,2342,5,0,1,1,2,NA,NA,NA,NA,NA
22055130,28.3262895606988,3521,4,1,1,1,1,NA,NA,NA,NA,NA
44023659,27.7360110030266,9112,0,2,1,1,8,NA,NA,NA,NA,NA
77001437,6.11505239546658,7233,4,1,1,1,4,NA,NA,NA,NA,NA
99088123,17.0012048076737,2411,5,5,1,1,1,NA,NA,NA,NA,NA
88077351,22.3915910543013,9112,2,0,1,1,2,NA,NA,NA,NA,NA
143119934,25.2871145670537,4321,3,2,1,1,5,NA,NA,NA,NA,NA
77066447,5.76130055397437,9623,0,0,1,1,1,NA,NA,NA,NA,NA
220885545,10.6466910555505,9313,3,0,1,1,1,NA,NA,NA,NA,NA
33088348,6.88268729828353,2330,5,0,1,1,1,NA,NA,NA,NA,NA
770342244,1,9334,1,1,1,1,1,NA,NA,NA,NA,NA
99099130,21.5439039337002,2243,4,5,1,1,3,NA,NA,NA,NA,NA
78155557,31.7496431070843,3113,3,1,1,1,6,NA,NA,NA,NA,NA
990775523,8.07699680921145,7411,4,1,2,1,1,NA,NA,NA,NA,NA
660771112,4.83847753256889,3142,3,2,1,1,4,NA,NA,NA,NA,NA
44001324,3.24867467744887,8113,2,2,2,1,20,NA,NA,NA,NA,NA
121881255,3.69113378472407,4416,3,1,1,1,1,NA,NA,NA,NA,NA
44012876,9.62000025845905,2421,5,2,1,1,10,NA,NA,NA,NA,NA
79266130,21.5439039337002,8332,1,5,1,1,3,NA,NA,NA,NA,NA
33012658,14.5441024578265,9313,3,0,2,1,200,NA,NA,NA,NA,NA
121778856,2.2233740864553,5131,2,0,1,1,1,NA,NA,NA,NA,NA
330014411,4.93943686364191,2341,5,14,1,1,7,NA,NA,NA,NA,NA
23188129,7.35619546493945,3341,4,2,1,2,NA,8,NA,NA,NA,NA
47377334,2.50663922370614,7214,2,0,1,1,59,NA,NA,NA,NA,NA
23166557,31.7496431070843,3123,3,2,1,1,2,NA,NA,NA,NA,NA
88066116,16.0265049012021,9211,0,0,2,1,1,NA,NA,NA,NA,NA
121881167,17.1674156335887,9211,0,0,2,1,10,NA,NA,NA,NA,NA
121998834,26.4210870002648,9412,3,2,2,1,10,NA,NA,NA,NA,NA
231778845,3.40023402834294,3221,3,2,1,1,1,NA,NA,NA,NA,NA
231881101,28.2854849989094,6121,3,0,2,1,2,NA,NA,NA,NA,NA
880994401,2.96512571382148,3114,3,2,2,1,1,NA,NA,NA,NA,NA
11881167,17.1674156335887,8322,3,0,1,1,1,NA,NA,NA,NA,NA
90277126,18.7647360968455,7126,3,3,1,1,6,NA,NA,NA,NA,NA
440558867,2.91343494114822,9412,2,0,1,1,1,NA,NA,NA,NA,NA
100177340,13.1091876830554,3122,5,0,1,1,1,NA,NA,NA,NA,NA
45177888,6.13896215578772,5131,0,0,1,1,2,NA,NA,NA,NA,NA
44099663,4.52723425516123,5223,2,0,1,1,2,NA,NA,NA,NA,NA
22001450,17.9887620005335,9112,2,2,1,2,NA,5,6,9,NA,NA
671776667,5.64116086302934,9334,3,0,1,1,1,NA,NA,NA,NA,NA
220124433,1.79800552387734,2221,5,0,2,1,6,NA,NA,NA,NA,NA
220344466,1,2421,5,1,1,1,26,NA,NA,NA,NA,NA
33001877,5.57336607968624,4321,4,2,1,1,2,NA,NA,NA,NA,NA
44066348,6.88268729828353,2634,5,0,1,1,2,NA,NA,NA,NA,NA
22077993,3.24887610795061,2243,5,2,1,2,NA,1,4,6,NA,NA
66022348,4.05926136406294,2221,5,1,1,1,10,NA,NA,NA,NA,NA
99099015,4.61789358648057,2411,5,6,1,1,2,NA,NA,NA,NA,NA
132665501,28.0884053340587,7115,1,0,1,1,5,NA,NA,NA,NA,NA
187773334,231.669315520792,3214,4,4,1,1,1,NA,NA,NA,NA,NA
23166337,8.04017439763438,7231,4,0,1,1,1,NA,NA,NA,NA,NA
33099118,56.3630221236528,8341,0,0,1,1,1,NA,NA,NA,NA,NA
330881277,4.75313536812026,4321,0,0,1,1,1,NA,NA,NA,NA,NA
132885534,815.917781369119,7119,3,2,2,1,8,NA,NA,NA,NA,NA
121775512,3.81183113680117,3257,4,2,1,1,2,NA,NA,NA,NA,NA
56199018,3.79532945947425,4323,1,0,1,1,3,NA,NA,NA,NA,NA
55099227,5.07775642045199,9311,0,0,2,1,2,NA,NA,NA,NA,NA
34101767,8.69230618857933,5223,2,0,1,1,10,NA,NA,NA,NA,NA
440996656,3.84563853409296,4321,1,0,1,1,1,NA,NA,NA,NA,NA
330997712,2.50707465236255,3151,1,0,1,1,2,NA,NA,NA,NA,NA
102311349,8.22945122640888,5312,3,0,1,1,3,NA,NA,NA,NA,NA
7707733554,12.7070854301968,7512,2,0,2,1,2,NA,NA,NA,NA,NA
34177340,13.1091876830554,7112,0,0,2,1,5,NA,NA,NA,NA,NA
22012444,3.04058815363088,2221,5,3,1,1,20,NA,NA,NA,NA,NA
55001223,10.2726765337983,2141,5,5,1,1,2,NA,NA,NA,NA,NA
99012764,5.93092966229354,5223,4,1,1,1,3,NA,NA,NA,NA,NA
44099442,3.46201747387135,8343,4,4,1,1,3,NA,NA,NA,NA,NA
56112767,5.12653577690573,8344,0,1,1,1,10,NA,NA,NA,NA,NA
440779945,1.99406078025323,3343,4,3,1,1,1,NA,NA,NA,NA,NA
33345434,38.3709232495538,3132,2,1,2,1,7,NA,NA,NA,NA,NA
68277337,8.04017439763438,7132,0,1,1,1,1,NA,NA,NA,NA,NA
37411348,6.88268729828353,5312,2,0,2,1,1,NA,NA,NA,NA,NA
27511347,36.5300984902799,9112,0,0,1,1,1,NA,NA,NA,NA,NA
101266887,5.57879253831152,8157,2,0,1,1,1,NA,NA,NA,NA,NA
93511344,3.04058815363088,2635,5,3,1,1,6,NA,NA,NA,NA,NA
330775512,6.00511406216661,8342,2,0,1,1,2,NA,NA,NA,NA,NA
99099224,3.24867467744887,8113,0,NA,1,1,28,NA,NA,NA,NA,NA
91377336,12.7070854301968,5230,1,1,1,1,4,NA,NA,NA,NA,NA
1001011144,46.359425082256,2413,5,2,2,1,1,NA,NA,NA,NA,NA
11558812,3.20383500566392,5131,0,0,2,1,2,NA,NA,NA,NA,NA
440990133,2.94636350302331,2411,5,0,2,1,2,NA,NA,NA,NA,NA
1178000,4.31787800363785,2141,5,10,2,1,1,NA,NA,NA,NA,NA
220016512,1,7115,0,0,2,1,35,NA,NA,NA,NA,NA
330995512,3.81183113680117,7115,1,0,2,1,1,NA,NA,NA,NA,NA
462775501,17.8295127997664,7112,1,5,1,1,25,NA,NA,NA,NA,NA
231888834,87.5598207598285,3434,3,2,1,1,5,NA,NA,NA,NA,NA
440991145,10.1197107710232,8342,1,1,1,1,1,NA,NA,NA,NA,NA
66077131,15.0211478886385,8342,3,2,1,1,6,NA,NA,NA,NA,NA
12188333,2.43989173232533,7233,2,3,1,1,160,NA,NA,NA,NA,NA
55011342,5.8725273725894,2634,4,0,1,1,1,NA,NA,NA,NA,NA
44099884,3.28228585088011,5131,0,0,2,1,3,NA,NA,NA,NA,NA
550667712,2.50707465236255,9333,0,0,2,1,3,NA,NA,NA,NA,NA
550888856,1.343434366103,9112,1,0,1,1,1,NA,NA,NA,NA,NA
34188882,8.15889662339701,9412,3,NA,1,1,2,NA,NA,NA,NA,NA
550127645,3.24952156487532,9334,2,1,2,1,16,NA,NA,NA,NA,NA
22001324,3.24867467744887,2143,5,1,1,1,1,NA,NA,NA,NA,NA
67199668,10.4791071354881,2132,5,2,2,1,1,NA,NA,NA,NA,NA
990773312,2.0096822241167,7114,2,0,2,1,1,NA,NA,NA,NA,NA
22001451,14.2133793129833,1349,5,0,1,1,18,NA,NA,NA,NA,NA
33034651,1,7112,2,3,1,1,70,NA,NA,NA,NA,NA
99077347,36.5300984902798,2221,5,0,1,1,1,NA,NA,NA,NA,NA
440883433,1.79800552387734,9112,2,0,2,1,12,NA,NA,NA,NA,NA
44023439,12.7787618657435,8344,2,2,1,1,2,NA,NA,NA,NA,NA
132771244,462.07424844616,2166,5,2,1,1,1,NA,NA,NA,NA,NA
682771233,3.87074113260851,7115,3,2,2,1,10,NA,NA,NA,NA,NA
12177449,6.04892692370184,8342,0,2,1,1,2,NA,NA,NA,NA,NA
826213444,258.86641647549,9112,0,1,1,1,5,NA,NA,NA,NA,NA
55012767,11.4287913093968,5223,2,0,1,1,2,NA,NA,NA,NA,NA
440124367,2.76081158535236,6121,1,0,2,1,7,NA,NA,NA,NA,NA
660773411,7.41900200796358,3611,4,0,1,1,2,NA,NA,NA,NA,NA
220235401,2.96512571382147,3313,4,1,1,1,2,NA,NA,NA,NA,NA
89177560,32.5780408929994,7115,0,1,2,1,5,NA,NA,NA,NA,NA
660773323,3.67100582805091,8160,2,1,1,1,2,NA,NA,NA,NA,NA
13266890,12.8797783942311,5131,0,1,2,1,1,NA,NA,NA,NA,NA
12188887,4.24301849537621,9412,2,1,1,1,2,NA,NA,NA,NA,NA
44099449,6.04892692370184,9329,0,0,2,2,NA,1,2,5,6,8
45188339,16.8017324042206,5246,2,0,1,1,5,NA,NA,NA,NA,NA
34111349,10.8202217704964,5312,3,0,2,1,1,NA,NA,NA,NA,NA
56188889,8.1432035691453,1412,2,1,1,1,1,NA,NA,NA,NA,NA
4407733013,11.2255998614226,7212,0,4,2,1,1,NA,NA,NA,NA,NA
56177339,16.8017324042206,3122,4,2,1,1,2,NA,NA,NA,NA,NA
220014455,3.63733547255337,2359,5,5,1,1,1,NA,NA,NA,NA,NA
770885523,8.07699680921145,7114,0,5,2,1,2,NA,NA,NA,NA,NA
33077118,56.3630221236528,8341,2,0,1,1,3,NA,NA,NA,NA,NA
66066013,3.67872007090204,9112,0,1,2,1,1,NA,NA,NA,NA,NA
24277020,4.61877666218049,8172,0,5,2,2,NA,1,5,NA,NA,NA
79288667,11.4287913093968,7231,4,2,NA,1,1,NA,NA,NA,NA,NA
550668834,87.5598207598285,9412,0,0,2,1,5,NA,NA,NA,NA,NA
44034119,1.50088173037544,2141,5,2,2,1,4,NA,NA,NA,NA,NA
88088553,7.1849933524850504,7212,3,5,1,1,2,NA,NA,NA,NA,NA
891775556,6.86700426264657,7131,0,1,1,1,4,NA,NA,NA,NA,NA
45188552,17.5757391178205,9312,3,3,1,1,3,NA,NA,NA,NA,NA
88088670,19.8102936720593,2230,5,0,1,1,2,NA,NA,NA,NA,NA
56188666,27.0840741567653,5230,0,0,2,1,5,NA,NA,NA,NA,NA
12155888,6.13896215578772,5131,3,0,2,1,2,NA,NA,NA,NA,NA
550771266,4.65052397813388,2421,3,1,1,1,8,NA,NA,NA,NA,NA
66012438,3.62518898774706,9321,0,0,2,1,20,NA,NA,NA,NA,NA
99088348,9.04947376143623,3221,2,1,1,1,3,NA,NA,NA,NA,NA
44099774,3.74780012609433,2133,5,0,1,1,1,NA,NA,NA,NA,NA
121883433,1.79800552387734,2330,5,0,1,1,1,NA,NA,NA,NA,NA
1122997,3.90278568342011,2511,5,0,2,1,1,NA,NA,NA,NA,NA
660127645,3.24952156487532,5230,3,1,2,1,2,NA,NA,NA,NA,NA
99022019,3.34597568865511,4225,0,0,2,1,1,NA,NA,NA,NA,NA
220996601,16.3994932203154,9333,0,0,2,1,2,NA,NA,NA,NA,NA
330337723,3.5372587568796,4323,4,2,2,1,2,NA,NA,NA,NA,NA
33001433,2.43989173232533,2243,5,3,1,1,2,NA,NA,NA,NA,NA
1188884,3.28228585088011,5131,0,0,1,1,6,NA,NA,NA,NA,NA
33088347,23.8691645475402,2352,5,1,1,1,5,NA,NA,NA,NA,NA
33023450,10.6093860452297,2211,5,2,1,1,1,NA,NA,NA,NA,NA
1177553,11.8911116421776,7212,2,1,1,1,1,NA,NA,NA,NA,NA
33099667,11.4287913093968,3323,3,0,1,1,1,NA,NA,NA,NA,NA
22023445,1,2221,5,0,1,1,38,NA,NA,NA,NA,NA
330237623,4.31938026576803,4311,4,2,1,1,2,NA,NA,NA,NA,NA
66099340,8.32124240624532,3323,4,2,1,1,1,NA,NA,NA,NA,NA
44088669,21.6344070654774,2433,4,2,1,1,2,NA,NA,NA,NA,NA
330663466,3.92919633519165,2342,5,2,1,1,5,NA,NA,NA,NA,NA
66078000,4.31787800363785,5244,2,2,2,1,1,NA,NA,NA,NA,NA
1177334,3.83623723147949,7213,0,0,2,2,NA,1,NA,NA,NA,NA
55001433,1.79223314641399,8343,5,3,1,1,6,NA,NA,NA,NA,NA
891113466,2.37414721167236,2352,5,2,1,1,1,NA,NA,NA,NA,NA
660342101,1,3122,3,1,1,1,50,NA,NA,NA,NA,NA
66034436,1,3313,4,4,1,1,1,NA,NA,NA,NA,NA
550347634,1,5222,2,3,1,1,20,NA,NA,NA,NA,NA
2288670,12.5748642684542,2611,5,0,1,1,1,NA,NA,NA,NA,NA
770113466,3.92919633519165,1345,5,2,1,1,1,NA,NA,NA,NA,NA
220992212,2.37085399095875,3313,5,2,2,1,1,NA,NA,NA,NA,NA
451122134,15.9254702021699,5411,2,4,2,1,347,NA,NA,NA,NA,NA
1101768,10.4791071354881,4110,4,2,1,1,1,NA,NA,NA,NA,NA
89111345,11.4391350739138,2330,5,2,1,1,1,NA,NA,NA,NA,NA
77088999,4.01755510457196,3512,4,3,1,1,1,NA,NA,NA,NA,NA
440121111,2.83554857378345,1221,5,5,2,1,1,NA,NA,NA,NA,NA
34177131,15.0211478886385,7212,3,0,1,1,1,NA,NA,NA,NA,NA
77077448,4.04657594733918,9312,0,0,2,1,2,NA,NA,NA,NA,NA
253113444,258.866416475489,2634,5,0,1,1,1,NA,NA,NA,NA,NA
88099779,14.1136507463825,2522,5,1,1,1,1,NA,NA,NA,NA,NA
550668812,3.20383500566392,9412,1,0,2,1,3,NA,NA,NA,NA,NA
44012763,2.73550102019893,7231,1,1,2,1,3,NA,NA,NA,NA,NA
891774434,104.566787909428,7127,4,0,1,1,1,NA,NA,NA,NA,NA
22001987,4.24301849537621,9412,3,1,1,1,2,NA,NA,NA,NA,NA
44033344,5.03215123785774,9112,0,1,1,1,1,NA,NA,NA,NA,NA
88066131,15.0211478886385,9112,0,0,1,1,2,NA,NA,NA,NA,NA
34111348,9.04947376143623,3439,4,2,1,1,4,NA,NA,NA,NA,NA
330668867,2.91343494114822,5132,0,0,1,1,4,NA,NA,NA,NA,NA
22001654,22.6496228380874,8332,2,3,1,1,13,NA,NA,NA,NA,NA
22088349,8.22945122640888,5312,3,0,1,1,3,NA,NA,NA,NA,NA
77779934,83.8018215905455,2511,5,3,2,1,1,NA,NA,NA,NA,NA
660017623,4.31938026576803,9334,2,0,2,1,5,NA,NA,NA,NA,NA
66088886,17.8979195718987,3434,1,0,2,2,NA,2,3,NA,NA,NA
68277336,12.7070854301968,5223,2,0,1,1,1,NA,NA,NA,NA,NA
363777734,234.082178741939,3313,3,2,1,1,1,NA,NA,NA,NA,NA
33012214,11.6821662441338,1311,5,3,1,1,1,NA,NA,NA,NA,NA
660123234,57.4653099581733,2144,5,5,1,1,1,NA,NA,NA,NA,NA
90211346,23.8691645475402,2248,5,0,1,1,1,NA,NA,NA,NA,NA
220123201,1.88012083417833,9312,1,0,2,1,4,NA,NA,NA,NA,NA
88044884,5.02331052128334,5131,2,0,1,1,1,NA,NA,NA,NA,NA
101288664,5.93092966229354,9412,2,0,2,1,1,NA,NA,NA,NA,NA
33001448,4.05926136406294,9112,2,1,1,1,3,NA,NA,NA,NA,NA
770127623,2.74178775262076,9333,2,0,2,1,1,NA,NA,NA,NA,NA
33088349,8.22945122640888,2359,5,0,1,1,1,NA,NA,NA,NA,NA
23188777,7.32795606064763,3343,4,1,1,1,1,NA,NA,NA,NA,NA
56177020,4.61877666218049,2330,5,3,1,1,5,NA,NA,NA,NA,NA
13288669,21.6344070654774,5245,3,1,2,1,2,NA,NA,NA,NA,NA
341663323,3.67100582805091,7411,4,0,1,1,1,NA,NA,NA,NA,NA
561994434,104.566787909428,3313,4,1,2,1,1,NA,NA,NA,NA,NA
44088351,22.3915910543013,9112,0,0,2,1,1,NA,NA,NA,NA,NA
550122101,17.95461190615,3142,5,2,2,1,1,NA,NA,NA,NA,NA
25311349,10.8202217704964,2330,5,0,1,1,1,NA,NA,NA,NA,NA
231777712,2.50707465236255,8322,2,1,1,1,2,NA,NA,NA,NA,NA
99077668,13.778107439158,5230,0,0,2,1,1,NA,NA,NA,NA,NA
440888867,2.21584836780982,5131,0,0,1,1,3,NA,NA,NA,NA,NA
22012550,3.32217002649045,3123,5,3,1,1,1,NA,NA,NA,NA,NA
11888823,2.39950702694744,5131,0,1,2,1,3,NA,NA,NA,NA,NA
56188664,9.07687591121961,8322,3,2,1,1,1,NA,NA,NA,NA,NA
68266337,8.04017439763438,7413,0,3,1,1,2,NA,NA,NA,NA,NA
440127667,5.64116086302934,4311,4,1,1,1,2,NA,NA,NA,NA,NA
45177447,5.76130055397437,9112,2,0,1,1,1,NA,NA,NA,NA,NA
341668867,2.91343494114822,3434,4,2,1,1,3,NA,NA,NA,NA,NA
99001768,13.778107439158,5223,0,0,1,1,1,NA,NA,NA,NA,NA
66099344,3.04058815363088,3343,3,0,1,1,4,NA,NA,NA,NA,NA
330773356,1.99192662405012,7512,4,2,1,1,1,NA,NA,NA,NA,NA
77077888,6.13896215578772,3434,0,3,2,1,1,NA,NA,NA,NA,NA
33012654,1,7115,0,1,2,1,45,NA,NA,NA,NA,NA
330664412,3.793366385534,8343,2,5,1,1,2,NA,NA,NA,NA,NA
59411344,5.03215123785774,2341,5,0,1,1,1,NA,NA,NA,NA,NA
55012546,2.23125793740013,3257,3,5,1,1,1,NA,NA,NA,NA,NA
220443312,2.0096822241167,3123,0,5,2,1,1,NA,NA,NA,NA,NA
22012767,11.4287913093968,5223,2,1,1,1,18,NA,NA,NA,NA,NA
4408855013,17.8295127997664,7115,0,0,1,1,20,NA,NA,NA,NA,NA
33034658,1,3123,4,2,2,1,15,NA,NA,NA,NA,NA
56188337,8.04017439763438,7411,3,0,1,1,6,NA,NA,NA,NA,NA
671771255,3.69113378472407,3122,3,5,2,1,1,NA,NA,NA,NA,NA
44066447,5.76130055397437,9329,3,0,1,1,4,NA,NA,NA,NA,NA
12199667,11.4287913093968,3343,3,0,2,1,1,NA,NA,NA,NA,NA
4407777992,7.86632675576514,8332,0,2,2,1,2,NA,NA,NA,NA,NA
36377334,2.50663922370614,4321,2,2,1,1,1,NA,NA,NA,NA,NA
5507777992,7.86632675576514,8332,0,4,1,1,1,NA,NA,NA,NA,NA
33088129,12.4728093486332,2142,5,3,1,1,1,NA,NA,NA,NA,NA
231663323,3.67100582805091,5246,2,0,2,1,8,NA,NA,NA,NA,NA
88088887,4.24301849537621,5131,0,1,1,1,7,NA,NA,NA,NA,NA
99088668,13.778107439158,4323,2,1,2,1,1,NA,NA,NA,NA,NA
440993433,1.79800552387734,5112,3,0,1,1,1,NA,NA,NA,NA,NA
44099887,4.24301849537621,4226,2,0,2,1,2,NA,NA,NA,NA,NA
33088663,4.52723425516123,5223,2,0,1,1,1,NA,NA,NA,NA,NA
330128756,3.01617970092595,7511,2,0,2,1,2,NA,NA,NA,NA,NA
990660144,153.635728563717,3257,4,1,1,1,1,NA,NA,NA,NA,NA
11771167,22.5720086639088,8341,3,2,1,1,2,NA,NA,NA,NA,NA
34101871,3.13217582716262,1219,5,5,1,2,NA,5,NA,NA,NA,NA
440443411,11.6878087424019,9112,3,0,1,1,1,NA,NA,NA,NA,NA
24255117,93.1355328565424,6114,0,0,1,1,36,NA,NA,NA,NA,NA
22777745,3.4372448622224,9412,3,0,2,1,2,NA,NA,NA,NA,NA
1001773367,3.62996180403925,7512,2,0,1,1,1,NA,NA,NA,NA,NA
78166889,10.7068218908321,5131,2,2,2,1,2,NA,NA,NA,NA,NA
770993444,258.866416475489,2247,5,3,2,1,3,NA,NA,NA,NA,NA
99066350,23.6519287699075,3251,4,0,1,1,1,NA,NA,NA,NA,NA
3300111653,7.71918223938465,2513,5,1,1,1,3,NA,NA,NA,NA,NA
34166664,9.07687591121961,7231,3,0,1,1,1,NA,NA,NA,NA,NA
14366887,5.57879253831152,8322,2,0,1,1,1,NA,NA,NA,NA,NA
88099227,3.86194938403533,5414,2,1,1,1,6,NA,NA,NA,NA,NA
242888834,26.4210870002648,4226,2,0,1,1,2,NA,NA,NA,NA,NA
770344334,1,4323,2,2,1,1,5,NA,NA,NA,NA,NA
671771123,5.34390853706442,7541,3,2,1,1,7,NA,NA,NA,NA,NA
22023656,1,1323,5,6,1,1,4,NA,NA,NA,NA,NA
100155128,14.3633132974849,7413,4,3,1,1,1,NA,NA,NA,NA,NA
55066343,7.72485772324824,2622,3,3,1,1,1,NA,NA,NA,NA,NA
12101118,3.79532945947425,5153,2,1,1,1,1,NA,NA,NA,NA,NA
330996623,4.31938026576803,9334,0,0,2,1,1,NA,NA,NA,NA,NA
45155113,3.54926721092822,3122,3,0,1,1,2,NA,NA,NA,NA,NA
79277667,11.4287913093968,9622,2,0,2,1,1,NA,NA,NA,NA,NA
770996601,16.3994932203154,8322,2,0,1,1,1,NA,NA,NA,NA,NA
5507766992,19.8102936720593,3343,4,2,1,1,1,NA,NA,NA,NA,NA
44088450,5.23370769244726,9611,1,0,2,1,4,NA,NA,NA,NA,NA
11993444,78.1126783014563,3251,4,2,1,1,2,NA,NA,NA,NA,NA
550128723,1.49489666412702,8344,2,1,1,1,9,NA,NA,NA,NA,NA
44099128,14.3633132974849,7421,5,2,1,1,2,NA,NA,NA,NA,NA
990663411,11.6878087424019,2244,5,1,2,1,6,NA,NA,NA,NA,NA
220123223,2.73157097967576,2141,5,5,1,1,1,NA,NA,NA,NA,NA
8802255552,45.3529257956236,7411,0,0,1,1,1,NA,NA,NA,NA,NA
88088773,3.35156194954141,8332,2,2,1,1,2,NA,NA,NA,NA,NA
56177553,7.1849933524850504,7112,0,0,1,1,6,NA,NA,NA,NA,NA
880018734,234.082178741939,4321,2,2,2,1,4,NA,NA,NA,NA,NA
1199777,3.28705178872377,4321,2,0,2,1,400,NA,NA,NA,NA,NA
990881211,11.0666820846193,7511,0,2,2,1,12,NA,NA,NA,NA,NA
55088448,4.04657594733918,8322,3,0,2,1,5,NA,NA,NA,NA,NA
1188224,3.24867467744887,4321,3,0,1,1,1,NA,NA,NA,NA,NA
550666623,4.31938026576803,5245,0,0,2,1,4,NA,NA,NA,NA,NA
352883334,231.669315520792,7233,3,1,1,1,1,NA,NA,NA,NA,NA
45177348,9.04947376143623,9112,0,3,1,1,1,NA,NA,NA,NA,NA
44099349,4.85355384649436,5312,5,0,2,1,2,NA,NA,NA,NA,NA
77055332,6.91655838195872,5223,3,1,1,2,NA,6,8,9,NA,NA
341881167,10.1249735724033,6113,1,0,2,1,130,NA,NA,NA,NA,NA
91377331,4.18840552816858,7215,2,0,2,2,NA,1,6,NA,NA,NA
220124477,2.39662915721086,5312,3,0,1,1,9,NA,NA,NA,NA,NA
990771233,6.0979201785786,5113,4,3,1,1,5,NA,NA,NA,NA,NA
55011558,32.4237494882581,9313,1,0,2,1,7,NA,NA,NA,NA,NA
36311350,17.9887620005335,5312,2,0,1,1,5,NA,NA,NA,NA,NA
44066346,36.5300984902798,2341,5,1,1,2,NA,2,8,NA,NA,NA
660991123,3.39212157220047,7318,0,0,2,1,6,NA,NA,NA,NA,NA
561771233,6.0979201785786,7212,2,0,2,1,2,NA,NA,NA,NA,NA
33099557,31.7496431070843,4110,4,2,1,1,1,NA,NA,NA,NA,NA
77055774,3.74780012609433,9333,3,1,1,1,1,NA,NA,NA,NA,NA
33011348,9.04947376143623,3611,4,0,2,1,1,NA,NA,NA,NA,NA
44088994,3.8011582358127,2512,4,2,1,1,1,NA,NA,NA,NA,NA
14377339,16.8017324042206,5230,0,0,2,1,1,NA,NA,NA,NA,NA
22077126,28.7181252781852,3240,4,0,1,1,1,NA,NA,NA,NA,NA
4477336,8.30294813285885,9112,0,0,1,1,1,NA,NA,NA,NA,NA
44044663,4.52723425516123,5223,2,0,1,1,8,NA,NA,NA,NA,NA
66001873,1.48756213454977,7233,4,3,1,1,4,NA,NA,NA,NA,NA
34166779,14.1136507463825,4120,3,0,1,1,1,NA,NA,NA,NA,NA
33001989,4.80268682788692,5132,2,0,1,1,3,NA,NA,NA,NA,NA
88099553,7.1849933524850504,4321,5,3,1,1,1,NA,NA,NA,NA,NA
220778845,3.40023402834294,5131,1,0,2,1,1,NA,NA,NA,NA,NA
550666656,3.84563853409296,9329,2,0,1,1,1,NA,NA,NA,NA,NA
220113477,5.34290126427455,2342,5,0,1,1,4,NA,NA,NA,NA,NA
770558812,3.20383500566392,5131,0,0,2,2,NA,1,2,NA,NA,NA
44011124,6.88761734885529,8322,5,2,1,1,3,NA,NA,NA,NA,NA
165778834,87.5598207598285,9412,2,1,1,1,2,NA,NA,NA,NA,NA
69377886,11.6946957434009,9412,4,3,1,1,2,NA,NA,NA,NA,NA
660881277,4.75313536812027,2142,4,3,2,1,1,NA,NA,NA,NA,NA
330342123,3.39212157220047,3122,4,1,2,1,8,NA,NA,NA,NA,NA
67199779,10.734308677538,8332,0,2,1,1,2,NA,NA,NA,NA,NA
55099019,3.34597568865511,9334,3,0,2,1,25,NA,NA,NA,NA,NA
1199667,11.4287913093968,4321,4,1,1,1,1,NA,NA,NA,NA,NA
561774401,2.96512571382148,2243,5,0,1,1,1,NA,NA,NA,NA,NA
99044348,9.04947376143623,5414,0,0,2,1,1,NA,NA,NA,NA,NA
946779934,83.8018215905455,7422,4,1,1,2,NA,1,NA,NA,NA,NA
660558867,2.91343494114822,5131,1,1,2,1,6,NA,NA,NA,NA,NA
990883444,258.866416475489,2212,5,2,1,1,3,NA,NA,NA,NA,NA
56188334,2.50663922370615,9112,0,0,2,1,10,NA,NA,NA,NA,NA
2207755013,28.0884053340587,7115,0,5,1,1,3,NA,NA,NA,NA,NA
330883477,2.39662915721086,2352,5,0,1,1,3,NA,NA,NA,NA,NA
550124367,1.62826746533625,7513,2,0,1,1,7,NA,NA,NA,NA,NA
990014444,78.1126783014563,3412,4,2,1,1,6,NA,NA,NA,NA,NA
37411349,8.22945122640888,5312,4,1,1,1,2,NA,NA,NA,NA,NA
88099663,4.52723425516123,4110,4,1,1,1,1,NA,NA,NA,NA,NA
1166116,16.0265049012021,9213,0,0,2,1,17,NA,NA,NA,NA,NA
45177114,17.8787440435157,5414,2,0,1,1,4,NA,NA,NA,NA,NA
330019801,4.24899917952074,5131,3,1,2,1,30,NA,NA,NA,NA,NA
440665501,28.0884053340587,2243,5,1,1,1,1,NA,NA,NA,NA,NA
33066890,12.8797783942311,5132,2,1,1,1,1,NA,NA,NA,NA,NA
36311351,22.3915910543013,5312,5,1,1,1,1,NA,NA,NA,NA,NA
880885512,3.81183113680117,7119,2,1,1,1,5,NA,NA,NA,NA,NA
99088670,19.8102936720593,5230,0,0,2,1,1,NA,NA,NA,NA,NA
12177348,9.04947376143623,3322,5,3,1,1,1,NA,NA,NA,NA,NA
220993323,3.67100582805091,3122,3,0,2,1,2,NA,NA,NA,NA,NA
22088340,13.1091876830554,7513,2,0,1,1,5,NA,NA,NA,NA,NA
550771112,4.83847753256889,7513,0,0,2,2,NA,1,2,8,NA,NA
440772267,3.14212620605549,8114,2,0,1,1,2,NA,NA,NA,NA,NA
44023433,1,4313,4,3,2,1,1,NA,NA,NA,NA,NA
11773411,11.6878087424019,4120,3,1,1,1,3,NA,NA,NA,NA,NA
22023444,1,2635,5,2,1,1,1,NA,NA,NA,NA,NA
220128756,3.01617970092595,2413,5,3,1,1,1,NA,NA,NA,NA,NA
3307712433,4.1617206494349,1212,5,3,1,1,1,NA,NA,NA,NA,NA
22066442,3.46201747387135,9611,3,1,1,1,2,NA,NA,NA,NA,NA
77066342,5.8725273725894,2342,5,0,1,2,NA,1,2,NA,NA,NA
22034543,1,1322,6,15,2,1,1,NA,NA,NA,NA,NA
1188331,4.18840552816858,7231,2,1,1,1,1,NA,NA,NA,NA,NA
330122277,2.13208184990742,4313,4,0,2,1,5,NA,NA,NA,NA,NA
660881211,17.4343211498199,7223,4,2,1,1,1,NA,NA,NA,NA,NA
561778845,2.1583466704331302,5131,2,2,1,1,5,NA,NA,NA,NA,NA
77088227,3.86194938403533,7233,4,2,1,1,1,NA,NA,NA,NA,NA
231996667,4.2904534830525,8172,0,0,2,1,10,NA,NA,NA,NA,NA
132776623,4.31938026576803,7214,2,5,2,1,2,NA,NA,NA,NA,NA
44011344,5.03215123785774,5312,4,0,1,1,2,NA,NA,NA,NA,NA
220232123,3.39212157220047,7115,4,0,1,1,1,NA,NA,NA,NA,NA
77088344,3.04058815363088,2634,5,2,1,1,3,NA,NA,NA,NA,NA
550883466,3.92919633519165,9112,2,0,1,1,1,NA,NA,NA,NA,NA
2209977013,9.52489085806869,2411,5,0,1,1,1,NA,NA,NA,NA,NA
891661255,3.69113378472407,4321,2,1,1,1,2,NA,NA,NA,NA,NA
78188336,8.30294813285885,5223,2,0,2,1,3,NA,NA,NA,NA,NA
440237623,1.82543251545691,5230,2,1,2,1,4,NA,NA,NA,NA,NA
330775545,10.6466910555505,9313,0,0,2,1,2,NA,NA,NA,NA,NA
990881233,6.0979201785786,4221,5,3,1,1,3,NA,NA,NA,NA,NA
44012226,1,2421,5,1,1,1,15,NA,NA,NA,NA,NA
330348723,1.49489666412702,4322,4,0,2,1,3,NA,NA,NA,NA,NA
693881134,79.9182862727067,4132,2,0,2,1,1,NA,NA,NA,NA,NA
66066124,6.88761734885529,7212,3,2,1,1,9,NA,NA,NA,NA,NA
90288667,8.69230618857933,5223,2,1,1,1,1,NA,NA,NA,NA,NA
660669945,3.14141996393956,3522,3,2,1,1,3,NA,NA,NA,NA,NA
33023439,12.7787618657435,7212,4,2,1,1,1,NA,NA,NA,NA,NA
671773411,7.41900200796358,8322,0,0,1,1,1,NA,NA,NA,NA,NA
44012549,6.04892692370184,3115,4,1,1,1,1,NA,NA,NA,NA,NA
880347601,6.93066280795633,9122,3,0,1,1,16,NA,NA,NA,NA,NA
78188776,14.7227422316396,8332,2,5,1,1,4,NA,NA,NA,NA,NA
132775501,28.0884053340587,6113,4,5,1,1,2,NA,NA,NA,NA,NA
66066340,13.1091876830554,7512,2,1,2,1,2,NA,NA,NA,NA,NA
550775512,6.00511406216661,9313,0,0,2,1,2,NA,NA,NA,NA,NA
671886634,510.638218598106,8160,0,0,2,1,1,NA,NA,NA,NA,NA
77001770,12.5748642684542,9321,2,0,1,1,1,NA,NA,NA,NA,NA
67144125,15.9827479174487,1219,4,0,1,1,1,NA,NA,NA,NA,NA
5511344,5.03215123785774,5312,4,0,1,1,1,NA,NA,NA,NA,NA
330125445,1.86707573977902,3313,4,0,2,1,2,NA,NA,NA,NA,NA
330237601,10.4098104112287,7515,4,2,2,2,NA,2,5,NA,NA,NA
891773367,3.62996180403925,7212,5,1,1,1,4,NA,NA,NA,NA,NA
23188127,28.7181252781852,9112,1,0,2,2,NA,3,NA,NA,NA,NA
58377336,12.7070854301968,5223,2,0,1,1,2,NA,NA,NA,NA,NA
88077122,7.76553992713581,2421,5,2,1,1,2,NA,NA,NA,NA,NA
22011448,4.04657594733918,9321,0,0,2,1,2,NA,NA,NA,NA,NA
242668845,2.1583466704331302,5222,2,0,1,1,2,NA,NA,NA,NA,NA
231778856,2.2233740864553,9412,2,0,1,1,1,NA,NA,NA,NA,NA
220012244,462.074248446162,4321,2,0,2,2,NA,6,NA,NA,NA,NA
22034768,1,8343,0,1,1,1,3,NA,NA,NA,NA,NA
451667767,3.89141327964785,4323,3,1,1,1,1,NA,NA,NA,NA,NA
67199776,9.62000025845905,3331,4,1,2,1,3,NA,NA,NA,NA,NA
55088223,4.63486624771528,9311,2,2,1,1,3,NA,NA,NA,NA,NA
770997745,2.18183982102448,8332,2,2,1,1,1,NA,NA,NA,NA,NA
143993334,69.9059807061057,1221,3,1,1,1,1,NA,NA,NA,NA,NA
220346534,1,7119,0,2,2,1,141,NA,NA,NA,NA,NA
3388666,17.6970292822405,9333,2,1,1,1,2,NA,NA,NA,NA,NA
561775556,11.3648420156433,3123,4,2,2,2,NA,1,3,5,NA,NA
2209955333,7.1849933524850504,8332,1,3,1,1,30,NA,NA,NA,NA,NA
22001874,3.74780012609433,2243,5,2,2,1,2,NA,NA,NA,NA,NA
33088890,12.8797783942311,5131,0,1,2,1,1,NA,NA,NA,NA,NA
2288667,11.4287913093968,3240,4,0,2,1,2,NA,NA,NA,NA,NA
33077343,7.72485772324824,4416,4,5,1,1,1,NA,NA,NA,NA,NA
330441167,22.5720086639088,9211,0,0,2,1,25,NA,NA,NA,NA,NA
2266339,16.8017324042207,5132,0,2,1,1,1,NA,NA,NA,NA,NA
33001544,2.14486988997102,9333,0,0,2,1,5,NA,NA,NA,NA,NA
462778834,87.5598207598285,3322,5,2,2,1,1,NA,NA,NA,NA,NA
330124345,2.73628491762591,8182,0,0,2,1,50,NA,NA,NA,NA,NA
4404455552,45.3529257956236,9622,1,0,1,1,1,NA,NA,NA,NA,NA
66066332,6.91655838195872,4110,3,3,1,2,NA,8,NA,NA,NA,NA
132113466,2.37414721167236,2634,5,2,1,1,3,NA,NA,NA,NA,NA
100166130,28.3262895606988,5414,0,0,2,1,4,NA,NA,NA,NA,NA
66099224,4.9718709548347,8342,3,3,1,1,2,NA,NA,NA,NA,NA
33001442,3.54837053120246,2341,5,0,1,1,5,NA,NA,NA,NA,NA
33001653,7.1849933524850504,8343,2,3,1,1,5,NA,NA,NA,NA,NA
13277339,16.8017324042206,9333,2,0,1,1,2,NA,NA,NA,NA,NA
1012776645,5.11925815814655,5223,0,0,2,1,3,NA,NA,NA,NA,NA
22023657,14.2417231084297,3123,3,1,1,1,28,NA,NA,NA,NA,NA
770771277,4.75313536812026,2211,5,2,1,1,1,NA,NA,NA,NA,NA
67177560,32.5780408929994,7115,0,0,2,1,3,NA,NA,NA,NA,NA
88066125,15.9827479174487,2243,5,5,1,1,1,NA,NA,NA,NA,NA
770556623,4.31938026576803,3122,0,2,2,1,3,NA,NA,NA,NA,NA
330342101,1,3434,3,2,1,1,6,NA,NA,NA,NA,NA
825778834,87.5598207598285,3434,4,2,1,1,2,NA,NA,NA,NA,NA
220348756,1,3313,5,2,1,1,2,NA,NA,NA,NA,NA
99088554,22.6496228380874,2161,5,10,1,1,1,NA,NA,NA,NA,NA
7707722333,4.63486624771528,9311,3,2,1,1,16,NA,NA,NA,NA,NA
25377777,7.32795606064763,4321,2,0,2,1,2,NA,NA,NA,NA,NA
22077779,14.1136507463825,3313,4,2,1,1,1,NA,NA,NA,NA,NA
23166890,12.8797783942311,5230,3,1,1,1,1,NA,NA,NA,NA,NA
330887723,3.5372587568796,4321,4,0,1,1,1,NA,NA,NA,NA,NA
35277018,4.99016341597904,2411,5,2,1,1,2,NA,NA,NA,NA,NA
13288668,13.778107439158,3122,2,0,1,1,1,NA,NA,NA,NA,NA
561991134,264.850224421149,9212,0,0,2,1,1,NA,NA,NA,NA,NA
55066131,15.0211478886385,2142,5,0,1,1,1,NA,NA,NA,NA,NA
88012219,12.0797287846928,8332,0,1,1,1,2,NA,NA,NA,NA,NA
330122211,1,7515,3,3,2,1,7,NA,NA,NA,NA,NA
451665512,6.00511406216661,2243,5,2,1,1,5,NA,NA,NA,NA,NA
3304434654,23.8691645475402,5312,4,1,1,1,3,NA,NA,NA,NA,NA
66088342,3.54837053120246,2634,5,0,1,1,1,NA,NA,NA,NA,NA
33001230,21.5439039337003,3312,4,1,2,1,1,NA,NA,NA,NA,NA
660997745,2.18183982102448,7233,4,0,1,1,1,NA,NA,NA,NA,NA
22077884,5.02331052128334,5131,2,0,1,1,4,NA,NA,NA,NA,NA
22012987,2.50244131381364,9112,0,1,1,1,4,NA,NA,NA,NA,NA
781778867,2.91343494114822,4225,3,0,2,1,1,NA,NA,NA,NA,NA
24288774,2.4488534550445,4226,2,0,1,1,1,NA,NA,NA,NA,NA
462668823,3.78015522531299,9112,0,0,1,1,1,NA,NA,NA,NA,NA
132777723,3.5372587568796,8331,0,2,1,1,9,NA,NA,NA,NA,NA
880771112,4.83847753256889,2243,5,5,1,1,1,NA,NA,NA,NA,NA
451111266,2.80999664908918,8332,2,2,1,1,21,NA,NA,NA,NA,NA
561777756,3.01617970092595,2243,5,3,1,1,1,NA,NA,NA,NA,NA
100166882,8.15889662339701,9112,3,2,1,1,2,NA,NA,NA,NA,NA
22012448,4.05926136406294,2221,5,2,1,1,5,NA,NA,NA,NA,NA
55022342,2.60647109768217,3611,3,0,1,1,2,NA,NA,NA,NA,NA
440997745,3.4372448622224,9333,2,0,1,1,1,NA,NA,NA,NA,NA
770888801,6.38196910193067,5131,0,0,2,1,2,NA,NA,NA,NA,NA
1199664,9.07687591121961,4321,2,0,1,1,1,NA,NA,NA,NA,NA
55034323,1,7233,3,5,1,1,6,NA,NA,NA,NA,NA
231996623,2.74178775262076,9321,0,1,2,1,3,NA,NA,NA,NA,NA
23177890,12.8797783942311,4224,2,0,1,1,10,NA,NA,NA,NA,NA
77077122,7.76553992713583,9313,2,3,1,1,1,NA,NA,NA,NA,NA
880884401,2.96512571382147,7212,4,3,1,1,1,NA,NA,NA,NA,NA
55077348,9.04947376143623,3221,4,2,1,1,1,NA,NA,NA,NA,NA
13288664,9.07687591121961,1420,4,3,1,1,5,NA,NA,NA,NA,NA
101277777,7.32795606064763,3343,4,1,1,1,1,NA,NA,NA,NA,NA
550991211,11.0666820846193,1221,5,2,2,1,1,NA,NA,NA,NA,NA
220018701,9.52489085806869,3153,5,1,1,1,1,NA,NA,NA,NA,NA
660017645,3.24952156487532,5223,0,0,2,1,2,NA,NA,NA,NA,NA
781775523,5.12698803227856,7115,0,3,2,1,1,NA,NA,NA,NA,NA
1177348,9.04947376143623,3344,4,1,1,1,1,NA,NA,NA,NA,NA
77066772,9.00362602625772,8322,2,0,1,1,3,NA,NA,NA,NA,NA
330017623,4.31938026576803,5245,0,0,1,1,1,NA,NA,NA,NA,NA
660773433,2.83255681266876,2522,5,0,1,1,2,NA,NA,NA,NA,NA
13277340,13.1091876830554,7522,1,2,2,1,2,NA,NA,NA,NA,NA
44099343,4.6676082994262,5312,4,3,1,1,3,NA,NA,NA,NA,NA
66088122,7.76553992713581,7543,4,3,1,1,8,NA,NA,NA,NA,NA
23166015,4.61789358648057,5120,0,0,1,1,1,NA,NA,NA,NA,NA
27511348,9.04947376143623,3221,4,0,1,1,10,NA,NA,NA,NA,NA
660012101,17.95461190615,4132,0,0,1,1,1,NA,NA,NA,NA,NA
242771277,3.61505489574363,5414,2,1,1,1,1,NA,NA,NA,NA,NA
4408833013,11.2255998614226,2243,5,0,1,1,1,NA,NA,NA,NA,NA
220999945,1.99406078025323,2166,4,0,1,1,1,NA,NA,NA,NA,NA
220125412,1,3112,5,1,2,1,2,NA,NA,NA,NA,NA
88011888,6.13896215578772,5131,0,0,2,1,1,NA,NA,NA,NA,NA
46266889,10.7068218908321,8157,0,0,1,1,1,NA,NA,NA,NA,NA
24277340,13.1091876830554,7212,0,2,1,1,6,NA,NA,NA,NA,NA
4406655554,45.3529257956236,3123,2,5,1,1,2,NA,NA,NA,NA,NA
33066223,4.63486624771528,5120,0,6,2,1,1,NA,NA,NA,NA,NA
55012437,3.60652676089592,7126,2,1,1,1,3,NA,NA,NA,NA,NA
77066339,16.8017324042206,3122,4,3,1,1,1,NA,NA,NA,NA,NA
33023436,8.30294813285885,4321,3,2,1,2,NA,3,NA,NA,NA,NA
3307712113,17.4343211498199,7115,0,0,2,1,12,NA,NA,NA,NA,NA
66099223,2.80053574313203,8342,4,2,1,1,5,NA,NA,NA,NA,NA
330012101,28.2854849989094,2230,5,2,1,1,1,NA,NA,NA,NA,NA
68277339,16.8017324042206,7115,0,0,1,1,1,NA,NA,NA,NA,NA
561771266,2.80999664908918,5414,2,2,1,1,1,NA,NA,NA,NA,NA
143113477,4.06360851879736,2330,5,1,1,1,1,NA,NA,NA,NA,NA
55099344,3.04058815363088,2352,5,0,1,1,2,NA,NA,NA,NA,NA
770669967,2.24515747094152,3313,4,0,1,1,1,NA,NA,NA,NA,NA
990127601,10.4098104112287,4321,1,1,2,1,14,NA,NA,NA,NA,NA
781776612,2.96231182319223,5223,4,1,1,1,1,NA,NA,NA,NA,NA
56166340,13.1091876830554,7512,3,2,1,1,3,NA,NA,NA,NA,NA
440883422,3.92156216748668,4313,4,0,2,1,1,NA,NA,NA,NA,NA
2203377554,14.7227422316396,7115,0,NA,NA,1,1,NA,NA,NA,NA,NA
5507755013,28.0884053340587,3113,4,2,1,1,2,NA,NA,NA,NA,NA
44099125,15.9827479174487,2131,5,0,1,1,1,NA,NA,NA,NA,NA
5507755554,45.3529257956236,3343,5,3,1,1,5,NA,NA,NA,NA,NA
891020934,25.2871145670538,2431,5,3,2,1,2,NA,NA,NA,NA,NA
55001654,16.905910863184,9313,0,1,2,1,80,NA,NA,NA,NA,NA
66099229,6.77479815454606,8342,1,1,1,1,1,NA,NA,NA,NA,NA
66099333,2.43989173232533,9313,1,0,2,1,11,NA,NA,NA,NA,NA
66055342,5.8725273725894,3611,3,0,1,1,4,NA,NA,NA,NA,NA
451881101,28.2854849989095,3151,0,1,1,1,2,NA,NA,NA,NA,NA
660128723,1.49489666412702,9112,0,0,1,1,8,NA,NA,NA,NA,NA
891668801,10.0540792660816,5131,4,1,2,1,2,NA,NA,NA,NA,NA
33099348,6.88268729828353,2330,5,0,1,1,1,NA,NA,NA,NA,NA
55088339,16.8017324042207,7411,2,2,1,1,4,NA,NA,NA,NA,NA
220129823,1.59754822154648,9412,0,0,2,1,7,NA,NA,NA,NA,NA
220347601,1,5223,1,0,1,1,88,NA,NA,NA,NA,NA
11445545,10.6466910555505,7126,0,1,1,1,1,NA,NA,NA,NA,NA
880888823,3.78015522531299,5120,4,2,1,1,11,NA,NA,NA,NA,NA
67111348,9.04947376143623,2352,5,0,1,1,1,NA,NA,NA,NA,NA
1001887701,6.0460592707409,9333,0,1,2,1,2,NA,NA,NA,NA,NA
23155886,17.8979195718987,3341,5,0,1,2,NA,1,2,3,NA,NA
231771112,4.83847753256889,8350,2,1,1,1,8,NA,NA,NA,NA,NA
11667745,3.4372448622224,9333,0,0,2,1,2,NA,NA,NA,NA,NA
660011111,4.46708996366323,9313,0,0,2,1,8,NA,NA,NA,NA,NA
330993455,3.63733547255337,2244,5,0,1,1,19,NA,NA,NA,NA,NA
89111348,9.04947376143623,3611,4,0,1,1,1,NA,NA,NA,NA,NA
55088345,5.57901030683986,2310,5,3,1,1,120,NA,NA,NA,NA,NA
33012877,5.57336607968624,4323,4,0,1,1,2,NA,NA,NA,NA,NA
22886601,16.3994932203154,8332,3,0,1,1,5,NA,NA,NA,NA,NA
220888801,10.0540792660816,9112,0,0,1,1,1,NA,NA,NA,NA,NA
220883411,7.41900200796358,2354,5,2,1,1,1,NA,NA,NA,NA,NA
341668801,10.0540792660816,1412,2,0,2,1,2,NA,NA,NA,NA,NA
13299771,3.13217582716262,8331,2,3,1,1,5,NA,NA,NA,NA,NA
36311349,8.22945122640888,5312,4,1,1,1,4,NA,NA,NA,NA,NA
660881233,6.0979201785786,4323,3,0,1,1,1,NA,NA,NA,NA,NA
66034450,1,3221,4,1,1,1,1,NA,NA,NA,NA,NA
341887767,3.89141327964785,5112,2,2,1,1,5,NA,NA,NA,NA,NA
33100000,2.74083417047324,5414,2,1,1,1,3,NA,NA,NA,NA,NA
330773301,11.2255998614226,5120,3,0,1,1,2,NA,NA,NA,NA,NA
253661244,462.07424844616,9112,0,0,2,1,4,NA,NA,NA,NA,NA
89166779,14.1136507463825,8332,2,1,1,1,2,NA,NA,NA,NA,NA
55012218,1,8341,1,0,1,1,2,NA,NA,NA,NA,NA
440127656,2.32365889203429,5230,2,1,1,1,2,NA,NA,NA,NA,NA
330668823,3.78015522531299,5131,1,0,2,1,1,NA,NA,NA,NA,NA
330994467,3.82365166384475,4323,2,0,2,1,4,NA,NA,NA,NA,NA
11668823,3.78015522531299,9121,0,0,1,1,1,NA,NA,NA,NA,NA
22034766,1,5230,1,1,2,2,NA,5,NA,NA,NA,NA
45155114,17.8787440435157,6112,4,2,2,1,1,NA,NA,NA,NA,NA
22099450,5.23370769244726,3123,0,1,1,1,3,NA,NA,NA,NA,NA
24277780,7.86632675576514,9333,2,0,2,1,6,NA,NA,NA,NA,NA
990886656,3.84563853409296,5245,2,0,1,1,5,NA,NA,NA,NA,NA
770883411,7.41900200796358,3221,4,2,1,1,9,NA,NA,NA,NA,NA
451778823,3.78015522531299,5132,4,1,1,1,2,NA,NA,NA,NA,NA
121888834,87.5598207598285,5120,3,3,1,1,2,NA,NA,NA,NA,NA
36312761,5.38709324017132,8342,3,3,1,1,10,NA,NA,NA,NA,NA
66077888,6.13896215578772,5131,0,0,2,1,1,NA,NA,NA,NA,NA
22088131,15.0211478886385,2243,5,5,1,1,6,NA,NA,NA,NA,NA
220239823,1.59754822154648,3322,2,0,2,1,3,NA,NA,NA,NA,NA
330664456,3.23155869787241,1321,5,3,1,1,1,NA,NA,NA,NA,NA
2288668,13.778107439158,9329,0,1,2,1,1,NA,NA,NA,NA,NA
22044349,10.8202217704964,3611,4,0,1,1,2,NA,NA,NA,NA,NA
13277558,24.6602769010232,2243,5,5,1,1,3,NA,NA,NA,NA,NA
3301221552,7.81632837174241,6111,1,0,2,1,3,NA,NA,NA,NA,NA
78177557,31.7496431070843,3123,4,2,1,1,12,NA,NA,NA,NA,NA
550773466,3.92919633519165,4226,2,0,2,1,2,NA,NA,NA,NA,NA
880130934,25.2871145670537,4225,3,2,1,1,1,NA,NA,NA,NA,NA
99099663,4.52723425516123,4110,3,3,1,1,2,NA,NA,NA,NA,NA
440349834,1,9412,0,0,2,1,1200,NA,NA,NA,NA,NA
550997701,9.52489085806869,3151,1,4,1,1,2,NA,NA,NA,NA,NA
22012660,1,9313,0,0,2,1,2,NA,NA,NA,NA,NA
990777712,2.50707465236255,4120,2,0,1,1,2,NA,NA,NA,NA,NA
3311348,9.04947376143623,5312,3,0,2,1,1,NA,NA,NA,NA,NA
77066560,51.3230634997549,9313,0,0,1,1,2,NA,NA,NA,NA,NA
891885534,815.917781369119,9313,2,1,1,1,30,NA,NA,NA,NA,NA
77001879,6.33086505259683,8332,2,1,1,1,1,NA,NA,NA,NA,NA
66099884,3.28228585088011,9412,2,2,1,1,2,NA,NA,NA,NA,NA
341996601,16.3994932203154,5223,2,2,1,1,2,NA,NA,NA,NA,NA
66077664,9.07687591121961,5230,0,0,2,1,1,NA,NA,NA,NA,NA
330129834,32.130193814791,5120,3,1,2,1,15,NA,NA,NA,NA,NA
45177331,4.18840552816858,2421,5,10,2,1,1,NA,NA,NA,NA,NA
91311348,6.88268729828353,2330,4,0,1,1,1,NA,NA,NA,NA,NA
102311351,14.2133793129833,9112,2,0,1,1,1,NA,NA,NA,NA,NA
22771167,17.1674156335887,3122,5,0,2,1,6,NA,NA,NA,NA,NA
22034449,1,2310,5,2,1,1,35,NA,NA,NA,NA,NA
66022118,56.3630221236528,2142,5,2,2,1,1,NA,NA,NA,NA,NA
924778834,87.5598207598285,9412,2,1,2,1,5,NA,NA,NA,NA,NA
220991222,2.84121619791885,3115,3,2,1,1,1,NA,NA,NA,NA,NA
11342101,11.9538546864424,3343,4,NA,1,1,5,NA,NA,NA,NA,NA
330991167,22.5720086639088,6210,1,3,1,1,3,NA,NA,NA,NA,NA
660441244,462.07424844616,3313,3,0,2,1,1,NA,NA,NA,NA,NA
99012118,4.99016341597904,9334,2,0,2,1,5,NA,NA,NA,NA,NA
100199667,8.69230618857931,9211,2,0,1,1,3,NA,NA,NA,NA,NA
880888834,87.5598207598285,9112,2,0,2,1,5,NA,NA,NA,NA,NA
99077554,34.6636746080955,8332,2,5,1,1,1,NA,NA,NA,NA,NA
781113477,5.34290126427455,5312,4,1,1,1,2,NA,NA,NA,NA,NA
23155120,29.7073325945741,9211,0,0,2,1,17,NA,NA,NA,NA,NA
33099345,7.47445554885214,2342,5,0,1,1,3,NA,NA,NA,NA,NA
22088345,7.47445554885214,2634,5,1,1,1,1,NA,NA,NA,NA,NA
220342167,1,9211,0,0,1,1,30,NA,NA,NA,NA,NA
44066556,45.3529257956236,3123,5,5,1,1,2,NA,NA,NA,NA,NA
550883433,1.79800552387734,2330,5,2,1,1,2,NA,NA,NA,NA,NA
88088129,12.4728093486332,5414,2,0,1,1,4,NA,NA,NA,NA,NA
34177999,4.01755510457195,2654,4,3,1,1,1,NA,NA,NA,NA,NA
770884467,5.02740192968878,7112,2,5,2,1,4,NA,NA,NA,NA,NA
22034549,2.71332632180879,7126,3,5,1,1,7,NA,NA,NA,NA,NA
46255886,17.8979195718987,1412,5,2,1,2,NA,12,NA,NA,NA,NA
23112767,8.69230618857933,9334,0,0,2,1,2,NA,NA,NA,NA,NA
990441134,264.850224421149,5164,0,0,2,1,1,NA,NA,NA,NA,NA
990773301,11.2255998614226,3113,4,0,1,1,4,NA,NA,NA,NA,NA
67177772,9.00362602625772,4323,4,2,1,1,1,NA,NA,NA,NA,NA
880667756,3.01617970092595,8332,2,0,1,1,4,NA,NA,NA,NA,NA
99099124,4.1617206494349,4322,4,1,1,1,39,NA,NA,NA,NA,NA
770665567,17.5445050393423,3123,0,5,1,1,1,NA,NA,NA,NA,NA
220017656,3.84563853409296,4110,4,0,2,1,1,NA,NA,NA,NA,NA
88012324,2.42484410946029,8113,2,1,2,1,70,NA,NA,NA,NA,NA
22001431,4.18840552816858,8332,4,2,1,2,NA,1,3,5,9,NA
25311348,9.04947376143623,2330,5,0,1,1,1,NA,NA,NA,NA,NA
66077666,27.0840741567653,5223,3,0,2,1,2,NA,NA,NA,NA,NA
220663323,3.67100582805091,7512,0,0,2,1,1,NA,NA,NA,NA,NA
13211350,23.6519287699075,9112,0,0,2,1,1,NA,NA,NA,NA,NA
880338834,26.4210870002648,5164,0,5,2,1,1,NA,NA,NA,NA,NA
440118801,10.0540792660816,1412,5,2,1,1,2,NA,NA,NA,NA,NA
44088997,2.96831110397465,7422,2,1,1,1,30,NA,NA,NA,NA,NA
66012431,1.85898800667999,2243,5,4,1,1,1,NA,NA,NA,NA,NA
45111345,11.4391350739138,5312,4,0,1,1,1,NA,NA,NA,NA,NA
12188557,24.1475770966248,2151,5,2,1,1,2,NA,NA,NA,NA,NA
77099333,2.43989173232533,7214,2,2,2,1,2,NA,NA,NA,NA,NA
121441211,17.4343211498199,6114,0,2,2,1,2,NA,NA,NA,NA,NA
22034658,1,3123,5,2,2,1,10,NA,NA,NA,NA,NA
1001773334,231.669315520792,2166,5,2,1,1,1,NA,NA,NA,NA,NA
220344301,7.12560837946903,3113,4,0,1,1,15,NA,NA,NA,NA,NA
2208855454,6.75813782208289,8342,2,5,1,1,8,NA,NA,NA,NA,NA
23111348,9.04947376143623,3423,4,2,1,1,1,NA,NA,NA,NA,NA
44066131,15.0211478886385,9313,0,2,2,1,10,NA,NA,NA,NA,NA
56188662,8.40385045878902,8322,3,5,1,2,NA,8,NA,NA,NA,NA
12177558,32.4237494882581,7131,0,5,2,1,5,NA,NA,NA,NA,NA
550888801,10.0540792660816,5131,3,0,1,1,6,NA,NA,NA,NA,NA
1001777756,1.82247310034377,9333,1,0,2,1,6,NA,NA,NA,NA,NA
330558856,2.2233740864553,5132,0,0,2,1,1,NA,NA,NA,NA,NA
682017634,154.084563926273,5223,2,0,2,1,2,NA,NA,NA,NA,NA
22099997,3.90278568342011,2243,5,2,1,1,3,NA,NA,NA,NA,NA
78199668,10.4791071354881,4321,0,0,2,1,1,NA,NA,NA,NA,NA
44077778,8.65751834073991,9211,0,0,2,1,80,NA,NA,NA,NA,NA
44044999,4.01755510457195,2656,4,0,1,1,1,NA,NA,NA,NA,NA
55001877,5.57336607968624,8332,2,1,1,1,15,NA,NA,NA,NA,NA
462991244,169.558766002071,5151,0,1,1,1,1,NA,NA,NA,NA,NA
220019823,2.39950702694744,4224,5,1,1,1,4,NA,NA,NA,NA,NA
2201222982,21.5439039337002,3152,1,5,1,1,7,NA,NA,NA,NA,NA
3301232332,2.80053574313203,7233,4,2,1,1,8,NA,NA,NA,NA,NA
330017612,1,4321,2,0,2,1,2,NA,NA,NA,NA,NA
33077441,7.28162471491128,3343,3,0,1,2,NA,1,2,NA,NA,NA
33034219,1,2165,5,0,2,1,1,NA,NA,NA,NA,NA
440880177,2.48919632647864,5230,2,0,2,1,1,NA,NA,NA,NA,NA
34178000,4.31787800363785,3343,2,0,2,1,1,NA,NA,NA,NA,NA
561666601,16.3994932203155,4110,2,1,2,1,2,NA,NA,NA,NA,NA
44001656,22.1191933502152,9313,0,0,2,1,40,NA,NA,NA,NA,NA
550996612,2.96231182319223,5230,0,0,2,1,3,NA,NA,NA,NA,NA
220012255,3.69113378472407,4321,0,1,2,1,1,NA,NA,NA,NA,NA
44034766,1,4321,3,0,1,2,NA,1,2,6,9,NA
66088554,22.6496228380874,8342,2,3,1,1,10,NA,NA,NA,NA,NA
660016534,815.917781369119,7113,0,0,1,2,NA,5,6,8,NA,NA
4407733992,13.1091876830554,7523,0,2,2,1,1,NA,NA,NA,NA,NA
66022017,11.8136722761082,3334,2,5,2,1,1,NA,NA,NA,NA,NA
341886612,1.88036935313171,8332,2,0,1,1,1,NA,NA,NA,NA,NA
682996634,510.638218598106,8183,2,1,2,1,1,NA,NA,NA,NA,NA
550665567,17.5445050393423,7212,2,1,1,1,2,NA,NA,NA,NA,NA
220889945,3.14141996393956,3512,4,0,2,1,1,NA,NA,NA,NA,NA
44099777,7.32795606064763,8141,2,2,1,1,2,NA,NA,NA,NA,NA
132771167,17.1674156335887,9211,0,0,2,1,92,NA,NA,NA,NA,NA
2209955332,7.1849933524850504,9313,3,2,1,1,5,NA,NA,NA,NA,NA
11663356,1.99192662405012,7213,0,0,1,1,4,NA,NA,NA,NA,NA
56144128,10.9241925663285,3313,4,1,1,1,1,NA,NA,NA,NA,NA
11771266,2.80999664908918,8332,2,1,1,1,1,NA,NA,NA,NA,NA
77088334,3.83623723147949,9412,3,0,2,2,NA,7,NA,NA,NA,NA
55034439,1,7233,3,2,1,1,32,NA,NA,NA,NA,NA
44066344,5.03215123785774,2411,5,3,1,1,1,NA,NA,NA,NA,NA
89177777,7.32795606064763,8344,2,1,1,1,3,NA,NA,NA,NA,NA
44088125,10.4433017081777,1212,3,0,2,1,2,NA,NA,NA,NA,NA
330991222,1.80350219121457,2243,5,0,1,1,1,NA,NA,NA,NA,NA
33001657,24.1475770966248,9313,2,0,1,1,10,NA,NA,NA,NA,NA
4409911552,16.0265049012021,9211,0,0,2,1,45,NA,NA,NA,NA,NA
440221277,4.75313536812026,2131,6,1,1,1,2,NA,NA,NA,NA,NA
79277780,7.86632675576514,9333,0,0,1,1,7,NA,NA,NA,NA,NA
330346534,1,3123,1,1,1,1,52,NA,NA,NA,NA,NA
594113466,3.92919633519165,5414,2,0,1,1,4,NA,NA,NA,NA,NA
451773323,3.67100582805091,9112,0,1,1,1,1,NA,NA,NA,NA,NA
990991101,17.95461190615,4110,5,1,1,1,1,NA,NA,NA,NA,NA
44001219,26.9298226643207,6121,1,2,2,1,2,NA,NA,NA,NA,NA
22034654,1,2421,5,0,2,1,1,NA,NA,NA,NA,NA
66088664,9.07687591121961,5414,2,0,1,1,1,NA,NA,NA,NA,NA
440014345,2.73628491762591,2141,5,5,1,1,1,NA,NA,NA,NA,NA
440885567,17.5445050393423,9313,0,0,1,1,2,NA,NA,NA,NA,NA
33077113,5.87401137100153,9412,0,0,1,1,1,NA,NA,NA,NA,NA
990553444,258.866416475489,2248,5,0,1,1,2,NA,NA,NA,NA,NA
473881244,169.558766002071,5414,1,2,1,1,2,NA,NA,NA,NA,NA
2209912114,11.0666820846193,3114,4,0,1,1,5,NA,NA,NA,NA,NA
330129823,1.59754822154648,7512,3,2,1,1,8,NA,NA,NA,NA,NA
3399661,5.38709324017132,4321,0,0,1,1,1,NA,NA,NA,NA,NA
220991112,4.83847753256889,6121,0,2,1,1,1,NA,NA,NA,NA,NA
44034546,2.23125793740013,4120,3,2,1,1,3,NA,NA,NA,NA,NA
660997701,9.52489085806869,4323,3,2,1,1,1,NA,NA,NA,NA,NA
231881145,10.1197107710232,3122,0,5,2,1,2,NA,NA,NA,NA,NA
550990133,1.87024593119997,5223,0,2,1,1,5,NA,NA,NA,NA,NA
22034762,5.07787761974289,9333,0,0,2,1,1,NA,NA,NA,NA,NA
55099884,3.28228585088011,9112,2,0,1,1,3,NA,NA,NA,NA,NA
1166664,9.07687591121961,4110,5,0,1,1,1,NA,NA,NA,NA,NA
44099348,9.04947376143623,2212,5,1,1,1,1,NA,NA,NA,NA,NA
77055224,4.9718709548347,8112,3,3,2,1,5,NA,NA,NA,NA,NA
12101876,7.18046689059344,9333,1,0,1,1,4,NA,NA,NA,NA,NA
66088447,5.76130055397437,7119,2,1,1,1,5,NA,NA,NA,NA,NA
220447712,2.50707465236255,4120,2,0,2,1,1,NA,NA,NA,NA,NA
220234477,1,2221,5,0,1,1,34,NA,NA,NA,NA,NA
77077339,16.8017324042206,9412,2,1,2,1,1,NA,NA,NA,NA,NA
44088553,11.8911116421776,3123,5,4,1,1,3,NA,NA,NA,NA,NA
34177449,4.60058491836551,3257,4,1,1,1,3,NA,NA,NA,NA,NA
66012324,2.42484410946029,8113,2,5,1,1,101,NA,NA,NA,NA,NA
2209988992,5.44318046249358,5120,5,4,2,1,10,NA,NA,NA,NA,NA
330344367,1,3122,2,0,2,1,187,NA,NA,NA,NA,NA
990773367,3.62996180403925,7214,1,0,2,1,7,NA,NA,NA,NA,NA
99012324,2.42484410946029,8113,1,5,2,1,5,NA,NA,NA,NA,NA
682113444,258.866416475489,2352,5,0,1,1,1,NA,NA,NA,NA,NA
660991112,3.0712920891139,3152,2,2,1,1,1,NA,NA,NA,NA,NA
330014345,4.10988213001659,9329,2,0,1,1,1,NA,NA,NA,NA,NA
88077997,3.90278568342011,7422,3,2,1,1,3,NA,NA,NA,NA,NA
99077558,32.4237494882581,7115,0,0,1,1,8,NA,NA,NA,NA,NA
1188772,9.00362602625772,5151,4,3,1,1,1,NA,NA,NA,NA,NA
11443301,11.2255998614226,7212,1,0,1,1,10,NA,NA,NA,NA,NA
77012119,2.54482249242049,4110,2,0,2,1,1,NA,NA,NA,NA,NA
23177999,4.01755510457195,4321,4,2,1,1,1,NA,NA,NA,NA,NA
66012437,3.60652676089592,4321,0,1,1,1,28,NA,NA,NA,NA,NA
550883334,231.669315520792,2433,3,2,1,1,1,NA,NA,NA,NA,NA
231345401,1.97412687588724,3132,3,0,1,1,5,NA,NA,NA,NA,NA
341668812,3.20383500566392,5131,0,1,2,1,1,NA,NA,NA,NA,NA
66077449,6.04892692370184,7126,2,0,1,1,1,NA,NA,NA,NA,NA
33023437,3.60652676089592,9329,0,0,2,1,4,NA,NA,NA,NA,NA
550448801,10.0540792660816,5246,0,0,2,2,NA,12,NA,NA,NA,NA
66034767,5.12653577690574,4321,4,2,1,1,2,NA,NA,NA,NA,NA
89177556,45.3529257956236,7212,1,0,2,1,2,NA,NA,NA,NA,NA
33001431,4.18840552816858,7212,3,4,1,1,5,NA,NA,NA,NA,NA
660448867,2.91343494114822,9412,0,1,1,1,1,NA,NA,NA,NA,NA
33023768,10.4791071354881,4110,4,0,1,1,2,NA,NA,NA,NA,NA
11779901,4.09466738576137,3513,4,4,2,1,1,NA,NA,NA,NA,NA
55099999,3.05560038266833,2411,5,2,1,1,4,NA,NA,NA,NA,NA
24266889,10.7068218908321,5132,0,0,1,1,5,NA,NA,NA,NA,NA
33012433,1.79223314641399,7214,2,0,1,1,50,NA,NA,NA,NA,NA
1188348,6.88268729828353,2244,5,1,1,1,3,NA,NA,NA,NA,NA
660665512,6.00511406216661,8342,0,0,1,1,2,NA,NA,NA,NA,NA
24277663,4.52723425516123,5245,2,0,1,1,2,NA,NA,NA,NA,NA
89177996,6.10920645087901,7413,3,0,1,1,4,NA,NA,NA,NA,NA
121779901,4.09466738576137,1330,5,0,2,1,1,NA,NA,NA,NA,NA
2277777,7.32795606064763,9211,0,0,1,1,9,NA,NA,NA,NA,NA
220129845,2.1583466704331302,7412,4,3,1,1,3,NA,NA,NA,NA,NA
33034324,1,7233,4,5,1,1,13,NA,NA,NA,NA,NA
485213444,258.86641647549,9112,0,0,2,1,2,NA,NA,NA,NA,NA
242342244,106.335079680585,4321,3,1,1,1,4,NA,NA,NA,NA,NA
990115545,10.6466910555505,9313,0,1,2,1,7,NA,NA,NA,NA,NA
550775523,8.07699680921145,7115,0,0,2,1,1,NA,NA,NA,NA,NA
44099553,7.1849933524850504,9313,0,2,1,1,200,NA,NA,NA,NA,NA
100177771,5.18372817016438,4416,5,2,1,1,2,NA,NA,NA,NA,NA
99012871,2.30075345699356,4323,4,3,1,1,8,NA,NA,NA,NA,NA
44886634,510.638218598106,9333,2,3,1,1,1,NA,NA,NA,NA,NA
770773312,2.0096822241167,8111,0,3,1,1,1,NA,NA,NA,NA,NA
330124323,3.67100582805091,9334,3,0,2,1,5,NA,NA,NA,NA,NA
88088774,3.74780012609433,3343,4,0,2,1,1,NA,NA,NA,NA,NA
99088122,4.69218979973436,7112,2,3,1,1,80,NA,NA,NA,NA,NA
44001450,17.9887620005335,3413,5,0,2,1,3,NA,NA,NA,NA,NA
33012442,2.60647109768217,4226,2,0,1,1,12,NA,NA,NA,NA,NA
66088348,6.88268729828353,2330,5,5,1,1,1,NA,NA,NA,NA,NA
55088449,6.04892692370184,4313,4,5,1,1,1,NA,NA,NA,NA,NA
100177339,16.8017324042206,9112,0,0,1,2,NA,8,NA,NA,NA,NA
561778801,10.0540792660816,9412,0,0,2,1,5,NA,NA,NA,NA,NA
990018723,2.2453250560792,8350,2,1,1,1,1,NA,NA,NA,NA,NA
77088130,21.5439039337002,2243,5,0,1,1,2,NA,NA,NA,NA,NA
33001987,2.50244131381364,9412,4,1,1,1,2,NA,NA,NA,NA,NA
12188777,7.32795606064763,1324,4,1,1,1,1,NA,NA,NA,NA,NA
2200121552,16.0265049012021,9333,2,0,1,1,1,NA,NA,NA,NA,NA
100155888,6.13896215578772,5120,0,0,2,1,2,NA,NA,NA,NA,NA
220237623,1,5230,2,1,2,1,20,NA,NA,NA,NA,NA
33066887,5.57879253831152,4321,2,1,2,1,1,NA,NA,NA,NA,NA
660775512,6.00511406216661,5223,0,0,2,1,1,NA,NA,NA,NA,NA
66099114,11.6821662441338,8341,2,1,1,1,6,NA,NA,NA,NA,NA
24277334,3.83623723147949,7231,4,2,2,1,4,NA,NA,NA,NA,NA
770883323,2.33022290232641,8172,2,1,1,1,2,NA,NA,NA,NA,NA
990661244,462.07424844616,2512,5,2,2,2,NA,5,NA,NA,NA,NA
330883367,3.62996180403924,4321,0,0,1,1,1,NA,NA,NA,NA,NA
660883323,2.33022290232641,5246,4,0,1,1,1,NA,NA,NA,NA,NA
88099340,8.32124240624532,4321,2,0,1,1,1,NA,NA,NA,NA,NA
33001225,7.7949875394348,2411,4,0,2,1,1,NA,NA,NA,NA,NA
24288664,9.07687591121961,1420,4,1,1,1,1,NA,NA,NA,NA,NA
56155890,12.8797783942311,5131,3,2,2,1,4,NA,NA,NA,NA,NA
220555523,8.07699680921145,7115,0,0,1,1,2,NA,NA,NA,NA,NA
66099124,6.8876173488553,8343,2,3,1,1,1,NA,NA,NA,NA,NA
363113477,4.06360851879736,2352,6,1,1,1,4,NA,NA,NA,NA,NA
330012145,10.1197107710232,6111,0,2,1,1,1,NA,NA,NA,NA,NA
660551266,4.65052397813388,9313,0,0,1,1,2,NA,NA,NA,NA,NA
90266336,12.7070854301968,7233,4,5,1,1,3,NA,NA,NA,NA,NA
77077020,4.61877666218048,3334,5,0,1,1,1,NA,NA,NA,NA,NA
770557701,9.52489085806872,5230,3,0,2,1,3,NA,NA,NA,NA,NA
71511351,22.3915910543013,5153,0,1,1,1,1,NA,NA,NA,NA,NA
220234455,1,3221,4,0,1,1,11,NA,NA,NA,NA,NA
770018701,6.0460592707409,5120,4,0,1,1,2,NA,NA,NA,NA,NA
990113345,6.47466010089871,7233,3,1,1,1,1,NA,NA,NA,NA,NA
68277996,6.10920645087901,7413,3,2,1,1,6,NA,NA,NA,NA,NA
22023432,1,7412,3,3,NA,2,NA,1,5,6,NA,NA
220333433,2.83255681266876,2359,5,0,1,1,4,NA,NA,NA,NA,NA
45177340,13.1091876830554,9112,3,0,1,1,5,NA,NA,NA,NA,NA
671776601,16.3994932203154,8332,3,3,1,1,1,NA,NA,NA,NA,NA
23199779,10.734308677538,6223,0,1,1,1,2,NA,NA,NA,NA,NA
103411350,10.6093860452297,3221,4,2,1,1,2,NA,NA,NA,NA,NA
22023876,9.62000025845905,5414,1,0,1,1,2,NA,NA,NA,NA,NA
44012768,13.778107439158,8332,0,0,1,1,6,NA,NA,NA,NA,NA
55077342,5.8725273725894,2341,5,0,1,1,3,NA,NA,NA,NA,NA
1177125,15.9827479174487,7212,2,3,1,1,10,NA,NA,NA,NA,NA
34144348,4.05926136406294,3221,4,0,1,1,2,NA,NA,NA,NA,NA
100111884,5.02331052128334,3152,3,1,1,1,2,NA,NA,NA,NA,NA
220664467,5.02740192968878,9112,1,0,NA,1,1,NA,NA,NA,NA,NA
33012450,10.6093860452297,2352,6,1,1,1,9,NA,NA,NA,NA,NA
220992245,2.44156058278795,5230,2,5,1,1,1,NA,NA,NA,NA,NA
1012778801,6.38196910193067,9412,3,2,1,1,2,NA,NA,NA,NA,NA
44099883,2.0529932270711,3434,5,2,1,1,1,NA,NA,NA,NA,NA
12101763,2.00937424210104,9112,0,0,1,1,20,NA,NA,NA,NA,NA
44066883,3.39768883088714,9412,0,1,1,1,1,NA,NA,NA,NA,NA
1001773444,258.866416475489,4226,4,2,1,1,1,NA,NA,NA,NA,NA
88012116,11.8136722761082,2411,6,5,1,2,NA,6,9,NA,NA,NA
44999934,25.2871145670537,2514,5,5,1,1,1,NA,NA,NA,NA,NA
440770122,2.44167017008651,5419,5,2,1,1,4,NA,NA,NA,NA,NA
1188890,8.1756216135078,5131,2,0,1,1,3,NA,NA,NA,NA,NA
14311345,7.47445554885214,2352,4,0,1,1,4,NA,NA,NA,NA,NA
22012218,1,4321,2,2,2,1,6,NA,NA,NA,NA,NA
56177559,61.8329989886565,9313,3,0,1,1,6,NA,NA,NA,NA,NA
352113411,11.6878087424019,5312,2,0,1,1,1,NA,NA,NA,NA,NA
23188669,21.6344070654774,4321,2,0,1,1,1,NA,NA,NA,NA,NA
55099666,27.0840741567653,4321,2,0,1,1,2,NA,NA,NA,NA,NA
78177780,7.86632675576514,1324,0,2,2,1,3,NA,NA,NA,NA,NA
34155776,14.7227422316396,8332,2,0,1,1,2,NA,NA,NA,NA,NA
55088887,5.57879253831152,5131,2,1,2,1,1,NA,NA,NA,NA,NA
11558801,10.0540792660816,5120,4,2,1,1,2,NA,NA,NA,NA,NA
231555545,10.6466910555505,8182,0,2,2,1,2,NA,NA,NA,NA,NA
440346523,1,7112,0,1,2,1,100,NA,NA,NA,NA,NA
44066331,4.18840552816858,9112,0,0,1,1,1,NA,NA,NA,NA,NA
33099336,12.7070854301968,9622,0,0,1,1,1,NA,NA,NA,NA,NA
33099113,5.87401137100153,3133,2,0,1,1,1,NA,NA,NA,NA,NA
22001657,24.1475770966248,9313,2,1,1,1,8,NA,NA,NA,NA,NA
33077993,3.24887610795061,3113,4,5,1,1,1,NA,NA,NA,NA,NA
220015445,2.9413692206434,9333,0,0,1,1,1,NA,NA,NA,NA,NA
242886601,16.3994932203154,2433,5,0,1,1,1,NA,NA,NA,NA,NA
1001668856,2.2233740864553,9112,0,0,2,1,2,NA,NA,NA,NA,NA
550661244,462.074248446162,7233,5,5,1,1,8,NA,NA,NA,NA,NA
902668801,10.0540792660816,5131,0,0,1,1,1,NA,NA,NA,NA,NA
220344345,1,2141,5,1,1,1,2,NA,NA,NA,NA,NA
99055018,3.79532945947424,9112,0,0,1,1,7,NA,NA,NA,NA,NA
55055887,5.57879253831152,9112,0,0,1,1,1,NA,NA,NA,NA,NA
45188889,8.1432035691453,9411,3,0,2,1,5,NA,NA,NA,NA,NA
11127634,510.638218598106,4321,5,5,2,1,1,NA,NA,NA,NA,NA
341883334,231.669315520792,3343,4,1,1,1,1,NA,NA,NA,NA,NA
22661244,462.074248446162,7412,3,1,1,2,NA,2,6,7,8,NA
22066444,3.2825743931432,4110,0,0,2,1,1,NA,NA,NA,NA,NA
102377661,8.91560005738092,4321,2,1,1,1,1,NA,NA,NA,NA,NA
55034451,1,3142,3,2,1,2,NA,1,4,5,NA,NA
1177883,3.39768883088714,9412,2,0,1,1,3,NA,NA,NA,NA,NA
990888823,3.78015522531299,5131,2,1,1,1,6,NA,NA,NA,NA,NA
330772267,3.14212620605549,3343,2,0,1,1,2,NA,NA,NA,NA,NA
891342244,1,9112,2,0,1,1,100,NA,NA,NA,NA,NA
11129834,32.130193814791,4321,5,3,1,1,1,NA,NA,NA,NA,NA
550885523,8.07699680921145,7112,0,0,1,1,5,NA,NA,NA,NA,NA
781779934,83.8018215905455,3512,4,2,2,1,1,NA,NA,NA,NA,NA
2277889,10.7068218908321,1211,3,0,2,1,1,NA,NA,NA,NA,NA
440557756,3.01617970092595,9333,0,0,2,1,1,NA,NA,NA,NA,NA
781343234,21.0869726612122,2141,5,3,1,2,NA,5,6,7,NA,NA
1001778823,3.78015522531299,9412,0,0,1,1,1,NA,NA,NA,NA,NA
34155774,3.74780012609433,4221,2,1,2,1,2,NA,NA,NA,NA,NA
880881233,6.0979201785786,5113,0,3,1,1,10,NA,NA,NA,NA,NA
1177021,5.35480683456073,3113,2,5,1,1,5,NA,NA,NA,NA,NA
22012549,1,9613,0,0,2,1,11,NA,NA,NA,NA,NA
22066884,5.02331052128334,3434,4,0,1,1,1,NA,NA,NA,NA,NA
671883301,7.12560837946903,7511,0,0,2,1,60,NA,NA,NA,NA,NA
990668801,10.0540792660816,9412,3,1,1,1,2,NA,NA,NA,NA,NA
3377666,27.0840741567653,6114,2,0,2,1,3,NA,NA,NA,NA,NA
330993422,2.48926708471777,2330,5,1,1,1,1,NA,NA,NA,NA,NA
1012557734,234.082178741939,9629,0,0,2,1,1,NA,NA,NA,NA,NA
55012660,21.6898682544344,9313,0,0,2,1,100,NA,NA,NA,NA,NA
330663367,3.62996180403925,9321,0,0,2,1,1,NA,NA,NA,NA,NA
660777723,3.5372587568796,3151,4,0,1,1,1,NA,NA,NA,NA,NA
550999934,83.8018215905458,2434,3,1,2,1,1,NA,NA,NA,NA,NA
2200165332,7.1849933524850504,2143,5,4,1,1,1,NA,NA,NA,NA,NA
770998834,26.4210870002648,9112,3,NA,1,1,3,NA,NA,NA,NA,NA
89177447,4.3818271857324,9611,1,0,2,1,4,NA,NA,NA,NA,NA
33088994,3.8011582358127,3522,4,0,1,1,2,NA,NA,NA,NA,NA
24277117,93.1355328565424,9211,2,5,1,1,1,NA,NA,NA,NA,NA
78177333,4.03800303779987,7212,0,2,1,1,2,NA,NA,NA,NA,NA
330773422,3.92156216748668,5312,4,0,2,1,1,NA,NA,NA,NA,NA
220113466,3.92919633519165,3343,2,0,1,1,1,NA,NA,NA,NA,NA
660122123,2.25841296736366,8160,0,3,2,1,2,NA,NA,NA,NA,NA
990128734,70.6340597329064,4225,5,0,1,1,3,NA,NA,NA,NA,NA
99099227,3.86194938403533,5120,2,1,1,1,8,NA,NA,NA,NA,NA
220019812,1,1211,5,3,2,1,1,NA,NA,NA,NA,NA
231775556,11.3648420156433,8342,0,NA,1,1,1,NA,NA,NA,NA,NA
22077886,17.8979195718987,5131,0,0,1,1,2,NA,NA,NA,NA,NA
88066345,11.4391350739138,4226,3,1,1,1,1,NA,NA,NA,NA,NA
880448845,3.40023402834294,5131,3,1,1,1,1,NA,NA,NA,NA,NA
9907766554,27.0840741567653,7212,2,2,1,1,4,NA,NA,NA,NA,NA
66088131,9.53488620526702,9214,0,0,2,1,2,NA,NA,NA,NA,NA
220014422,1,5312,4,3,1,1,1,NA,NA,NA,NA,NA
55066337,8.04017439763438,7233,4,1,1,1,1,NA,NA,NA,NA,NA
44044778,8.6575183407399,5112,0,0,1,1,1,NA,NA,NA,NA,NA
671124334,69.9059807061057,8153,2,0,2,1,6,NA,NA,NA,NA,NA
1001886601,16.3994932203154,4321,4,1,1,1,1,NA,NA,NA,NA,NA
363118834,87.5598207598285,5132,0,1,2,1,2,NA,NA,NA,NA,NA
102311348,6.88268729828353,3423,2,0,1,1,13,NA,NA,NA,NA,NA
11881211,11.0666820846193,5151,5,0,1,1,1,NA,NA,NA,NA,NA
3312761,5.38709324017132,5223,2,0,1,1,7,NA,NA,NA,NA,NA
561770111,4.46708996366323,4120,3,2,1,1,1,NA,NA,NA,NA,NA
902771233,3.8707411326085,4313,4,3,2,1,1,NA,NA,NA,NA,NA
45112767,5.12653577690573,8344,2,1,1,1,8,NA,NA,NA,NA,NA
13266889,10.7068218908321,1411,4,2,2,1,1,NA,NA,NA,NA,NA
330122123,3.39212157220047,9112,2,1,2,1,1,NA,NA,NA,NA,NA
12177333,4.03800303779987,7512,4,0,2,1,1,NA,NA,NA,NA,NA
45177884,5.02331052128334,5131,2,0,2,1,1,NA,NA,NA,NA,NA
22099122,4.69218979973437,7412,4,5,1,1,5,NA,NA,NA,NA,NA
12166448,4.04657594733918,8332,0,4,1,2,NA,1,NA,NA,NA,NA
22012658,24.6602769010232,3315,5,3,2,1,3,NA,NA,NA,NA,NA
44099552,17.5757391178205,2611,5,5,1,1,1,NA,NA,NA,NA,NA
100177662,8.40385045878902,5230,3,3,1,1,1,NA,NA,NA,NA,NA
451668801,10.0540792660816,9412,0,0,1,1,1,NA,NA,NA,NA,NA
22034434,1.87098123377472,8343,3,0,1,1,1,NA,NA,NA,NA,NA
23111347,36.5300984902798,2352,5,1,1,1,2,NA,NA,NA,NA,NA
33077128,14.3633132974849,1213,5,2,1,1,1,NA,NA,NA,NA,NA
22099889,8.1432035691453,9412,0,0,2,1,1,NA,NA,NA,NA,NA
23199224,3.24867467744887,8113,0,5,1,1,40,NA,NA,NA,NA,NA
99011345,11.4391350739138,5312,4,1,1,1,1,NA,NA,NA,NA,NA
121663345,6.47466010089871,7213,2,0,1,1,5,NA,NA,NA,NA,NA
79211350,17.9887620005335,2432,4,2,1,2,NA,5,6,9,NA,NA
660017667,4.29045348305249,9334,0,0,2,1,1,NA,NA,NA,NA,NA
79277996,6.10920645087901,2434,5,2,1,2,NA,6,NA,NA,NA,NA
462778867,2.21584836780982,5230,2,0,1,1,2,NA,NA,NA,NA,NA
68266888,6.13896215578772,5131,0,0,2,1,1,NA,NA,NA,NA,NA
22066342,5.8725273725894,3611,3,0,2,2,NA,1,9,NA,NA,NA
1177130,28.3262895606989,3257,5,5,1,1,3,NA,NA,NA,NA,NA
1155338,8.08177884659017,5132,3,2,2,2,NA,1,5,8,NA,NA
33099884,5.02331052128334,5132,0,0,2,1,2,NA,NA,NA,NA,NA
220012211,7.3679960442521,3152,3,2,1,1,14,NA,NA,NA,NA,NA
12188559,47.0278391841496,9312,0,0,1,1,20,NA,NA,NA,NA,NA
1166890,12.8797783942311,9313,0,0,1,1,6,NA,NA,NA,NA,NA
46277337,8.04017439763438,7212,3,2,1,1,2,NA,NA,NA,NA,NA
66099331,4.18840552816858,7223,2,3,1,1,2,NA,NA,NA,NA,NA
23177889,10.7068218908321,5151,4,1,1,1,1,NA,NA,NA,NA,NA
55001328,3.04689581211318,4321,3,0,2,1,2,NA,NA,NA,NA,NA
46277773,3.35156194954141,4323,3,2,1,1,15,NA,NA,NA,NA,NA
231666601,16.3994932203154,4120,4,1,1,1,1,NA,NA,NA,NA,NA
660018734,234.082178741939,3323,4,0,1,1,1,NA,NA,NA,NA,NA
770666667,5.64116086302935,5243,2,3,1,1,2,NA,NA,NA,NA,NA
330126501,11.8705659722709,7112,0,0,1,1,30,NA,NA,NA,NA,NA
12111883,3.39768883088714,9112,2,0,1,1,2,NA,NA,NA,NA,NA
77066881,4.15580958287232,5131,2,1,1,1,3,NA,NA,NA,NA,NA
88088350,17.9887620005335,2330,5,1,1,1,2,NA,NA,NA,NA,NA
220127612,1,9334,2,0,2,1,12,NA,NA,NA,NA,NA
671558845,3.40023402834294,9112,3,0,1,1,2,NA,NA,NA,NA,NA
2208855992,51.3230634997549,4416,4,1,1,1,1,NA,NA,NA,NA,NA
22099345,7.47445554885214,2342,5,0,1,1,1,NA,NA,NA,NA,NA
1023771244,462.074248446162,9112,2,0,2,1,1,NA,NA,NA,NA,NA
792773444,258.86641647549,2143,6,5,1,2,NA,8,NA,NA,NA,NA
11127601,6.93066280795633,9321,0,0,2,1,76,NA,NA,NA,NA,NA
22088444,3.2825743931432,2114,6,4,1,1,1,NA,NA,NA,NA,NA
56199664,5.93092966229354,5223,2,2,1,1,3,NA,NA,NA,NA,NA
3308812653,18.7647360968455,7412,5,4,1,1,40,NA,NA,NA,NA,NA
440441167,22.5720086639088,8322,0,0,1,1,1,NA,NA,NA,NA,NA
572130934,27.8261048373322,4222,2,3,2,1,10,NA,NA,NA,NA,NA
330344356,1,4321,2,1,1,1,5,NA,NA,NA,NA,NA
66001439,7.5366396981467,5414,2,2,1,1,3,NA,NA,NA,NA,NA
99077888,6.13896215578772,5120,3,0,1,2,NA,1,6,7,NA,NA
22099350,17.9887620005335,2359,6,1,1,1,1,NA,NA,NA,NA,NA
3309933013,7.12560837946903,7512,2,0,2,1,2,NA,NA,NA,NA,NA
660558845,3.40023402834294,5131,0,1,2,1,1,NA,NA,NA,NA,NA
68211351,22.3915910543013,2341,5,5,1,1,1,NA,NA,NA,NA,NA
66022886,17.8979195718987,5120,3,4,2,1,1,NA,NA,NA,NA,NA
231130934,25.2871145670537,2512,3,2,1,1,1,NA,NA,NA,NA,NA
330014455,3.63733547255337,3221,4,NA,1,1,2,NA,NA,NA,NA,NA
770886667,5.64116086302934,4321,0,0,2,1,1,NA,NA,NA,NA,NA
44088333,4.03800303779988,5230,2,3,2,1,1,NA,NA,NA,NA,NA
220773433,2.83255681266876,2341,5,0,1,1,1,NA,NA,NA,NA,NA
220448856,2.2233740864553,5132,2,1,2,1,1,NA,NA,NA,NA,NA
891778823,3.78015522531299,9412,2,0,1,1,2,NA,NA,NA,NA,NA
682778801,10.0540792660816,5132,3,1,1,1,1,NA,NA,NA,NA,NA
462777723,2.2453250560792,4323,2,0,1,1,2,NA,NA,NA,NA,NA
220014356,1.20358634105105,3111,4,0,2,1,1,NA,NA,NA,NA,NA
88077994,3.8011582358127,2431,5,3,1,1,2,NA,NA,NA,NA,NA
22023217,1,4416,4,1,1,1,10,NA,NA,NA,NA,NA
77099666,27.0840741567653,5223,3,0,1,1,1,NA,NA,NA,NA,NA
220234323,2.33022290232641,8160,3,0,1,1,1,NA,NA,NA,NA,NA
19811346,36.5300984902799,9112,0,0,2,1,5,NA,NA,NA,NA,NA
12101766,17.6970292822405,4226,4,0,1,1,1,NA,NA,NA,NA,NA
57288666,27.0840741567653,5223,2,0,1,1,1,NA,NA,NA,NA,NA
880344444,1,4110,4,2,1,1,17,NA,NA,NA,NA,NA
220237601,1,3221,4,0,1,1,2,NA,NA,NA,NA,NA
330553477,5.34290126427455,5120,4,1,1,1,1,NA,NA,NA,NA,NA
22012217,1,9211,0,1,1,1,150,NA,NA,NA,NA,NA
33034877,1,8344,2,0,1,1,100,NA,NA,NA,NA,NA
23177556,45.3529257956236,9313,0,0,1,1,20,NA,NA,NA,NA,NA
22034877,1,8344,2,1,1,1,68,NA,NA,NA,NA,NA
561668823,3.78015522531299,9112,0,0,2,1,3,NA,NA,NA,NA,NA
440772223,4.30328488150779,3111,0,0,1,1,4,NA,NA,NA,NA,NA
44034116,5.76167681945956,7126,4,3,1,1,3,NA,NA,NA,NA,NA
44012217,122.456175083365,6111,4,2,1,1,15,NA,NA,NA,NA,NA
44034446,1,2221,5,2,1,1,2,NA,NA,NA,NA,NA
330346501,1,7126,2,0,1,1,30,NA,NA,NA,NA,NA
14311347,23.8691645475402,5312,5,0,1,1,4,NA,NA,NA,NA,NA
33023228,1,1212,2,2,1,1,30,NA,NA,NA,NA,NA
770347601,10.4098104112287,2243,5,5,1,1,1,NA,NA,NA,NA,NA
45166669,21.6344070654774,9334,2,1,1,1,3,NA,NA,NA,NA,NA
341997701,6.0460592707409,3151,1,0,1,1,4,NA,NA,NA,NA,NA
35277020,4.61877666218048,3334,5,0,2,1,1,NA,NA,NA,NA,NA
22012877,1,7515,2,1,1,1,120,NA,NA,NA,NA,NA
440127623,2.74178775262076,4120,4,0,1,1,1,NA,NA,NA,NA,NA
33012217,1,9333,1,1,1,1,50,NA,NA,NA,NA,NA
12177336,12.7070854301968,8212,0,0,1,1,5,NA,NA,NA,NA,NA
33088886,17.8979195718987,9112,2,0,2,1,2,NA,NA,NA,NA,NA
22023228,1,5414,2,1,1,1,44,NA,NA,NA,NA,NA
330347667,1,9313,3,3,1,1,3,NA,NA,NA,NA,NA
33034323,1,8342,3,5,1,1,1,NA,NA,NA,NA,NA
77077886,17.8979195718987,5131,2,0,2,1,3,NA,NA,NA,NA,NA
330016567,13.3436866244682,1212,5,5,2,1,1,NA,NA,NA,NA,NA
22099351,14.2133793129833,3511,4,1,1,1,5,NA,NA,NA,NA,NA
55066336,12.7070854301968,5132,2,1,1,1,4,NA,NA,NA,NA,NA
11881101,28.2854849989094,1311,5,0,2,2,NA,8,NA,NA,NA,NA
24244996,6.10920645087901,2166,5,1,1,2,NA,12,NA,NA,NA,NA
1155346,36.5300984902798,5153,2,1,1,1,12,NA,NA,NA,NA,NA
22034228,1,7212,4,1,1,1,516,NA,NA,NA,NA,NA
770771167,22.5720086639088,6210,0,1,1,1,8,NA,NA,NA,NA,NA
44001226,14.0061915420058,9112,2,3,1,1,9,NA,NA,NA,NA,NA
80377886,17.8979195718987,4311,4,0,2,1,1,NA,NA,NA,NA,NA
880012145,6.42362962852544,8350,0,1,1,1,10,NA,NA,NA,NA,NA
880127623,1.82543251545691,8322,2,2,1,1,7,NA,NA,NA,NA,NA
220998823,2.39950702694744,9112,0,0,2,1,5,NA,NA,NA,NA,NA
22034448,1,3221,2,0,1,1,17,NA,NA,NA,NA,NA
561445567,17.5445050393423,9112,0,3,1,1,35,NA,NA,NA,NA,NA
121663323,3.67100582805091,9412,3,1,2,1,2,NA,NA,NA,NA,NA
22012228,1,8344,2,2,1,1,62,NA,NA,NA,NA,NA
33034228,1,4321,2,0,2,1,20,NA,NA,NA,NA,NA
33099347,23.8691645475402,2330,5,1,1,1,1,NA,NA,NA,NA,NA
33012228,1,7233,2,1,1,1,12,NA,NA,NA,NA,NA
34101768,6.18035265608701,9412,0,0,1,1,2,NA,NA,NA,NA,NA
23111344,5.03215123785774,3611,3,0,1,1,2,NA,NA,NA,NA,NA
99077125,15.9827479174487,3123,5,3,1,1,1,NA,NA,NA,NA,NA
1166886,17.8979195718987,5230,2,1,1,1,1,NA,NA,NA,NA,NA
44099118,42.867581772155,8341,2,0,1,1,2,NA,NA,NA,NA,NA
880887723,3.5372587568796,4214,2,0,1,1,1,NA,NA,NA,NA,NA
330883411,7.41900200796358,2248,5,3,2,1,1,NA,NA,NA,NA,NA
77066346,36.5300984902798,4226,1,1,2,1,3,NA,NA,NA,NA,NA
33099127,18.7647360968455,3343,4,0,2,1,1,NA,NA,NA,NA,NA
77055999,4.01755510457195,2512,5,0,2,2,NA,8,9,NA,NA,NA
1177558,32.4237494882581,9313,0,0,2,1,4,NA,NA,NA,NA,NA
891663367,3.62996180403925,7214,0,2,1,1,1,NA,NA,NA,NA,NA
6601112654,28.7181252781852,8344,0,0,1,1,1,NA,NA,NA,NA,NA
1045778834,87.5598207598285,5132,2,2,2,1,7,NA,NA,NA,NA,NA
880017667,2.53041745226572,8344,2,2,1,1,10,NA,NA,NA,NA,NA
22099344,3.04058815363088,5312,4,1,1,1,3,NA,NA,NA,NA,NA
55066117,122.456175083365,4110,4,0,1,1,3,NA,NA,NA,NA,NA
99099339,12.7787618657435,3122,5,1,2,2,NA,3,6,9,NA,NA
33992234,17.3400989258152,8113,3,4,1,1,16,NA,NA,NA,NA,NA
770555512,6.00511406216661,7212,0,2,2,1,2,NA,NA,NA,NA,NA
66088887,5.57879253831152,5131,0,1,1,1,4,NA,NA,NA,NA,NA
67177887,5.57879253831152,5131,2,1,1,1,3,NA,NA,NA,NA,NA
33023654,1,7122,0,1,2,1,50,NA,NA,NA,NA,NA
33012224,3.05701011041347,2243,5,3,1,1,2,NA,NA,NA,NA,NA
36311346,23.8691645475402,2352,5,0,1,1,2,NA,NA,NA,NA,NA
220337723,3.5372587568796,3115,4,0,1,1,5,NA,NA,NA,NA,NA
78177881,4.15580958287232,5131,2,0,1,1,2,NA,NA,NA,NA,NA
330883466,2.37414721167236,5312,5,0,1,1,3,NA,NA,NA,NA,NA
89111342,5.8725273725894,3611,3,1,1,1,2,NA,NA,NA,NA,NA
22077663,4.52723425516123,7233,3,2,1,1,2,NA,NA,NA,NA,NA
352775534,2703.96197895723,3113,4,0,1,1,2,NA,NA,NA,NA,NA
341665523,8.07699680921146,4110,4,2,1,1,1,NA,NA,NA,NA,NA
24211342,5.8725273725894,2341,5,1,1,1,1,NA,NA,NA,NA,NA
33066351,22.3915910543013,2634,5,0,1,1,1,NA,NA,NA,NA,NA
220345467,1,7413,2,2,1,1,3,NA,NA,NA,NA,NA
101266884,5.02331052128334,4224,2,0,2,1,1,NA,NA,NA,NA,NA
88088888,4.66906230883171,5131,2,0,1,1,10,NA,NA,NA,NA,NA
44088350,17.9887620005335,2330,5,0,1,1,1,NA,NA,NA,NA,NA
22077230,6.46516832596426,4313,5,5,1,1,1,NA,NA,NA,NA,NA
550777745,3.4372448622224,7231,2,0,1,1,1,NA,NA,NA,NA,NA
24277337,8.04017439763438,4110,2,0,1,1,1,NA,NA,NA,NA,NA
22034224,1,8332,3,5,1,1,75,NA,NA,NA,NA,NA
880661112,4.83847753256889,5223,4,0,1,1,2,NA,NA,NA,NA,NA
440888856,1.343434366103,9412,2,0,1,1,1,NA,NA,NA,NA,NA
242125434,31.552922067661,3322,5,3,1,1,1,NA,NA,NA,NA,NA
33099351,14.2133793129833,2634,5,2,1,1,2,NA,NA,NA,NA,NA
451775556,11.3648420156433,2142,5,2,1,1,3,NA,NA,NA,NA,NA
440443345,6.47466010089871,2144,5,2,1,1,1,NA,NA,NA,NA,NA
330122101,1,7515,3,0,1,1,50,NA,NA,NA,NA,NA
1199224,3.24867467744887,8113,3,5,1,1,1,NA,NA,NA,NA,NA
33099128,14.3633132974849,3123,4,3,1,1,4,NA,NA,NA,NA,NA
30811347,36.5300984902799,9112,2,0,1,1,1,NA,NA,NA,NA,NA
220014345,6.47466010089871,7213,3,5,1,1,7,NA,NA,NA,NA,NA
66088119,26.9298226643207,8332,0,0,1,1,3,NA,NA,NA,NA,NA
2288778,3.88344456657712,3122,0,3,2,1,1,NA,NA,NA,NA,NA
33055347,36.5300984902798,9112,2,1,1,1,1,NA,NA,NA,NA,NA
792771211,11.0666820846193,3115,0,2,2,1,2,NA,NA,NA,NA,NA
550775567,17.5445050393423,7115,0,0,1,1,8,NA,NA,NA,NA,NA
35277332,6.91655838195872,5222,0,NA,2,1,1,NA,NA,NA,NA,NA
101277127,18.7647360968455,9612,2,0,1,2,NA,12,NA,NA,NA,NA
220776645,5.11925815814655,3323,5,0,1,1,1,NA,NA,NA,NA,NA
77055553,11.8911116421776,3257,4,0,1,1,1,NA,NA,NA,NA,NA
33055666,27.0840741567653,3254,3,4,1,1,1,NA,NA,NA,NA,NA
220773422,3.92156216748668,2341,5,3,2,1,4,NA,NA,NA,NA,NA
2201287014,6.0460592707409,5223,3,0,2,1,7,NA,NA,NA,NA,NA
33034440,5.54013214292018,4323,0,0,2,1,30,NA,NA,NA,NA,NA
671771266,2.80999664908918,3123,4,2,1,1,1,NA,NA,NA,NA,NA
792888834,26.4210870002648,1412,3,3,2,1,1,NA,NA,NA,NA,NA
4407701654,11.8136722761082,4120,5,0,1,1,2,NA,NA,NA,NA,NA
77088667,11.4287913093968,4321,4,0,2,1,1,NA,NA,NA,NA,NA
24266887,5.57879253831152,9622,0,0,1,1,1,NA,NA,NA,NA,NA
45155884,5.02331052128334,5120,0,1,1,1,1,NA,NA,NA,NA,NA
880888801,6.38196910193067,9412,2,0,1,1,1,NA,NA,NA,NA,NA
143770144,153.635728563717,3322,4,2,1,1,1,NA,NA,NA,NA,NA
220348723,1.49489666412702,4323,2,1,1,1,6,NA,NA,NA,NA,NA
220772212,2.37085399095875,7233,3,0,2,1,4,NA,NA,NA,NA,NA
99066334,3.83623723147949,9412,0,0,2,1,1,NA,NA,NA,NA,NA
66012874,1.82784934318484,8331,2,5,1,1,9,NA,NA,NA,NA,NA
231116667,4.29045348305249,3122,3,4,1,1,1,NA,NA,NA,NA,NA
34155887,5.57879253831152,9412,0,0,2,1,2,NA,NA,NA,NA,NA
770127601,10.4098104112287,2411,5,2,1,1,8,NA,NA,NA,NA,NA
231779901,4.09466738576137,4214,0,0,2,1,1,NA,NA,NA,NA,NA
11773312,2.0096822241167,7512,0,0,2,1,3,NA,NA,NA,NA,NA
22001983,1.50803515671311,9112,2,0,1,1,6,NA,NA,NA,NA,NA
11235434,38.3709232495538,2151,5,1,1,1,2,NA,NA,NA,NA,NA
55099118,42.867581772155,7233,0,1,1,1,1,NA,NA,NA,NA,NA
440999945,1.99406078025323,7422,4,0,2,1,15,NA,NA,NA,NA,NA
440125445,1.86707573977902,2243,5,1,1,1,1,NA,NA,NA,NA,NA
660881167,22.5720086639088,1311,5,5,1,1,1,NA,NA,NA,NA,NA
891775523,5.12698803227856,2142,5,3,1,1,2,NA,NA,NA,NA,NA
550997712,1.59140111631994,3152,5,0,1,1,4,NA,NA,NA,NA,NA
77066883,3.39768883088714,9412,3,1,1,1,3,NA,NA,NA,NA,NA
9911346,23.8691645475402,9112,2,1,1,1,4,NA,NA,NA,NA,NA
660668823,3.78015522531299,5132,0,2,1,1,1,NA,NA,NA,NA,NA
220888856,2.2233740864553,9412,0,0,1,1,1,NA,NA,NA,NA,NA
330889901,4.09466738576137,2153,5,3,1,1,1,NA,NA,NA,NA,NA
66044559,61.8329989886565,3123,0,3,1,1,1,NA,NA,NA,NA,NA
55099114,17.8787440435157,8344,2,2,1,1,2,NA,NA,NA,NA,NA
572889934,83.8018215905455,3313,3,5,1,1,1,NA,NA,NA,NA,NA
231990144,153.635728563717,2411,5,4,1,1,1,NA,NA,NA,NA,NA
73711345,11.4391350739138,9622,2,1,2,1,1,NA,NA,NA,NA,NA
1001668823,3.78015522531299,9412,3,0,1,1,3,NA,NA,NA,NA,NA
330014367,3.62996180403925,9333,1,0,1,1,4,NA,NA,NA,NA,NA
35299771,3.13217582716262,3257,4,0,1,2,NA,1,2,8,NA,NA
451992234,57.4653099581732,7233,4,4,1,1,1,NA,NA,NA,NA,NA
22012543,1.96220059240112,8332,2,3,1,1,10,NA,NA,NA,NA,NA
33034768,1,4321,3,0,2,1,153,NA,NA,NA,NA,NA
66023121,2.26301874536624,7131,0,1,1,1,10,NA,NA,NA,NA,NA
440996612,2.96231182319223,8322,2,0,2,1,1,NA,NA,NA,NA,NA
35277887,5.57879253831152,5131,2,1,2,1,2,NA,NA,NA,NA,NA
22001118,4.99016341597905,3313,4,1,1,1,2,NA,NA,NA,NA,NA
88099124,4.16172064943489,7542,2,3,1,1,2,NA,NA,NA,NA,NA
88077349,10.8202217704964,2221,5,0,1,1,2,NA,NA,NA,NA,NA
100188669,21.6344070654774,8332,2,1,1,1,1,NA,NA,NA,NA,NA
33099997,2.96831110397465,2141,5,0,2,1,1,NA,NA,NA,NA,NA
440019801,6.38196910193067,4212,2,0,2,1,1,NA,NA,NA,NA,NA
121885523,5.12698803227856,2144,5,1,1,1,2,NA,NA,NA,NA,NA
341886645,5.11925815814655,5223,2,0,1,1,3,NA,NA,NA,NA,NA
550663477,4.06360851879736,5312,4,0,1,1,1,NA,NA,NA,NA,NA
60511349,10.8202217704964,2212,6,1,1,1,1,NA,NA,NA,NA,NA
25377887,5.57879253831152,5131,2,1,1,1,3,NA,NA,NA,NA,NA
99022128,14.3633132974849,1212,4,2,1,1,1,NA,NA,NA,NA,NA
5507712653,18.7647360968455,3257,5,0,1,1,3,NA,NA,NA,NA,NA
352013234,21.0869726612122,8113,2,5,1,1,5,NA,NA,NA,NA,NA
55001115,4.61789358648057,9629,0,0,2,1,2,NA,NA,NA,NA,NA
44001877,5.57336607968623,4321,4,1,1,1,8,NA,NA,NA,NA,NA
23166128,14.3633132974849,7412,4,0,1,1,2,NA,NA,NA,NA,NA
33088018,4.99016341597904,9313,2,1,1,1,30,NA,NA,NA,NA,NA
231015434,31.552922067661,3113,4,4,1,1,7,NA,NA,NA,NA,NA
1166337,8.04017439763438,5246,0,0,1,1,1,NA,NA,NA,NA,NA
660997712,1.59140111631994,7126,3,3,2,1,2,NA,NA,NA,NA,NA
22033117,122.456175083365,6112,3,2,1,1,1,NA,NA,NA,NA,NA
44012225,7.7949875394348,8113,2,0,1,1,30,NA,NA,NA,NA,NA
66099554,22.6496228380874,5131,0,0,2,1,3,NA,NA,NA,NA,NA
550661112,4.83847753256889,8342,2,2,1,1,3,NA,NA,NA,NA,NA
550660133,2.94636350302331,9112,3,0,2,1,3,NA,NA,NA,NA,NA
550993323,2.33022290232641,3139,0,0,2,1,1,NA,NA,NA,NA,NA
330015467,2.2551077502171,2243,5,3,1,1,2,NA,NA,NA,NA,NA
22001213,3.54926721092822,6111,2,2,1,1,3,NA,NA,NA,NA,NA
220012277,2.13208184990742,9211,2,2,1,1,37,NA,NA,NA,NA,NA
45188015,3.01738200645872,5414,0,3,1,1,2,NA,NA,NA,NA,NA
45188996,6.10920645087901,2422,5,2,1,2,NA,12,NA,NA,NA,NA
22034987,2.50244131381364,4212,2,1,1,1,18,NA,NA,NA,NA,NA
22012326,3.18794295633118,2529,5,0,1,1,4,NA,NA,NA,NA,NA
77001546,2.98931841919601,9112,1,0,1,1,39,NA,NA,NA,NA,NA
693771134,264.850224421149,6112,4,2,2,1,1,NA,NA,NA,NA,NA
46277334,3.83623723147949,7233,4,3,1,1,1,NA,NA,NA,NA,NA
990347601,6.93066280795634,9333,2,0,2,1,8,NA,NA,NA,NA,NA
22023448,4.05926136406294,3221,4,1,1,1,9,NA,NA,NA,NA,NA
23112120,2.07181347206307,7115,0,1,2,1,50,NA,NA,NA,NA,NA
55055883,3.39768883088714,5132,2,1,1,1,1,NA,NA,NA,NA,NA
46277887,5.57879253831152,9412,2,1,1,1,3,NA,NA,NA,NA,NA
55088333,4.03800303779987,7212,0,2,1,1,1,NA,NA,NA,NA,NA
880556656,3.84563853409297,7512,4,2,1,2,NA,1,NA,NA,NA,NA
671668823,3.78015522531299,5131,2,0,2,1,3,NA,NA,NA,NA,NA
770997712,1.59140111631994,3152,3,0,1,1,2,NA,NA,NA,NA,NA
22088342,3.54837053120246,2246,5,1,1,1,1,NA,NA,NA,NA,NA
33012115,3.01738200645872,1221,5,0,2,1,1,NA,NA,NA,NA,NA
22773323,3.67100582805091,9412,0,0,2,1,1,NA,NA,NA,NA,NA
33001770,19.8102936720593,4321,0,1,1,1,1,NA,NA,NA,NA,NA
990012145,4.27673600188581,9211,0,0,2,1,64,NA,NA,NA,NA,NA
11885567,13.3436866244682,7411,3,2,2,2,NA,5,6,NA,NA,NA
12112769,16.4543113379694,9333,0,0,1,1,3,NA,NA,NA,NA,NA
44034658,24.6602769010232,3123,4,2,2,1,5,NA,NA,NA,NA,NA
12188130,21.5439039337003,2423,5,0,1,1,2,NA,NA,NA,NA,NA
77044778,6.5845808374398,9321,3,0,2,1,2,NA,NA,NA,NA,NA
440888823,3.78015522531299,9112,3,1,1,1,5,NA,NA,NA,NA,NA
770886645,5.11925815814655,9621,2,0,1,1,1,NA,NA,NA,NA,NA
22055887,5.57879253831152,9112,0,1,1,1,2,NA,NA,NA,NA,NA
13211351,22.3915910543013,5312,4,0,1,1,2,NA,NA,NA,NA,NA
891346534,221.392238507527,3112,0,NA,1,2,NA,3,NA,NA,NA,NA
22001224,3.05701011041347,9129,2,2,1,1,6,NA,NA,NA,NA,NA
440883411,7.41900200796358,2642,5,5,2,1,1,NA,NA,NA,NA,NA
89177114,11.6821662441338,6112,3,1,2,2,NA,1,5,6,NA,NA
88011342,5.8725273725894,1345,5,1,1,1,1,NA,NA,NA,NA,NA
220346523,1,7112,3,2,1,1,30,NA,NA,NA,NA,NA
12111342,5.8725273725894,2352,5,1,1,1,1,NA,NA,NA,NA,NA
33034438,3.62518898774706,4321,3,1,1,1,1,NA,NA,NA,NA,NA
22012329,6.77479815454606,2432,5,3,1,1,1,NA,NA,NA,NA,NA
451668823,3.78015522531299,9121,0,0,1,1,1,NA,NA,NA,NA,NA
88077125,15.9827479174487,3143,5,2,1,1,1,NA,NA,NA,NA,NA
11778856,2.2233740864553,9112,2,0,2,1,2,NA,NA,NA,NA,NA
990124323,2.33022290232641,8342,2,2,1,1,5,NA,NA,NA,NA,NA
55011015,4.61789358648057,3112,0,0,2,1,1,NA,NA,NA,NA,NA
220124411,7.41900200796358,2221,5,2,1,1,6,NA,NA,NA,NA,NA
440889945,1.99406078025323,7422,0,1,1,1,15,NA,NA,NA,NA,NA
44012879,10.734308677538,4110,4,1,2,1,10,NA,NA,NA,NA,NA
56166560,51.3230634997549,7115,2,2,1,1,1,NA,NA,NA,NA,NA
99044886,17.8979195718987,9112,2,3,1,1,1,NA,NA,NA,NA,NA
550344444,1,3512,4,NA,2,1,21,NA,NA,NA,NA,NA
990127667,2.53041745226572,4110,3,3,2,1,9,NA,NA,NA,NA,NA
22099664,9.07687591121961,7233,2,0,2,1,5,NA,NA,NA,NA,NA
56166890,12.8797783942311,9622,2,2,2,1,1,NA,NA,NA,NA,NA
99066130,28.3262895606988,3123,4,0,1,1,2,NA,NA,NA,NA,NA
99088118,42.867581772155,1311,2,3,2,1,1,NA,NA,NA,NA,NA
22034440,1,5223,2,0,2,1,50,NA,NA,NA,NA,NA
330347601,1,3142,5,2,1,1,4,NA,NA,NA,NA,NA
880883411,7.41900200796358,5230,0,0,2,1,1,NA,NA,NA,NA,NA
330122167,10.1249735724033,8341,2,1,1,1,6,NA,NA,NA,NA,NA
330016501,11.8705659722709,2142,5,3,1,1,3,NA,NA,NA,NA,NA
33012547,2.58430770252776,9329,0,0,2,1,60,NA,NA,NA,NA,NA
12111890,12.8797783942311,5131,2,2,1,1,3,NA,NA,NA,NA,NA
660113433,2.83255681266876,5312,2,0,1,1,1,NA,NA,NA,NA,NA
550773444,258.866416475489,4120,2,5,2,1,1,NA,NA,NA,NA,NA
2277999,4.01755510457195,2656,2,1,2,1,1,NA,NA,NA,NA,NA
671665523,8.07699680921145,7112,0,1,1,1,1,NA,NA,NA,NA,NA
22034327,2.27769492426176,3323,4,1,1,1,1,NA,NA,NA,NA,NA
88034446,1,2432,5,0,1,1,17,NA,NA,NA,NA,NA
660019834,26.4210870002648,5120,3,1,1,1,3,NA,NA,NA,NA,NA
55077344,5.03215123785774,3221,4,1,1,1,1,NA,NA,NA,NA,NA
220771233,6.0979201785786,5222,5,1,1,1,1,NA,NA,NA,NA,NA
242778823,3.78015522531299,9112,2,1,1,1,2,NA,NA,NA,NA,NA
22088230,6.46516832596426,8322,0,0,1,1,1,NA,NA,NA,NA,NA
451991101,11.9538546864424,4110,3,0,2,1,1,NA,NA,NA,NA,NA
440342101,1,3122,3,0,1,1,10,NA,NA,NA,NA,NA
550779967,2.24515747094152,3522,4,4,1,1,1,NA,NA,NA,NA,NA
66088223,2.80053574313203,9311,2,2,1,1,2,NA,NA,NA,NA,NA
550129823,1.59754822154648,5120,0,2,1,1,20,NA,NA,NA,NA,NA
440886612,2.96231182319223,5230,0,0,2,1,2,NA,NA,NA,NA,NA
924113477,2.39662915721086,2244,5,0,1,1,4,NA,NA,NA,NA,NA
90211889,8.1432035691453,3422,5,0,2,1,1,NA,NA,NA,NA,NA
660881255,5.81496886942004,3115,5,3,2,1,1,NA,NA,NA,NA,NA
66099887,4.24301849537621,9622,2,0,1,1,2,NA,NA,NA,NA,NA
33034543,1,3132,4,1,1,1,1,NA,NA,NA,NA,NA
33023659,1,9313,0,3,1,1,20,NA,NA,NA,NA,NA
79266887,5.57879253831152,5131,0,1,2,1,2,NA,NA,NA,NA,NA
77077344,5.03215123785774,4416,3,1,1,1,3,NA,NA,NA,NA,NA
440664445,2.9413692206434,9611,0,0,1,1,1,NA,NA,NA,NA,NA
1112323,2.05714578235601,3121,4,2,1,1,1,NA,NA,NA,NA,NA
77066120,29.7073325945741,5164,0,0,2,1,1,NA,NA,NA,NA,NA
58377889,8.1432035691453,4224,4,0,1,1,2,NA,NA,NA,NA,NA
34177333,4.03800303779987,8343,2,4,1,1,3,NA,NA,NA,NA,NA
231668812,3.20383500566392,5131,2,0,2,1,1,NA,NA,NA,NA,NA
671775567,13.3436866244682,2142,5,5,1,1,3,NA,NA,NA,NA,NA
220129801,4.24899917952074,5131,2,1,2,1,10,NA,NA,NA,NA,NA
77099119,26.9298226643207,8341,0,3,1,1,2,NA,NA,NA,NA,NA
22088556,45.3529257956236,3123,5,1,1,2,NA,1,2,3,5,NA
66066888,6.13896215578772,5120,3,0,1,1,3,NA,NA,NA,NA,NA
55066347,36.5300984902798,2341,5,0,1,1,1,NA,NA,NA,NA,NA
220998867,2.21584836780982,9112,0,1,1,1,8,NA,NA,NA,NA,NA
440446656,3.84563853409297,7522,0,0,2,1,15,NA,NA,NA,NA,NA
33099883,2.0529932270711,9412,0,0,1,1,3,NA,NA,NA,NA,NA
67155888,6.13896215578772,5131,2,1,2,1,1,NA,NA,NA,NA,NA
11019834,32.130193814791,5131,0,0,2,1,8,NA,NA,NA,NA,NA
132993334,69.9059807061057,9211,4,2,1,1,6,NA,NA,NA,NA,NA
77088128,14.3633132974849,9112,2,0,1,1,1,NA,NA,NA,NA,NA
891113477,5.34290126427455,5312,4,0,1,1,2,NA,NA,NA,NA,NA
34199667,11.4287913093968,8341,2,1,1,1,2,NA,NA,NA,NA,NA
440995512,3.81183113680117,7126,0,0,1,1,3,NA,NA,NA,NA,NA
66001768,13.778107439158,3343,0,0,2,1,1,NA,NA,NA,NA,NA
231778801,10.0540792660816,5131,2,0,2,1,4,NA,NA,NA,NA,NA
99066883,3.39768883088714,5132,2,1,1,1,1,NA,NA,NA,NA,NA
550113466,3.92919633519165,9112,2,0,1,1,1,NA,NA,NA,NA,NA
121778823,3.78015522531299,4224,2,0,1,1,3,NA,NA,NA,NA,NA
46277558,24.6602769010232,4416,3,0,2,1,1,NA,NA,NA,NA,NA
24211350,23.6519287699075,2248,5,0,1,1,3,NA,NA,NA,NA,NA
220342101,1,2421,5,1,2,1,180,NA,NA,NA,NA,NA
12166557,31.7496431070843,9313,0,1,1,1,4,NA,NA,NA,NA,NA
24277554,22.6496228380874,7114,2,0,1,1,25,NA,NA,NA,NA,NA
451881244,462.074248446162,2243,5,0,2,1,1,NA,NA,NA,NA,NA
66099773,2.02512187695574,2243,5,5,1,1,2,NA,NA,NA,NA,NA
660997723,3.5372587568796,4221,4,0,1,1,4,NA,NA,NA,NA,NA
55055339,16.8017324042206,7119,2,1,1,1,1,NA,NA,NA,NA,NA
33002100,2.74083417047324,2513,5,2,2,1,3,NA,NA,NA,NA,NA
59411351,14.2133793129833,5312,3,3,2,1,13,NA,NA,NA,NA,NA
44023446,17.8161893071709,4226,3,0,1,1,20,NA,NA,NA,NA,NA
34177349,10.8202217704964,2421,5,1,1,1,2,NA,NA,NA,NA,NA
22077345,11.4391350739138,2246,5,0,1,1,1,NA,NA,NA,NA,NA
781886645,5.11925815814655,5223,0,0,1,1,3,NA,NA,NA,NA,NA
78111349,10.8202217704964,2342,5,0,2,1,1,NA,NA,NA,NA,NA
99077449,6.04892692370184,9313,2,3,1,1,1,NA,NA,NA,NA,NA
13288774,2.4488534550445,1212,3,1,1,1,1,NA,NA,NA,NA,NA
22034112,2.45108453867106,8344,2,1,1,1,2,NA,NA,NA,NA,NA
550889901,4.09466738576137,2521,5,3,1,1,1,NA,NA,NA,NA,NA
440991112,4.83847753256889,6112,4,0,2,1,2,NA,NA,NA,NA,NA
1001661211,17.4343211498199,7223,0,3,2,1,1,NA,NA,NA,NA,NA
33999934,25.2871145670537,2512,5,2,2,1,10,NA,NA,NA,NA,NA
990885501,17.8295127997664,2243,5,1,1,1,1,NA,NA,NA,NA,NA
77012766,17.6970292822405,5230,1,1,2,1,1,NA,NA,NA,NA,NA
27511345,5.57901030683986,2635,5,2,1,1,70,NA,NA,NA,NA,NA
45188119,20.4818040565633,3122,4,3,1,1,3,NA,NA,NA,NA,NA
44889934,83.8018215905455,7422,3,3,1,1,3,NA,NA,NA,NA,NA
77088890,8.1756216135078,9412,2,1,1,1,1,NA,NA,NA,NA,NA
341881211,7.3679960442521,7544,3,0,1,1,4,NA,NA,NA,NA,NA
22099890,8.1756216135078,9412,4,0,1,1,1,NA,NA,NA,NA,NA
23177340,13.1091876830554,7112,0,0,2,1,3,NA,NA,NA,NA,NA
550993433,1.79800552387734,2221,5,0,1,1,15,NA,NA,NA,NA,NA
55077020,4.61877666218049,3114,4,0,1,1,3,NA,NA,NA,NA,NA
704771244,139.430435247979,3341,5,3,1,1,3,NA,NA,NA,NA,NA
33001450,10.6093860452297,9112,2,0,1,1,4,NA,NA,NA,NA,NA
1012999934,25.2871145670538,1221,5,5,1,1,3,NA,NA,NA,NA,NA
220993455,3.63733547255337,2341,5,3,1,1,6,NA,NA,NA,NA,NA
33034449,1,2511,5,0,1,1,20,NA,NA,NA,NA,NA
46288661,8.91560005738092,4321,3,0,2,2,NA,6,NA,NA,NA,NA
56177560,51.3230634997549,8332,0,0,1,1,1,NA,NA,NA,NA,NA
11667701,9.52489085806869,3151,0,5,1,1,2,NA,NA,NA,NA,NA
660441112,4.83847753256889,5120,2,2,2,1,2,NA,NA,NA,NA,NA
792123234,21.0869726612122,3121,4,5,1,1,8,NA,NA,NA,NA,NA
22001226,14.0061915420058,3221,3,3,1,1,4,NA,NA,NA,NA,NA
22001327,2.27769492426176,7212,2,1,1,1,2,NA,NA,NA,NA,NA
44012431,1.85898800667999,7233,4,0,2,1,3,NA,NA,NA,NA,NA
440441266,4.65052397813388,2411,5,0,1,1,1,NA,NA,NA,NA,NA
25377338,6.14669516497218,3323,2,1,1,1,2,NA,NA,NA,NA,NA
220771211,17.4343211498199,2433,5,1,1,1,1,NA,NA,NA,NA,NA
12188334,3.83623723147949,2243,4,5,2,1,1,NA,NA,NA,NA,NA
12166666,27.0840741567653,5223,0,0,1,1,1,NA,NA,NA,NA,NA
242777701,9.52489085806872,3151,0,0,1,1,2,NA,NA,NA,NA,NA
891771123,3.39212157220047,5120,0,1,2,1,1,NA,NA,NA,NA,NA
88066015,4.61789358648057,3313,3,2,1,1,1,NA,NA,NA,NA,NA
6607722333,4.63486624771528,2152,5,5,1,1,1,NA,NA,NA,NA,NA
33034119,3.34597568865511,2421,5,2,2,1,4,NA,NA,NA,NA,NA
22001437,8.04017439763438,8332,2,5,1,1,2,NA,NA,NA,NA,NA
44001326,2.37951332973283,3257,5,1,1,1,2,NA,NA,NA,NA,NA
990122244,169.558766002071,2423,5,4,1,1,8,NA,NA,NA,NA,NA
132123234,21.0869726612122,3111,2,0,NA,1,3,NA,NA,NA,NA,NA
79277887,5.57879253831152,5132,0,0,2,1,2,NA,NA,NA,NA,NA
88066553,11.8911116421776,7411,2,2,1,1,2,NA,NA,NA,NA,NA
5501232332,2.05714578235601,3121,4,5,1,1,1,NA,NA,NA,NA,NA
5509911013,11.9538546864424,6121,0,0,2,1,60,NA,NA,NA,NA,NA
88077342,3.54837053120246,5312,3,0,1,1,1,NA,NA,NA,NA,NA
121888823,2.39950702694744,7512,2,1,2,1,3,NA,NA,NA,NA,NA
48411351,14.2133793129833,8322,2,5,1,1,2,NA,NA,NA,NA,NA
89177125,15.9827479174487,3343,2,2,1,1,2,NA,NA,NA,NA,NA
891661277,3.61505489574363,8341,2,5,1,2,NA,4,5,NA,NA,NA
55001217,54.9293399164394,7233,3,2,1,1,2,NA,NA,NA,NA,NA
121991244,139.430435247979,3411,4,25,2,2,NA,6,NA,NA,NA,NA
440113466,3.92919633519165,3611,4,1,1,1,1,NA,NA,NA,NA,NA
440015467,2.2551077502171,9112,0,0,1,1,3,NA,NA,NA,NA,NA
440998845,1.43698803383698,5230,2,0,2,1,38,NA,NA,NA,NA,NA
45199669,21.6344070654774,8322,0,0,1,1,1,NA,NA,NA,NA,NA
12188332,6.91655838195872,4321,3,1,1,1,1,NA,NA,NA,NA,NA
33012876,14.7227422316396,1211,5,10,1,1,1,NA,NA,NA,NA,NA
44012880,3.32442335558736,4221,2,0,1,1,50,NA,NA,NA,NA,NA
44099340,8.32124240624532,5223,2,2,2,1,5,NA,NA,NA,NA,NA
77088887,4.24301849537621,4224,2,1,2,1,1,NA,NA,NA,NA,NA
23188337,8.04017439763438,4321,0,1,2,1,1,NA,NA,NA,NA,NA
440447723,2.2453250560792,9333,2,0,1,1,15,NA,NA,NA,NA,NA
22002094,3.8011582358127,4311,4,2,2,1,1,NA,NA,NA,NA,NA
33055661,8.91560005738092,5120,2,2,2,1,2,NA,NA,NA,NA,NA
451880144,153.635728563717,4416,3,2,2,1,1,NA,NA,NA,NA,NA
34177350,17.9887620005335,2221,5,1,1,1,3,NA,NA,NA,NA,NA
231558812,3.20383500566392,5131,2,0,2,1,5,NA,NA,NA,NA,NA
33099350,17.9887620005335,2341,5,0,2,1,2,NA,NA,NA,NA,NA
22099342,3.54837053120246,5312,3,0,1,1,2,NA,NA,NA,NA,NA
330773477,4.06360851879736,2330,5,8,1,1,1,NA,NA,NA,NA,NA
13299669,16.4543113379694,4321,4,2,1,1,1,NA,NA,NA,NA,NA
22013099,1.80212757602321,2656,0,5,1,1,4,NA,NA,NA,NA,NA
880885567,13.3436866244682,3118,3,0,1,1,2,NA,NA,NA,NA,NA
34199342,3.54837053120246,9112,2,0,2,1,6,NA,NA,NA,NA,NA
3308855992,32.5780408929994,7112,2,1,1,1,10,NA,NA,NA,NA,NA
660012167,10.1249735724033,6210,2,0,1,1,30,NA,NA,NA,NA,NA
44001433,2.43989173232533,7212,3,2,1,1,8,NA,NA,NA,NA,NA
770770177,2.48919632647864,3313,2,0,2,1,1,NA,NA,NA,NA,NA
88088224,4.9718709548347,8113,3,0,1,1,8,NA,NA,NA,NA,NA
66055664,9.07687591121961,4226,3,1,1,1,1,NA,NA,NA,NA,NA
33012230,1,4321,2,1,1,2,NA,6,8,9,NA,NA
89155888,6.13896215578772,5131,0,0,2,1,2,NA,NA,NA,NA,NA
4409966554,27.0840741567653,3512,5,0,1,1,1,NA,NA,NA,NA,NA
22001445,7.47445554885214,5312,4,0,1,1,1,NA,NA,NA,NA,NA
57211351,22.3915910543013,5312,4,0,1,1,1,NA,NA,NA,NA,NA
12166559,61.8329989886565,7112,2,1,1,1,4,NA,NA,NA,NA,NA
891778845,2.1583466704331302,5230,0,0,2,1,1,NA,NA,NA,NA,NA
440991123,3.39212157220047,3152,0,0,1,1,1,NA,NA,NA,NA,NA
22034433,1,2151,5,10,1,1,1,NA,NA,NA,NA,NA
78177883,3.39768883088714,9412,2,0,1,1,4,NA,NA,NA,NA,NA
231128734,70.6340597329064,4222,2,0,1,1,1,NA,NA,NA,NA,NA
1177223,4.63486624771528,2142,5,5,1,1,1,NA,NA,NA,NA,NA
2208855882,61.8329989886565,2161,5,2,1,1,1,NA,NA,NA,NA,NA
220883356,1.99192662405012,9112,1,0,1,1,1,NA,NA,NA,NA,NA
286113477,5.34290126427455,2634,5,2,1,1,1,NA,NA,NA,NA,NA
33001326,3.18794295633118,2133,5,0,1,1,4,NA,NA,NA,NA,NA
55088663,4.52723425516123,4321,2,2,1,2,NA,8,NA,NA,NA,NA
22012121,5.35480683456073,3221,4,2,1,1,12,NA,NA,NA,NA,NA
440886645,5.11925815814655,9112,1,0,1,1,1,NA,NA,NA,NA,NA
88001767,11.4287913093968,9211,0,0,2,1,10,NA,NA,NA,NA,NA
781445501,28.0884053340587,7212,1,0,2,1,3,NA,NA,NA,NA,NA
231558845,3.40023402834294,4226,0,0,2,1,1,NA,NA,NA,NA,NA
561113455,5.73021563945187,5312,3,1,1,1,7,NA,NA,NA,NA,NA
132127634,154.084563926273,1221,5,4,2,1,1,NA,NA,NA,NA,NA
990883367,3.62996180403925,7512,2,0,2,2,NA,1,NA,NA,NA,NA
23188116,16.0265049012021,5419,2,2,1,1,8,NA,NA,NA,NA,NA
33099230,4.10385709154703,8343,4,2,1,1,1,NA,NA,NA,NA,NA
100177559,61.8329989886565,3123,2,3,1,1,1,NA,NA,NA,NA,NA
352113466,2.37414721167236,2330,5,0,1,1,53,NA,NA,NA,NA,NA
33099122,4.69218979973437,3111,5,3,1,1,1,NA,NA,NA,NA,NA
44033888,6.13896215578772,5131,0,0,2,1,3,NA,NA,NA,NA,NA
12166348,4.05926136406294,2221,5,0,1,1,1,NA,NA,NA,NA,NA
55099125,10.4433017081777,7231,3,1,1,1,5,NA,NA,NA,NA,NA
24255888,6.13896215578772,3221,4,1,2,1,1,NA,NA,NA,NA,NA
45188130,12.7061325146884,9112,2,0,1,1,1,NA,NA,NA,NA,NA
231777723,3.5372587568796,9333,2,0,1,1,1,NA,NA,NA,NA,NA
22077774,3.74780012609433,2411,3,1,1,2,NA,1,NA,NA,NA,NA
44034219,20.4818040565633,3313,4,3,1,1,2,NA,NA,NA,NA,NA
220234345,1,2131,5,1,1,1,5,NA,NA,NA,NA,NA
770122101,11.9538546864424,1312,6,10,2,1,1,NA,NA,NA,NA,NA
89177120,12.5547480261005,9211,0,0,1,1,311,NA,NA,NA,NA,NA
77077994,3.8011582358127,3522,5,4,1,1,6,NA,NA,NA,NA,NA
220880122,2.44167017008651,9112,0,1,2,1,8,NA,NA,NA,NA,NA
89188337,6.11505239546658,4321,2,1,1,1,2,NA,NA,NA,NA,NA
550995556,5.04418802401201,1323,5,1,1,1,1,NA,NA,NA,NA,NA
11996634,510.638218598107,2433,2,2,1,1,1,NA,NA,NA,NA,NA
1112118,4.99016341597905,3118,5,1,1,1,1,NA,NA,NA,NA,NA
33001227,14.0061915420058,4110,3,1,1,1,20,NA,NA,NA,NA,NA
22553444,78.1126783014563,3313,5,4,1,1,1,NA,NA,NA,NA,NA
231443444,258.866416475489,1349,5,7,1,1,1,NA,NA,NA,NA,NA
33001656,29.634096081514,9313,3,3,1,1,20,NA,NA,NA,NA,NA
55044347,36.5300984902798,2359,5,5,1,1,1,NA,NA,NA,NA,NA
44044349,8.22945122640888,2359,0,5,1,1,1,NA,NA,NA,NA,NA
22099223,4.63486624771528,4416,5,0,1,1,1,NA,NA,NA,NA,NA
165113411,4.93943686364191,2320,5,0,2,1,1,NA,NA,NA,NA,NA
25377336,12.7070854301968,4211,2,0,1,1,1,NA,NA,NA,NA,NA
220124323,3.67100582805091,3322,5,5,1,1,1,NA,NA,NA,NA,NA
33012225,10.4433017081777,1219,5,5,1,1,1,NA,NA,NA,NA,NA
1188670,19.8102936720593,8322,0,0,1,1,1,NA,NA,NA,NA,NA
935889934,25.2871145670537,2434,4,1,1,2,NA,8,NA,NA,NA,NA
2208833882,16.8017324042206,9112,0,0,1,2,NA,7,NA,NA,NA,NA
44099224,4.9718709548347,8111,4,0,1,1,1,NA,NA,NA,NA,NA
44099113,5.87401137100153,9211,1,0,1,1,1,NA,NA,NA,NA,NA
33034653,1,3123,5,3,1,1,2,NA,NA,NA,NA,NA
660018723,3.5372587568796,4323,0,0,1,1,1,NA,NA,NA,NA,NA
550348734,1,9112,3,0,2,1,60,NA,NA,NA,NA,NA
24277339,16.8017324042206,7212,2,1,1,1,1,NA,NA,NA,NA,NA
22012653,5.27776830114315,3343,3,1,2,1,4,NA,NA,NA,NA,NA
34188116,16.0265049012021,8341,2,2,1,1,1,NA,NA,NA,NA,NA
33044019,3.34597568865511,2244,5,1,2,1,1,NA,NA,NA,NA,NA
330883323,3.67100582805091,8160,3,0,1,2,NA,4,NA,NA,NA,NA
56199668,13.778107439158,8322,2,0,1,1,1,NA,NA,NA,NA,NA
44088890,12.8797783942311,9412,0,2,2,1,1,NA,NA,NA,NA,NA
220122101,1,9321,3,0,1,1,200,NA,NA,NA,NA,NA
77077669,21.6344070654774,5230,0,0,2,1,1,NA,NA,NA,NA,NA
220124422,1,2341,5,0,1,1,2,NA,NA,NA,NA,NA
88001768,13.778107439158,4321,0,0,1,1,5,NA,NA,NA,NA,NA
220124301,7.12560837946903,7115,3,0,2,1,1,NA,NA,NA,NA,NA
66077350,17.9887620005335,5312,3,0,1,1,1,NA,NA,NA,NA,NA
16511348,9.04947376143623,3221,4,0,1,1,1,NA,NA,NA,NA,NA
13266554,22.6496228380874,3123,3,5,1,1,2,NA,NA,NA,NA,NA
67177018,4.99016341597904,2330,5,5,1,1,1,NA,NA,NA,NA,NA
440113422,3.92156216748668,2352,5,3,1,1,1,NA,NA,NA,NA,NA
22055344,5.03215123785774,2352,5,0,1,1,1,NA,NA,NA,NA,NA
55044336,12.7070854301968,5246,1,1,1,2,NA,3,5,NA,NA,NA
57266886,17.8979195718987,5131,2,1,1,1,1,NA,NA,NA,NA,NA
23155336,12.7070854301968,9622,2,0,1,1,1,NA,NA,NA,NA,NA
2209901983,3.51286674832601,1221,5,5,1,2,NA,1,12,NA,NA,NA
462771233,6.0979201785786,9412,0,1,1,1,3,NA,NA,NA,NA,NA
55077128,14.3633132974849,4226,2,3,2,1,1,NA,NA,NA,NA,NA
770885501,28.0884053340587,2142,5,2,1,1,1,NA,NA,NA,NA,NA
22034438,1,5223,3,1,2,1,26,NA,NA,NA,NA,NA
220663367,3.62996180403925,9333,4,2,1,1,8,NA,NA,NA,NA,NA
4466886,11.6946957434009,4110,5,0,1,1,1,NA,NA,NA,NA,NA
23188336,12.7070854301968,9112,0,0,2,1,1,NA,NA,NA,NA,NA
220014444,78.1126783014563,1345,5,4,1,1,2,NA,NA,NA,NA,NA
132778801,10.0540792660816,9412,2,1,2,1,4,NA,NA,NA,NA,NA
330558823,3.78015522531299,5131,0,0,1,1,2,NA,NA,NA,NA,NA
220342123,1,6221,5,2,1,1,3,NA,NA,NA,NA,NA
45177449,4.60058491836551,3122,4,0,1,1,3,NA,NA,NA,NA,NA
5505588992,12.8797783942311,9412,2,0,1,1,2,NA,NA,NA,NA,NA
550113422,3.92156216748668,2352,5,0,1,1,2,NA,NA,NA,NA,NA
121346534,1,7119,2,1,1,1,68,NA,NA,NA,NA,NA
88088559,47.0278391841496,7411,3,0,1,1,1,NA,NA,NA,NA,NA
3417701652,11.8136722761082,2244,5,1,1,1,1,NA,NA,NA,NA,NA
88044553,11.8911116421776,9112,2,2,1,1,9,NA,NA,NA,NA,NA
770349834,1,8321,0,0,1,1,600,NA,NA,NA,NA,NA
23188348,6.88268729828353,5321,2,1,1,1,1,NA,NA,NA,NA,NA
11778812,3.20383500566392,9412,4,1,1,1,1,NA,NA,NA,NA,NA
45111349,10.8202217704964,2246,5,0,1,1,1,NA,NA,NA,NA,NA
23111342,5.8725273725894,9112,7,0,1,1,1,NA,NA,NA,NA,NA
67177661,8.91560005738092,4321,3,1,1,2,NA,1,3,NA,NA,NA
44034767,8.69230618857931,8344,2,1,1,1,40,NA,NA,NA,NA,NA
682347634,1,2431,5,2,1,1,1,NA,NA,NA,NA,NA
66077777,7.32795606064763,4416,4,1,1,1,10,NA,NA,NA,NA,NA
44077883,3.39768883088714,9112,2,0,1,1,2,NA,NA,NA,NA,NA
451778845,2.1583466704331302,9412,0,0,1,1,2,NA,NA,NA,NA,NA
99077333,4.03800303779987,7212,1,0,1,1,1,NA,NA,NA,NA,NA
22088014,4.01679227892075,3343,2,3,1,2,NA,1,2,5,NA,NA
88012323,2.05714578235601,3257,4,2,1,1,1,NA,NA,NA,NA,NA
33012656,22.1191933502152,9333,2,30,1,1,2,NA,NA,NA,NA,NA
660882245,3.8464059039183,7231,0,1,1,1,1,NA,NA,NA,NA,NA
77077128,14.3633132974849,4110,4,1,1,1,2,NA,NA,NA,NA,NA
220996623,4.31938026576803,4311,2,0,2,1,1,NA,NA,NA,NA,NA
220014477,4.06360851879736,3611,4,0,1,1,4,NA,NA,NA,NA,NA
440995501,17.8295127997664,7112,1,5,1,1,5,NA,NA,NA,NA,NA
770778812,3.20383500566392,5132,2,0,2,1,1,NA,NA,NA,NA,NA
330778845,3.40023402834294,9412,0,0,1,1,1,NA,NA,NA,NA,NA
99099337,6.11505239546658,3131,3,2,1,1,6,NA,NA,NA,NA,NA
330124477,4.06360851879736,3221,4,0,2,1,2,NA,NA,NA,NA,NA
1177884,5.02331052128334,5132,0,1,1,1,2,NA,NA,NA,NA,NA
56166128,14.3633132974849,2243,4,1,1,1,1,NA,NA,NA,NA,NA
22099331,4.18840552816858,9112,0,0,2,1,1,NA,NA,NA,NA,NA
880778867,2.91343494114822,5131,2,0,2,2,NA,7,NA,NA,NA,NA
462113466,1.74394022113855,2341,5,0,1,1,4,NA,NA,NA,NA,NA
550885512,6.00511406216661,3123,5,4,1,1,1,NA,NA,NA,NA,NA
891778867,2.91343494114822,4225,2,1,2,1,2,NA,NA,NA,NA,NA
44001987,4.24301849537621,4212,2,1,1,1,2,NA,NA,NA,NA,NA
220993477,4.06360851879736,2352,5,0,1,1,3,NA,NA,NA,NA,NA
88088889,10.7068218908321,7512,4,2,1,1,2,NA,NA,NA,NA,NA
121999934,83.8018215905455,3512,3,2,2,1,2,NA,NA,NA,NA,NA
341558812,3.20383500566392,9121,0,0,2,1,1,NA,NA,NA,NA,NA
220993422,2.48926708471777,2341,5,0,2,1,1,NA,NA,NA,NA,NA
2208855014,28.0884053340588,7112,3,5,2,1,4,NA,NA,NA,NA,NA
132991244,169.558766002071,9122,2,2,1,1,20,NA,NA,NA,NA,NA
68277888,6.13896215578772,9112,0,0,2,1,3,NA,NA,NA,NA,NA
88077338,8.08177884659017,7233,3,2,1,1,1,NA,NA,NA,NA,NA
45166350,23.6519287699075,2142,5,5,1,1,1,NA,NA,NA,NA,NA
25377666,27.0840741567653,9112,0,0,2,1,2,NA,NA,NA,NA,NA
66099663,4.52723425516123,3322,3,2,1,1,2,NA,NA,NA,NA,NA
121551233,6.0979201785786,5120,0,NA,2,1,1,NA,NA,NA,NA,NA
22099114,17.8787440435157,6112,3,0,1,1,1,NA,NA,NA,NA,NA
330773455,3.63733547255337,2341,5,3,2,2,NA,2,NA,NA,NA,NA
44012440,5.54013214292018,4321,2,1,1,1,5,NA,NA,NA,NA,NA
341555501,28.0884053340588,2142,5,2,2,1,1,NA,NA,NA,NA,NA
220016523,5.12698803227856,3257,4,2,2,1,2,NA,NA,NA,NA,NA
55099888,4.66906230883171,3423,5,2,1,1,1,NA,NA,NA,NA,NA
34177884,5.02331052128334,5230,2,1,2,1,1,NA,NA,NA,NA,NA
24244557,31.7496431070843,8343,0,1,1,1,2,NA,NA,NA,NA,NA
44077888,6.13896215578772,5230,2,0,2,1,1,NA,NA,NA,NA,NA
101277669,21.6344070654774,3257,4,5,2,1,2,NA,NA,NA,NA,NA
55044342,3.54837053120246,5414,2,1,1,1,9,NA,NA,NA,NA,NA
35211346,36.5300984902798,5312,5,0,1,1,1,NA,NA,NA,NA,NA
231773433,2.83255681266876,8331,2,0,1,1,2,NA,NA,NA,NA,NA
93511348,9.04947376143623,3343,4,1,1,1,3,NA,NA,NA,NA,NA
561667701,9.52489085806869,3151,0,0,1,1,1,NA,NA,NA,NA,NA
67188331,4.18840552816858,3113,5,0,2,1,1,NA,NA,NA,NA,NA
33099344,3.04058815363088,2341,5,0,1,1,3,NA,NA,NA,NA,NA
440661233,6.0979201785786,3143,4,2,1,1,1,NA,NA,NA,NA,NA
121881145,10.1197107710232,3240,4,1,1,1,1,NA,NA,NA,NA,NA
550123234,57.4653099581732,1212,3,10,NA,1,1,NA,NA,NA,NA,NA
220669956,4.04702086646765,7422,4,1,1,1,1,NA,NA,NA,NA,NA
440996667,5.64116086302934,4321,2,0,1,1,1,NA,NA,NA,NA,NA
22023766,1,4110,4,2,1,1,10,NA,NA,NA,NA,NA
495778834,87.5598207598285,5132,2,1,1,1,1,NA,NA,NA,NA,NA
66088444,3.2825743931432,2243,5,0,1,1,1,NA,NA,NA,NA,NA
23101877,3.28705178872377,9329,3,1,1,1,6,NA,NA,NA,NA,NA
5506677554,14.7227422316396,4323,5,0,1,1,6,NA,NA,NA,NA,NA
330017645,5.11925815814655,9334,2,0,2,1,3,NA,NA,NA,NA,NA
220018745,2.18183982102448,3152,1,5,1,1,4,NA,NA,NA,NA,NA
22077336,12.7070854301968,5230,1,0,2,1,2,NA,NA,NA,NA,NA
66001121,5.35480683456073,1212,4,0,1,1,1,NA,NA,NA,NA,NA
35277130,28.3262895606989,7544,3,0,1,1,1,NA,NA,NA,NA,NA
34166883,3.39768883088714,9412,3,1,1,1,2,NA,NA,NA,NA,NA
66099444,1.60095289145395,7233,2,0,2,1,2,NA,NA,NA,NA,NA
330888856,2.2233740864553,1324,5,1,1,1,1,NA,NA,NA,NA,NA
69311350,10.6093860452297,9112,2,0,1,1,10,NA,NA,NA,NA,NA
77012770,12.5748642684542,9334,0,2,2,1,6,NA,NA,NA,NA,NA
88044559,61.8329989886565,7115,0,1,1,1,1,NA,NA,NA,NA,NA
440129823,1.59754822154648,9112,3,1,1,1,42,NA,NA,NA,NA,NA
572778867,2.21584836780982,9412,2,2,2,1,6,NA,NA,NA,NA,NA
22023983,1,9112,2,1,1,1,8,NA,NA,NA,NA,NA
33055348,9.04947376143623,3343,3,0,2,1,1,NA,NA,NA,NA,NA
220330177,2.48919632647864,4211,2,2,1,1,3,NA,NA,NA,NA,NA
220993433,1.79800552387734,2330,5,0,1,1,1,NA,NA,NA,NA,NA
55099339,16.8017324042206,7224,3,0,1,1,2,NA,NA,NA,NA,NA
11775567,17.5445050393423,9313,0,5,2,1,10,NA,NA,NA,NA,NA
56177887,5.57879253831152,4224,4,2,1,1,2,NA,NA,NA,NA,NA
57277884,5.02331052128334,5131,0,0,2,1,3,NA,NA,NA,NA,NA
275771134,79.9182862727064,9211,1,0,2,1,4,NA,NA,NA,NA,NA
56177120,18.8571497898326,8322,1,1,1,1,1,NA,NA,NA,NA,NA
22088344,3.04058815363088,4416,3,0,1,1,2,NA,NA,NA,NA,NA
77088331,4.18840552816857,4323,3,0,2,1,1,NA,NA,NA,NA,NA
22044667,11.4287913093968,5246,2,0,1,1,15,NA,NA,NA,NA,NA
121665512,6.00511406216661,7123,1,3,2,1,2,NA,NA,NA,NA,NA
22077351,22.3915910543013,5312,3,0,1,1,1,NA,NA,NA,NA,NA
66099337,8.04017439763438,9333,0,0,1,1,5,NA,NA,NA,NA,NA
22099888,4.66906230883171,5223,2,0,1,1,6,NA,NA,NA,NA,NA
23155999,4.01755510457195,1223,5,4,1,2,NA,1,2,NA,NA,NA
89155128,14.3633132974849,9112,0,1,2,1,15,NA,NA,NA,NA,NA
22099125,15.9827479174487,2421,5,3,1,1,1,NA,NA,NA,NA,NA
121887712,1.59140111631994,8350,3,0,2,2,NA,9,NA,NA,NA,NA
275113466,2.37414721167236,3513,5,2,1,1,1,NA,NA,NA,NA,NA
55012549,4.60058491836551,3343,4,0,1,1,1,NA,NA,NA,NA,NA
78166015,4.61789358648056,2243,5,0,1,1,1,NA,NA,NA,NA,NA
77077114,17.8787440435157,6112,2,0,2,1,1,NA,NA,NA,NA,NA
440776623,4.31938026576803,3323,4,0,1,1,1,NA,NA,NA,NA,NA
66077554,34.6636746080955,8332,0,3,1,1,3,NA,NA,NA,NA,NA
22023768,1,8160,0,0,2,1,200,NA,NA,NA,NA,NA
44077124,6.8876173488553,2421,5,1,1,1,1,NA,NA,NA,NA,NA
56155128,14.3633132974849,7126,2,1,1,1,6,NA,NA,NA,NA,NA
220995512,6.00511406216661,9112,0,0,2,1,1,NA,NA,NA,NA,NA
55044114,17.8787440435157,9211,0,0,2,1,8,NA,NA,NA,NA,NA
23188342,3.54837053120246,5312,2,1,1,1,3,NA,NA,NA,NA,NA
22034450,1,2247,5,2,2,1,1,NA,NA,NA,NA,NA
55034437,3.60652676089592,8114,0,1,1,1,18,NA,NA,NA,NA,NA
33001983,2.0529932270711,1120,5,NA,1,1,1,NA,NA,NA,NA,NA
22088337,8.04017439763438,3139,3,1,1,1,2,NA,NA,NA,NA,NA
451661277,4.75313536812026,3114,3,1,1,1,1,NA,NA,NA,NA,NA
330993334,231.669315520792,2433,5,5,1,2,NA,1,5,6,8,NA
78112761,8.91560005738092,5223,5,1,2,1,2,NA,NA,NA,NA,NA
451776645,5.11925815814655,2153,5,2,1,1,1,NA,NA,NA,NA,NA
660991167,10.1249735724033,3122,4,1,1,1,6,NA,NA,NA,NA,NA
88088883,3.39768883088714,5132,3,2,1,1,3,NA,NA,NA,NA,NA
44022663,4.52723425516123,2221,5,1,1,2,NA,8,NA,NA,NA,NA
88088125,10.4433017081777,4110,4,0,1,1,3,NA,NA,NA,NA,NA
1001668812,3.20383500566392,2422,5,0,1,1,1,NA,NA,NA,NA,NA
55055130,28.3262895606989,4313,5,3,1,1,1,NA,NA,NA,NA,NA
660886656,3.84563853409296,4110,2,0,1,1,1,NA,NA,NA,NA,NA
2208801113,4.46708996366324,4321,0,0,2,1,4,NA,NA,NA,NA,NA
22088443,4.42094934397458,8332,4,5,1,2,NA,1,5,8,NA,NA
550998823,2.39950702694744,5131,3,0,2,1,1,NA,NA,NA,NA,NA
33012660,1,9313,0,1,1,1,7,NA,NA,NA,NA,NA
44088991,5.93214576460398,3522,2,2,1,2,NA,1,NA,NA,NA,NA
44001873,2.02512187695574,2243,5,2,1,2,NA,2,8,NA,NA,NA
440012167,17.1674156335887,8341,0,2,1,1,6,NA,NA,NA,NA,NA
3306613092,15.0211478886385,5230,3,2,1,1,1,NA,NA,NA,NA,NA
33001654,22.6496228380874,3123,5,10,1,1,5,NA,NA,NA,NA,NA
44077666,27.0840741567653,4321,0,0,1,1,1,NA,NA,NA,NA,NA
660127612,1,1221,4,2,2,1,1,NA,NA,NA,NA,NA
341778834,87.5598207598285,5131,2,0,2,1,2,NA,NA,NA,NA,NA
23177560,51.3230634997549,3123,5,5,1,1,3,NA,NA,NA,NA,NA
68201761,8.91560005738092,4321,3,1,1,1,1,NA,NA,NA,NA,NA
88066559,61.8329989886565,3257,4,2,1,1,1,NA,NA,NA,NA,NA
58377886,11.6946957434009,5131,3,0,1,1,1,NA,NA,NA,NA,NA
891771233,6.0979201785786,5113,4,2,1,1,10,NA,NA,NA,NA,NA
121113444,258.866416475489,4321,5,0,2,2,NA,1,2,6,7,NA
66099557,24.1475770966248,3257,4,3,1,1,1,NA,NA,NA,NA,NA
45155888,6.13896215578772,5131,0,0,2,1,2,NA,NA,NA,NA,NA
22023218,1,3122,2,0,1,1,12,NA,NA,NA,NA,NA
88055339,16.8017324042206,7512,2,1,2,1,1,NA,NA,NA,NA,NA
5508855552,29.634096081514,3111,5,3,1,1,2,NA,NA,NA,NA,NA
77077450,5.23370769244726,4110,2,0,2,1,1,NA,NA,NA,NA,NA
44044119,26.9298226643207,8341,2,0,1,1,4,NA,NA,NA,NA,NA
89177663,4.52723425516123,8322,2,0,1,1,5,NA,NA,NA,NA,NA
11342244,1,3322,5,5,1,1,10,NA,NA,NA,NA,NA
440993422,2.48926708471777,2632,5,1,1,1,1,NA,NA,NA,NA,NA
22012433,1.79223314641399,5414,2,3,1,1,7,NA,NA,NA,NA,NA
330346523,1,7114,0,5,1,1,20,NA,NA,NA,NA,NA
220991233,3.87074113260851,3152,0,2,1,1,1,NA,NA,NA,NA,NA
781667701,9.52489085806869,3522,4,2,1,1,2,NA,NA,NA,NA,NA
34111350,23.6519287699075,2635,5,1,1,1,1,NA,NA,NA,NA,NA
451557701,9.52489085806869,3343,4,2,2,1,1,NA,NA,NA,NA,NA
15477331,4.18840552816858,3118,4,0,2,1,2,NA,NA,NA,NA,NA
3309955332,7.1849933524850504,2243,5,5,1,1,1,NA,NA,NA,NA,NA
22023659,1,9312,2,1,1,1,200,NA,NA,NA,NA,NA
1111346,36.5300984902798,3611,4,0,1,2,NA,1,2,3,NA,NA
100166339,16.8017324042206,4110,0,0,1,1,1,NA,NA,NA,NA,NA
3307755552,45.3529257956236,9313,0,0,1,1,2,NA,NA,NA,NA,NA
66099350,17.9887620005335,2221,5,0,1,1,1,NA,NA,NA,NA,NA
46266890,12.8797783942311,3439,4,1,2,1,9,NA,NA,NA,NA,NA
220014466,2.37414721167236,3343,7,0,1,1,6,NA,NA,NA,NA,NA
561887701,6.0460592707409,4110,2,2,2,1,1,NA,NA,NA,NA,NA
44012324,3.24867467744887,4416,4,0,1,1,1,NA,NA,NA,NA,NA
671113411,11.6878087424019,2352,5,0,1,1,1,NA,NA,NA,NA,NA
88088340,13.1091876830554,7512,3,0,1,1,1,NA,NA,NA,NA,NA
440998801,4.24899917952074,2411,5,2,2,1,1,NA,NA,NA,NA,NA
440019834,26.4210870002648,9412,3,2,1,1,6,NA,NA,NA,NA,NA
220126501,11.8705659722709,2143,5,5,1,1,10,NA,NA,NA,NA,NA
44034877,3.28705178872377,1324,5,2,1,1,8,NA,NA,NA,NA,NA
990885512,3.81183113680117,8342,2,5,1,1,10,NA,NA,NA,NA,NA
34188119,20.4818040565633,9215,0,1,2,1,7,NA,NA,NA,NA,NA
341113422,2.48926708471777,9112,2,0,2,1,1,NA,NA,NA,NA,NA
220993411,7.41900200796358,9112,2,0,1,1,2,NA,NA,NA,NA,NA
89188666,27.0840741567653,5230,2,1,1,1,1,NA,NA,NA,NA,NA
23101432,4.17920775549524,3257,4,3,1,1,1,NA,NA,NA,NA,NA
38511349,10.8202217704964,3221,4,0,1,1,2,NA,NA,NA,NA,NA
1001887767,2.95966168401303,7212,2,2,1,1,5,NA,NA,NA,NA,NA
12188558,24.6602769010231,7126,3,0,1,1,1,NA,NA,NA,NA,NA
47377336,12.7070854301968,7412,3,0,1,1,1,NA,NA,NA,NA,NA
902113477,4.06360851879736,2330,5,0,1,1,4,NA,NA,NA,NA,NA
46211351,22.3915910543013,9112,2,0,1,1,1,NA,NA,NA,NA,NA
220775512,6.00511406216661,7112,0,1,2,1,1,NA,NA,NA,NA,NA
66044338,8.08177884659016,7125,0,1,2,2,NA,8,NA,NA,NA,NA
22012988,2.75371281815603,5120,1,2,1,1,20,NA,NA,NA,NA,NA
7811134654,36.5300984902798,4321,2,0,1,1,1,NA,NA,NA,NA,NA
22055130,28.3262895606988,3439,0,0,2,1,3,NA,NA,NA,NA,NA
44023659,27.7360110030266,9112,2,2,1,1,4,NA,NA,NA,NA,NA
77001437,6.11505239546658,7212,3,1,1,1,6,NA,NA,NA,NA,NA
88077351,22.3915910543013,9622,2,0,1,1,2,NA,NA,NA,NA,NA
33088348,6.88268729828353,2330,5,0,1,1,1,NA,NA,NA,NA,NA
770342244,1,5223,3,2,1,1,1,NA,NA,NA,NA,NA
99099130,21.5439039337002,3152,1,5,1,1,4,NA,NA,NA,NA,NA
78155557,31.7496431070843,7411,3,1,1,1,7,NA,NA,NA,NA,NA
990775523,8.07699680921145,8343,3,2,1,1,1,NA,NA,NA,NA,NA
44012876,9.62000025845905,2243,5,5,1,1,5,NA,NA,NA,NA,NA
33012658,14.5441024578265,2243,5,5,2,1,5,NA,NA,NA,NA,NA
121778856,2.2233740864553,1412,3,2,1,1,1,NA,NA,NA,NA,NA
330014411,4.93943686364191,2330,5,14,1,1,8,NA,NA,NA,NA,NA
23188129,7.35619546493945,3257,4,2,1,2,NA,6,NA,NA,NA,NA
88066116,16.0265049012021,4120,2,0,2,1,1,NA,NA,NA,NA,NA
121998834,26.4210870002648,5132,2,2,2,1,10,NA,NA,NA,NA,NA
231778845,3.40023402834294,5120,2,1,1,1,1,NA,NA,NA,NA,NA
11881167,17.1674156335887,3122,5,1,1,1,1,NA,NA,NA,NA,NA
90277126,18.7647360968455,9622,2,1,1,1,8,NA,NA,NA,NA,NA
440558867,2.91343494114822,8321,2,0,1,2,NA,2,4,7,8,NA
100177340,13.1091876830554,9329,0,0,2,1,2,NA,NA,NA,NA,NA
22001450,17.9887620005335,2330,5,0,1,1,2,NA,NA,NA,NA,NA
220124433,1.79800552387734,3221,4,0,2,1,4,NA,NA,NA,NA,NA
33001877,5.57336607968624,1324,5,2,1,1,1,NA,NA,NA,NA,NA
99099015,4.61789358648057,9112,2,0,1,1,2,NA,NA,NA,NA,NA
132665501,28.0884053340587,7212,1,2,1,1,3,NA,NA,NA,NA,NA
187773334,231.669315520792,3214,4,3,1,1,1,NA,NA,NA,NA,NA
23166337,8.04017439763438,9112,0,0,2,1,1,NA,NA,NA,NA,NA
330881277,4.75313536812026,1212,0,1,1,1,1,NA,NA,NA,NA,NA
132885534,815.917781369119,7411,3,0,2,1,8,NA,NA,NA,NA,NA
121775512,3.81183113680117,3112,5,4,1,1,1,NA,NA,NA,NA,NA
56199018,3.79532945947425,5230,3,1,1,1,3,NA,NA,NA,NA,NA
34101767,8.69230618857933,9334,0,0,1,1,22,NA,NA,NA,NA,NA
440996656,3.84563853409296,5230,1,0,1,1,1,NA,NA,NA,NA,NA
102311349,8.22945122640888,2634,5,0,1,1,1,NA,NA,NA,NA,NA
7707733554,12.7070854301968,5230,2,0,2,1,1,NA,NA,NA,NA,NA
34177340,13.1091876830554,7111,0,0,2,1,5,NA,NA,NA,NA,NA
22012444,3.04058815363088,3221,4,0,1,1,20,NA,NA,NA,NA,NA
56112767,5.12653577690573,4416,4,1,1,1,10,NA,NA,NA,NA,NA
440779945,1.99406078025323,2153,5,3,1,1,1,NA,NA,NA,NA,NA
33345434,38.3709232495538,3132,2,2,2,1,3,NA,NA,NA,NA,NA
68277337,8.04017439763438,4321,0,1,1,1,1,NA,NA,NA,NA,NA
101266887,5.57879253831152,9622,2,0,1,1,1,NA,NA,NA,NA,NA
93511344,3.04058815363088,3412,4,1,1,1,3,NA,NA,NA,NA,NA
330775512,6.00511406216661,2142,5,4,1,1,2,NA,NA,NA,NA,NA
99099224,3.24867467744887,3121,0,NA,1,1,3,NA,NA,NA,NA,NA
91377336,12.7070854301968,5223,1,1,1,1,10,NA,NA,NA,NA,NA
1001011144,46.359425082256,2522,5,3,1,1,1,NA,NA,NA,NA,NA
11558812,3.20383500566392,5120,0,1,2,1,2,NA,NA,NA,NA,NA
440990133,2.94636350302331,5230,4,0,2,1,1,NA,NA,NA,NA,NA
1178000,4.31787800363785,2521,5,5,2,1,1,NA,NA,NA,NA,NA
220016512,1,8342,0,0,1,1,7,NA,NA,NA,NA,NA
462775501,17.8295127997664,7115,1,5,1,1,25,NA,NA,NA,NA,NA
231888834,87.5598207598285,5131,0,1,2,1,8,NA,NA,NA,NA,NA
440991145,10.1197107710232,8344,1,1,1,1,1,NA,NA,NA,NA,NA
66077131,15.0211478886385,8342,3,2,1,1,2,NA,NA,NA,NA,NA
12188333,2.43989173232533,7212,2,3,1,1,30,NA,NA,NA,NA,NA
55011342,5.8725273725894,2244,4,0,1,1,1,NA,NA,NA,NA,NA
44099884,3.28228585088011,9412,0,0,2,1,2,NA,NA,NA,NA,NA
550888856,1.343434366103,5131,2,2,1,1,1,NA,NA,NA,NA,NA
22001324,3.24867467744887,2114,5,1,1,1,1,NA,NA,NA,NA,NA
67199668,10.4791071354881,9211,0,0,2,1,50,NA,NA,NA,NA,NA
990773312,2.0096822241167,7212,3,2,2,1,1,NA,NA,NA,NA,NA
33034651,1,3123,5,5,1,1,50,NA,NA,NA,NA,NA
44023439,12.7787618657435,7515,2,2,1,1,4,NA,NA,NA,NA,NA
682771233,3.87074113260851,7115,3,2,2,1,5,NA,NA,NA,NA,NA
12177449,6.04892692370184,4321,4,1,1,1,1,NA,NA,NA,NA,NA
660773323,3.67100582805091,4321,2,2,1,1,2,NA,NA,NA,NA,NA
44099449,6.04892692370184,7212,0,2,1,1,1,NA,NA,NA,NA,NA
56188889,8.1432035691453,4110,2,1,1,1,1,NA,NA,NA,NA,NA
56177339,16.8017324042206,3257,4,2,1,1,2,NA,NA,NA,NA,NA
220014455,3.63733547255337,2342,5,0,1,1,3,NA,NA,NA,NA,NA
770885523,8.07699680921145,9313,0,1,2,1,5,NA,NA,NA,NA,NA
79288667,11.4287913093968,7231,4,2,NA,1,1,NA,NA,NA,NA,NA
44034119,1.50088173037544,1212,5,5,2,1,1,NA,NA,NA,NA,NA
891775556,6.86700426264657,7131,0,1,1,1,1,NA,NA,NA,NA,NA
88088670,19.8102936720593,3343,2,0,1,2,NA,8,NA,NA,NA,NA
56188666,27.0840741567653,7512,0,0,2,1,3,NA,NA,NA,NA,NA
550771266,4.65052397813388,2421,5,1,1,1,15,NA,NA,NA,NA,NA
99088348,9.04947376143623,3221,4,1,1,1,4,NA,NA,NA,NA,NA
44099774,3.74780012609433,2421,5,0,1,1,1,NA,NA,NA,NA,NA
33001433,2.43989173232533,2151,5,3,1,1,3,NA,NA,NA,NA,NA
1188884,3.28228585088011,5230,3,0,1,1,2,NA,NA,NA,NA,NA
1177553,11.8911116421776,7543,4,5,1,1,1,NA,NA,NA,NA,NA
22023445,1,2247,5,0,1,1,24,NA,NA,NA,NA,NA
66099340,8.32124240624532,7115,1,2,1,1,4,NA,NA,NA,NA,NA
330663466,3.92919633519165,3343,3,2,1,1,1,NA,NA,NA,NA,NA
1177334,3.83623723147949,7213,0,0,2,2,NA,1,NA,NA,NA,NA
55001433,1.79223314641399,2243,5,3,1,1,3,NA,NA,NA,NA,NA
66034436,1,7543,4,0,1,1,2,NA,NA,NA,NA,NA
550347634,1,3432,2,2,1,1,15,NA,NA,NA,NA,NA
2288670,12.5748642684542,9112,3,0,1,1,2,NA,NA,NA,NA,NA
770113466,3.92919633519165,3611,3,0,1,1,2,NA,NA,NA,NA,NA
220992212,2.37085399095875,3117,3,NA,2,1,1,NA,NA,NA,NA,NA
451122134,15.9254702021699,5411,2,8,2,1,338,NA,NA,NA,NA,NA
1101768,10.4791071354881,1211,5,3,1,1,1,NA,NA,NA,NA,NA
77088999,4.01755510457196,1330,5,5,1,1,1,NA,NA,NA,NA,NA
253113444,258.866416475489,2352,5,0,1,2,NA,8,NA,NA,NA,NA
44012763,2.73550102019893,5223,2,0,1,1,2,NA,NA,NA,NA,NA
891774434,104.566787909428,7127,4,4,1,1,1,NA,NA,NA,NA,NA
22001987,4.24301849537621,3434,3,2,1,1,2,NA,NA,NA,NA,NA
34111348,9.04947376143623,3439,4,2,1,1,4,NA,NA,NA,NA,NA
22001654,22.6496228380874,3121,3,3,2,1,1,NA,NA,NA,NA,NA
77779934,83.8018215905455,4222,5,1,2,1,2,NA,NA,NA,NA,NA
660017623,4.31938026576803,9333,2,0,2,1,1,NA,NA,NA,NA,NA
66088886,17.8979195718987,4321,1,0,2,2,NA,2,3,NA,NA,NA
33012214,11.6821662441338,2132,5,1,2,1,1,NA,NA,NA,NA,NA
660123234,57.4653099581733,2144,5,5,1,2,NA,2,4,6,7,NA
90211346,23.8691645475402,9112,2,0,1,1,1,NA,NA,NA,NA,NA
88044884,5.02331052128334,5132,2,1,1,1,1,NA,NA,NA,NA,NA
101288664,5.93092966229354,5132,2,0,2,1,3,NA,NA,NA,NA,NA
33001448,4.05926136406294,5414,3,1,1,1,1,NA,NA,NA,NA,NA
56177020,4.61877666218049,2330,5,3,1,1,3,NA,NA,NA,NA,NA
561994434,104.566787909428,7413,3,0,1,1,1,NA,NA,NA,NA,NA
25311349,10.8202217704964,2330,5,0,1,1,1,NA,NA,NA,NA,NA
440888867,2.21584836780982,5131,0,0,1,1,6,NA,NA,NA,NA,NA
22012550,3.32217002649045,3343,4,0,2,1,1,NA,NA,NA,NA,NA
56188664,9.07687591121961,2166,5,4,1,1,1,NA,NA,NA,NA,NA
68266337,8.04017439763438,7214,0,3,1,1,2,NA,NA,NA,NA,NA
45177447,5.76130055397437,4110,4,1,1,1,3,NA,NA,NA,NA,NA
341668867,2.91343494114822,5131,2,2,1,1,7,NA,NA,NA,NA,NA
99001768,13.778107439158,9321,0,0,1,1,3,NA,NA,NA,NA,NA
330773356,1.99192662405012,5230,4,1,1,1,2,NA,NA,NA,NA,NA
77077888,6.13896215578772,5131,0,1,2,1,3,NA,NA,NA,NA,NA
33012654,1,7112,0,1,2,1,45,NA,NA,NA,NA,NA
330664412,3.793366385534,3122,4,5,1,1,2,NA,NA,NA,NA,NA
59411344,5.03215123785774,2330,5,0,1,1,1,NA,NA,NA,NA,NA
220443312,2.0096822241167,9313,0,0,2,1,8,NA,NA,NA,NA,NA
22012767,11.4287913093968,5243,2,1,1,1,6,NA,NA,NA,NA,NA
4408855013,17.8295127997664,7115,0,5,1,1,50,NA,NA,NA,NA,NA
33034658,1,8332,3,2,1,1,5,NA,NA,NA,NA,NA
56188337,8.04017439763438,7212,2,1,1,1,2,NA,NA,NA,NA,NA
44066447,5.76130055397437,3113,4,0,1,1,1,NA,NA,NA,NA,NA
36377334,2.50663922370614,7412,4,2,1,1,25,NA,NA,NA,NA,NA
5507777992,7.86632675576514,9333,0,3,2,1,1,NA,NA,NA,NA,NA
33088129,12.4728093486332,2522,5,3,1,1,1,NA,NA,NA,NA,NA
231663323,3.67100582805091,7512,3,1,2,1,1,NA,NA,NA,NA,NA
88088887,4.24301849537621,9112,0,1,2,1,2,NA,NA,NA,NA,NA
44099887,4.24301849537621,5131,2,0,2,1,5,NA,NA,NA,NA,NA
330128756,3.01617970092595,8322,2,1,1,1,1,NA,NA,NA,NA,NA
990660144,153.635728563717,8142,3,1,1,1,30,NA,NA,NA,NA,NA
11771167,22.5720086639088,6111,3,2,1,1,1,NA,NA,NA,NA,NA
24255117,93.1355328565424,9211,0,0,1,1,28,NA,NA,NA,NA,NA
3300111653,7.71918223938465,3331,4,1,1,1,2,NA,NA,NA,NA,NA
88099227,3.86194938403533,8342,2,2,1,1,5,NA,NA,NA,NA,NA
770344334,1,9333,2,4,1,1,40,NA,NA,NA,NA,NA
100155128,14.3633132974849,2151,4,3,2,1,1,NA,NA,NA,NA,NA
330996623,4.31938026576803,5120,0,0,1,1,1,NA,NA,NA,NA,NA
44088450,5.23370769244726,8332,2,2,1,1,1,NA,NA,NA,NA,NA
550128723,1.49489666412702,4311,4,0,1,1,3,NA,NA,NA,NA,NA
44099128,14.3633132974849,2141,5,0,2,1,1,NA,NA,NA,NA,NA
8802255552,45.3529257956236,7126,0,0,1,1,1,NA,NA,NA,NA,NA
88088773,3.35156194954141,3121,2,2,1,1,2,NA,NA,NA,NA,NA
56177553,7.1849933524850504,3257,4,0,1,2,NA,8,NA,NA,NA,NA
880018734,234.082178741939,1324,5,2,2,1,1,NA,NA,NA,NA,NA
1199777,3.28705178872377,4321,2,1,1,1,40,NA,NA,NA,NA,NA
990881211,11.0666820846193,8183,0,2,2,1,12,NA,NA,NA,NA,NA
1188224,3.24867467744887,2421,3,0,1,1,1,NA,NA,NA,NA,NA
44099349,4.85355384649436,2352,5,0,2,2,NA,8,NA,NA,NA,NA
341881167,10.1249735724033,6112,1,2,2,1,111,NA,NA,NA,NA,NA
36311350,17.9887620005335,2341,5,0,1,1,8,NA,NA,NA,NA,NA
660991123,3.39212157220047,5120,0,0,2,1,4,NA,NA,NA,NA,NA
33099557,31.7496431070843,3123,4,2,1,1,2,NA,NA,NA,NA,NA
44088994,3.8011582358127,3512,4,3,1,1,1,NA,NA,NA,NA,NA
14377339,16.8017324042206,5223,0,0,2,1,1,NA,NA,NA,NA,NA
22077126,28.7181252781852,3344,4,0,1,1,1,NA,NA,NA,NA,NA
4477336,8.30294813285885,5131,0,1,2,1,1,NA,NA,NA,NA,NA
66001873,1.48756213454977,7231,4,3,1,1,2,NA,NA,NA,NA,NA
34166779,14.1136507463825,3343,4,2,1,1,1,NA,NA,NA,NA,NA
88099553,7.1849933524850504,8342,2,2,1,1,1,NA,NA,NA,NA,NA
165778834,87.5598207598285,5230,2,0,2,1,1,NA,NA,NA,NA,NA
69377886,11.6946957434009,9112,0,0,1,1,2,NA,NA,NA,NA,NA
660881277,4.75313536812027,3112,4,3,2,1,1,NA,NA,NA,NA,NA
330342123,3.39212157220047,8344,2,1,1,1,10,NA,NA,NA,NA,NA
660558867,2.91343494114822,9412,1,1,2,1,4,NA,NA,NA,NA,NA
990883444,258.866416475489,4226,3,1,1,1,3,NA,NA,NA,NA,NA
56188334,2.50663922370615,5120,3,2,1,1,5,NA,NA,NA,NA,NA
2207755013,28.0884053340587,8342,0,0,1,1,1,NA,NA,NA,NA,NA
330883477,2.39662915721086,5312,3,0,1,1,1,NA,NA,NA,NA,NA
550124367,1.62826746533625,7513,2,0,1,1,5,NA,NA,NA,NA,NA
990014444,78.1126783014563,2635,5,2,1,1,7,NA,NA,NA,NA,NA
37411349,8.22945122640888,6113,2,0,2,1,1,NA,NA,NA,NA,NA
88099663,4.52723425516123,8322,2,1,1,1,1,NA,NA,NA,NA,NA
330019801,4.24899917952074,4224,3,2,2,1,6,NA,NA,NA,NA,NA
440665501,28.0884053340587,7112,0,3,2,2,NA,1,NA,NA,NA,NA
33066890,12.8797783942311,9412,0,1,1,2,NA,1,NA,NA,NA,NA
36311351,22.3915910543013,2342,5,1,1,1,1,NA,NA,NA,NA,NA
880885512,3.81183113680117,3113,4,2,1,1,2,NA,NA,NA,NA,NA
99088670,19.8102936720593,4321,0,1,2,1,2,NA,NA,NA,NA,NA
44023433,1,3257,4,3,2,1,1,NA,NA,NA,NA,NA
11773411,11.6878087424019,3221,3,1,1,1,7,NA,NA,NA,NA,NA
22023444,1,2310,5,3,1,1,1,NA,NA,NA,NA,NA
3307712433,4.1617206494349,4110,2,4,1,1,1,NA,NA,NA,NA,NA
77066342,5.8725273725894,3611,4,0,1,1,5,NA,NA,NA,NA,NA
22034543,1,1222,6,15,2,1,1,NA,NA,NA,NA,NA
660881211,17.4343211498199,4313,5,5,2,1,1,NA,NA,NA,NA,NA
561778845,2.1583466704331302,5132,2,2,1,1,3,NA,NA,NA,NA,NA
132776623,4.31938026576803,7125,2,0,2,1,2,NA,NA,NA,NA,NA
220232123,3.39212157220047,3115,4,1,1,1,1,NA,NA,NA,NA,NA
77088344,3.04058815363088,3412,4,2,1,1,2,NA,NA,NA,NA,NA
891661255,3.69113378472407,9112,0,0,1,1,2,NA,NA,NA,NA,NA
440237623,1.82543251545691,4311,4,1,2,1,3,NA,NA,NA,NA,NA
990881233,6.0979201785786,4221,5,2,1,1,3,NA,NA,NA,NA,NA
44012226,1,5151,1,1,1,1,45,NA,NA,NA,NA,NA
330348723,1.49489666412702,8350,3,3,1,1,50,NA,NA,NA,NA,NA
33023439,12.7787618657435,8183,2,0,1,1,1,NA,NA,NA,NA,NA
44012549,6.04892692370184,3116,4,3,1,1,1,NA,NA,NA,NA,NA
880347601,6.93066280795633,7231,4,0,1,1,22,NA,NA,NA,NA,NA
132775501,28.0884053340587,9313,1,0,1,1,12,NA,NA,NA,NA,NA
66066340,13.1091876830554,9412,2,1,2,1,1,NA,NA,NA,NA,NA
22034768,1,7515,0,0,2,1,1,NA,NA,NA,NA,NA
451667767,3.89141327964785,4323,1,0,1,1,3,NA,NA,NA,NA,NA
220346534,1,8342,3,4,1,1,104,NA,NA,NA,NA,NA
3388666,17.6970292822405,8322,2,2,1,1,1,NA,NA,NA,NA,NA
2209955333,7.1849933524850504,7233,3,5,1,1,8,NA,NA,NA,NA,NA
22001874,3.74780012609433,4323,4,2,2,1,7,NA,NA,NA,NA,NA
33088890,12.8797783942311,9412,0,1,2,1,1,NA,NA,NA,NA,NA
2266339,16.8017324042207,5131,0,0,2,1,1,NA,NA,NA,NA,NA
33001544,2.14486988997102,8342,2,1,1,1,1,NA,NA,NA,NA,NA
330124345,2.73628491762591,7212,0,2,2,1,50,NA,NA,NA,NA,NA
132113466,2.37414721167236,2330,5,0,1,1,5,NA,NA,NA,NA,NA
33001442,3.54837053120246,1345,4,0,1,1,4,NA,NA,NA,NA,NA
33001653,7.1849933524850504,3113,4,3,1,1,8,NA,NA,NA,NA,NA
22023657,14.2417231084297,7212,3,1,1,1,6,NA,NA,NA,NA,NA
770771277,4.75313536812026,3240,4,1,1,1,3,NA,NA,NA,NA,NA
88066125,15.9827479174487,3323,5,5,1,1,1,NA,NA,NA,NA,NA
770556623,4.31938026576803,9329,0,0,2,1,7,NA,NA,NA,NA,NA
330342101,1,6121,3,2,1,1,6,NA,NA,NA,NA,NA
220348756,1,8343,4,3,1,1,7,NA,NA,NA,NA,NA
99088554,22.6496228380874,2142,5,10,1,1,1,NA,NA,NA,NA,NA
7707722333,4.63486624771528,8332,5,5,1,1,2,NA,NA,NA,NA,NA
23166890,12.8797783942311,9411,2,1,1,1,1,NA,NA,NA,NA,NA
561991134,264.850224421149,8341,0,0,1,1,1,NA,NA,NA,NA,NA
88012219,12.0797287846928,3143,2,1,1,1,1,NA,NA,NA,NA,NA
330122211,1,3122,5,1,2,1,10,NA,NA,NA,NA,NA
451665512,6.00511406216661,2142,5,2,1,1,5,NA,NA,NA,NA,NA
66088342,3.54837053120246,5312,2,0,1,1,1,NA,NA,NA,NA,NA
660997745,2.18183982102448,8343,4,0,1,1,1,NA,NA,NA,NA,NA
22012987,2.50244131381364,9412,2,1,1,1,8,NA,NA,NA,NA,NA
462668823,3.78015522531299,1411,0,0,2,1,1,NA,NA,NA,NA,NA
132777723,3.5372587568796,7231,4,2,1,1,2,NA,NA,NA,NA,NA
451111266,2.80999664908918,6113,0,0,1,1,15,NA,NA,NA,NA,NA
561777756,3.01617970092595,4110,2,2,1,1,2,NA,NA,NA,NA,NA
22012448,4.05926136406294,3221,4,1,1,1,5,NA,NA,NA,NA,NA
55022342,2.60647109768217,3612,4,0,1,1,6,NA,NA,NA,NA,NA
440997745,3.4372448622224,3118,5,4,2,1,1,NA,NA,NA,NA,NA
55034323,1,8111,2,1,1,1,8,NA,NA,NA,NA,NA
23177890,12.8797783942311,5131,2,0,1,1,45,NA,NA,NA,NA,NA
880884401,2.96512571382147,1211,5,5,1,1,1,NA,NA,NA,NA,NA
55077348,9.04947376143623,3343,4,1,1,1,1,NA,NA,NA,NA,NA
550991211,11.0666820846193,3323,5,2,2,1,1,NA,NA,NA,NA,NA
660017645,3.24952156487532,5230,2,0,2,1,2,NA,NA,NA,NA,NA
781775523,5.12698803227856,7115,0,3,2,1,1,NA,NA,NA,NA,NA
77066772,9.00362602625772,8322,2,0,1,1,3,NA,NA,NA,NA,NA
66088122,7.76553992713581,4321,2,0,1,1,2,NA,NA,NA,NA,NA
23166015,4.61789358648057,5120,0,0,1,1,3,NA,NA,NA,NA,NA
4408833013,11.2255998614226,7131,0,0,2,1,4,NA,NA,NA,NA,NA
220125412,1,5414,4,0,1,2,NA,8,NA,NA,NA,NA
46266889,10.7068218908321,4224,2,0,1,1,2,NA,NA,NA,NA,NA
24277340,13.1091876830554,7119,0,0,1,1,6,NA,NA,NA,NA,NA
4406655554,45.3529257956236,4132,2,0,1,1,2,NA,NA,NA,NA,NA
55012437,3.60652676089592,4321,2,1,1,1,2,NA,NA,NA,NA,NA
66099223,2.80053574313203,2243,5,2,1,1,3,NA,NA,NA,NA,NA
143113477,4.06360851879736,2330,5,1,1,1,1,NA,NA,NA,NA,NA
55099344,3.04058815363088,2246,5,0,1,1,1,NA,NA,NA,NA,NA
770669967,2.24515747094152,3322,0,0,2,1,1,NA,NA,NA,NA,NA
990127601,10.4098104112287,6111,1,1,2,1,25,NA,NA,NA,NA,NA
2203377554,14.7227422316396,7212,0,NA,NA,1,1,NA,NA,NA,NA,NA
44099125,15.9827479174487,2131,5,0,1,1,1,NA,NA,NA,NA,NA
5507755554,45.3529257956236,2149,5,2,1,1,2,NA,NA,NA,NA,NA
891020934,25.2871145670538,1221,5,10,2,1,3,NA,NA,NA,NA,NA
55001654,16.905910863184,9313,0,0,2,1,50,NA,NA,NA,NA,NA
66099333,2.43989173232533,3123,5,5,1,1,10,NA,NA,NA,NA,NA
451881101,28.2854849989095,8350,0,1,1,1,2,NA,NA,NA,NA,NA
33099348,6.88268729828353,2330,5,0,1,1,1,NA,NA,NA,NA,NA
220129823,1.59754822154648,5131,0,1,1,1,18,NA,NA,NA,NA,NA
220347601,1,5243,1,1,1,1,79,NA,NA,NA,NA,NA
11445545,10.6466910555505,9313,0,0,2,1,2,NA,NA,NA,NA,NA
880888823,3.78015522531299,5131,3,2,1,1,6,NA,NA,NA,NA,NA
1001887701,6.0460592707409,4321,0,0,2,1,1,NA,NA,NA,NA,NA
23155886,17.8979195718987,5230,5,0,2,2,NA,1,2,3,4,NA
231771112,4.83847753256889,8350,2,1,1,1,2,NA,NA,NA,NA,NA
330993455,3.63733547255337,3221,4,0,1,1,40,NA,NA,NA,NA,NA
55088345,5.57901030683986,9112,2,0,2,1,12,NA,NA,NA,NA,NA
13299771,3.13217582716262,4221,2,1,1,1,4,NA,NA,NA,NA,NA
36311349,8.22945122640888,9112,2,1,1,1,1,NA,NA,NA,NA,NA
66034450,1,3212,3,0,1,1,3,NA,NA,NA,NA,NA
33100000,2.74083417047324,2635,5,1,2,1,2,NA,NA,NA,NA,NA
330773301,11.2255998614226,8322,3,0,1,1,1,NA,NA,NA,NA,NA
89166779,14.1136507463825,9333,0,1,2,1,4,NA,NA,NA,NA,NA
55012218,1,4120,4,0,1,1,3,NA,NA,NA,NA,NA
440127656,2.32365889203429,4321,4,1,1,1,1,NA,NA,NA,NA,NA
330668823,3.78015522531299,5132,2,1,2,1,1,NA,NA,NA,NA,NA
330994467,3.82365166384475,3343,5,NA,1,1,2,NA,NA,NA,NA,NA
11668823,3.78015522531299,9112,0,0,1,1,3,NA,NA,NA,NA,NA
45155114,17.8787440435157,9211,0,0,2,1,3,NA,NA,NA,NA,NA
22099450,5.23370769244726,9313,0,0,2,1,6,NA,NA,NA,NA,NA
770883411,7.41900200796358,9112,2,1,2,1,11,NA,NA,NA,NA,NA
451778823,3.78015522531299,5131,3,0,1,1,3,NA,NA,NA,NA,NA
121888834,87.5598207598285,5131,1,1,2,1,3,NA,NA,NA,NA,NA
36312761,5.38709324017132,7212,3,2,1,1,8,NA,NA,NA,NA,NA
22088131,15.0211478886385,2151,5,2,1,1,20,NA,NA,NA,NA,NA
330664456,3.23155869787241,3343,3,0,1,1,1,NA,NA,NA,NA,NA
22044349,10.8202217704964,9112,0,0,2,1,1,NA,NA,NA,NA,NA
13277558,24.6602769010232,7543,5,3,1,1,3,NA,NA,NA,NA,NA
3301221552,7.81632837174241,8322,0,0,1,1,2,NA,NA,NA,NA,NA
550773466,3.92919633519165,2244,5,0,1,1,1,NA,NA,NA,NA,NA
99099663,4.52723425516123,5222,4,5,1,1,1,NA,NA,NA,NA,NA
440349834,1,5131,0,0,2,1,1000,NA,NA,NA,NA,NA
550997701,9.52489085806869,8350,1,2,1,1,2,NA,NA,NA,NA,NA
22012660,1,7119,0,0,1,1,15,NA,NA,NA,NA,NA
990777712,2.50707465236255,8331,2,5,1,1,3,NA,NA,NA,NA,NA
77066560,51.3230634997549,3123,2,2,1,1,1,NA,NA,NA,NA,NA
891885534,815.917781369119,3123,4,2,1,1,15,NA,NA,NA,NA,NA
77001879,6.33086505259683,8332,2,1,1,1,1,NA,NA,NA,NA,NA
66099884,3.28228585088011,5131,2,0,1,1,8,NA,NA,NA,NA,NA
341996601,16.3994932203154,5230,2,2,1,1,1,NA,NA,NA,NA,NA
330129834,32.130193814791,5132,2,1,1,1,10,NA,NA,NA,NA,NA
45177331,4.18840552816858,3122,5,0,2,1,1,NA,NA,NA,NA,NA
91311348,6.88268729828353,2330,5,0,1,1,1,NA,NA,NA,NA,NA
22771167,17.1674156335887,9211,0,0,2,1,82,NA,NA,NA,NA,NA
66022118,56.3630221236528,3112,4,2,2,2,NA,1,5,NA,NA,NA
924778834,87.5598207598285,5131,2,1,2,1,4,NA,NA,NA,NA,NA
660441244,462.07424844616,3257,4,1,1,1,1,NA,NA,NA,NA,NA
99012118,4.99016341597904,5230,2,0,2,1,10,NA,NA,NA,NA,NA
880888834,87.5598207598285,9412,2,1,2,1,2,NA,NA,NA,NA,NA
781113477,5.34290126427455,3343,2,1,1,1,1,NA,NA,NA,NA,NA
33099345,7.47445554885214,2330,5,0,1,1,5,NA,NA,NA,NA,NA
22088345,7.47445554885214,9112,2,5,1,1,1,NA,NA,NA,NA,NA
220342167,1,4321,3,2,1,1,7,NA,NA,NA,NA,NA
44066556,45.3529257956236,3113,2,5,1,1,3,NA,NA,NA,NA,NA
88088129,12.4728093486332,7422,2,3,1,1,1,NA,NA,NA,NA,NA
770884467,5.02740192968878,9313,0,0,2,1,7,NA,NA,NA,NA,NA
22034549,2.71332632180879,4226,2,3,2,1,5,NA,NA,NA,NA,NA
880667756,3.01617970092595,1212,4,0,1,1,1,NA,NA,NA,NA,NA
99099124,4.1617206494349,8322,2,2,1,1,10,NA,NA,NA,NA,NA
770665567,17.5445050393423,2142,5,5,1,1,1,NA,NA,NA,NA,NA
88012324,2.42484410946029,2114,5,2,2,1,30,NA,NA,NA,NA,NA
22001431,4.18840552816858,9313,2,0,2,2,NA,8,NA,NA,NA,NA
25311348,9.04947376143623,2221,5,1,1,1,1,NA,NA,NA,NA,NA
220663323,3.67100582805091,4311,4,0,2,1,1,NA,NA,NA,NA,NA
880338834,26.4210870002648,9214,4,5,2,1,1,NA,NA,NA,NA,NA
66012431,1.85898800667999,7212,3,4,2,1,2,NA,NA,NA,NA,NA
45111345,11.4391350739138,5312,3,0,1,1,1,NA,NA,NA,NA,NA
12188557,24.1475770966248,7411,3,2,1,1,8,NA,NA,NA,NA,NA
77099333,2.43989173232533,9329,2,0,2,1,5,NA,NA,NA,NA,NA
121441211,17.4343211498199,9211,0,0,2,1,22,NA,NA,NA,NA,NA
22034658,1,4321,3,0,2,1,15,NA,NA,NA,NA,NA
1001773334,231.669315520792,3521,4,0,1,1,1,NA,NA,NA,NA,NA
220344301,7.12560837946903,2521,4,0,2,1,4,NA,NA,NA,NA,NA
12177558,32.4237494882581,7212,2,5,1,1,2,NA,NA,NA,NA,NA
330558856,2.2233740864553,5132,0,0,2,1,1,NA,NA,NA,NA,NA
22099997,3.90278568342011,3113,4,2,1,1,2,NA,NA,NA,NA,NA
78199668,10.4791071354881,5230,2,1,2,1,1,NA,NA,NA,NA,NA
44077778,8.65751834073991,3122,0,1,2,1,12,NA,NA,NA,NA,NA
220019823,2.39950702694744,3322,5,1,1,1,4,NA,NA,NA,NA,NA
2201222982,21.5439039337002,3343,4,3,1,1,2,NA,NA,NA,NA,NA
3301232332,2.80053574313203,3343,4,2,1,1,4,NA,NA,NA,NA,NA
330017612,1,9334,2,0,2,1,10,NA,NA,NA,NA,NA
440880177,2.48919632647864,9112,0,0,2,1,1,NA,NA,NA,NA,NA
44001656,22.1191933502152,9313,0,0,2,1,15,NA,NA,NA,NA,NA
44034766,1,3131,3,1,1,2,NA,1,5,8,NA,NA
341886612,1.88036935313171,5245,1,0,2,1,4,NA,NA,NA,NA,NA
550665567,17.5445050393423,9312,2,1,1,1,1,NA,NA,NA,NA,NA
44099777,7.32795606064763,2421,5,2,1,1,2,NA,NA,NA,NA,NA
132771167,17.1674156335887,9211,0,0,2,1,97,NA,NA,NA,NA,NA
2209955332,7.1849933524850504,9313,3,1,1,1,7,NA,NA,NA,NA,NA
55034439,1,8172,3,2,1,1,14,NA,NA,NA,NA,NA
44066344,5.03215123785774,7412,3,0,1,2,NA,6,NA,NA,NA,NA
44088125,10.4433017081777,1211,3,0,2,1,1,NA,NA,NA,NA,NA
330991222,1.80350219121457,4120,2,1,1,1,1,NA,NA,NA,NA,NA
33001657,24.1475770966248,3112,5,2,1,1,1,NA,NA,NA,NA,NA
4409911552,16.0265049012021,9211,0,0,2,1,3,NA,NA,NA,NA,NA
990991101,17.95461190615,2132,5,1,1,2,NA,1,8,9,NA,NA
22034654,1,3123,5,0,2,1,1,NA,NA,NA,NA,NA
440014345,2.73628491762591,2421,5,5,1,1,1,NA,NA,NA,NA,NA
33077113,5.87401137100153,8341,0,1,1,1,2,NA,NA,NA,NA,NA
330129823,1.59754822154648,5131,2,2,1,1,6,NA,NA,NA,NA,NA
44034546,2.23125793740013,3134,3,2,1,1,3,NA,NA,NA,NA,NA
660997701,9.52489085806869,3257,4,0,2,1,1,NA,NA,NA,NA,NA
231881145,10.1197107710232,9215,0,5,2,1,2,NA,NA,NA,NA,NA
550990133,1.87024593119997,5414,0,1,2,1,8,NA,NA,NA,NA,NA
22034762,5.07787761974289,5223,0,2,2,1,2,NA,NA,NA,NA,NA
1166664,9.07687591121961,7231,3,0,1,1,2,NA,NA,NA,NA,NA
44099348,9.04947376143623,4226,2,1,1,1,1,NA,NA,NA,NA,NA
77055224,4.9718709548347,3121,3,3,2,1,2,NA,NA,NA,NA,NA
12101876,7.18046689059344,3257,5,0,1,1,3,NA,NA,NA,NA,NA
66088447,5.76130055397437,7126,2,1,1,1,5,NA,NA,NA,NA,NA
220447712,2.50707465236255,8350,0,0,2,1,5,NA,NA,NA,NA,NA
220234477,1,9112,0,0,2,1,20,NA,NA,NA,NA,NA
44088553,11.8911116421776,9313,3,2,1,1,6,NA,NA,NA,NA,NA
66012324,2.42484410946029,8332,2,5,1,1,34,NA,NA,NA,NA,NA
2209988992,5.44318046249358,5223,3,0,2,1,5,NA,NA,NA,NA,NA
330344367,1,4321,2,0,2,1,70,NA,NA,NA,NA,NA
99012324,2.42484410946029,7412,3,5,1,1,3,NA,NA,NA,NA,NA
682113444,258.866416475489,2330,5,0,1,1,1,NA,NA,NA,NA,NA
660991112,3.0712920891139,9216,1,1,1,1,40,NA,NA,NA,NA,NA
88077997,3.90278568342011,1330,4,3,1,1,1,NA,NA,NA,NA,NA
99077558,32.4237494882581,7112,0,0,1,1,5,NA,NA,NA,NA,NA
77012119,2.54482249242049,2421,5,0,2,1,1,NA,NA,NA,NA,NA
66012437,3.60652676089592,8344,2,2,1,1,12,NA,NA,NA,NA,NA
231345401,1.97412687588724,2143,5,0,1,1,5,NA,NA,NA,NA,NA
33023437,3.60652676089592,1211,5,3,1,1,1,NA,NA,NA,NA,NA
66034767,5.12653577690574,5223,2,1,1,1,52,NA,NA,NA,NA,NA
89177556,45.3529257956236,7411,4,0,1,1,2,NA,NA,NA,NA,NA
33001431,4.18840552816858,7231,2,0,2,2,NA,8,NA,NA,NA,NA
33023768,10.4791071354881,7231,4,0,1,1,6,NA,NA,NA,NA,NA
11779901,4.09466738576137,3257,4,1,2,1,1,NA,NA,NA,NA,NA
55099999,3.05560038266833,3323,5,2,1,1,2,NA,NA,NA,NA,NA
24266889,10.7068218908321,3434,5,0,1,1,1,NA,NA,NA,NA,NA
33012433,1.79223314641399,9329,2,0,1,1,30,NA,NA,NA,NA,NA
1188348,6.88268729828353,2221,5,1,1,1,2,NA,NA,NA,NA,NA
121779901,4.09466738576137,5414,3,0,2,1,2,NA,NA,NA,NA,NA
2277777,7.32795606064763,1311,5,2,1,1,2,NA,NA,NA,NA,NA
220129845,2.1583466704331302,4212,4,2,1,1,11,NA,NA,NA,NA,NA
33034324,1,2114,4,3,1,1,6,NA,NA,NA,NA,NA
242342244,106.335079680585,8350,5,4,1,1,1,NA,NA,NA,NA,NA
44099553,7.1849933524850504,3123,3,4,1,1,36,NA,NA,NA,NA,NA
100177771,5.18372817016438,1324,3,2,1,1,2,NA,NA,NA,NA,NA
99012871,2.30075345699356,7231,4,2,1,1,8,NA,NA,NA,NA,NA
770773312,2.0096822241167,8172,0,2,2,2,NA,1,2,8,NA,NA
330124323,3.67100582805091,5230,3,0,2,1,2,NA,NA,NA,NA,NA
88088774,3.74780012609433,7231,0,0,2,1,1,NA,NA,NA,NA,NA
99088122,4.69218979973436,1323,5,5,1,1,10,NA,NA,NA,NA,NA
66088348,6.88268729828353,2330,5,5,1,1,1,NA,NA,NA,NA,NA
561778801,10.0540792660816,5131,2,1,2,1,6,NA,NA,NA,NA,NA
33001987,2.50244131381364,9112,0,0,2,1,1,NA,NA,NA,NA,NA
2200121552,16.0265049012021,8344,2,0,1,1,1,NA,NA,NA,NA,NA
220237623,1,9333,2,0,2,1,20,NA,NA,NA,NA,NA
33066887,5.57879253831152,5414,2,1,2,1,1,NA,NA,NA,NA,NA
66099114,11.6821662441338,8322,2,1,1,1,1,NA,NA,NA,NA,NA
660883323,2.33022290232641,5222,3,0,1,1,3,NA,NA,NA,NA,NA
88099340,8.32124240624532,3313,4,0,1,1,1,NA,NA,NA,NA,NA
33001225,7.7949875394348,5242,4,0,2,1,10,NA,NA,NA,NA,NA
24288664,9.07687591121961,4321,0,1,2,1,1,NA,NA,NA,NA,NA
56155890,12.8797783942311,5120,3,2,2,1,1,NA,NA,NA,NA,NA
363113477,4.06360851879736,9112,2,1,1,1,1,NA,NA,NA,NA,NA
330012145,10.1197107710232,9211,0,0,1,1,2,NA,NA,NA,NA,NA
220234455,1,2221,5,1,1,1,11,NA,NA,NA,NA,NA
770018701,6.0460592707409,9412,3,0,1,1,4,NA,NA,NA,NA,NA
68277996,6.10920645087901,9622,3,0,1,1,9,NA,NA,NA,NA,NA
220333433,2.83255681266876,9333,5,0,1,1,1,NA,NA,NA,NA,NA
45177340,13.1091876830554,3113,4,0,1,2,NA,8,NA,NA,NA,NA
23199779,10.734308677538,8350,0,2,1,1,2,NA,NA,NA,NA,NA
55077342,5.8725273725894,2359,5,0,1,1,4,NA,NA,NA,NA,NA
1177125,15.9827479174487,3123,5,5,1,1,10,NA,NA,NA,NA,NA
100111884,5.02331052128334,5414,3,1,1,1,1,NA,NA,NA,NA,NA
33012450,10.6093860452297,9112,2,1,1,1,5,NA,NA,NA,NA,NA
220992245,2.44156058278795,3115,4,5,1,1,1,NA,NA,NA,NA,NA
44099883,2.0529932270711,4224,3,2,1,1,1,NA,NA,NA,NA,NA
44066883,3.39768883088714,9412,0,0,1,1,1,NA,NA,NA,NA,NA
44999934,25.2871145670537,2514,5,5,1,1,1,NA,NA,NA,NA,NA
440770122,2.44167017008651,7215,5,2,1,1,4,NA,NA,NA,NA,NA
1188890,8.1756216135078,9412,2,0,1,1,3,NA,NA,NA,NA,NA
22012218,1,4416,3,2,2,1,3,NA,NA,NA,NA,NA
23188669,21.6344070654774,9333,2,0,1,1,1,NA,NA,NA,NA,NA
55099666,27.0840741567653,8322,2,1,1,1,1,NA,NA,NA,NA,NA
55088887,5.57879253831152,9412,0,0,2,1,1,NA,NA,NA,NA,NA
11558801,10.0540792660816,1412,5,3,1,1,1,NA,NA,NA,NA,NA
231555545,10.6466910555505,7212,0,2,2,1,2,NA,NA,NA,NA,NA
440346523,1,7114,0,1,2,1,60,NA,NA,NA,NA,NA
44066331,4.18840552816858,7212,3,5,1,1,1,NA,NA,NA,NA,NA
33099336,12.7070854301968,1211,5,5,1,1,1,NA,NA,NA,NA,NA
33099113,5.87401137100153,9211,0,0,1,1,6,NA,NA,NA,NA,NA
33077993,3.24887610795061,7412,2,0,1,1,1,NA,NA,NA,NA,NA
99055018,3.79532945947424,2166,5,2,1,1,1,NA,NA,NA,NA,NA
55055887,5.57879253831152,9412,0,1,1,1,1,NA,NA,NA,NA,NA
11127634,510.638218598106,1311,5,0,1,1,1,NA,NA,NA,NA,NA
22661244,462.074248446162,7233,3,0,1,1,1,NA,NA,NA,NA,NA
55034451,1,2422,5,7,1,1,3,NA,NA,NA,NA,NA
1177883,3.39768883088714,9112,2,0,1,1,3,NA,NA,NA,NA,NA
990888823,3.78015522531299,5120,4,2,2,1,5,NA,NA,NA,NA,NA
11129834,32.130193814791,2611,5,3,1,1,1,NA,NA,NA,NA,NA
550885523,8.07699680921145,2142,5,0,1,1,3,NA,NA,NA,NA,NA
2277889,10.7068218908321,3322,4,2,2,1,1,NA,NA,NA,NA,NA
781343234,21.0869726612122,8111,2,3,1,1,7,NA,NA,NA,NA,NA
1001778823,3.78015522531299,5131,0,0,1,1,3,NA,NA,NA,NA,NA
880881233,6.0979201785786,4221,3,3,2,1,5,NA,NA,NA,NA,NA
22012549,1,9611,0,0,2,1,54,NA,NA,NA,NA,NA
671883301,7.12560837946903,2243,5,0,1,1,1,NA,NA,NA,NA,NA
3377666,27.0840741567653,6111,2,0,2,1,1,NA,NA,NA,NA,NA
550999934,83.8018215905458,3522,4,0,2,1,1,NA,NA,NA,NA,NA
2200165332,7.1849933524850504,2142,5,4,1,1,1,NA,NA,NA,NA,NA
770998834,26.4210870002648,5120,4,NA,1,1,2,NA,NA,NA,NA,NA
24277117,93.1355328565424,9211,2,0,1,1,2,NA,NA,NA,NA,NA
330773422,3.92156216748668,2352,5,0,2,1,3,NA,NA,NA,NA,NA
660122123,2.25841296736366,4321,4,3,1,1,2,NA,NA,NA,NA,NA
990128734,70.6340597329064,2411,5,5,1,1,1,NA,NA,NA,NA,NA
99099227,3.86194938403533,9112,0,0,1,1,12,NA,NA,NA,NA,NA
220019812,1,5414,2,2,1,1,2,NA,NA,NA,NA,NA
9907766554,27.0840741567653,8344,2,2,1,1,4,NA,NA,NA,NA,NA
220014422,1,9112,2,1,2,1,3,NA,NA,NA,NA,NA
55066337,8.04017439763438,3131,4,2,1,1,1,NA,NA,NA,NA,NA
1001886601,16.3994932203154,5223,4,2,2,1,3,NA,NA,NA,NA,NA
363118834,87.5598207598285,3521,3,2,2,1,1,NA,NA,NA,NA,NA
3312761,5.38709324017132,5230,2,0,1,1,4,NA,NA,NA,NA,NA
45112767,5.12653577690573,9329,0,0,1,1,20,NA,NA,NA,NA,NA
12177333,4.03800303779987,1324,5,1,1,1,1,NA,NA,NA,NA,NA
22099122,4.69218979973437,4321,4,3,1,1,4,NA,NA,NA,NA,NA
22012658,24.6602769010232,4110,5,4,2,1,1,NA,NA,NA,NA,NA
22034434,1.87098123377472,4311,4,0,1,1,1,NA,NA,NA,NA,NA
23111347,36.5300984902798,5312,4,1,1,1,1,NA,NA,NA,NA,NA
23199224,3.24867467744887,8113,0,5,1,1,60,NA,NA,NA,NA,NA
79277996,6.10920645087901,2513,4,1,1,2,NA,6,NA,NA,NA,NA
462778867,2.21584836780982,8321,0,0,1,1,1,NA,NA,NA,NA,NA
33099884,5.02331052128334,9412,0,0,2,1,1,NA,NA,NA,NA,NA
220012211,7.3679960442521,3151,3,2,1,1,20,NA,NA,NA,NA,NA
12188559,47.0278391841496,9312,0,0,1,1,15,NA,NA,NA,NA,NA
1166890,12.8797783942311,8322,2,1,1,1,2,NA,NA,NA,NA,NA
55001328,3.04689581211318,3313,4,0,1,1,4,NA,NA,NA,NA,NA
46277773,3.35156194954141,1324,5,2,1,1,3,NA,NA,NA,NA,NA
770666667,5.64116086302935,3122,3,1,1,1,1,NA,NA,NA,NA,NA
330126501,11.8705659722709,7115,0,2,1,1,30,NA,NA,NA,NA,NA
88088350,17.9887620005335,2330,5,1,1,1,2,NA,NA,NA,NA,NA
220127612,1,5223,2,0,2,1,14,NA,NA,NA,NA,NA
2208855992,51.3230634997549,9313,1,0,2,1,5,NA,NA,NA,NA,NA
22099345,7.47445554885214,2634,5,0,1,1,2,NA,NA,NA,NA,NA
22088444,3.2825743931432,2114,7,7,1,1,1,NA,NA,NA,NA,NA
3308812653,18.7647360968455,9333,2,0,1,1,8,NA,NA,NA,NA,NA
440441167,22.5720086639088,9211,0,0,1,1,1,NA,NA,NA,NA,NA
572130934,27.8261048373322,4222,5,5,2,1,2,NA,NA,NA,NA,NA
330344356,1,9333,2,0,1,1,9,NA,NA,NA,NA,NA
66001439,7.5366396981467,7233,3,2,1,1,2,NA,NA,NA,NA,NA
99077888,6.13896215578772,5132,3,1,1,2,NA,1,4,NA,NA,NA
22099350,17.9887620005335,2634,6,1,1,1,1,NA,NA,NA,NA,NA
3309933013,7.12560837946903,5223,2,0,2,1,6,NA,NA,NA,NA,NA
68211351,22.3915910543013,5312,5,5,1,1,1,NA,NA,NA,NA,NA
66022886,17.8979195718987,9112,0,0,2,1,1,NA,NA,NA,NA,NA
330014455,3.63733547255337,2221,5,NA,1,1,5,NA,NA,NA,NA,NA
220773433,2.83255681266876,4110,5,0,1,1,1,NA,NA,NA,NA,NA
220448856,2.2233740864553,9412,0,0,2,1,1,NA,NA,NA,NA,NA
891778823,3.78015522531299,4110,5,3,1,1,2,NA,NA,NA,NA,NA
462777723,2.2453250560792,7215,2,0,1,1,2,NA,NA,NA,NA,NA
220234323,2.33022290232641,7515,5,1,1,1,1,NA,NA,NA,NA,NA
220237601,1,2247,5,0,1,1,1,NA,NA,NA,NA,NA
330553477,5.34290126427455,9112,2,0,1,1,1,NA,NA,NA,NA,NA
22012217,1,8344,2,1,1,1,6,NA,NA,NA,NA,NA
33034877,1,7515,4,0,2,1,85,NA,NA,NA,NA,NA
23177556,45.3529257956236,3123,4,5,1,1,2,NA,NA,NA,NA,NA
22034877,1,4321,2,1,1,1,62,NA,NA,NA,NA,NA
561668823,3.78015522531299,5131,0,1,2,1,2,NA,NA,NA,NA,NA
44034116,5.76167681945956,1213,5,NA,1,1,1,NA,NA,NA,NA,NA
44034446,1,2211,5,2,1,1,2,NA,NA,NA,NA,NA
14311347,23.8691645475402,9112,2,0,1,1,2,NA,NA,NA,NA,NA
33023228,1,8342,2,2,1,1,44,NA,NA,NA,NA,NA
770347601,10.4098104112287,3339,4,5,1,1,2,NA,NA,NA,NA,NA
440127623,2.74178775262076,4416,5,0,1,1,1,NA,NA,NA,NA,NA
33012217,1,9333,2,1,1,1,35,NA,NA,NA,NA,NA
12177336,12.7070854301968,3257,5,5,1,1,2,NA,NA,NA,NA,NA
33088886,17.8979195718987,3434,4,3,1,1,1,NA,NA,NA,NA,NA
22023228,1,9112,0,1,1,1,690,NA,NA,NA,NA,NA
33034323,1,8112,3,3,2,1,1,NA,NA,NA,NA,NA
77077886,17.8979195718987,9412,2,0,2,1,2,NA,NA,NA,NA,NA
330016567,13.3436866244682,8332,2,5,1,1,2,NA,NA,NA,NA,NA
22099351,14.2133793129833,2351,4,1,1,1,1,NA,NA,NA,NA,NA
22034228,1,7212,3,0,1,1,419,NA,NA,NA,NA,NA
770771167,22.5720086639088,9211,0,1,1,1,5,NA,NA,NA,NA,NA
80377886,17.8979195718987,2166,4,2,2,1,1,NA,NA,NA,NA,NA
880012145,6.42362962852544,3151,3,2,1,1,10,NA,NA,NA,NA,NA
880127623,1.82543251545691,3322,4,1,1,1,4,NA,NA,NA,NA,NA
22034448,1,3313,4,1,1,1,12,NA,NA,NA,NA,NA
561445567,17.5445050393423,7122,0,3,1,1,10,NA,NA,NA,NA,NA
121663323,3.67100582805091,5131,3,1,2,1,3,NA,NA,NA,NA,NA
22012228,1,3122,4,2,1,1,54,NA,NA,NA,NA,NA
33034228,1,3122,4,2,1,1,16,NA,NA,NA,NA,NA
33099347,23.8691645475402,2330,5,1,1,1,1,NA,NA,NA,NA,NA
33012228,1,7212,3,1,1,1,6,NA,NA,NA,NA,NA
99077125,15.9827479174487,2243,5,3,1,1,1,NA,NA,NA,NA,NA
1166886,17.8979195718987,9112,0,0,1,1,1,NA,NA,NA,NA,NA
44099118,42.867581772155,9211,0,0,2,1,56,NA,NA,NA,NA,NA
77066346,36.5300984902798,4226,1,1,1,1,2,NA,NA,NA,NA,NA
33099127,18.7647360968455,8113,3,5,2,1,4,NA,NA,NA,NA,NA
1045778834,87.5598207598285,3343,3,1,1,1,2,NA,NA,NA,NA,NA
22099344,3.04058815363088,5312,5,2,1,1,1,NA,NA,NA,NA,NA
770555512,6.00511406216661,7126,3,2,1,2,NA,3,4,NA,NA,NA
66088887,5.57879253831152,9510,0,0,2,1,2,NA,NA,NA,NA,NA
33023654,1,2243,4,2,1,1,10,NA,NA,NA,NA,NA
330883466,2.37414721167236,2341,5,0,1,1,3,NA,NA,NA,NA,NA
24211342,5.8725273725894,9112,2,1,1,1,1,NA,NA,NA,NA,NA
33066351,22.3915910543013,2341,5,0,1,1,1,NA,NA,NA,NA,NA
88088888,4.66906230883171,5414,2,0,1,1,1,NA,NA,NA,NA,NA
22077230,6.46516832596426,8332,2,6,1,1,3,NA,NA,NA,NA,NA
22034224,1,7412,4,3,1,1,32,NA,NA,NA,NA,NA
440888856,1.343434366103,3434,4,2,1,1,1,NA,NA,NA,NA,NA
242125434,31.552922067661,2142,5,4,1,1,1,NA,NA,NA,NA,NA
33099351,14.2133793129833,3513,4,0,1,1,1,NA,NA,NA,NA,NA
33099128,14.3633132974849,9313,0,1,1,1,340,NA,NA,NA,NA,NA
66088119,26.9298226643207,7231,4,3,1,1,1,NA,NA,NA,NA,NA
2288778,3.88344456657712,4321,4,2,2,1,1,NA,NA,NA,NA,NA
792771211,11.0666820846193,9333,0,0,2,1,5,NA,NA,NA,NA,NA
550775567,17.5445050393423,9313,0,0,1,1,3,NA,NA,NA,NA,NA
220776645,5.11925815814655,7511,2,1,1,1,1,NA,NA,NA,NA,NA
4407701654,11.8136722761082,4312,5,0,1,1,1,NA,NA,NA,NA,NA
24266887,5.57879253831152,5120,0,1,1,1,1,NA,NA,NA,NA,NA
45155884,5.02331052128334,5131,2,1,1,1,5,NA,NA,NA,NA,NA
220348723,1.49489666412702,8350,4,1,1,1,20,NA,NA,NA,NA,NA
66012874,1.82784934318484,8322,2,2,1,1,25,NA,NA,NA,NA,NA
231116667,4.29045348305249,9211,3,1,1,1,1,NA,NA,NA,NA,NA
770127601,10.4098104112287,2413,4,2,1,1,6,NA,NA,NA,NA,NA
231779901,4.09466738576137,3343,0,0,2,1,3,NA,NA,NA,NA,NA
22001983,1.50803515671311,5120,3,0,1,1,2,NA,NA,NA,NA,NA
11235434,38.3709232495538,7412,2,2,1,1,4,NA,NA,NA,NA,NA
55099118,42.867581772155,6111,3,1,1,1,4,NA,NA,NA,NA,NA
440999945,1.99406078025323,7413,0,2,2,1,4,NA,NA,NA,NA,NA
440125445,1.86707573977902,1211,5,1,1,1,1,NA,NA,NA,NA,NA
660881167,22.5720086639088,4120,3,1,1,1,1,NA,NA,NA,NA,NA
891775523,5.12698803227856,2142,5,3,1,1,2,NA,NA,NA,NA,NA
550997712,1.59140111631994,8350,2,0,1,1,4,NA,NA,NA,NA,NA
660668823,3.78015522531299,5131,0,0,1,1,1,NA,NA,NA,NA,NA
66044559,61.8329989886565,7212,0,3,2,1,1,NA,NA,NA,NA,NA
572889934,83.8018215905455,7422,2,0,1,1,1,NA,NA,NA,NA,NA
451992234,57.4653099581732,3257,4,2,1,1,2,NA,NA,NA,NA,NA
33034768,1,7231,4,2,2,1,41,NA,NA,NA,NA,NA
66023121,2.26301874536624,3322,3,0,1,1,11,NA,NA,NA,NA,NA
22001118,4.99016341597905,1311,5,3,1,1,2,NA,NA,NA,NA,NA
88099124,4.16172064943489,8342,2,1,1,1,3,NA,NA,NA,NA,NA
100188669,21.6344070654774,4416,4,2,1,1,1,NA,NA,NA,NA,NA
33099997,2.96831110397465,3118,5,0,2,1,1,NA,NA,NA,NA,NA
550663477,4.06360851879736,2341,5,0,1,1,5,NA,NA,NA,NA,NA
60511349,10.8202217704964,3343,2,1,1,1,1,NA,NA,NA,NA,NA
25377887,5.57879253831152,9112,2,1,1,1,1,NA,NA,NA,NA,NA
5507712653,18.7647360968455,2151,4,0,2,1,2,NA,NA,NA,NA,NA
352013234,21.0869726612122,8113,2,2,1,1,8,NA,NA,NA,NA,NA
55001115,4.61789358648057,3334,4,3,1,1,1,NA,NA,NA,NA,NA
44001877,5.57336607968623,3122,4,1,1,1,8,NA,NA,NA,NA,NA
33088018,4.99016341597904,2146,5,2,1,1,60,NA,NA,NA,NA,NA
231015434,31.552922067661,3323,4,5,1,1,2,NA,NA,NA,NA,NA
1166337,8.04017439763438,9412,0,0,1,1,4,NA,NA,NA,NA,NA
550660133,2.94636350302331,4311,3,0,2,1,1,NA,NA,NA,NA,NA
550993323,2.33022290232641,9329,0,0,2,1,15,NA,NA,NA,NA,NA
330015467,2.2551077502171,7115,0,5,1,1,6,NA,NA,NA,NA,NA
45188015,3.01738200645872,5414,0,0,1,1,2,NA,NA,NA,NA,NA
45188996,6.10920645087901,2431,5,3,1,2,NA,12,NA,NA,NA,NA
22034987,2.50244131381364,4212,2,1,1,1,12,NA,NA,NA,NA,NA
46277334,3.83623723147949,7515,5,1,1,1,1,NA,NA,NA,NA,NA
990347601,6.93066280795634,1420,5,5,1,1,2,NA,NA,NA,NA,NA
22023448,4.05926136406294,4110,2,1,1,1,4,NA,NA,NA,NA,NA
23112120,2.07181347206307,8332,2,2,1,1,30,NA,NA,NA,NA,NA
880556656,3.84563853409297,5132,4,1,1,2,NA,8,NA,NA,NA,NA
671668823,3.78015522531299,7514,2,0,2,1,2,NA,NA,NA,NA,NA
33012115,3.01738200645872,2411,5,0,2,1,1,NA,NA,NA,NA,NA
22773323,3.67100582805091,9412,3,0,1,1,1,NA,NA,NA,NA,NA
990012145,4.27673600188581,9211,0,0,2,1,41,NA,NA,NA,NA,NA
44034658,24.6602769010232,4321,0,2,2,1,5,NA,NA,NA,NA,NA
12188130,21.5439039337003,2421,5,0,1,1,2,NA,NA,NA,NA,NA
440888823,3.78015522531299,9412,3,1,1,1,2,NA,NA,NA,NA,NA
770886645,5.11925815814655,7511,2,0,1,1,8,NA,NA,NA,NA,NA
13211351,22.3915910543013,2246,5,0,1,1,1,NA,NA,NA,NA,NA
440883411,7.41900200796358,9112,2,0,2,1,1,NA,NA,NA,NA,NA
220346523,1,2142,3,4,1,1,3,NA,NA,NA,NA,NA
12111342,5.8725273725894,3611,3,1,1,1,1,NA,NA,NA,NA,NA
33034438,3.62518898774706,2113,5,1,1,1,1,NA,NA,NA,NA,NA
22012329,6.77479815454606,8332,2,5,1,1,2,NA,NA,NA,NA,NA
990124323,2.33022290232641,7212,2,2,1,1,2,NA,NA,NA,NA,NA
55011015,4.61789358648057,3334,0,0,2,1,1,NA,NA,NA,NA,NA
220124411,7.41900200796358,3221,4,2,1,1,10,NA,NA,NA,NA,NA
44012879,10.734308677538,2421,5,1,2,1,3,NA,NA,NA,NA,NA
56166560,51.3230634997549,7212,2,2,1,1,1,NA,NA,NA,NA,NA
550344444,1,3343,4,2,2,1,17,NA,NA,NA,NA,NA
22099664,9.07687591121961,8341,2,2,1,1,3,NA,NA,NA,NA,NA
22034440,1,5230,2,1,2,1,23,NA,NA,NA,NA,NA
330347601,1,7549,5,2,1,1,6,NA,NA,NA,NA,NA
330122167,10.1249735724033,3313,4,1,2,1,1,NA,NA,NA,NA,NA
330016501,11.8705659722709,4416,4,1,1,1,2,NA,NA,NA,NA,NA
33012547,2.58430770252776,4321,2,0,2,1,6,NA,NA,NA,NA,NA
550773444,258.866416475489,3313,5,0,1,1,1,NA,NA,NA,NA,NA
22034327,2.27769492426176,3111,4,2,1,1,1,NA,NA,NA,NA,NA
88034446,1,2432,5,0,1,1,15,NA,NA,NA,NA,NA
660019834,26.4210870002648,8321,2,0,1,1,3,NA,NA,NA,NA,NA
220771233,6.0979201785786,4321,4,1,1,1,2,NA,NA,NA,NA,NA
440342101,1,3122,3,0,1,1,10,NA,NA,NA,NA,NA
550129823,1.59754822154648,5113,0,2,1,1,23,NA,NA,NA,NA,NA
924113477,2.39662915721086,4313,5,0,1,1,13,NA,NA,NA,NA,NA
66099887,4.24301849537621,5164,3,0,1,1,3,NA,NA,NA,NA,NA
33023659,1,9112,0,0,1,1,40,NA,NA,NA,NA,NA
1112323,2.05714578235601,7233,4,2,1,1,3,NA,NA,NA,NA,NA
58377889,8.1432035691453,9112,2,0,1,1,3,NA,NA,NA,NA,NA
34177333,4.03800303779987,3123,2,10,1,1,3,NA,NA,NA,NA,NA
671775567,13.3436866244682,8342,5,3,1,1,1,NA,NA,NA,NA,NA
220129801,4.24899917952074,9412,2,1,2,1,4,NA,NA,NA,NA,NA
22088556,45.3529257956236,3123,1,1,1,2,NA,2,3,NA,NA,NA
33099883,2.0529932270711,4110,2,1,1,1,1,NA,NA,NA,NA,NA
67155888,6.13896215578772,5230,2,1,2,1,1,NA,NA,NA,NA,NA
11019834,32.130193814791,5132,0,0,2,1,3,NA,NA,NA,NA,NA
440995512,3.81183113680117,7131,0,0,1,1,15,NA,NA,NA,NA,NA
121778823,3.78015522531299,5132,0,1,1,1,1,NA,NA,NA,NA,NA
220342101,1,3122,5,2,2,1,150,NA,NA,NA,NA,NA
451881244,462.074248446162,4120,3,4,2,1,1,NA,NA,NA,NA,NA
66099773,2.02512187695574,1219,4,5,1,1,2,NA,NA,NA,NA,NA
34177349,10.8202217704964,9112,0,0,1,1,1,NA,NA,NA,NA,NA
22034112,2.45108453867106,5414,2,1,1,1,5,NA,NA,NA,NA,NA
440991112,4.83847753256889,1311,5,3,1,1,1,NA,NA,NA,NA,NA
33999934,25.2871145670537,2521,5,3,2,1,7,NA,NA,NA,NA,NA
990885501,17.8295127997664,3123,4,1,1,1,1,NA,NA,NA,NA,NA
27511345,5.57901030683986,4110,3,3,1,1,12,NA,NA,NA,NA,NA
341881211,7.3679960442521,4416,0,0,2,1,6,NA,NA,NA,NA,NA
23177340,13.1091876830554,2243,5,1,2,1,1,NA,NA,NA,NA,NA
550993433,1.79800552387734,2246,5,0,1,1,1,NA,NA,NA,NA,NA
55077020,4.61877666218049,3122,0,0,1,1,1,NA,NA,NA,NA,NA
1012999934,25.2871145670538,2513,3,3,1,1,4,NA,NA,NA,NA,NA
56177560,51.3230634997549,3123,4,3,1,1,1,NA,NA,NA,NA,NA
660441112,4.83847753256889,1311,5,2,2,1,2,NA,NA,NA,NA,NA
792123234,21.0869726612122,3111,2,4,1,1,13,NA,NA,NA,NA,NA
22001226,14.0061915420058,7412,3,2,1,1,2,NA,NA,NA,NA,NA
22001327,2.27769492426176,1212,5,2,1,1,1,NA,NA,NA,NA,NA
12188334,3.83623723147949,7412,3,3,2,1,5,NA,NA,NA,NA,NA
891771123,3.39212157220047,1311,4,5,1,1,1,NA,NA,NA,NA,NA
88066015,4.61789358648057,2423,3,3,1,1,2,NA,NA,NA,NA,NA
6607722333,4.63486624771528,8112,3,2,1,1,4,NA,NA,NA,NA,NA
33034119,3.34597568865511,2166,5,2,2,1,1,NA,NA,NA,NA,NA
990122244,169.558766002071,3333,3,6,1,1,12,NA,NA,NA,NA,NA
132123234,21.0869726612122,3117,4,2,NA,1,7,NA,NA,NA,NA,NA
121888823,2.39950702694744,9412,2,0,2,1,3,NA,NA,NA,NA,NA
48411351,14.2133793129833,5312,2,0,1,1,4,NA,NA,NA,NA,NA
55001217,54.9293399164394,6112,2,0,2,1,1,NA,NA,NA,NA,NA
440113466,3.92919633519165,2246,5,3,1,1,1,NA,NA,NA,NA,NA
440998845,1.43698803383698,9112,0,0,2,1,1,NA,NA,NA,NA,NA
44012880,3.32442335558736,4221,2,0,1,1,38,NA,NA,NA,NA,NA
440447723,2.2453250560792,9112,0,2,1,1,10,NA,NA,NA,NA,NA
34177350,17.9887620005335,5321,2,1,1,1,15,NA,NA,NA,NA,NA
231558812,3.20383500566392,5230,2,0,2,1,1,NA,NA,NA,NA,NA
22099342,3.54837053120246,3221,3,2,1,1,1,NA,NA,NA,NA,NA
330773477,4.06360851879736,2634,5,8,1,1,1,NA,NA,NA,NA,NA
22013099,1.80212757602321,2431,4,5,1,1,7,NA,NA,NA,NA,NA
880885567,13.3436866244682,2243,4,0,1,1,1,NA,NA,NA,NA,NA
660012167,10.1249735724033,2243,5,0,1,1,3,NA,NA,NA,NA,NA
88088224,4.9718709548347,2243,5,0,1,1,1,NA,NA,NA,NA,NA
4409966554,27.0840741567653,2433,4,3,1,1,1,NA,NA,NA,NA,NA
22001445,7.47445554885214,2330,5,0,1,1,2,NA,NA,NA,NA,NA
57211351,22.3915910543013,8322,3,0,1,1,1,NA,NA,NA,NA,NA
12166559,61.8329989886565,7411,3,1,1,1,3,NA,NA,NA,NA,NA
22034433,1,2141,5,5,1,2,NA,9,NA,NA,NA,NA
78177883,3.39768883088714,5131,2,0,1,1,3,NA,NA,NA,NA,NA
2208855882,61.8329989886565,9313,1,0,2,1,5,NA,NA,NA,NA,NA
33001326,3.18794295633118,2143,5,0,1,1,2,NA,NA,NA,NA,NA
55088663,4.52723425516123,5223,2,1,1,2,NA,8,NA,NA,NA,NA
22012121,5.35480683456073,2221,5,2,1,1,16,NA,NA,NA,NA,NA
440886645,5.11925815814655,7411,3,2,1,1,1,NA,NA,NA,NA,NA
23188116,16.0265049012021,5411,0,1,1,1,11,NA,NA,NA,NA,NA
100177559,61.8329989886565,9313,2,1,1,2,NA,12,NA,NA,NA,NA
352113466,2.37414721167236,2342,5,0,1,1,9,NA,NA,NA,NA,NA
44033888,6.13896215578772,5132,0,0,2,1,2,NA,NA,NA,NA,NA
44034219,20.4818040565633,2522,5,1,1,1,1,NA,NA,NA,NA,NA
220234345,1,9329,2,1,1,1,35,NA,NA,NA,NA,NA
220880122,2.44167017008651,5120,0,0,2,1,2,NA,NA,NA,NA,NA
550995556,5.04418802401201,2423,5,0,1,1,1,NA,NA,NA,NA,NA
55044347,36.5300984902798,4120,5,0,1,1,1,NA,NA,NA,NA,NA
165113411,4.93943686364191,2320,5,0,2,1,1,NA,NA,NA,NA,NA
25377336,12.7070854301968,8322,2,0,1,1,1,NA,NA,NA,NA,NA
33012225,10.4433017081777,7412,4,5,1,1,1,NA,NA,NA,NA,NA
1188670,19.8102936720593,9333,0,0,2,1,1,NA,NA,NA,NA,NA
550348734,1,4323,3,2,1,1,30,NA,NA,NA,NA,NA
56199668,13.778107439158,5230,2,1,1,1,1,NA,NA,NA,NA,NA
44088890,12.8797783942311,9112,0,0,2,1,1,NA,NA,NA,NA,NA
220124422,1,2341,5,0,1,1,3,NA,NA,NA,NA,NA
220124301,7.12560837946903,9112,1,0,2,1,1,NA,NA,NA,NA,NA
66077350,17.9887620005335,9112,2,0,1,1,1,NA,NA,NA,NA,NA
13266554,22.6496228380874,3123,3,5,1,1,1,NA,NA,NA,NA,NA
67177018,4.99016341597904,5312,4,2,1,1,2,NA,NA,NA,NA,NA
55077128,14.3633132974849,2230,5,3,2,1,1,NA,NA,NA,NA,NA
22034438,1,4110,3,1,2,1,2,NA,NA,NA,NA,NA
220663367,3.62996180403925,4321,4,3,1,1,4,NA,NA,NA,NA,NA
4466886,11.6946957434009,5230,0,0,1,1,1,NA,NA,NA,NA,NA
23188336,12.7070854301968,4311,2,0,1,1,1,NA,NA,NA,NA,NA
220014444,78.1126783014563,3343,3,2,1,1,1,NA,NA,NA,NA,NA
132778801,10.0540792660816,5131,2,1,2,1,4,NA,NA,NA,NA,NA
220342123,1,2144,5,2,1,1,2,NA,NA,NA,NA,NA
121346534,1,7131,2,2,1,1,515,NA,NA,NA,NA,NA
45111349,10.8202217704964,2359,5,0,1,1,2,NA,NA,NA,NA,NA
23111342,5.8725273725894,8322,2,1,1,1,1,NA,NA,NA,NA,NA
44034767,8.69230618857931,4321,2,1,1,1,18,NA,NA,NA,NA,NA
682347634,1,3512,3,1,1,1,8,NA,NA,NA,NA,NA
66077777,7.32795606064763,3313,4,1,1,1,10,NA,NA,NA,NA,NA
88012323,2.05714578235601,9311,2,1,1,1,6,NA,NA,NA,NA,NA
33012656,22.1191933502152,4321,2,15,1,1,1,NA,NA,NA,NA,NA
660882245,3.8464059039183,3113,3,5,1,1,1,NA,NA,NA,NA,NA
220014477,4.06360851879736,2634,5,0,1,1,2,NA,NA,NA,NA,NA
99099337,6.11505239546658,7412,3,1,1,1,18,NA,NA,NA,NA,NA
330124477,4.06360851879736,3344,0,0,1,1,1,NA,NA,NA,NA,NA
1177884,5.02331052128334,9112,0,0,1,1,1,NA,NA,NA,NA,NA
56166128,14.3633132974849,1211,5,2,1,1,1,NA,NA,NA,NA,NA
462113466,1.74394022113855,2342,5,0,1,1,2,NA,NA,NA,NA,NA
550885512,6.00511406216661,3123,5,2,1,1,1,NA,NA,NA,NA,NA
44001987,4.24301849537621,4226,2,0,2,1,2,NA,NA,NA,NA,NA
121999934,83.8018215905455,2512,5,3,1,1,1,NA,NA,NA,NA,NA
132991244,169.558766002071,5120,2,5,1,1,2,NA,NA,NA,NA,NA
45166350,23.6519287699075,2632,6,0,1,1,1,NA,NA,NA,NA,NA
66099663,4.52723425516123,9112,2,0,1,1,1,NA,NA,NA,NA,NA
22099114,17.8787440435157,4321,5,5,1,2,NA,4,5,9,NA,NA
44012440,5.54013214292018,4321,2,0,1,1,5,NA,NA,NA,NA,NA
341555501,28.0884053340588,2411,5,2,2,1,1,NA,NA,NA,NA,NA
55099888,4.66906230883171,3521,4,2,1,1,1,NA,NA,NA,NA,NA
101277669,21.6344070654774,9313,0,5,2,1,20,NA,NA,NA,NA,NA
231773433,2.83255681266876,5112,0,0,1,1,2,NA,NA,NA,NA,NA
93511348,9.04947376143623,9112,2,0,1,1,1,NA,NA,NA,NA,NA
33099344,3.04058815363088,2634,5,2,1,1,1,NA,NA,NA,NA,NA
550123234,57.4653099581732,2611,5,5,2,1,1,NA,NA,NA,NA,NA
440996667,5.64116086302934,3313,4,0,1,1,2,NA,NA,NA,NA,NA
22023766,1,9333,3,2,1,1,60,NA,NA,NA,NA,NA
66088444,3.2825743931432,2611,5,4,1,1,1,NA,NA,NA,NA,NA
23101877,3.28705178872377,3122,2,1,1,1,12,NA,NA,NA,NA,NA
22077336,12.7070854301968,5223,1,0,2,1,4,NA,NA,NA,NA,NA
66001121,5.35480683456073,3123,2,1,1,1,1,NA,NA,NA,NA,NA
330888856,2.2233740864553,5131,0,0,1,1,7,NA,NA,NA,NA,NA
77012770,12.5748642684542,5223,0,2,2,1,4,NA,NA,NA,NA,NA
440129823,1.59754822154648,4110,3,1,1,1,6,NA,NA,NA,NA,NA
33055348,9.04947376143623,3423,2,1,2,1,3,NA,NA,NA,NA,NA
220330177,2.48919632647864,5249,2,2,1,2,NA,6,9,NA,NA,NA
55099339,16.8017324042206,7521,3,0,1,1,4,NA,NA,NA,NA,NA
57277884,5.02331052128334,9112,0,0,2,1,7,NA,NA,NA,NA,NA
275771134,79.9182862727064,7515,0,0,2,1,2,NA,NA,NA,NA,NA
56177120,18.8571497898326,3343,2,1,1,1,1,NA,NA,NA,NA,NA
22044667,11.4287913093968,4321,2,1,1,1,2,NA,NA,NA,NA,NA
22077351,22.3915910543013,5312,2,0,1,1,1,NA,NA,NA,NA,NA
22099888,4.66906230883171,2245,5,1,1,1,3,NA,NA,NA,NA,NA
89155128,14.3633132974849,9622,0,1,2,1,15,NA,NA,NA,NA,NA
275113466,2.37414721167236,2341,5,2,1,1,3,NA,NA,NA,NA,NA
55012549,4.60058491836551,2635,5,0,1,1,1,NA,NA,NA,NA,NA
78166015,4.61789358648056,4323,2,0,1,1,7,NA,NA,NA,NA,NA
66077554,34.6636746080955,8342,3,2,1,1,3,NA,NA,NA,NA,NA
56155128,14.3633132974849,7411,3,2,1,1,4,NA,NA,NA,NA,NA
220995512,6.00511406216661,9312,0,0,2,1,3,NA,NA,NA,NA,NA
23188342,3.54837053120246,3512,3,0,1,1,1,NA,NA,NA,NA,NA
22034450,1,2411,5,1,2,1,1,NA,NA,NA,NA,NA
33001983,2.0529932270711,1431,5,NA,1,1,1,NA,NA,NA,NA,NA
22088337,8.04017439763438,7127,4,2,1,1,4,NA,NA,NA,NA,NA
78112761,8.91560005738092,5223,3,1,2,2,NA,1,2,NA,NA,NA
660991167,10.1249735724033,4321,3,1,2,1,7,NA,NA,NA,NA,NA
1001668812,3.20383500566392,4313,4,0,1,1,1,NA,NA,NA,NA,NA
22088443,4.42094934397458,8332,4,5,1,2,NA,1,4,5,NA,NA
550998823,2.39950702694744,7421,3,0,2,1,1,NA,NA,NA,NA,NA
33012660,1,7115,0,1,1,1,17,NA,NA,NA,NA,NA
44001873,2.02512187695574,8342,3,2,1,2,NA,2,8,NA,NA,NA
440012167,17.1674156335887,8172,0,2,1,1,3,NA,NA,NA,NA,NA
660127612,1,8344,0,1,1,2,NA,1,2,NA,NA,NA
23177560,51.3230634997549,3123,2,2,1,1,9,NA,NA,NA,NA,NA
68201761,8.91560005738092,7412,3,1,1,1,2,NA,NA,NA,NA,NA
891771233,6.0979201785786,7231,4,2,1,1,2,NA,NA,NA,NA,NA
66099557,24.1475770966248,3123,2,3,1,1,6,NA,NA,NA,NA,NA
22023218,1,9211,0,0,1,1,1100,NA,NA,NA,NA,NA
5508855552,29.634096081514,3343,3,0,1,1,2,NA,NA,NA,NA,NA
440993422,2.48926708471777,1212,5,1,1,1,1,NA,NA,NA,NA,NA
22012433,1.79223314641399,7233,4,3,1,1,6,NA,NA,NA,NA,NA
3309955332,7.1849933524850504,8342,2,5,1,1,4,NA,NA,NA,NA,NA
3307755552,45.3529257956236,3123,2,0,1,1,1,NA,NA,NA,NA,NA
66099350,17.9887620005335,2241,5,0,1,1,1,NA,NA,NA,NA,NA
220014466,2.37414721167236,2310,5,1,1,1,4,NA,NA,NA,NA,NA
44012324,3.24867467744887,3313,4,0,1,1,1,NA,NA,NA,NA,NA
671113411,11.6878087424019,5120,0,0,1,1,1,NA,NA,NA,NA,NA
440998801,4.24899917952074,4224,2,1,2,1,6,NA,NA,NA,NA,NA
440019834,26.4210870002648,5120,3,3,1,1,1,NA,NA,NA,NA,NA
220126501,11.8705659722709,2142,5,5,1,1,10,NA,NA,NA,NA,NA
44034877,3.28705178872377,4321,4,1,1,1,2,NA,NA,NA,NA,NA
12188558,24.6602769010231,7115,0,0,2,1,3,NA,NA,NA,NA,NA
220775512,6.00511406216661,7411,4,2,1,1,1,NA,NA,NA,NA,NA
66044338,8.08177884659016,7125,0,1,2,1,1,NA,NA,NA,NA,NA
22055130,28.3262895606988,3112,4,5,1,1,2,NA,NA,NA,NA,NA
44023659,27.7360110030266,9313,2,2,2,1,23,NA,NA,NA,NA,NA
77001437,6.11505239546658,4321,2,0,1,1,2,NA,NA,NA,NA,NA
88077351,22.3915910543013,3511,4,0,1,1,1,NA,NA,NA,NA,NA
33088348,6.88268729828353,2352,5,0,1,1,1,NA,NA,NA,NA,NA
78155557,31.7496431070843,7412,4,2,1,1,2,NA,NA,NA,NA,NA
121778856,2.2233740864553,5223,3,2,1,1,1,NA,NA,NA,NA,NA
330014411,4.93943686364191,9112,2,0,2,1,6,NA,NA,NA,NA,NA
23188129,7.35619546493945,2421,4,2,1,1,1,NA,NA,NA,NA,NA
88066116,16.0265049012021,9112,0,0,2,1,1,NA,NA,NA,NA,NA
22001450,17.9887620005335,2342,5,0,1,1,3,NA,NA,NA,NA,NA
220124433,1.79800552387734,3344,2,0,2,1,2,NA,NA,NA,NA,NA
132665501,28.0884053340587,7115,1,2,1,1,3,NA,NA,NA,NA,NA
330881277,4.75313536812026,3111,0,1,1,1,2,NA,NA,NA,NA,NA
121775512,3.81183113680117,3123,5,4,1,1,1,NA,NA,NA,NA,NA
56199018,3.79532945947425,9112,1,0,1,1,1,NA,NA,NA,NA,NA
34101767,8.69230618857933,7512,2,1,1,1,8,NA,NA,NA,NA,NA
7707733554,12.7070854301968,5230,2,0,2,1,2,NA,NA,NA,NA,NA
56112767,5.12653577690573,4321,2,0,2,1,50,NA,NA,NA,NA,NA
33345434,38.3709232495538,7126,3,2,2,1,5,NA,NA,NA,NA,NA
99099224,3.24867467744887,8322,0,NA,1,1,6,NA,NA,NA,NA,NA
1001011144,46.359425082256,4222,5,0,2,1,1,NA,NA,NA,NA,NA
440990133,2.94636350302331,9333,2,0,2,1,1,NA,NA,NA,NA,NA
220016512,1,7212,0,3,2,1,4,NA,NA,NA,NA,NA
462775501,17.8295127997664,7213,1,5,1,1,25,NA,NA,NA,NA,NA
231888834,87.5598207598285,5120,4,4,1,1,1,NA,NA,NA,NA,NA
440991145,10.1197107710232,8341,1,1,1,1,1,NA,NA,NA,NA,NA
12188333,2.43989173232533,3122,2,4,1,1,60,NA,NA,NA,NA,NA
550888856,1.343434366103,5230,4,1,1,1,1,NA,NA,NA,NA,NA
22001324,3.24867467744887,1330,5,1,1,1,1,NA,NA,NA,NA,NA
67199668,10.4791071354881,8343,3,2,2,1,1,NA,NA,NA,NA,NA
33034651,1,3257,5,5,1,1,20,NA,NA,NA,NA,NA
682771233,3.87074113260851,7212,4,2,1,1,7,NA,NA,NA,NA,NA
12177449,6.04892692370184,7212,4,3,1,1,3,NA,NA,NA,NA,NA
88088670,19.8102936720593,2432,5,1,1,1,1,NA,NA,NA,NA,NA
99088348,9.04947376143623,2221,5,2,1,1,2,NA,NA,NA,NA,NA
33001433,2.43989173232533,7421,3,3,2,1,3,NA,NA,NA,NA,NA
1188884,3.28228585088011,9412,0,0,1,1,1,NA,NA,NA,NA,NA
22023445,1,4226,3,2,1,1,12,NA,NA,NA,NA,NA
66034436,1,3122,4,0,1,1,1,NA,NA,NA,NA,NA
550347634,1,5222,2,5,1,1,5,NA,NA,NA,NA,NA
2288670,12.5748642684542,4311,4,0,1,1,1,NA,NA,NA,NA,NA
220992212,2.37085399095875,3117,2,NA,2,1,1,NA,NA,NA,NA,NA
44012763,2.73550102019893,7231,3,1,1,1,2,NA,NA,NA,NA,NA
22001987,4.24301849537621,1412,5,3,1,1,2,NA,NA,NA,NA,NA
34111348,9.04947376143623,2652,4,1,1,1,9,NA,NA,NA,NA,NA
22001654,22.6496228380874,3121,3,3,2,1,1,NA,NA,NA,NA,NA
33012214,11.6821662441338,6113,5,1,1,1,2,NA,NA,NA,NA,NA
33001448,4.05926136406294,2423,5,2,1,1,1,NA,NA,NA,NA,NA
440888867,2.21584836780982,5120,3,0,1,1,2,NA,NA,NA,NA,NA
22012550,3.32217002649045,4223,2,2,1,1,1,NA,NA,NA,NA,NA
68266337,8.04017439763438,8343,2,3,1,1,2,NA,NA,NA,NA,NA
341668867,2.91343494114822,5132,2,2,1,1,2,NA,NA,NA,NA,NA
33012654,1,9313,0,0,2,1,30,NA,NA,NA,NA,NA
330664412,3.793366385534,2243,5,5,1,1,1,NA,NA,NA,NA,NA
59411344,5.03215123785774,2330,5,0,1,1,1,NA,NA,NA,NA,NA
33034658,1,3343,4,2,2,1,4,NA,NA,NA,NA,NA
36377334,2.50663922370614,7411,4,2,1,1,25,NA,NA,NA,NA,NA
231663323,3.67100582805091,7516,4,0,2,1,1,NA,NA,NA,NA,NA
88088887,4.24301849537621,3313,5,1,2,1,2,NA,NA,NA,NA,NA
44099887,4.24301849537621,5131,2,0,2,1,5,NA,NA,NA,NA,NA
990660144,153.635728563717,7412,4,1,1,2,NA,1,3,8,NA,NA
24255117,93.1355328565424,3142,4,1,1,1,5,NA,NA,NA,NA,NA
3300111653,7.71918223938465,3512,5,0,1,1,1,NA,NA,NA,NA,NA
88099227,3.86194938403533,7233,2,3,1,1,3,NA,NA,NA,NA,NA
770344334,1,1222,3,0,1,1,8,NA,NA,NA,NA,NA
100155128,14.3633132974849,9215,1,0,2,1,4,NA,NA,NA,NA,NA
550128723,1.49489666412702,4416,4,0,1,1,4,NA,NA,NA,NA,NA
8802255552,45.3529257956236,7126,0,0,1,1,1,NA,NA,NA,NA,NA
88088773,3.35156194954141,9333,1,0,1,1,3,NA,NA,NA,NA,NA
880018734,234.082178741939,3341,4,2,2,1,2,NA,NA,NA,NA,NA
1199777,3.28705178872377,8344,2,1,1,1,48,NA,NA,NA,NA,NA
990881211,11.0666820846193,3313,4,2,2,1,4,NA,NA,NA,NA,NA
36311350,17.9887620005335,2341,5,0,1,1,5,NA,NA,NA,NA,NA
44088994,3.8011582358127,3322,3,1,1,1,1,NA,NA,NA,NA,NA
66001873,1.48756213454977,3113,4,3,1,1,4,NA,NA,NA,NA,NA
660881277,4.75313536812027,8332,2,3,1,1,2,NA,NA,NA,NA,NA
330342123,3.39212157220047,3142,4,2,2,1,8,NA,NA,NA,NA,NA
990883444,258.866416475489,3313,3,2,1,1,1,NA,NA,NA,NA,NA
56188334,2.50663922370615,9412,3,1,1,1,7,NA,NA,NA,NA,NA
2207755013,28.0884053340587,3123,5,1,1,1,3,NA,NA,NA,NA,NA
330883477,2.39662915721086,3612,4,0,1,1,2,NA,NA,NA,NA,NA
550124367,1.62826746533625,7513,1,0,1,1,4,NA,NA,NA,NA,NA
990014444,78.1126783014563,3412,5,2,1,1,6,NA,NA,NA,NA,NA
88099663,4.52723425516123,2431,4,1,1,1,1,NA,NA,NA,NA,NA
880885512,3.81183113680117,4313,4,2,2,1,3,NA,NA,NA,NA,NA
99088670,19.8102936720593,9333,0,0,2,1,3,NA,NA,NA,NA,NA
22023444,1,2359,5,1,1,1,1,NA,NA,NA,NA,NA
3307712433,4.1617206494349,2243,5,2,1,2,NA,8,9,NA,NA,NA
77066342,5.8725273725894,2342,5,0,1,2,NA,1,2,NA,NA,NA
990881233,6.0979201785786,2432,5,2,1,1,1,NA,NA,NA,NA,NA
330348723,1.49489666412702,5113,4,0,2,1,2,NA,NA,NA,NA,NA
880347601,6.93066280795633,5223,3,0,2,1,20,NA,NA,NA,NA,NA
451667767,3.89141327964785,9112,1,0,1,1,3,NA,NA,NA,NA,NA
220346534,1,8342,0,0,2,1,107,NA,NA,NA,NA,NA
3388666,17.6970292822405,1321,4,4,1,1,1,NA,NA,NA,NA,NA
33001442,3.54837053120246,5312,2,0,1,1,5,NA,NA,NA,NA,NA
33001653,7.1849933524850504,7412,3,1,1,1,15,NA,NA,NA,NA,NA
22023657,14.2417231084297,3123,4,2,1,1,2,NA,NA,NA,NA,NA
770771277,4.75313536812026,4226,4,1,1,1,1,NA,NA,NA,NA,NA
88066125,15.9827479174487,8341,2,1,1,1,10,NA,NA,NA,NA,NA
330342101,1,6121,3,1,1,1,6,NA,NA,NA,NA,NA
99088554,22.6496228380874,2141,5,10,1,1,2,NA,NA,NA,NA,NA
7707722333,4.63486624771528,5120,3,2,1,1,2,NA,NA,NA,NA,NA
23166890,12.8797783942311,8321,3,0,1,1,1,NA,NA,NA,NA,NA
88012219,12.0797287846928,3257,5,1,1,1,1,NA,NA,NA,NA,NA
330122211,1,8157,2,1,1,1,5,NA,NA,NA,NA,NA
22012987,2.50244131381364,4212,0,1,1,1,12,NA,NA,NA,NA,NA
132777723,3.5372587568796,4323,0,2,1,1,1,NA,NA,NA,NA,NA
22012448,4.05926136406294,9112,2,1,1,1,4,NA,NA,NA,NA,NA
55022342,2.60647109768217,2246,5,0,1,1,1,NA,NA,NA,NA,NA
23177890,12.8797783942311,9412,2,0,1,1,45,NA,NA,NA,NA,NA
660017645,3.24952156487532,4321,0,0,2,1,1,NA,NA,NA,NA,NA
66088122,7.76553992713581,3511,5,2,1,1,2,NA,NA,NA,NA,NA
23166015,4.61789358648057,5131,0,0,1,1,4,NA,NA,NA,NA,NA
220125412,1,3122,5,2,2,2,NA,1,NA,NA,NA,NA
24277340,13.1091876830554,3123,4,2,1,1,2,NA,NA,NA,NA,NA
4406655554,45.3529257956236,1212,4,5,1,1,1,NA,NA,NA,NA,NA
143113477,4.06360851879736,2634,5,1,1,1,1,NA,NA,NA,NA,NA
770669967,2.24515747094152,3521,0,0,2,1,1,NA,NA,NA,NA,NA
2203377554,14.7227422316396,8322,2,2,1,1,5,NA,NA,NA,NA,NA
5507755554,45.3529257956236,7115,2,7,1,1,15,NA,NA,NA,NA,NA
891020934,25.2871145670538,3343,2,1,2,1,2,NA,NA,NA,NA,NA
55001654,16.905910863184,3123,0,3,2,1,12,NA,NA,NA,NA,NA
66099333,2.43989173232533,3122,5,2,1,1,1,NA,NA,NA,NA,NA
220347601,1,8344,1,0,1,1,41,NA,NA,NA,NA,NA
880888823,3.78015522531299,5120,4,2,1,1,2,NA,NA,NA,NA,NA
23155886,17.8979195718987,5131,1,0,1,2,NA,1,2,3,NA,NA
330993455,3.63733547255337,2142,5,0,1,1,2,NA,NA,NA,NA,NA
55088345,5.57901030683986,3313,4,3,1,1,5,NA,NA,NA,NA,NA
33100000,2.74083417047324,4323,3,0,1,1,1,NA,NA,NA,NA,NA
55012218,1,6113,1,0,1,1,250,NA,NA,NA,NA,NA
330994467,3.82365166384475,2243,5,0,1,1,1,NA,NA,NA,NA,NA
22099450,5.23370769244726,2243,5,0,1,1,3,NA,NA,NA,NA,NA
770883411,7.41900200796358,9112,2,1,2,1,3,NA,NA,NA,NA,NA
121888834,87.5598207598285,3343,3,2,1,1,1,NA,NA,NA,NA,NA
36312761,5.38709324017132,9612,1,1,2,1,12,NA,NA,NA,NA,NA
13277558,24.6602769010232,7126,0,3,2,1,9,NA,NA,NA,NA,NA
440349834,1,3434,3,2,1,1,600,NA,NA,NA,NA,NA
22012660,1,4416,4,2,1,1,2,NA,NA,NA,NA,NA
891885534,815.917781369119,5419,2,1,1,1,8,NA,NA,NA,NA,NA
341996601,16.3994932203154,4321,5,3,1,1,1,NA,NA,NA,NA,NA
22771167,17.1674156335887,9211,0,0,2,2,NA,8,NA,NA,NA,NA
220342167,1,9211,0,0,1,1,6,NA,NA,NA,NA,NA
44066556,45.3529257956236,9313,0,5,1,1,4,NA,NA,NA,NA,NA
22034549,2.71332632180879,7412,3,5,1,1,5,NA,NA,NA,NA,NA
770665567,17.5445050393423,4110,0,0,1,1,1,NA,NA,NA,NA,NA
220663323,3.67100582805091,5222,0,0,2,1,1,NA,NA,NA,NA,NA
45111345,11.4391350739138,2634,5,0,1,1,1,NA,NA,NA,NA,NA
12188557,24.1475770966248,7411,2,1,1,1,15,NA,NA,NA,NA,NA
22034658,1,9313,3,0,2,1,50,NA,NA,NA,NA,NA
1001773334,231.669315520792,1213,6,4,1,1,1,NA,NA,NA,NA,NA
12177558,32.4237494882581,3123,4,5,1,1,2,NA,NA,NA,NA,NA
330558856,2.2233740864553,5120,0,0,2,1,1,NA,NA,NA,NA,NA
44077778,8.65751834073991,8343,0,0,1,1,8,NA,NA,NA,NA,NA
220019823,2.39950702694744,9412,2,0,2,1,2,NA,NA,NA,NA,NA
2201222982,21.5439039337002,2133,4,5,1,1,2,NA,NA,NA,NA,NA
3301232332,2.80053574313203,2243,5,3,1,1,2,NA,NA,NA,NA,NA
330017612,1,5222,2,0,2,1,10,NA,NA,NA,NA,NA
550665567,17.5445050393423,8343,2,5,1,1,1,NA,NA,NA,NA,NA
44099777,7.32795606064763,1439,4,2,1,1,2,NA,NA,NA,NA,NA
55034439,1,3113,4,2,1,1,12,NA,NA,NA,NA,NA
44088125,10.4433017081777,2166,3,0,2,1,2,NA,NA,NA,NA,NA
330991222,1.80350219121457,7412,3,0,2,1,2,NA,NA,NA,NA,NA
33001657,24.1475770966248,2243,5,2,1,1,1,NA,NA,NA,NA,NA
22034654,1,4311,5,0,2,1,1,NA,NA,NA,NA,NA
330129823,1.59754822154648,8350,2,2,1,1,4,NA,NA,NA,NA,NA
550990133,1.87024593119997,4221,3,1,1,1,2,NA,NA,NA,NA,NA
22034762,5.07787761974289,8332,3,2,1,1,1,NA,NA,NA,NA,NA
77055224,4.9718709548347,3121,3,3,2,1,1,NA,NA,NA,NA,NA
12101876,7.18046689059344,4416,5,0,1,1,6,NA,NA,NA,NA,NA
220447712,2.50707465236255,3152,2,5,2,1,1,NA,NA,NA,NA,NA
44088553,11.8911116421776,8342,3,2,1,1,7,NA,NA,NA,NA,NA
66012324,2.42484410946029,7212,2,5,1,1,7,NA,NA,NA,NA,NA
2209988992,5.44318046249358,5132,3,2,2,1,3,NA,NA,NA,NA,NA
99012324,2.42484410946029,2243,5,5,1,1,2,NA,NA,NA,NA,NA
682113444,258.866416475489,2248,5,0,1,1,1,NA,NA,NA,NA,NA
660991112,3.0712920891139,7541,2,1,1,1,4,NA,NA,NA,NA,NA
99077558,32.4237494882581,9313,0,0,1,1,10,NA,NA,NA,NA,NA
66012437,3.60652676089592,3122,4,1,1,1,8,NA,NA,NA,NA,NA
231345401,1.97412687588724,2141,5,3,1,1,10,NA,NA,NA,NA,NA
66034767,5.12653577690574,3322,2,1,1,1,16,NA,NA,NA,NA,NA
89177556,45.3529257956236,9313,1,0,2,1,3,NA,NA,NA,NA,NA
11779901,4.09466738576137,2166,5,2,2,1,1,NA,NA,NA,NA,NA
24266889,10.7068218908321,9412,4,0,1,1,2,NA,NA,NA,NA,NA
1188348,6.88268729828353,3221,4,1,1,1,5,NA,NA,NA,NA,NA
242342244,106.335079680585,4110,2,1,1,1,2,NA,NA,NA,NA,NA
100177771,5.18372817016438,8331,2,5,1,1,22,NA,NA,NA,NA,NA
99012871,2.30075345699356,2243,5,5,1,1,4,NA,NA,NA,NA,NA
330124323,3.67100582805091,4321,3,0,2,1,1,NA,NA,NA,NA,NA
99088122,4.69218979973436,2243,5,5,1,1,3,NA,NA,NA,NA,NA
66088348,6.88268729828353,5312,4,2,2,1,2,NA,NA,NA,NA,NA
561778801,10.0540792660816,5120,2,3,2,1,5,NA,NA,NA,NA,NA
33001987,2.50244131381364,9112,0,0,2,1,3,NA,NA,NA,NA,NA
2200121552,16.0265049012021,4321,2,0,1,1,2,NA,NA,NA,NA,NA
220237623,1,1420,5,4,1,1,1,NA,NA,NA,NA,NA
33066887,5.57879253831152,9412,2,1,2,1,1,NA,NA,NA,NA,NA
66099114,11.6821662441338,6112,2,1,1,1,40,NA,NA,NA,NA,NA
24288664,9.07687591121961,4222,0,1,2,1,1,NA,NA,NA,NA,NA
770018701,6.0460592707409,5132,4,0,1,1,6,NA,NA,NA,NA,NA
68277996,6.10920645087901,3257,5,1,1,1,1,NA,NA,NA,NA,NA
220333433,2.83255681266876,2411,4,0,1,1,1,NA,NA,NA,NA,NA
23199779,10.734308677538,5120,0,1,1,1,2,NA,NA,NA,NA,NA
44099883,2.0529932270711,4416,4,2,1,1,1,NA,NA,NA,NA,NA
44066883,3.39768883088714,9412,0,0,1,1,1,NA,NA,NA,NA,NA
440770122,2.44167017008651,5230,5,2,1,1,1,NA,NA,NA,NA,NA
1188890,8.1756216135078,9112,2,0,1,1,1,NA,NA,NA,NA,NA
55099666,27.0840741567653,1420,2,0,1,1,2,NA,NA,NA,NA,NA
55088887,5.57879253831152,4226,0,0,2,1,1,NA,NA,NA,NA,NA
11558801,10.0540792660816,5113,0,1,1,1,4,NA,NA,NA,NA,NA
231555545,10.6466910555505,9313,0,2,2,1,1,NA,NA,NA,NA,NA
440346523,1,7119,0,1,2,1,50,NA,NA,NA,NA,NA
33077993,3.24887610795061,3512,3,0,1,1,1,NA,NA,NA,NA,NA
99055018,3.79532945947424,5414,2,3,1,1,1,NA,NA,NA,NA,NA
55034451,1,2522,5,2,1,1,1,NA,NA,NA,NA,NA
990888823,3.78015522531299,4224,4,2,1,1,5,NA,NA,NA,NA,NA
781343234,21.0869726612122,3257,3,5,1,2,NA,2,6,NA,NA,NA
1001778823,3.78015522531299,5132,0,0,1,1,3,NA,NA,NA,NA,NA
550999934,83.8018215905458,1212,5,0,1,1,1,NA,NA,NA,NA,NA
2200165332,7.1849933524850504,2243,5,4,1,1,1,NA,NA,NA,NA,NA
24277117,93.1355328565424,8341,2,0,1,1,7,NA,NA,NA,NA,NA
660122123,2.25841296736366,9333,0,2,2,1,2,NA,NA,NA,NA,NA
990128734,70.6340597329064,4416,5,5,1,1,1,NA,NA,NA,NA,NA
99099227,3.86194938403533,3341,3,2,1,1,3,NA,NA,NA,NA,NA
220019812,1,3341,2,3,1,1,1,NA,NA,NA,NA,NA
9907766554,27.0840741567653,3257,4,2,1,1,4,NA,NA,NA,NA,NA
55066337,8.04017439763438,2243,5,2,1,1,1,NA,NA,NA,NA,NA
363118834,87.5598207598285,5131,0,1,2,1,2,NA,NA,NA,NA,NA
12177333,4.03800303779987,5223,2,1,2,1,3,NA,NA,NA,NA,NA
22012658,24.6602769010232,3123,4,2,2,1,1,NA,NA,NA,NA,NA
23199224,3.24867467744887,8332,0,5,1,1,2,NA,NA,NA,NA,NA
79277996,6.10920645087901,2422,5,2,1,2,NA,6,NA,NA,NA,NA
1166890,12.8797783942311,9112,0,0,1,1,1,NA,NA,NA,NA,NA
55001328,3.04689581211318,7231,0,2,2,1,2,NA,NA,NA,NA,NA
330126501,11.8705659722709,4110,4,2,1,1,5,NA,NA,NA,NA,NA
88088350,17.9887620005335,2330,5,1,1,1,1,NA,NA,NA,NA,NA
2208855992,51.3230634997549,7115,1,0,2,1,5,NA,NA,NA,NA,NA
22099345,7.47445554885214,2246,5,0,1,1,1,NA,NA,NA,NA,NA
3308812653,18.7647360968455,7212,3,3,1,1,5,NA,NA,NA,NA,NA
66001439,7.5366396981467,2243,5,1,1,1,2,NA,NA,NA,NA,NA
22099350,17.9887620005335,2330,5,1,1,1,1,NA,NA,NA,NA,NA
68211351,22.3915910543013,2246,5,5,1,1,1,NA,NA,NA,NA,NA
220773433,2.83255681266876,9112,0,0,1,1,1,NA,NA,NA,NA,NA
891778823,3.78015522531299,5132,2,1,1,1,2,NA,NA,NA,NA,NA
462777723,2.2453250560792,9333,2,0,1,1,50,NA,NA,NA,NA,NA
220234323,2.33022290232641,7412,4,1,1,1,1,NA,NA,NA,NA,NA
220237601,1,2211,5,0,1,1,2,NA,NA,NA,NA,NA
22012217,1,9211,0,1,1,1,60,NA,NA,NA,NA,NA
33034877,1,3122,5,2,2,1,5,NA,NA,NA,NA,NA
23177556,45.3529257956236,7115,0,8,1,1,8,NA,NA,NA,NA,NA
22034877,1,3122,4,2,1,1,38,NA,NA,NA,NA,NA
561668823,3.78015522531299,9412,0,1,2,1,1,NA,NA,NA,NA,NA
44034446,1,3221,4,1,1,1,7,NA,NA,NA,NA,NA
33023228,1,7233,4,2,1,1,12,NA,NA,NA,NA,NA
770347601,10.4098104112287,3339,4,5,1,1,4,NA,NA,NA,NA,NA
33012217,1,4321,2,1,1,1,15,NA,NA,NA,NA,NA
12177336,12.7070854301968,1212,4,3,1,1,1,NA,NA,NA,NA,NA
22023228,1,1212,2,2,1,1,20,NA,NA,NA,NA,NA
77077886,17.8979195718987,5131,2,2,1,1,6,NA,NA,NA,NA,NA
330016567,13.3436866244682,9313,0,0,2,1,11,NA,NA,NA,NA,NA
22099351,14.2133793129833,2351,5,1,1,1,1,NA,NA,NA,NA,NA
22034228,1,7412,4,1,1,1,530,NA,NA,NA,NA,NA
880127623,1.82543251545691,3313,4,1,1,1,4,NA,NA,NA,NA,NA
22034448,1,2211,5,3,1,1,8,NA,NA,NA,NA,NA
561445567,17.5445050393423,9112,0,3,1,2,NA,2,5,9,NA,NA
121663323,3.67100582805091,9112,2,1,2,1,2,NA,NA,NA,NA,NA
22012228,1,7515,4,2,1,1,56,NA,NA,NA,NA,NA
33034228,1,7515,3,1,1,1,22,NA,NA,NA,NA,NA
33099347,23.8691645475402,2330,5,1,1,1,1,NA,NA,NA,NA,NA
33012228,1,7212,3,1,1,1,13,NA,NA,NA,NA,NA
99077125,15.9827479174487,9313,2,0,1,1,20,NA,NA,NA,NA,NA
77066346,36.5300984902798,1212,5,1,1,1,1,NA,NA,NA,NA,NA
1045778834,87.5598207598285,9412,0,0,2,1,8,NA,NA,NA,NA,NA
22099344,3.04058815363088,1345,5,4,1,1,1,NA,NA,NA,NA,NA
770555512,6.00511406216661,7115,2,2,2,1,7,NA,NA,NA,NA,NA
33023654,1,4321,0,0,2,1,20,NA,NA,NA,NA,NA
22077230,6.46516832596426,8342,3,6,1,1,4,NA,NA,NA,NA,NA
22034224,1,8332,3,5,1,1,21,NA,NA,NA,NA,NA
33099351,14.2133793129833,5312,2,0,1,1,2,NA,NA,NA,NA,NA
33099128,14.3633132974849,3123,3,3,1,1,120,NA,NA,NA,NA,NA
2288778,3.88344456657712,2132,5,0,2,1,1,NA,NA,NA,NA,NA
4407701654,11.8136722761082,3343,5,0,1,1,1,NA,NA,NA,NA,NA
45155884,5.02331052128334,5230,4,1,1,1,1,NA,NA,NA,NA,NA
220348723,1.49489666412702,7232,5,1,1,1,40,NA,NA,NA,NA,NA
66012874,1.82784934318484,7231,4,3,1,1,9,NA,NA,NA,NA,NA
231116667,4.29045348305249,9321,0,1,1,1,31,NA,NA,NA,NA,NA
231779901,4.09466738576137,7422,0,0,1,1,7,NA,NA,NA,NA,NA
11235434,38.3709232495538,3112,4,1,1,1,3,NA,NA,NA,NA,NA
55099118,42.867581772155,6113,0,0,1,1,130,NA,NA,NA,NA,NA
440125445,1.86707573977902,3132,3,0,1,1,1,NA,NA,NA,NA,NA
891775523,5.12698803227856,2243,5,2,1,1,2,NA,NA,NA,NA,NA
66044559,61.8329989886565,9312,0,0,2,1,2,NA,NA,NA,NA,NA
33034768,1,7421,4,2,2,1,23,NA,NA,NA,NA,NA
66023121,2.26301874536624,3123,5,2,1,1,6,NA,NA,NA,NA,NA
22001118,4.99016341597905,8341,2,2,1,1,4,NA,NA,NA,NA,NA
88099124,4.16172064943489,8112,2,2,1,1,3,NA,NA,NA,NA,NA
5507712653,18.7647360968455,3123,0,0,1,1,5,NA,NA,NA,NA,NA
352013234,21.0869726612122,7215,2,5,1,1,4,NA,NA,NA,NA,NA
55001115,4.61789358648057,1221,5,5,1,1,1,NA,NA,NA,NA,NA
33088018,4.99016341597904,2144,5,2,1,1,40,NA,NA,NA,NA,NA
231015434,31.552922067661,2611,5,5,1,1,6,NA,NA,NA,NA,NA
550993323,2.33022290232641,9329,0,0,1,1,8,NA,NA,NA,NA,NA
330015467,2.2551077502171,7112,0,4,1,1,4,NA,NA,NA,NA,NA
45188015,3.01738200645872,5419,0,0,1,1,1,NA,NA,NA,NA,NA
22034987,2.50244131381364,5131,2,1,1,1,11,NA,NA,NA,NA,NA
990347601,6.93066280795634,3115,4,3,1,1,6,NA,NA,NA,NA,NA
22023448,4.05926136406294,2244,4,1,1,1,1,NA,NA,NA,NA,NA
33012115,3.01738200645872,3334,5,0,2,1,1,NA,NA,NA,NA,NA
22773323,3.67100582805091,5120,3,0,1,1,1,NA,NA,NA,NA,NA
990012145,4.27673600188581,9211,0,0,2,1,33,NA,NA,NA,NA,NA
13211351,22.3915910543013,2634,5,0,1,1,1,NA,NA,NA,NA,NA
440883411,7.41900200796358,2330,5,1,1,1,2,NA,NA,NA,NA,NA
220346523,1,2142,5,5,1,1,3,NA,NA,NA,NA,NA
12111342,5.8725273725894,3611,4,1,1,1,1,NA,NA,NA,NA,NA
990124323,2.33022290232641,9333,2,2,1,1,1,NA,NA,NA,NA,NA
550344444,1,9622,2,NA,2,1,14,NA,NA,NA,NA,NA
22034440,1,3322,3,3,1,1,5,NA,NA,NA,NA,NA
330347601,1,9112,1,0,2,1,6,NA,NA,NA,NA,NA
330016501,11.8705659722709,3123,5,3,1,1,2,NA,NA,NA,NA,NA
33012547,2.58430770252776,3313,3,2,1,1,4,NA,NA,NA,NA,NA
22034327,2.27769492426176,3122,4,1,1,1,1,NA,NA,NA,NA,NA
88034446,1,9112,2,0,1,1,17,NA,NA,NA,NA,NA
660019834,26.4210870002648,9112,0,0,2,1,2,NA,NA,NA,NA,NA
220771233,6.0979201785786,4322,3,1,2,1,3,NA,NA,NA,NA,NA
440342101,1,5414,3,2,1,1,10,NA,NA,NA,NA,NA
550129823,1.59754822154648,9412,0,2,1,1,15,NA,NA,NA,NA,NA
924113477,2.39662915721086,3221,4,0,1,1,22,NA,NA,NA,NA,NA
33023659,1,7122,0,0,1,1,8,NA,NA,NA,NA,NA
58377889,8.1432035691453,4224,3,0,1,2,NA,2,NA,NA,NA,NA
220129801,4.24899917952074,9412,4,1,2,1,10,NA,NA,NA,NA,NA
22088556,45.3529257956236,8332,1,1,1,2,NA,2,3,4,NA,NA
11019834,32.130193814791,9412,0,0,2,1,4,NA,NA,NA,NA,NA
22034112,2.45108453867106,2152,5,1,1,1,1,NA,NA,NA,NA,NA
33999934,25.2871145670537,2423,5,0,2,1,1,NA,NA,NA,NA,NA
990885501,17.8295127997664,2142,4,1,1,1,1,NA,NA,NA,NA,NA
27511345,5.57901030683986,2421,5,3,1,1,8,NA,NA,NA,NA,NA
23177340,13.1091876830554,2151,5,1,1,1,1,NA,NA,NA,NA,NA
550993433,1.79800552387734,4110,2,0,1,1,4,NA,NA,NA,NA,NA
1012999934,25.2871145670538,2513,3,3,1,1,4,NA,NA,NA,NA,NA
56177560,51.3230634997549,4311,5,2,2,1,1,NA,NA,NA,NA,NA
660441112,4.83847753256889,7515,2,1,2,1,1,NA,NA,NA,NA,NA
792123234,21.0869726612122,3257,4,4,1,1,13,NA,NA,NA,NA,NA
22001226,14.0061915420058,7212,3,2,1,1,10,NA,NA,NA,NA,NA
22001327,2.27769492426176,7412,4,1,1,1,1,NA,NA,NA,NA,NA
891771123,3.39212157220047,8341,0,3,1,1,1,NA,NA,NA,NA,NA
88066015,4.61789358648057,4110,2,0,2,1,1,NA,NA,NA,NA,NA
990122244,169.558766002071,4313,4,3,1,1,7,NA,NA,NA,NA,NA
132123234,21.0869726612122,3122,5,3,NA,1,5,NA,NA,NA,NA,NA
121888823,2.39950702694744,5230,2,1,1,1,3,NA,NA,NA,NA,NA
55001217,54.9293399164394,8331,2,5,1,1,2,NA,NA,NA,NA,NA
440447723,2.2453250560792,4225,2,0,1,1,10,NA,NA,NA,NA,NA
22099342,3.54837053120246,3612,4,0,1,1,1,NA,NA,NA,NA,NA
660012167,10.1249735724033,3143,2,2,2,1,10,NA,NA,NA,NA,NA
88088224,4.9718709548347,8332,3,5,1,1,1,NA,NA,NA,NA,NA
12166559,61.8329989886565,3123,4,3,1,1,2,NA,NA,NA,NA,NA
22034433,1,8121,2,1,1,1,1,NA,NA,NA,NA,NA
2208855882,61.8329989886565,7115,2,1,1,1,20,NA,NA,NA,NA,NA
440886645,5.11925815814655,7411,3,1,1,1,1,NA,NA,NA,NA,NA
100177559,61.8329989886565,3323,5,3,1,1,1,NA,NA,NA,NA,NA
44034219,20.4818040565633,3143,4,3,1,1,1,NA,NA,NA,NA,NA
220234345,1,2421,5,3,1,1,1,NA,NA,NA,NA,NA
220880122,2.44167017008651,9121,0,0,2,1,2,NA,NA,NA,NA,NA
550995556,5.04418802401201,9313,0,0,1,1,80,NA,NA,NA,NA,NA
165113411,4.93943686364191,2330,5,0,2,1,1,NA,NA,NA,NA,NA
25377336,12.7070854301968,5223,0,0,1,1,2,NA,NA,NA,NA,NA
33012225,10.4433017081777,9112,2,2,1,1,5,NA,NA,NA,NA,NA
550348734,1,3359,3,0,2,1,60,NA,NA,NA,NA,NA
220124301,7.12560837946903,9329,1,0,2,1,2,NA,NA,NA,NA,NA
22034438,1,2421,3,2,2,1,2,NA,NA,NA,NA,NA
220663367,3.62996180403925,8344,1,0,1,2,NA,7,NA,NA,NA,NA
4466886,11.6946957434009,4416,0,0,1,1,1,NA,NA,NA,NA,NA
220342123,1,1311,5,2,1,1,1,NA,NA,NA,NA,NA
121346534,1,7411,2,3,1,1,120,NA,NA,NA,NA,NA
45111349,10.8202217704964,9112,2,0,1,1,3,NA,NA,NA,NA,NA
44034767,8.69230618857931,3122,4,1,1,1,12,NA,NA,NA,NA,NA
682347634,1,2413,5,3,1,1,1,NA,NA,NA,NA,NA
66077777,7.32795606064763,9329,2,0,1,1,14,NA,NA,NA,NA,NA
88012323,2.05714578235601,8111,2,1,1,1,5,NA,NA,NA,NA,NA
660882245,3.8464059039183,7233,0,2,1,1,1,NA,NA,NA,NA,NA
220014477,4.06360851879736,9112,2,0,1,1,3,NA,NA,NA,NA,NA
99099337,6.11505239546658,3131,4,2,1,1,12,NA,NA,NA,NA,NA
330124477,4.06360851879736,2247,5,0,1,1,3,NA,NA,NA,NA,NA
1177884,5.02331052128334,5230,0,0,1,1,1,NA,NA,NA,NA,NA
121999934,83.8018215905455,4311,5,3,2,1,1,NA,NA,NA,NA,NA
45166350,23.6519287699075,2114,5,0,1,1,1,NA,NA,NA,NA,NA
341555501,28.0884053340588,2142,5,2,2,1,1,NA,NA,NA,NA,NA
55099888,4.66906230883171,2244,5,1,1,1,1,NA,NA,NA,NA,NA
101277669,21.6344070654774,7412,4,5,2,1,8,NA,NA,NA,NA,NA
231773433,2.83255681266876,2248,5,0,1,1,1,NA,NA,NA,NA,NA
33099344,3.04058815363088,2635,5,2,1,1,1,NA,NA,NA,NA,NA
23101877,3.28705178872377,8344,2,1,1,1,10,NA,NA,NA,NA,NA
66001121,5.35480683456073,4321,2,0,1,1,1,NA,NA,NA,NA,NA
77012770,12.5748642684542,4321,0,2,2,1,4,NA,NA,NA,NA,NA
440129823,1.59754822154648,4323,3,1,1,1,6,NA,NA,NA,NA,NA
33055348,9.04947376143623,2351,5,1,2,1,1,NA,NA,NA,NA,NA
220330177,2.48919632647864,4211,2,2,1,2,NA,6,9,NA,NA,NA
57277884,5.02331052128334,5419,0,0,1,1,6,NA,NA,NA,NA,NA
275771134,79.9182862727064,9211,0,0,2,1,4,NA,NA,NA,NA,NA
22099888,4.66906230883171,9334,2,0,1,1,3,NA,NA,NA,NA,NA
89155128,14.3633132974849,9112,0,1,2,1,10,NA,NA,NA,NA,NA
23188342,3.54837053120246,5414,2,0,1,1,1,NA,NA,NA,NA,NA
33001983,2.0529932270711,3422,4,3,1,1,1,NA,NA,NA,NA,NA
660991167,10.1249735724033,6112,0,1,2,1,100,NA,NA,NA,NA,NA
1001668812,3.20383500566392,5230,3,0,1,1,1,NA,NA,NA,NA,NA
33012660,1,7122,0,1,1,1,7,NA,NA,NA,NA,NA
440012167,17.1674156335887,8172,0,2,1,1,3,NA,NA,NA,NA,NA
23177560,51.3230634997549,1120,6,5,1,1,1,NA,NA,NA,NA,NA
68201761,8.91560005738092,7233,3,1,1,2,NA,8,9,NA,NA,NA
66099557,24.1475770966248,9312,0,1,1,1,17,NA,NA,NA,NA,NA
5508855552,29.634096081514,7411,0,0,1,1,4,NA,NA,NA,NA,NA
440993422,2.48926708471777,2131,5,1,1,1,1,NA,NA,NA,NA,NA
22012433,1.79223314641399,7233,3,1,1,1,5,NA,NA,NA,NA,NA
3307755552,45.3529257956236,3123,5,0,1,1,1,NA,NA,NA,NA,NA
66099350,17.9887620005335,2634,5,0,1,1,1,NA,NA,NA,NA,NA
671113411,11.6878087424019,5312,2,0,1,1,1,NA,NA,NA,NA,NA
440998801,4.24899917952074,9412,4,1,2,1,4,NA,NA,NA,NA,NA
440019834,26.4210870002648,9112,2,1,1,1,7,NA,NA,NA,NA,NA
220126501,11.8705659722709,7112,1,0,2,1,80,NA,NA,NA,NA,NA
44034877,3.28705178872377,4321,4,1,1,1,2,NA,NA,NA,NA,NA
12188558,24.6602769010231,7114,0,0,2,1,3,NA,NA,NA,NA,NA
220775512,6.00511406216661,2243,5,2,1,1,1,NA,NA,NA,NA,NA
88077351,22.3915910543013,2242,5,0,1,1,1,NA,NA,NA,NA,NA
220124433,1.79800552387734,2211,5,0,2,1,2,NA,NA,NA,NA,NA
132665501,28.0884053340587,9112,1,0,1,1,6,NA,NA,NA,NA,NA
330881277,4.75313536812026,3212,3,0,1,1,7,NA,NA,NA,NA,NA
34101767,8.69230618857933,4321,2,0,1,1,9,NA,NA,NA,NA,NA
7707733554,12.7070854301968,5223,3,0,2,1,6,NA,NA,NA,NA,NA
56112767,5.12653577690573,7515,2,1,1,1,20,NA,NA,NA,NA,NA
99099224,3.24867467744887,7233,2,NA,1,1,7,NA,NA,NA,NA,NA
1001011144,46.359425082256,2413,5,2,1,1,1,NA,NA,NA,NA,NA
440990133,2.94636350302331,2411,5,0,2,1,1,NA,NA,NA,NA,NA
22001324,3.24867467744887,4110,4,1,1,1,1,NA,NA,NA,NA,NA
33034651,1,3123,5,5,1,1,10,NA,NA,NA,NA,NA
682771233,3.87074113260851,3257,5,2,1,1,2,NA,NA,NA,NA,NA
12177449,6.04892692370184,3115,4,3,1,1,2,NA,NA,NA,NA,NA
88088670,19.8102936720593,3323,4,0,2,1,1,NA,NA,NA,NA,NA
99088348,9.04947376143623,9112,0,0,1,1,2,NA,NA,NA,NA,NA
33001433,2.43989173232533,3118,4,3,2,1,3,NA,NA,NA,NA,NA
22023445,1,2221,2,0,1,1,55,NA,NA,NA,NA,NA
550347634,1,2423,3,3,1,1,4,NA,NA,NA,NA,NA
220992212,2.37085399095875,3117,3,NA,2,1,4,NA,NA,NA,NA,NA
44012763,2.73550102019893,1221,5,5,2,1,1,NA,NA,NA,NA,NA
22001654,22.6496228380874,3121,2,3,2,1,3,NA,NA,NA,NA,NA
33012214,11.6821662441338,4311,4,0,2,1,1,NA,NA,NA,NA,NA
440888867,2.21584836780982,4224,4,0,1,1,1,NA,NA,NA,NA,NA
341668867,2.91343494114822,9112,2,0,1,1,2,NA,NA,NA,NA,NA
33012654,1,9313,0,0,2,1,90,NA,NA,NA,NA,NA
330664412,3.793366385534,4110,4,5,1,1,1,NA,NA,NA,NA,NA
59411344,5.03215123785774,2330,5,0,1,1,1,NA,NA,NA,NA,NA
33034658,1,2243,5,2,2,1,5,NA,NA,NA,NA,NA
36377334,2.50663922370614,7411,3,2,1,1,7,NA,NA,NA,NA,NA
44099887,4.24301849537621,9412,2,0,2,1,4,NA,NA,NA,NA,NA
24255117,93.1355328565424,1311,5,2,1,1,3,NA,NA,NA,NA,NA
770344334,1,3322,2,4,1,1,100,NA,NA,NA,NA,NA
100155128,14.3633132974849,3343,4,2,2,1,1,NA,NA,NA,NA,NA
88088773,3.35156194954141,6113,1,0,1,1,1,NA,NA,NA,NA,NA
880018734,234.082178741939,3341,5,3,2,1,1,NA,NA,NA,NA,NA
1199777,3.28705178872377,3122,2,1,1,1,28,NA,NA,NA,NA,NA
44088994,3.8011582358127,2243,4,1,1,1,1,NA,NA,NA,NA,NA
660881277,4.75313536812027,8342,2,3,1,1,1,NA,NA,NA,NA,NA
330342123,3.39212157220047,6222,2,0,2,1,30,NA,NA,NA,NA,NA
330883477,2.39662915721086,2634,5,0,1,2,NA,1,6,8,NA,NA
550124367,1.62826746533625,5223,3,2,1,1,4,NA,NA,NA,NA,NA
990014444,78.1126783014563,4225,4,2,1,1,3,NA,NA,NA,NA,NA
880885512,3.81183113680117,2243,5,5,1,1,2,NA,NA,NA,NA,NA
22023444,1,2310,6,3,1,2,NA,6,NA,NA,NA,NA
77066342,5.8725273725894,3611,5,0,1,2,NA,1,2,NA,NA,NA
451667767,3.89141327964785,4110,5,1,1,1,1,NA,NA,NA,NA,NA
33001442,3.54837053120246,5312,2,0,1,1,8,NA,NA,NA,NA,NA
33001653,7.1849933524850504,3123,5,4,1,1,6,NA,NA,NA,NA,NA
22023657,14.2417231084297,4321,2,1,1,1,4,NA,NA,NA,NA,NA
330342101,1,6121,3,1,1,1,4,NA,NA,NA,NA,NA
99088554,22.6496228380874,2166,5,1,1,1,1,NA,NA,NA,NA,NA
330122211,1,8160,2,1,1,1,10,NA,NA,NA,NA,NA
22012987,2.50244131381364,4212,2,1,1,1,3,NA,NA,NA,NA,NA
55022342,2.60647109768217,5312,2,0,1,1,10,NA,NA,NA,NA,NA
23177890,12.8797783942311,9112,3,0,2,1,20,NA,NA,NA,NA,NA
23166015,4.61789358648057,5132,0,0,1,1,1,NA,NA,NA,NA,NA
24277340,13.1091876830554,7132,0,0,1,1,6,NA,NA,NA,NA,NA
770669967,2.24515747094152,1222,4,0,2,1,1,NA,NA,NA,NA,NA
2203377554,14.7227422316396,7231,4,1,1,1,1,NA,NA,NA,NA,NA
891020934,25.2871145670538,2431,3,3,2,1,2,NA,NA,NA,NA,NA
55001654,16.905910863184,2243,5,4,1,1,8,NA,NA,NA,NA,NA
66099333,2.43989173232533,3257,4,2,1,1,1,NA,NA,NA,NA,NA
220347601,1,9112,1,0,1,1,27,NA,NA,NA,NA,NA
880888823,3.78015522531299,4321,3,1,1,1,1,NA,NA,NA,NA,NA
23155886,17.8979195718987,5120,1,0,2,2,NA,1,2,3,NA,NA
330993455,3.63733547255337,2421,5,0,1,1,3,NA,NA,NA,NA,NA
55088345,5.57901030683986,2134,5,0,1,1,20,NA,NA,NA,NA,NA
55012218,1,6112,2,0,1,1,2,NA,NA,NA,NA,NA
330994467,3.82365166384475,2423,5,0,1,1,1,NA,NA,NA,NA,NA
22099450,5.23370769244726,8342,1,0,1,1,3,NA,NA,NA,NA,NA
770883411,7.41900200796358,2222,5,2,1,2,NA,8,NA,NA,NA,NA
36312761,5.38709324017132,4110,3,0,NA,1,12,NA,NA,NA,NA,NA
13277558,24.6602769010232,9313,0,0,2,1,9,NA,NA,NA,NA,NA
440349834,1,8157,0,0,2,1,500,NA,NA,NA,NA,NA
22012660,1,7115,0,2,2,1,6,NA,NA,NA,NA,NA
891885534,815.917781369119,5419,4,3,1,1,4,NA,NA,NA,NA,NA
45111345,11.4391350739138,8322,2,0,1,1,1,NA,NA,NA,NA,NA
22034658,1,2243,5,2,2,1,15,NA,NA,NA,NA,NA
44077778,8.65751834073991,4110,3,0,2,1,10,NA,NA,NA,NA,NA
220019823,2.39950702694744,4321,4,1,2,1,2,NA,NA,NA,NA,NA
2201222982,21.5439039337002,2243,5,5,1,1,3,NA,NA,NA,NA,NA
3301232332,2.80053574313203,8111,4,3,1,1,10,NA,NA,NA,NA,NA
330017612,1,4311,2,0,2,1,5,NA,NA,NA,NA,NA
55034439,1,3122,5,2,1,1,9,NA,NA,NA,NA,NA
44088125,10.4433017081777,7212,0,0,2,1,3,NA,NA,NA,NA,NA
33001657,24.1475770966248,2421,4,2,1,1,1,NA,NA,NA,NA,NA
22034654,1,2421,5,0,2,1,1,NA,NA,NA,NA,NA
330129823,1.59754822154648,5120,4,2,1,1,6,NA,NA,NA,NA,NA
550990133,1.87024593119997,6113,0,0,2,1,3,NA,NA,NA,NA,NA
22034762,5.07787761974289,7221,3,2,1,1,1,NA,NA,NA,NA,NA
44088553,11.8911116421776,8322,2,2,1,1,4,NA,NA,NA,NA,NA
66012324,2.42484410946029,7233,2,5,1,1,26,NA,NA,NA,NA,NA
2209988992,5.44318046249358,5131,3,0,2,1,20,NA,NA,NA,NA,NA
99012324,2.42484410946029,4110,5,2,1,1,1,NA,NA,NA,NA,NA
682113444,258.866416475489,2330,5,0,1,1,1,NA,NA,NA,NA,NA
99077558,32.4237494882581,7212,0,0,1,1,2,NA,NA,NA,NA,NA
66012437,3.60652676089592,7515,2,1,1,1,16,NA,NA,NA,NA,NA
66034767,5.12653577690574,4321,2,0,1,1,9,NA,NA,NA,NA,NA
89177556,45.3529257956236,3343,5,0,1,1,1,NA,NA,NA,NA,NA
24266889,10.7068218908321,5230,0,0,1,1,2,NA,NA,NA,NA,NA
1188348,6.88268729828353,4226,2,1,1,1,4,NA,NA,NA,NA,NA
242342244,106.335079680585,3322,5,5,1,1,1,NA,NA,NA,NA,NA
99088122,4.69218979973436,3123,5,5,1,1,12,NA,NA,NA,NA,NA
33001987,2.50244131381364,9412,0,0,2,1,3,NA,NA,NA,NA,NA
2200121552,16.0265049012021,7543,5,0,1,1,10,NA,NA,NA,NA,NA
220237623,1,9334,2,0,2,1,40,NA,NA,NA,NA,NA
66099114,11.6821662441338,6112,2,1,1,1,3,NA,NA,NA,NA,NA
220333433,2.83255681266876,2310,5,2,1,1,39,NA,NA,NA,NA,NA
23199779,10.734308677538,3151,0,1,1,1,2,NA,NA,NA,NA,NA
44099883,2.0529932270711,5131,2,2,1,1,1,NA,NA,NA,NA,NA
440770122,2.44167017008651,8342,5,2,1,1,1,NA,NA,NA,NA,NA
1188890,8.1756216135078,9412,2,0,1,1,1,NA,NA,NA,NA,NA
231555545,10.6466910555505,9313,0,2,2,1,1,NA,NA,NA,NA,NA
440346523,1,9313,0,0,2,1,80,NA,NA,NA,NA,NA
99055018,3.79532945947424,2642,5,3,1,1,2,NA,NA,NA,NA,NA
55034451,1,2351,5,2,1,1,1,NA,NA,NA,NA,NA
990888823,3.78015522531299,9112,2,0,2,1,3,NA,NA,NA,NA,NA
781343234,21.0869726612122,8112,2,3,2,2,NA,1,6,8,NA,NA
24277117,93.1355328565424,9211,0,0,2,1,13,NA,NA,NA,NA,NA
660122123,2.25841296736366,4321,0,1,2,1,2,NA,NA,NA,NA,NA
99099227,3.86194938403533,3121,2,2,1,1,3,NA,NA,NA,NA,NA
220019812,1,3313,3,4,2,1,1,NA,NA,NA,NA,NA
9907766554,27.0840741567653,9313,2,1,1,1,10,NA,NA,NA,NA,NA
363118834,87.5598207598285,9112,0,0,2,1,2,NA,NA,NA,NA,NA
12177333,4.03800303779987,8332,4,1,1,1,1,NA,NA,NA,NA,NA
22012658,24.6602769010232,2243,5,3,2,1,3,NA,NA,NA,NA,NA
23199224,3.24867467744887,2243,5,5,1,1,6,NA,NA,NA,NA,NA
330126501,11.8705659722709,3123,3,1,1,1,5,NA,NA,NA,NA,NA
2208855992,51.3230634997549,7411,3,0,2,1,3,NA,NA,NA,NA,NA
22099345,7.47445554885214,9112,2,0,1,1,2,NA,NA,NA,NA,NA
66001439,7.5366396981467,2423,5,2,1,1,1,NA,NA,NA,NA,NA
22099350,17.9887620005335,3513,4,0,1,1,1,NA,NA,NA,NA,NA
68211351,22.3915910543013,2634,5,5,1,1,1,NA,NA,NA,NA,NA
22012217,1,4321,2,1,1,1,18,NA,NA,NA,NA,NA
33034877,1,4321,0,0,2,1,1000,NA,NA,NA,NA,NA
23177556,45.3529257956236,7212,3,5,1,1,4,NA,NA,NA,NA,NA
22034877,1,7515,3,1,1,1,38,NA,NA,NA,NA,NA
44034446,1,8322,3,2,1,1,2,NA,NA,NA,NA,NA
770347601,10.4098104112287,2411,5,0,2,1,1,NA,NA,NA,NA,NA
33012217,1,9211,2,1,1,1,485,NA,NA,NA,NA,NA
12177336,12.7070854301968,2142,5,5,1,1,1,NA,NA,NA,NA,NA
22023228,1,8331,2,1,1,1,8,NA,NA,NA,NA,NA
22099351,14.2133793129833,2421,5,1,1,1,1,NA,NA,NA,NA,NA
22034228,1,7412,0,0,1,1,413,NA,NA,NA,NA,NA
880127623,1.82543251545691,9334,2,0,1,1,3,NA,NA,NA,NA,NA
22034448,1,3221,4,1,1,1,4,NA,NA,NA,NA,NA
22012228,1,4321,3,2,1,1,24,NA,NA,NA,NA,NA
33034228,1,4416,4,0,1,1,9,NA,NA,NA,NA,NA
33099347,23.8691645475402,2330,5,1,1,1,1,NA,NA,NA,NA,NA
33012228,1,7412,4,2,1,1,8,NA,NA,NA,NA,NA
1045778834,87.5598207598285,9412,0,0,2,1,3,NA,NA,NA,NA,NA
770555512,6.00511406216661,7112,2,2,1,1,2,NA,NA,NA,NA,NA
33023654,1,4416,3,2,1,1,30,NA,NA,NA,NA,NA
22034224,1,8342,3,5,1,1,20,NA,NA,NA,NA,NA
33099128,14.3633132974849,4321,2,1,1,1,16,NA,NA,NA,NA,NA
2288778,3.88344456657712,4321,0,0,2,1,3,NA,NA,NA,NA,NA
45155884,5.02331052128334,5132,2,1,1,1,2,NA,NA,NA,NA,NA
220348723,1.49489666412702,3154,4,1,1,1,10,NA,NA,NA,NA,NA
231779901,4.09466738576137,1211,5,2,2,1,1,NA,NA,NA,NA,NA
11235434,38.3709232495538,3131,4,2,1,1,3,NA,NA,NA,NA,NA
55099118,42.867581772155,9211,0,0,1,1,150,NA,NA,NA,NA,NA
440125445,1.86707573977902,2421,5,1,1,1,1,NA,NA,NA,NA,NA
66044559,61.8329989886565,7212,0,0,2,1,1,NA,NA,NA,NA,NA
33034768,1,3139,4,2,2,1,38,NA,NA,NA,NA,NA
88099124,4.16172064943489,8112,2,2,1,1,3,NA,NA,NA,NA,NA
5507712653,18.7647360968455,3113,0,0,2,1,15,NA,NA,NA,NA,NA
352013234,21.0869726612122,8332,2,6,1,1,4,NA,NA,NA,NA,NA
55001115,4.61789358648057,2431,4,3,1,1,1,NA,NA,NA,NA,NA
33088018,4.99016341597904,2151,5,2,1,1,32,NA,NA,NA,NA,NA
231015434,31.552922067661,3343,4,3,1,1,6,NA,NA,NA,NA,NA
550993323,2.33022290232641,4322,3,0,2,1,2,NA,NA,NA,NA,NA
330015467,2.2551077502171,7126,0,4,1,1,8,NA,NA,NA,NA,NA
22034987,2.50244131381364,5120,4,2,1,1,3,NA,NA,NA,NA,NA
990347601,6.93066280795634,3141,2,0,2,1,4,NA,NA,NA,NA,NA
22023448,4.05926136406294,3222,4,1,1,1,1,NA,NA,NA,NA,NA
33012115,3.01738200645872,1221,5,0,2,1,1,NA,NA,NA,NA,NA
990012145,4.27673600188581,9211,0,0,2,1,25,NA,NA,NA,NA,NA
440883411,7.41900200796358,2341,5,2,2,1,1,NA,NA,NA,NA,NA
220346523,1,3257,5,3,1,1,3,NA,NA,NA,NA,NA
12111342,5.8725273725894,2352,5,1,1,1,1,NA,NA,NA,NA,NA
990124323,2.33022290232641,7231,3,2,1,1,1,NA,NA,NA,NA,NA
550344444,1,1345,5,6,2,1,13,NA,NA,NA,NA,NA
22034440,1,4321,3,3,2,1,7,NA,NA,NA,NA,NA
330016501,11.8705659722709,3123,3,1,1,1,1,NA,NA,NA,NA,NA
33012547,2.58430770252776,7231,4,2,1,1,4,NA,NA,NA,NA,NA
22034327,2.27769492426176,2243,5,1,1,1,1,NA,NA,NA,NA,NA
88034446,1,2642,5,0,1,1,6,NA,NA,NA,NA,NA
220771233,6.0979201785786,4323,3,1,1,1,3,NA,NA,NA,NA,NA
550129823,1.59754822154648,5132,0,2,1,1,4,NA,NA,NA,NA,NA
924113477,2.39662915721086,8322,3,0,1,1,6,NA,NA,NA,NA,NA
220129801,4.24899917952074,5120,4,1,2,1,5,NA,NA,NA,NA,NA
11019834,32.130193814791,3343,3,0,2,1,2,NA,NA,NA,NA,NA
22034112,2.45108453867106,5414,2,4,1,1,1,NA,NA,NA,NA,NA
27511345,5.57901030683986,2359,5,2,1,1,20,NA,NA,NA,NA,NA
550993433,1.79800552387734,2422,5,0,1,1,1,NA,NA,NA,NA,NA
1012999934,25.2871145670538,2512,4,4,1,1,3,NA,NA,NA,NA,NA
660441112,4.83847753256889,8341,3,0,1,1,1,NA,NA,NA,NA,NA
792123234,21.0869726612122,1212,5,10,1,1,2,NA,NA,NA,NA,NA
22001226,14.0061915420058,3123,4,4,1,1,15,NA,NA,NA,NA,NA
990122244,169.558766002071,4416,3,2,1,1,4,NA,NA,NA,NA,NA
132123234,21.0869726612122,4321,2,0,NA,1,4,NA,NA,NA,NA,NA
121888823,2.39950702694744,3434,4,1,2,1,1,NA,NA,NA,NA,NA
440447723,2.2453250560792,4323,2,0,1,1,10,NA,NA,NA,NA,NA
88088224,4.9718709548347,3121,3,0,1,1,1,NA,NA,NA,NA,NA
22034433,1,2423,5,2,1,1,1,NA,NA,NA,NA,NA
2208855882,61.8329989886565,7131,1,2,1,1,10,NA,NA,NA,NA,NA
440886645,5.11925815814655,1211,5,5,1,1,1,NA,NA,NA,NA,NA
100177559,61.8329989886565,3323,5,3,1,2,NA,NA,NA,NA,NA,NA
44034219,20.4818040565633,2132,5,0,1,2,NA,NA,NA,NA,NA,NA
220234345,1,2421,6,5,1,1,1,NA,NA,NA,NA,NA
550995556,5.04418802401201,7112,3,0,1,1,15,NA,NA,NA,NA,NA
33012225,10.4433017081777,8332,2,5,1,1,2,NA,NA,NA,NA,NA
220663367,3.62996180403925,4321,4,3,1,2,NA,NA,NA,NA,NA,NA
220342123,1,6221,5,2,1,1,1,NA,NA,NA,NA,NA
121346534,1,7411,2,3,1,1,44,NA,NA,NA,NA,NA
45111349,10.8202217704964,5312,2,0,1,1,3,NA,NA,NA,NA,NA
44034767,8.69230618857931,7515,2,1,1,1,14,NA,NA,NA,NA,NA
682347634,1,2432,5,0,1,1,20,NA,NA,NA,NA,NA
66077777,7.32795606064763,4321,4,2,1,1,4,NA,NA,NA,NA,NA
88012323,2.05714578235601,8343,2,2,1,1,3,NA,NA,NA,NA,NA
660882245,3.8464059039183,8342,0,2,1,1,1,NA,NA,NA,NA,NA
220014477,4.06360851879736,3221,4,0,1,1,1,NA,NA,NA,NA,NA
330124477,4.06360851879736,3343,2,0,2,1,1,NA,NA,NA,NA,NA
121999934,83.8018215905455,2512,4,3,2,1,1,NA,NA,NA,NA,NA
45166350,23.6519287699075,9313,0,0,1,1,14,NA,NA,NA,NA,NA
341555501,28.0884053340588,3123,2,2,2,1,2,NA,NA,NA,NA,NA
101277669,21.6344070654774,3113,4,5,2,1,3,NA,NA,NA,NA,NA
231773433,2.83255681266876,2634,5,0,1,1,1,NA,NA,NA,NA,NA
23101877,3.28705178872377,4416,2,1,1,1,12,NA,NA,NA,NA,NA
66001121,5.35480683456073,9313,2,0,2,1,3,NA,NA,NA,NA,NA
440129823,1.59754822154648,9112,3,1,1,1,14,NA,NA,NA,NA,NA
220330177,2.48919632647864,4321,2,2,1,2,NA,NA,NA,NA,NA,NA
57277884,5.02331052128334,5230,0,0,1,1,2,NA,NA,NA,NA,NA
275771134,79.9182862727064,8341,2,0,1,1,1,NA,NA,NA,NA,NA
22099888,4.66906230883171,3434,4,1,1,1,1,NA,NA,NA,NA,NA
33001983,2.0529932270711,5151,4,0,1,1,3,NA,NA,NA,NA,NA
660991167,10.1249735724033,8341,3,1,1,1,2,NA,NA,NA,NA,NA
33012660,1,7126,0,1,1,1,6,NA,NA,NA,NA,NA
440012167,17.1674156335887,7233,4,2,1,1,7,NA,NA,NA,NA,NA
68201761,8.91560005738092,1324,3,1,1,1,1,NA,NA,NA,NA,NA
5508855552,29.634096081514,9313,0,0,1,1,10,NA,NA,NA,NA,NA
440993422,2.48926708471777,2131,6,1,1,1,1,NA,NA,NA,NA,NA
22012433,1.79223314641399,9622,2,1,1,1,3,NA,NA,NA,NA,NA
66099350,17.9887620005335,2635,5,0,1,1,1,NA,NA,NA,NA,NA
671113411,11.6878087424019,5312,2,0,1,1,1,NA,NA,NA,NA,NA
440998801,4.24899917952074,5131,2,0,2,1,4,NA,NA,NA,NA,NA
440019834,26.4210870002648,5131,4,3,1,1,5,NA,NA,NA,NA,NA
220126501,11.8705659722709,7115,1,0,2,1,80,NA,NA,NA,NA,NA
44034877,3.28705178872377,8141,2,2,1,1,4,NA,NA,NA,NA,NA
12188558,24.6602769010231,3113,4,0,1,1,4,NA,NA,NA,NA,NA
220775512,6.00511406216661,2142,5,4,2,1,1,NA,NA,NA,NA,NA
88077351,22.3915910543013,3221,4,0,1,1,1,NA,NA,NA,NA,NA
220124433,1.79800552387734,2247,5,0,2,1,1,NA,NA,NA,NA,NA
34101767,8.69230618857933,5414,2,1,1,1,5,NA,NA,NA,NA,NA
99099224,3.24867467744887,2243,4,NA,1,1,4,NA,NA,NA,NA,NA
1001011144,46.359425082256,2411,5,2,1,1,1,NA,NA,NA,NA,NA
440990133,2.94636350302331,3344,5,0,2,1,1,NA,NA,NA,NA,NA
22001324,3.24867467744887,2423,5,2,1,1,1,NA,NA,NA,NA,NA
33034651,1,4416,3,3,1,1,10,NA,NA,NA,NA,NA
682771233,3.87074113260851,2141,5,2,1,1,2,NA,NA,NA,NA,NA
12177449,6.04892692370184,9612,0,0,2,1,1,NA,NA,NA,NA,NA
220992212,2.37085399095875,2423,5,NA,2,1,1,NA,NA,NA,NA,NA
44012763,2.73550102019893,1221,5,5,2,1,1,NA,NA,NA,NA,NA
22001654,22.6496228380874,7233,2,3,2,1,3,NA,NA,NA,NA,NA
33012214,11.6821662441338,8331,2,5,1,1,1,NA,NA,NA,NA,NA
440888867,2.21584836780982,3323,5,0,1,1,1,NA,NA,NA,NA,NA
341668867,2.91343494114822,4224,2,1,1,1,2,NA,NA,NA,NA,NA
33012654,1,7112,4,0,1,1,6,NA,NA,NA,NA,NA
330664412,3.793366385534,1120,5,5,1,1,1,NA,NA,NA,NA,NA
59411344,5.03215123785774,2341,5,0,1,1,1,NA,NA,NA,NA,NA
36377334,2.50663922370614,3123,4,2,1,1,1,NA,NA,NA,NA,NA
44099887,4.24301849537621,5131,2,0,2,1,5,NA,NA,NA,NA,NA
770344334,1,3313,4,0,1,1,3,NA,NA,NA,NA,NA
100155128,14.3633132974849,8332,0,3,1,1,4,NA,NA,NA,NA,NA
88088773,3.35156194954141,2243,5,2,1,2,NA,NA,NA,NA,NA,NA
880018734,234.082178741939,3257,4,1,2,1,1,NA,NA,NA,NA,NA
1199777,3.28705178872377,7515,4,1,1,1,30,NA,NA,NA,NA,NA
44088994,3.8011582358127,3512,3,2,1,1,1,NA,NA,NA,NA,NA
660881277,4.75313536812027,9313,0,0,2,1,3,NA,NA,NA,NA,NA
330342123,3.39212157220047,3142,2,1,2,1,50,NA,NA,NA,NA,NA
550124367,1.62826746533625,9112,1,0,1,1,3,NA,NA,NA,NA,NA
451667767,3.89141327964785,5414,2,0,1,2,NA,NA,NA,NA,NA,NA
33001442,3.54837053120246,5153,2,0,1,1,1,NA,NA,NA,NA,NA
33001653,7.1849933524850504,2243,5,5,1,1,4,NA,NA,NA,NA,NA
330342101,1,3142,3,1,1,1,4,NA,NA,NA,NA,NA
22012987,2.50244131381364,4212,2,1,1,1,8,NA,NA,NA,NA,NA
23177890,12.8797783942311,9129,2,1,2,1,20,NA,NA,NA,NA,NA
24277340,13.1091876830554,8332,0,0,1,1,4,NA,NA,NA,NA,NA
891020934,25.2871145670538,1222,5,6,2,1,1,NA,NA,NA,NA,NA
55001654,16.905910863184,4416,3,2,1,1,5,NA,NA,NA,NA,NA
66099333,2.43989173232533,4110,4,0,2,1,1,NA,NA,NA,NA,NA
220347601,1,5230,2,1,1,1,11,NA,NA,NA,NA,NA
23155886,17.8979195718987,9412,1,0,1,2,NA,1,NA,NA,NA,NA
330993455,3.63733547255337,4313,5,0,1,1,2,NA,NA,NA,NA,NA
55088345,5.57901030683986,2111,5,0,1,1,15,NA,NA,NA,NA,NA
22099450,5.23370769244726,7126,0,0,2,1,3,NA,NA,NA,NA,NA
770883411,7.41900200796358,3344,4,1,1,1,3,NA,NA,NA,NA,NA
36312761,5.38709324017132,3122,4,2,1,1,10,NA,NA,NA,NA,NA
13277558,24.6602769010232,9313,0,0,2,1,25,NA,NA,NA,NA,NA
440349834,1,8322,2,0,1,1,700,NA,NA,NA,NA,NA
891885534,815.917781369119,2142,5,2,1,1,3,NA,NA,NA,NA,NA
220019823,2.39950702694744,5131,5,3,1,1,2,NA,NA,NA,NA,NA
55034439,1,7521,2,1,1,1,8,NA,NA,NA,NA,NA
44088125,10.4433017081777,7119,0,0,2,1,6,NA,NA,NA,NA,NA
22034654,1,2243,5,0,2,1,1,NA,NA,NA,NA,NA
330129823,1.59754822154648,5113,2,0,1,1,6,NA,NA,NA,NA,NA
550990133,1.87024593119997,9412,0,1,1,1,2,NA,NA,NA,NA,NA
44088553,11.8911116421776,2243,5,4,1,1,2,NA,NA,NA,NA,NA
66012324,2.42484410946029,3121,3,10,1,1,25,NA,NA,NA,NA,NA
2209988992,5.44318046249358,5230,3,0,2,1,2,NA,NA,NA,NA,NA
99077558,32.4237494882581,7122,0,0,1,1,2,NA,NA,NA,NA,NA
66012437,3.60652676089592,9329,0,0,2,1,12,NA,NA,NA,NA,NA
66034767,5.12653577690574,2511,5,2,1,1,2,NA,NA,NA,NA,NA
89177556,45.3529257956236,8332,1,0,1,1,2,NA,NA,NA,NA,NA
242342244,106.335079680585,2421,5,2,1,1,1,NA,NA,NA,NA,NA
99088122,4.69218979973436,4416,3,3,1,1,3,NA,NA,NA,NA,NA
33001987,2.50244131381364,5131,0,1,2,1,2,NA,NA,NA,NA,NA
220333433,2.83255681266876,9112,0,0,2,1,1,NA,NA,NA,NA,NA
23199779,10.734308677538,3151,0,1,1,1,2,NA,NA,NA,NA,NA
440770122,2.44167017008651,9622,2,0,1,1,1,NA,NA,NA,NA,NA
440346523,1,9313,0,1,2,1,60,NA,NA,NA,NA,NA
99055018,3.79532945947424,2354,5,3,1,1,1,NA,NA,NA,NA,NA
55034451,1,2642,5,2,1,1,1,NA,NA,NA,NA,NA
990888823,3.78015522531299,7233,4,2,2,1,3,NA,NA,NA,NA,NA
660122123,2.25841296736366,4323,0,0,1,1,2,NA,NA,NA,NA,NA
220019812,1,3339,4,2,2,1,1,NA,NA,NA,NA,NA
23199224,3.24867467744887,8322,0,5,1,1,6,NA,NA,NA,NA,NA
22099345,7.47445554885214,2330,5,0,1,1,1,NA,NA,NA,NA,NA
66001439,7.5366396981467,4313,4,2,1,1,1,NA,NA,NA,NA,NA
22099350,17.9887620005335,5312,4,1,1,1,2,NA,NA,NA,NA,NA
22012217,1,3122,2,2,1,1,8,NA,NA,NA,NA,NA
23177556,45.3529257956236,8342,0,5,1,1,4,NA,NA,NA,NA,NA
22034877,1,4321,3,1,1,1,44,NA,NA,NA,NA,NA
770347601,10.4098104112287,2411,5,0,2,1,1,NA,NA,NA,NA,NA
12177336,12.7070854301968,2411,4,5,1,1,1,NA,NA,NA,NA,NA
22099351,14.2133793129833,3353,5,1,1,1,1,NA,NA,NA,NA,NA
22034228,1,2243,5,1,1,1,48,NA,NA,NA,NA,NA
880127623,1.82543251545691,1420,5,3,1,1,1,NA,NA,NA,NA,NA
22034448,1,2244,4,1,1,1,3,NA,NA,NA,NA,NA
22012228,1,4321,0,1,1,1,48,NA,NA,NA,NA,NA
33099347,23.8691645475402,2330,5,1,1,1,1,NA,NA,NA,NA,NA
33012228,1,7412,2,1,1,1,10,NA,NA,NA,NA,NA
33023654,1,2423,3,2,1,1,5,NA,NA,NA,NA,NA
22034224,1,8111,4,5,1,1,13,NA,NA,NA,NA,NA
33099128,14.3633132974849,3123,3,2,1,1,96,NA,NA,NA,NA,NA
2288778,3.88344456657712,7515,3,0,2,1,4,NA,NA,NA,NA,NA
231779901,4.09466738576137,5223,0,1,2,1,3,NA,NA,NA,NA,NA
11235434,38.3709232495538,3257,4,1,1,1,7,NA,NA,NA,NA,NA
55099118,42.867581772155,9211,0,0,1,1,35,NA,NA,NA,NA,NA
440125445,1.86707573977902,2131,5,1,1,1,1,NA,NA,NA,NA,NA
66044559,61.8329989886565,7126,0,0,2,1,1,NA,NA,NA,NA,NA
33034768,1,7411,4,2,2,1,15,NA,NA,NA,NA,NA
88099124,4.16172064943489,8112,2,2,1,1,2,NA,NA,NA,NA,NA
5507712653,18.7647360968455,8212,0,0,2,1,12,NA,NA,NA,NA,NA
352013234,21.0869726612122,3117,4,0,1,1,2,NA,NA,NA,NA,NA
55001115,4.61789358648057,5153,2,0,1,1,5,NA,NA,NA,NA,NA
33088018,4.99016341597904,4416,4,1,1,1,22,NA,NA,NA,NA,NA
330015467,2.2551077502171,9211,0,0,1,1,20,NA,NA,NA,NA,NA
22034987,2.50244131381364,9112,0,1,1,1,9,NA,NA,NA,NA,NA
990347601,6.93066280795634,2521,5,0,2,1,3,NA,NA,NA,NA,NA
33012115,3.01738200645872,2611,5,0,2,1,1,NA,NA,NA,NA,NA
990012145,4.27673600188581,9211,0,0,2,1,32,NA,NA,NA,NA,NA
440883411,7.41900200796358,2341,5,2,2,1,1,NA,NA,NA,NA,NA
990124323,2.33022290232641,4322,2,0,1,1,1,NA,NA,NA,NA,NA
550344444,1,3433,4,NA,2,1,11,NA,NA,NA,NA,NA
22034440,1,5223,4,3,1,1,38,NA,NA,NA,NA,NA
33012547,2.58430770252776,4416,4,2,1,1,3,NA,NA,NA,NA,NA
22034327,2.27769492426176,2146,5,2,1,1,1,NA,NA,NA,NA,NA
88034446,1,2634,5,0,1,1,6,NA,NA,NA,NA,NA
550129823,1.59754822154648,5222,0,2,1,1,3,NA,NA,NA,NA,NA
924113477,2.39662915721086,2222,5,0,1,1,4,NA,NA,NA,NA,NA
220129801,4.24899917952074,7223,4,1,2,1,1,NA,NA,NA,NA,NA
11019834,32.130193814791,1412,0,1,2,1,2,NA,NA,NA,NA,NA
22034112,2.45108453867106,4225,2,1,1,1,1,NA,NA,NA,NA,NA
27511345,5.57901030683986,3341,4,3,1,1,15,NA,NA,NA,NA,NA
550993433,1.79800552387734,2411,5,0,1,1,1,NA,NA,NA,NA,NA
1012999934,25.2871145670538,2513,4,5,1,1,5,NA,NA,NA,NA,NA
660441112,4.83847753256889,6112,5,2,2,1,1,NA,NA,NA,NA,NA
792123234,21.0869726612122,3343,4,3,1,1,2,NA,NA,NA,NA,NA
990122244,169.558766002071,9112,0,0,2,1,5,NA,NA,NA,NA,NA
132123234,21.0869726612122,8121,3,2,NA,1,6,NA,NA,NA,NA,NA
22034433,1,8342,2,1,1,1,4,NA,NA,NA,NA,NA
100177559,61.8329989886565,7126,4,3,1,2,NA,NA,NA,NA,NA,NA
220234345,1,2421,6,3,1,1,1,NA,NA,NA,NA,NA
550995556,5.04418802401201,2635,4,1,1,1,1,NA,NA,NA,NA,NA
33012225,10.4433017081777,7411,3,4,1,1,3,NA,NA,NA,NA,NA
220342123,1,4322,5,2,1,1,3,NA,NA,NA,NA,NA
121346534,1,3123,3,3,1,1,27,NA,NA,NA,NA,NA
44034767,8.69230618857931,9329,0,0,2,1,16,NA,NA,NA,NA,NA
682347634,1,9333,2,1,1,1,118,NA,NA,NA,NA,NA
66077777,7.32795606064763,4321,5,3,1,1,1,NA,NA,NA,NA,NA
88012323,2.05714578235601,7233,4,2,1,1,2,NA,NA,NA,NA,NA
660882245,3.8464059039183,3121,3,3,1,1,1,NA,NA,NA,NA,NA
220014477,4.06360851879736,2330,5,0,1,1,6,NA,NA,NA,NA,NA
121999934,83.8018215905455,3313,3,2,2,1,1,NA,NA,NA,NA,NA
45166350,23.6519287699075,2243,5,5,1,1,1,NA,NA,NA,NA,NA
341555501,28.0884053340588,4416,5,2,2,1,1,NA,NA,NA,NA,NA
101277669,21.6344070654774,7212,4,5,2,1,2,NA,NA,NA,NA,NA
66001121,5.35480683456073,2243,5,0,1,1,1,NA,NA,NA,NA,NA
440129823,1.59754822154648,9412,3,1,1,1,37,NA,NA,NA,NA,NA
57277884,5.02331052128334,5223,0,0,1,1,1,NA,NA,NA,NA,NA
275771134,79.9182862727064,8344,2,0,1,1,1,NA,NA,NA,NA,NA
22099888,4.66906230883171,9412,3,0,1,1,4,NA,NA,NA,NA,NA
33001983,2.0529932270711,4110,4,3,1,1,2,NA,NA,NA,NA,NA
33012660,1,9313,0,0,1,1,94,NA,NA,NA,NA,NA
440012167,17.1674156335887,6210,0,2,1,1,1,NA,NA,NA,NA,NA
68201761,8.91560005738092,1221,3,0,1,1,1,NA,NA,NA,NA,NA
5508855552,29.634096081514,8332,0,0,1,1,2,NA,NA,NA,NA,NA
22012433,1.79223314641399,7212,3,1,1,1,2,NA,NA,NA,NA,NA
66099350,17.9887620005335,2244,5,0,1,1,1,NA,NA,NA,NA,NA
671113411,11.6878087424019,8322,0,0,1,1,1,NA,NA,NA,NA,NA
440998801,4.24899917952074,8157,1,0,2,1,1,NA,NA,NA,NA,NA
440019834,26.4210870002648,5132,4,4,1,1,2,NA,NA,NA,NA,NA
44034877,3.28705178872377,9112,2,0,1,1,5,NA,NA,NA,NA,NA
12188558,24.6602769010231,7112,0,0,2,1,32,NA,NA,NA,NA,NA
88077351,22.3915910543013,3251,4,0,1,1,1,NA,NA,NA,NA,NA
220124433,1.79800552387734,4323,2,0,2,1,1,NA,NA,NA,NA,NA
99099224,3.24867467744887,3111,0,NA,1,1,5,NA,NA,NA,NA,NA
440990133,2.94636350302331,2147,5,0,2,1,1,NA,NA,NA,NA,NA
22001324,3.24867467744887,2243,5,2,1,1,1,NA,NA,NA,NA,NA
33034651,1,1213,5,10,1,1,5,NA,NA,NA,NA,NA
682771233,3.87074113260851,3123,3,2,1,1,3,NA,NA,NA,NA,NA
220992212,2.37085399095875,8342,2,NA,1,1,6,NA,NA,NA,NA,NA
22001654,22.6496228380874,2243,3,3,2,1,5,NA,NA,NA,NA,NA
33012214,11.6821662441338,9211,2,0,2,1,5,NA,NA,NA,NA,NA
33012654,1,3123,4,2,1,1,15,NA,NA,NA,NA,NA
59411344,5.03215123785774,2330,5,0,1,1,1,NA,NA,NA,NA,NA
770344334,1,3257,4,0,1,1,10,NA,NA,NA,NA,NA
100155128,14.3633132974849,7231,4,0,2,1,1,NA,NA,NA,NA,NA
88088773,3.35156194954141,7412,4,2,1,2,NA,NA,NA,NA,NA,NA
880018734,234.082178741939,2421,5,2,2,1,1,NA,NA,NA,NA,NA
1199777,3.28705178872377,9329,0,0,2,1,34,NA,NA,NA,NA,NA
550124367,1.62826746533625,7233,3,2,1,1,3,NA,NA,NA,NA,NA
451667767,3.89141327964785,4110,5,1,1,2,NA,NA,NA,NA,NA,NA
33001653,7.1849933524850504,7413,2,2,1,1,5,NA,NA,NA,NA,NA
22012987,2.50244131381364,5131,2,1,1,1,5,NA,NA,NA,NA,NA
23177890,12.8797783942311,9622,2,1,2,1,10,NA,NA,NA,NA,NA
891020934,25.2871145670538,1221,5,10,2,1,1,NA,NA,NA,NA,NA
55001654,16.905910863184,1212,3,2,1,1,8,NA,NA,NA,NA,NA
220347601,1,2521,4,1,1,1,7,NA,NA,NA,NA,NA
55088345,5.57901030683986,2145,5,0,1,1,10,NA,NA,NA,NA,NA
22099450,5.23370769244726,8342,0,0,2,1,3,NA,NA,NA,NA,NA
770883411,7.41900200796358,2244,5,2,1,1,1,NA,NA,NA,NA,NA
36312761,5.38709324017132,7231,5,2,1,1,14,NA,NA,NA,NA,NA
440349834,1,3343,3,0,2,1,200,NA,NA,NA,NA,NA
891885534,815.917781369119,3257,4,1,1,1,6,NA,NA,NA,NA,NA
220019823,2.39950702694744,5151,5,2,1,1,1,NA,NA,NA,NA,NA
55034439,1,4321,2,1,1,1,6,NA,NA,NA,NA,NA
44088125,10.4433017081777,3123,0,0,2,1,3,NA,NA,NA,NA,NA
22034654,1,2142,5,0,2,1,1,NA,NA,NA,NA,NA
66012324,2.42484410946029,2243,5,10,1,1,19,NA,NA,NA,NA,NA
2209988992,5.44318046249358,4321,3,0,2,1,2,NA,NA,NA,NA,NA
66012437,3.60652676089592,4110,4,1,1,1,4,NA,NA,NA,NA,NA
66034767,5.12653577690574,3513,4,2,1,1,3,NA,NA,NA,NA,NA
89177556,45.3529257956236,7126,1,0,2,1,2,NA,NA,NA,NA,NA
99088122,4.69218979973436,1219,5,10,1,1,5,NA,NA,NA,NA,NA
440770122,2.44167017008651,9112,2,0,1,1,1,NA,NA,NA,NA,NA
440346523,1,2142,5,2,2,1,20,NA,NA,NA,NA,NA
55034451,1,2352,6,5,1,1,1,NA,NA,NA,NA,NA
990888823,3.78015522531299,2421,5,4,1,1,2,NA,NA,NA,NA,NA
220019812,1,5151,4,2,1,2,NA,NA,NA,NA,NA,NA
23199224,3.24867467744887,7233,4,5,1,1,2,NA,NA,NA,NA,NA
