codigo_ciuo08,ocupacion_nombre,subgrupo_principal,subgrupo_principal_nombre,subgrupo,subgrupo_nombre,gran_grupo,gran_grupo_nombre,anio,n_muestra,personas_estimadas,ingreso_trabajo_prom,horas_semanales_prom,tasa_formalidad,pct_asalariados,pct_cuenta_propia,pct_empleadores,pct_mujeres,edad_prom,escolaridad_prom,es_crosswalk,pct_crosswalk_ambiguo,muestra_chica
5223,"Vendedores y asistentes de venta de tiendas, almacenes y puestos de mercado",52,Vendedores,522,"Comerciantes, dueños - operadores, supervisores y vendedores de tiendas, almacenes y puestos de mercado",5,Trabajadores de los servicios y vendedores de comercios y mercados,2020,2913,353069,483104.30505487486,NA,0.7939864457875149,0.8213946848916217,0.13118398953179122,0.02480251735496461,0.5295877009876256,38.98916075894513,12.72809580783213,FALSE,0,FALSE
9211,Obreros de explotaciones agrícolas,92,"Obreros agropecuarios, pesqueros y forestales",921,"Obreros agropecuarios, de jardinería y horticultura, forestales y pesqueros",9,Ocupaciones elementales,2020,3805,316385,317475.2742061653,NA,0.5906188950663137,0.7471213869178375,0.1877617459740506,0.05926007870158193,0.33335651184474613,42.81443178406056,9.026622333374856,FALSE,0,FALSE
9112,"Auxiliares de aseo de oficinas, hoteles y otros establecimientos",91,Auxiliares de aseo y trabajadores de casa particular,911,"Trabajadores de casa particular, limpiadores de oficinas, hoteles y otros establecimientos",9,Ocupaciones elementales,2020,2236,219452,330208.352506484,NA,0.8248850063061058,0.8974035324353389,0.0656954595993657,0.03234875963764285,0.7089933106100651,46.83651550225106,10.421101959408299,FALSE,0,FALSE
5221,"Comerciantes y dueños - operadores de locales comerciales, tiendas, almacenes y mercados",52,Vendedores,522,"Comerciantes, dueños - operadores, supervisores y vendedores de tiendas, almacenes y puestos de mercado",5,Trabajadores de los servicios y vendedores de comercios y mercados,2020,1999,201523,406780.0918630009,NA,0.5846306016143783,0.018112076537169456,0.9107843769693782,0.06625546463679084,0.549421157882723,46.64962808215439,11.66612210839558,FALSE,0,FALSE
9111,Trabajadores de casa particular y asistentes domésticos,91,Auxiliares de aseo y trabajadores de casa particular,911,"Trabajadores de casa particular, limpiadores de oficinas, hoteles y otros establecimientos",9,Ocupaciones elementales,2020,1968,198835,272536.8780819846,NA,0.47479180733738463,0.8008197751904845,0.1604546483265019,0.034591495461060676,0.9785047904041039,49.22160082480448,9.705583288533907,FALSE,0,FALSE
5414,Guardias de seguridad,54,Personal de los servicios de protección y seguridad,541,Personal de los servicios de protección y seguridad,5,Trabajadores de los servicios y vendedores de comercios y mercados,2020,1524,191159,481499.5401390033,NA,0.8752753879552947,0.9363147955366998,0.026747367374803176,0.03693783708849701,0.11320419127532577,44.22403339628268,11.610601063829787,FALSE,0,FALSE
8322,"Conductores de automóviles, taxis y camionetas",83,Conductores de vehículos y operadores de equipos pesados y móviles,832,"Conductores de motocicletas, automóviles y camionetas",8,"Operadores de instalaciones, máquinas y ensambladores",2020,1623,180258,440196.34094679897,NA,0.46741831985177823,0.4707197461416414,0.4879616993420542,0.038727823453050626,0.06300968611656625,46.4034938809928,11.86848823024443,FALSE,0,FALSE
3343,Secretarios administrativos y ejecutivos,33,Técnicos en operaciones financieras y administrativas,334,"Supervisores de oficina, secretarios administrativos y especializados",3,Técnicos y profesionales de nivel medio,2020,1278,147083,636746.4396434814,NA,0.9250832943249718,0.940659355601939,0.0238164845699367,0.031478824881189534,0.6843890864341902,41.59354922050815,14.770464834974943,FALSE,0,FALSE
8332,Conductores de camiones pesados y de alto tonelaje,83,Conductores de vehículos y operadores de equipos pesados y móviles,833,"Conductores de buses, trolebuses y camiones pesados",8,"Operadores de instalaciones, máquinas y ensambladores",2020,1292,138306,582186.7648234101,NA,0.8380967870714,0.7946871430017497,0.167874134166269,0.037069975272222465,0.013860570040345322,45.4635084522725,11.38479537294989,FALSE,0,FALSE
9800,NA,NA,NA,NA,NA,NA,NA,2020,1166,122551,594072.7114885234,NA,0.7063684814140188,0.6764367487821397,0.2337067832983819,0.0705828593809924,0.3136898107726579,42.41411330792894,11.75556501845265,FALSE,0,FALSE
4321,Empleados encargados del control de abastecimiento e inventario,43,Auxiliares y ayudantes de registros contables y encargados del registro de materiales,432,Empleados encargados del registro de materiales y de transportes,4,Personal de apoyo administrativo,2020,839,121658,484861.9535452542,NA,0.9299154530266467,0.9385161682750004,0.018510907626296667,0.03924115142448503,0.18769830179684033,37.461383550609085,12.679811994168803,FALSE,0,FALSE
5120,Cocineros,51,Trabajadores de los servicios a las personas,512,Cocineros,5,Trabajadores de los servicios y vendedores de comercios y mercados,2020,1262,121439,392533.64880518016,NA,0.6768567790249538,0.6249722082691722,0.3165457554821762,0.046533650639415676,0.7267269987401082,42.42659277497344,11.680636525133234,FALSE,0,FALSE
2341,Profesores de educación básica,23,Profesionales de la educación,234,Profesores de educación básica y educadores de párvulos,2,"Profesionales, científicos e intelectuales",2020,1136,118386,904782.3293679786,NA,0.9276949521767248,0.9519622252631224,0.022384403561231902,0.02565337117564577,0.7117480107445137,42.489018971837886,17.03955598322909,FALSE,0,FALSE
5211,Vendedores en quioscos o puestos de feria,52,Vendedores,521,Vendedores en quioscos o puestos de feria y vendedores ambulantes de comidas y bebidas de consumo inmediato (elaboración propia),5,Trabajadores de los servicios y vendedores de comercios y mercados,2020,925,111194,235177.39610067743,NA,0.15022405319456492,0.04154900444268576,0.9131967552206054,0.021763764231883014,0.6031710344083314,45.02212349587208,9.809557355876482,FALSE,0,FALSE
5230,Vendedores de entradas (entretenciones y eventos deportivos) y cajeros de comercio,52,Vendedores,523,Vendedores de entradas (entretenciones y eventos deportivos) y cajeros de comercio,5,Trabajadores de los servicios y vendedores de comercios y mercados,2020,844,108617,337999.2337985599,NA,0.9232727682681648,0.9597760939816051,0.014887172357918189,0.02204074868574901,0.8884428772659897,34.73710376828673,13.64159748626463,FALSE,0,FALSE
7231,Mecánicos y reparadores de vehículos de motor,72,"Operarios de la metalurgia y operarios de máquinas herramientas; mecánicos de vehículos, maquinarias, aviones y bicicletas",723,"Mecánicos de vehículos, motores de aviones, reparadores de máquinas agrícolas, industriales y bicicletas",7,Artesanos y operarios de oficios,2020,1001,104766,486044.00029954856,NA,0.5940145220159975,0.5185365481167554,0.4337284997041025,0.041502014012179525,0.010623675619953038,40.119666685756826,12.372340009005306,FALSE,0,FALSE
3221,Técnicos y auxiliares paramédicos de enfermería,32,Técnicos de la salud,322,"Técnicos y auxiliares paramédicos de enfermería, esterilización y ayudantes de ambulancia",3,Técnicos y profesionales de nivel medio,2020,966,104058,538661.9670169207,NA,0.9112804637589715,0.9402544734667205,0.03897826212304676,0.020267543100962924,0.8107209440888735,37.124459436083725,14.83548028381078,FALSE,0,FALSE
7115,Carpinteros de obra,71,Operarios de la construcción (no incluye electricistas),711,Operarios de la construcción en obra gruesa,7,Artesanos y operarios de oficios,2020,989,103134,391657.8026303148,NA,0.45923189959887206,0.47734015940427016,0.4945507785987162,0.025277793937983593,0.004886846238873698,46.73452013884849,9.686809960065775,FALSE,0,FALSE
9313,Obreros de la construcción de edificios,93,"Obreros de la minería, la construcción, la industria manufacturera y el transporte",931,Obreros de la minería y la construcción,9,Ocupaciones elementales,2020,905,102570,348788.7536287154,NA,0.6280711167978867,0.6922199473530272,0.2607487569464756,0.04140586916252315,0.0320074095739495,40.44261479964902,9.59609419415326,FALSE,0,FALSE
2411,Contadores,24,Profesionales de negocios y administración,241,"Contadores, asesores y analistas financieros y en inversiones",2,"Profesionales, científicos e intelectuales",2020,506,97267,1132996.7941378865,NA,0.9675504018702223,0.8549251030668161,0.1201332414899195,0.02435563963111847,0.38674987405800526,38.83819794997275,16.902388657072297,FALSE,0,FALSE
7512,"Panaderos, pasteleros y confiteros",75,"Operarios de procesamiento de alimentos, de la confección, ebanistas y otros oficios",751,"Operarios de procesamiento, elaboración, conservación, cata y clasificación de alimentos, bebidas y tabaco",7,Artesanos y operarios de oficios,2020,865,88067,294350.1457404275,NA,0.4079769841361541,0.35528631610024186,0.5970681413015091,0.03284998921275847,0.6183473945972953,42.27936684569703,11.55611541624677,FALSE,0,FALSE
2330,Profesores de educación media,23,Profesionales de la educación,233,Profesores de educación media,2,"Profesionales, científicos e intelectuales",2020,719,85958,988995.9409042534,NA,0.9397350837568229,0.9651690360408571,0.008457618837106494,0.026373345122036342,0.4635752344168082,41.347483654808165,17.144675339965858,FALSE,0,FALSE
7111,Constructores de casas,71,Operarios de la construcción (no incluye electricistas),711,Operarios de la construcción en obra gruesa,7,Artesanos y operarios de oficios,2020,706,80486,504664.58632780804,NA,0.4467560120240481,0.38737171682031657,0.5583828243421216,0.05136296995750814,0.008299580051189026,44.020401063539,10.433663166397416,FALSE,0,FALSE
7212,Soldadores y oxicortadores,72,"Operarios de la metalurgia y operarios de máquinas herramientas; mecánicos de vehículos, maquinarias, aviones y bicicletas",721,"Moldeadores, soldadores, chapistas, caldereros, montadores de estructuras metálicas, aparejadores y empalmadores de cables no eléctricos",7,Artesanos y operarios de oficios,2020,618,69435,464827.4732628375,NA,0.6337152989911934,0.592582991286815,0.36141715273277164,0.04287463094980917,0.0036580975012601713,42.644761287535104,11.13266063862316,FALSE,0,FALSE
2149,Otros ingenieros no clasificados previamente,21,Profesionales de las ciencias y de la ingeniería,214,Ingenieros (excluyendo ingenieros en electrotecnología),2,"Profesionales, científicos e intelectuales",2020,476,69305,1755701.8450635462,NA,0.8879399204829922,0.8467354447731044,0.09336988673255898,0.059894668494336625,0.27361662217733207,38.51902460139961,16.67313901141376,FALSE,0,FALSE
5312,Asistentes de aula e inspectores de patio,53,Trabajadores de los cuidados personales,531,"Cuidadores de niños, asistentes de aula e inspectores de patio",5,Trabajadores de los servicios y vendedores de comercios y mercados,2020,774,68560,386019.237904759,NA,0.9402466434021411,0.9599474912485414,0.008343057176196033,0.031709451575262546,0.8591890315052508,42.07028879813302,12.742265750014816,FALSE,0,FALSE
9334,Reponedores de estanterías,93,"Obreros de la minería, la construcción, la industria manufacturera y el transporte",933,Obreros del transporte y almacenamiento,9,Ocupaciones elementales,2020,616,66303,317197.7701826559,NA,0.8937163375224416,0.9222056317210383,0.03278886324902342,0.04241135393571935,0.42901527834336306,35.44489691265855,11.958845789971617,FALSE,0,FALSE
2142,"Ingenieros civiles, ingenieros en construcción y constructores civiles",21,Profesionales de las ciencias y de la ingeniería,214,Ingenieros (excluyendo ingenieros en electrotecnología),2,"Profesionales, científicos e intelectuales",2020,460,66263,2129381.23410646,NA,0.9107226778648636,0.8491013084224982,0.09629808490409429,0.0525029050903219,0.16414892172102077,40.847290343027026,17.281176524825966,FALSE,0,FALSE
9214,Ayudantes de jardinería y horticultura,92,"Obreros agropecuarios, pesqueros y forestales",921,"Obreros agropecuarios, de jardinería y horticultura, forestales y pesqueros",9,Ocupaciones elementales,2020,680,65433,312776.21764223755,NA,0.47645835303015976,0.5118059694649488,0.43328290006571607,0.05177815475371755,0.15507465651888191,49.53269756850519,8.331588483994363,FALSE,0,FALSE
2310,Profesores de la educación superior,23,Profesionales de la educación,231,Profesores de la educación superior,2,"Profesionales, científicos e intelectuales",2020,458,61644,1507836.2924586968,NA,0.7396518249008827,0.9227662059567842,0.06271494387126078,0.014518850171955098,0.37875543442995263,43.02837259100642,17.91569149381414,FALSE,0,FALSE
4110,Trabajadores de tareas administrativas generales,41,Oficinistas,411,Trabajadores de tareas administrativas generales,4,Personal de apoyo administrativo,2020,531,58081,551324.5504135927,NA,0.9042071197411004,0.9256555500077478,0.029062860487939258,0.034830667516055167,0.619255866806701,43.76890893751829,12.710290594729715,FALSE,0,FALSE
2221,Enfermeros profesionales,22,Profesionales de la salud,222,Profesionales de enfermería y matronería,2,"Profesionales, científicos e intelectuales",2020,472,57286,1177339.2183339268,NA,0.913421220950892,0.9416087700310721,0.03875292392556646,0.019638306043361378,0.8180881890863387,34.94019481199595,17.044947258523237,FALSE,0,FALSE
7411,Electricistas de obras,74,Trabajadores especializados en electricidad y electrónica,741,"Electricistas, instaladores y reparadores de equipos y líneas eléctricas",7,Artesanos y operarios de oficios,2020,478,56697,469340.30626937305,NA,0.683956132481371,0.6075806480060674,0.33633172831013985,0.052683563504241845,0.015626929114415225,39.852408416671075,12.255088415734392,FALSE,0,FALSE
9520,Vendedores ambulantes (excluyendo comida de consumo inmediato),95,Trabajadores ambulantes de servicios y vendedores ambulantes (excluyendo comida de consumo inmediato),952,Vendedores ambulantes (excluyendo comida de consumo inmediato),9,Ocupaciones elementales,2020,450,53896,222356.19776240058,NA,0.08589755508041276,0.013210627875909159,0.960145465340656,0.016587501855425263,0.4836537034288259,41.98697491465044,9.881470466438278,FALSE,0,FALSE
2611,Abogados,26,"Profesionales en derecho, ciencias sociales y culturales",261,"Abogados, jueces y otros profesionales del derecho",2,"Profesionales, científicos e intelectuales",2020,413,53775,2211707.057892561,NA,0.8681225344934976,0.596838679683868,0.3697257089725709,0.033435611343561135,0.40663877266387727,39.882026964202694,17.675230403800477,FALSE,0,FALSE
3313,Técnicos y asistentes en contabilidad,33,Técnicos en operaciones financieras y administrativas,331,"Agentes de bolsas, ejecutivos de créditos, asistentes contables y otros técnicos en finanzas y matemáticas",3,Técnicos y profesionales de nivel medio,2020,395,52425,797630.9303989504,NA,0.9262668308221453,0.7674964234620887,0.1625941821649976,0.06990939437291369,0.5475631855030997,42.98479732951836,14.808995686999383,FALSE,0,FALSE
5141,Peluqueros,51,Trabajadores de los servicios a las personas,514,"Peluqueros, cosmetólogos y especialistas en tratamientos de belleza",5,Trabajadores de los servicios y vendedores de comercios y mercados,2020,391,49066,380517.7474614906,NA,0.4928360245622015,0.2175029552031957,0.739188032446093,0.033587412872457506,0.687196836913545,40.34504544898708,12.286763619477806,FALSE,0,FALSE
1420,"Directores, gerentes y administradores de comercios al por mayor y al por menor",14,"Directores, gerentes y administradores de hoteles, restaurantes, comercios y de otros servicios",142,"Directores, gerentes y administradores de comercios al por mayor y al por menor",1,"Directores, gerentes y administradores",2020,370,48918,1625415.1657831874,NA,0.9151506391062837,0.3887934911484525,0.2586982296905025,0.34905351813238483,0.3086389468089456,43.81554846886627,16.110613449423386,FALSE,0,FALSE
4120,Secretarios generales,41,Oficinistas,412,Secretarios generales,4,Personal de apoyo administrativo,2020,534,48104,449150.3775175007,NA,0.8955195704157403,0.9068476633959753,0.031390320971229006,0.06055629469482787,0.9212331614834525,42.89597538666223,12.308177693362879,FALSE,0,FALSE
7112,Albañiles,71,Operarios de la construcción (no incluye electricistas),711,Operarios de la construcción en obra gruesa,7,Artesanos y operarios de oficios,2020,464,47800,362264.0908987174,NA,0.41695845761466305,0.4959623430962343,0.4913389121338912,0.010753138075313808,8.368200836820083e-4,47.077426778242675,9.421944842708948,FALSE,0,FALSE
8331,Conductores de buses y trolebuses,83,Conductores de vehículos y operadores de equipos pesados y móviles,833,"Conductores de buses, trolebuses y camiones pesados",8,"Operadores de instalaciones, máquinas y ensambladores",2020,410,47491,542418.3731288372,NA,0.8660055000974427,0.8497820639700153,0.10778884420205934,0.039502221473542355,0.03625950180034112,47.363310943126066,11.315280215781137,FALSE,0,FALSE
9621,"Mensajeros, estafetas, maleteros y repartidores de folletos y diarios a domicilio",96,Recolectores de desechos y otras ocupaciones elementales,962,Otras ocupaciones elementales,9,Ocupaciones elementales,2020,346,47285,423933.97862767155,NA,0.5408040603713102,0.6916358253145818,0.24299460716929258,0.029586549645765042,0.20826900708469917,35.488949984138735,13.036743438671666,FALSE,0,FALSE
5153,Conserjes,51,Trabajadores de los servicios a las personas,515,"Supervisores de mantenimiento y limpieza, mayordomos domésticos y conserjes",5,Trabajadores de los servicios y vendedores de comercios y mercados,2020,299,46913,415635.40971202205,NA,0.8328282828282828,0.9128173427408182,0.02651717008078784,0.06066548717839405,0.09543196981646879,50.24620041353143,11.647494392055231,FALSE,0,FALSE
5311,Cuidadores de niños en instituciones y a domicilios,53,Trabajadores de los cuidados personales,531,"Cuidadores de niños, asistentes de aula e inspectores de patio",5,Trabajadores de los servicios y vendedores de comercios y mercados,2020,465,46862,253073.18601488692,NA,0.37002372223420316,0.5226409457556229,0.42435235371943153,0.028487900644445393,0.9257607443130895,42.92369083692544,11.406566750411505,FALSE,0,FALSE
2634,Psicólogos,26,"Profesionales en derecho, ciencias sociales y culturales",263,"Economistas, especialistas en ciencias sociales, humanidades, ciencias políticas y teología",2,"Profesionales, científicos e intelectuales",2020,397,45916,1075260.0456253234,NA,0.8917171986406344,0.716983186688736,0.2423991636902169,0.04061764962104713,0.7136727937973691,36.537655719139295,17.352308552263835,FALSE,0,FALSE
7233,Mecánicos y reparadores de máquinas agrícolas e industriales,72,"Operarios de la metalurgia y operarios de máquinas herramientas; mecánicos de vehículos, maquinarias, aviones y bicicletas",723,"Mecánicos de vehículos, motores de aviones, reparadores de máquinas agrícolas, industriales y bicicletas",7,Artesanos y operarios de oficios,2020,351,45739,705438.3449904366,NA,0.9152136597705303,0.8811517523338945,0.08552876101357704,0.03331948665252848,0.013555171735280614,40.367738691270034,12.68129520418382,FALSE,0,FALSE
9333,Obreros de carga,93,"Obreros de la minería, la construcción, la industria manufacturera y el transporte",933,Obreros del transporte y almacenamiento,9,Ocupaciones elementales,2020,408,45004,335999.0228092407,NA,0.6763743680080528,0.7864412052262021,0.19667140698604568,0.014398720113767666,0.028664118745000446,37.16160785707937,10.312380524007647,FALSE,0,FALSE
3611,Técnicos en educación parvularia,36,Técnicos en educación,361,Técnicos en educación,3,Técnicos y profesionales de nivel medio,2020,475,43925,405220.2365142222,NA,0.9600784585208261,0.961502561183836,0.011610700056915196,0.025885031303357998,0.9844507683551508,36.30062606715993,14.234102913024426,FALSE,0,FALSE
8160,"Operadores de máquinas para elaborar alimentos, bebidas y cigarrillos",81,Operadores de instalaciones fijas y máquinas,816,"Operadores de máquinas para elaborar alimentos, bebidas y cigarrillos",8,"Operadores de instalaciones, máquinas y ensambladores",2020,327,42324,443802.19491856993,NA,0.9437882659210336,0.9246763065872791,0.020721103865419147,0.054602589547301766,0.38838484075229185,40.63278518098478,11.369674759505267,FALSE,0,FALSE
2635,Profesionales del trabajo social,26,"Profesionales en derecho, ciencias sociales y culturales",263,"Economistas, especialistas en ciencias sociales, humanidades, ciencias políticas y teología",2,"Profesionales, científicos e intelectuales",2020,382,41301,965774.6551366566,NA,0.8254256861347945,0.9469504370354229,0.04031379385487034,0.012735769109706786,0.8007312171618121,37.582068230793446,16.910562475286675,FALSE,0,FALSE
2243,Ingenieros en prevención de riesgos y otros profesionales de la seguridad e higiene laboral y ambiental,22,Profesionales de la salud,224,"Dentistas, farmacéuticos, kinesiólogos, nutricionistas, fonoaudiólogos y otros profesionales de la salud",2,"Profesionales, científicos e intelectuales",2020,292,40470,1236053.136526162,NA,0.9509547638608808,0.8884852977514208,0.10726464047442551,0.004250061774153694,0.34655300222386953,36.52238695329874,16.865995215913383,FALSE,0,FALSE
2342,Educadores de párvulos,23,Profesionales de la educación,234,Profesores de educación básica y educadores de párvulos,2,"Profesionales, científicos e intelectuales",2020,363,40057,775528.1900077062,NA,0.9424680377987771,0.9383628329630277,0.057068677135082506,0.004568489901889807,0.9959557630376713,39.30826072846194,16.770001521992796,FALSE,0,FALSE
5222,"Supervisores de locales comerciales, tiendas y almacenes",52,Vendedores,522,"Comerciantes, dueños - operadores, supervisores y vendedores de tiendas, almacenes y puestos de mercado",5,Trabajadores de los servicios y vendedores de comercios y mercados,2020,281,38047,679898.6879732921,NA,0.9579238571993149,0.8907929665939496,0.05713985333929088,0.04951770178989145,0.44481825111046863,40.6170788761269,13.922509425262415,FALSE,0,FALSE
5131,Garzones de mesa,51,Trabajadores de los servicios a las personas,513,Garzones de mesa y bármanes,5,Trabajadores de los servicios y vendedores de comercios y mercados,2020,322,36182,363383.0188594366,NA,0.7759293547927646,0.910425073240838,0.059338897794483446,0.02468078049859046,0.48891714111989387,33.1205848211818,13.103925643041672,FALSE,0,FALSE
9412,Ayudantes de cocina,94,Cocineros de comida rápida y ayudantes de cocina,941,Cocineros de comida rápida y ayudantes de cocina,9,Ocupaciones elementales,2020,342,33907,317512.7146515456,NA,0.7086335327878862,0.8313622555814434,0.09773793022089834,0.03450614917273719,0.6396614268440145,36.70253929866989,11.521339011823569,FALSE,0,FALSE
7533,Costureros y bordadores,75,"Operarios de procesamiento de alimentos, de la confección, ebanistas y otros oficios",753,"Sastres, modistos, patronistas de tela, costureros, tapiceros, apelambradores y zapateros",7,Artesanos y operarios de oficios,2020,369,33833,174453.13995740717,NA,0.1698330965909091,0.09588271805633553,0.8962255785771288,0.005349806402033518,0.9515561729672214,51.11964649898029,10.976404327849414,FALSE,0,FALSE
7126,Gásfiter e instaladores de tuberías,71,Operarios de la construcción (no incluye electricistas),712,Operarios de la construcción en trabajos de terminación,7,Artesanos y operarios de oficios,2020,293,33573,545297.9272252164,NA,0.5285461152656395,0.4253715783516516,0.5359664015726924,0.027522115986060226,0.005927382122538945,46.286301492270574,10.563548504741066,FALSE,0,FALSE
7522,Ebanistas y mueblistas,75,"Operarios de procesamiento de alimentos, de la confección, ebanistas y otros oficios",752,"Operarios del tratamiento de la madera, ebanistas y operarios de máquinas para trabajar madera",7,Artesanos y operarios de oficios,2020,295,33565,423538.9198247759,NA,0.4187840568174861,0.2834202294056309,0.6388499925517652,0.0734395948160286,0.06834500223447043,45.716520184716224,11.286964129483815,FALSE,0,FALSE
5412,Carabineros,54,Personal de los servicios de protección y seguridad,541,Personal de los servicios de protección y seguridad,5,Trabajadores de los servicios y vendedores de comercios y mercados,2020,249,33248,903814.0413569964,NA,0.8849497502928664,0.9478464870067372,0,0.052153512993262756,0.16160370548604427,38.25848171318576,13.252267056174304,FALSE,0,FALSE
2211,Médicos generales,22,Profesionales de la salud,221,Médicos generales y especialistas,2,"Profesionales, científicos e intelectuales",2020,177,32874,3115041.440454038,NA,0.9276255004619649,0.8887874916347265,0.1079272373304131,0.003285271034860376,0.26391677313378353,40.02935450508,18.19521729133134,FALSE,0,FALSE
7131,Pintores y empapeladores de paredes,71,Operarios de la construcción (no incluye electricistas),713,"Pintores, limpiadores de fachadas y deshollinadores",7,Artesanos y operarios de oficios,2020,271,32045,334076.56851428363,NA,0.4439860361789908,0.456420658449056,0.5232329536589172,0.02034638789202684,0.02808550475893275,42.09776876267748,9.74471983797859,FALSE,0,FALSE
2166,Diseñadores gráficos y de multimedia,21,Profesionales de las ciencias y de la ingeniería,216,"Arquitectos, diseñadores, urbanistas, cartógrafos y agrimensores",2,"Profesionales, científicos e intelectuales",2020,186,31490,1109269.4768853083,NA,0.8030410640495868,0.5077802476976818,0.45620832010161955,0.036011432200698634,0.46281359161638613,36.76767227691331,16.653921994585744,FALSE,0,FALSE
2431,Profesionales de la publicidad y la comercialización,24,Profesionales de negocios y administración,243,"Profesionales de la publicidad, relaciones públicas y de las ventas técnicas, médicas y de tecnología de la información y las comunicaciones",2,"Profesionales, científicos e intelectuales",2020,168,31074,2023648.047516048,NA,0.8966586957926711,0.7001351612280363,0.2015511359979404,0.09078329149771514,0.3884598056252816,35.8673489090558,16.348826714801444,FALSE,0,FALSE
2511,Analistas de sistemas,25,Profesionales de tecnología de la información y las comunicaciones,251,"Analistas, desarrolladores y programadores de software, multimedia y aplicaciones",2,"Profesionales, científicos e intelectuales",2020,163,30765,1609703.669022924,NA,0.9699515666699614,0.8658540549325532,0.0843165935316106,0.049829351535836175,0.15865431496830815,39.724167072972534,16.941463738746222,FALSE,0,FALSE
5244,Vendedores por internet y otros medios de comunicación,52,Vendedores,524,Modelos y promotores y otros vendedores no clasificados previamente,5,Trabajadores de los servicios y vendedores de comercios y mercados,2020,243,30622,432107.2678936605,NA,0.4270025624812806,0.3137613480504213,0.6547580171118803,0.02877016524067664,0.7621971131865979,33.53719548037359,13.451101380042463,FALSE,0,FALSE
2161,Arquitectos,21,Profesionales de las ciencias y de la ingeniería,216,"Arquitectos, diseñadores, urbanistas, cartógrafos y agrimensores",2,"Profesionales, científicos e intelectuales",2020,212,30153,1732193.2772537994,NA,0.8979218011057084,0.6577786621563361,0.3058070507080556,0.036414287135608396,0.3756840115411402,40.44499718104335,17.583797521236598,FALSE,0,FALSE
3334,Agentes inmobiliarios,33,Técnicos en operaciones financieras y administrativas,333,"Agentes de aduana, organizadores de eventos, agentes de empleo, de bienes raíces y otros agentes de servicios comerciales",3,Técnicos y profesionales de nivel medio,2020,197,29536,762541.3614503022,NA,0.8063602552291261,0.5627708559046587,0.4117686890574215,0.025460455037919827,0.5385631094257854,46.023056608884076,14.902252313554708,FALSE,0,FALSE
8343,Operadores de grúas y aparatos elevadores,83,Conductores de vehículos y operadores de equipos pesados y móviles,834,"Operadores de maquinaria agrícola, forestal, máquinas de movimiento de tierras, grúas y montacargas",8,"Operadores de instalaciones, máquinas y ensambladores",2020,221,29524,617370.0205352032,NA,0.957006424726515,0.9444181005283837,0.03786749762904756,0.01771440184256876,0.014496680666576344,42.58491396829698,11.400013629084466,FALSE,0,FALSE
5322,Trabajadores de los cuidados personales a domicilio,53,Trabajadores de los cuidados personales,532,Trabajadores de los cuidados personales en instituciones y a domicilio,5,Trabajadores de los servicios y vendedores de comercios y mercados,2020,318,29293,319896.1538461539,NA,0.26893130296975126,0.5626941590140989,0.3782132250025603,0.016113064554671763,0.9612194039531629,48.6058102618373,11.134965629650628,FALSE,0,FALSE
5249,Otros vendedores no clasificados previamente,52,Vendedores,524,Modelos y promotores y otros vendedores no clasificados previamente,5,Trabajadores de los servicios y vendedores de comercios y mercados,2020,221,28002,309700.9946130213,NA,0.35158202985501036,0.2727305192486251,0.6998785801014213,0.027390900649953576,0.6433469037925862,37.55106778087279,11.344070489672108,FALSE,0,FALSE
2512,Desarrolladores de software,25,Profesionales de tecnología de la información y las comunicaciones,251,"Analistas, desarrolladores y programadores de software, multimedia y aplicaciones",2,"Profesionales, científicos e intelectuales",2020,126,27772,1549775.141807079,NA,0.9802678957223102,0.8399467089154544,0.0952038023908973,0.06484948869364827,0.12350568918335014,37.28273080800807,17.245524203798524,FALSE,0,FALSE
2352,Educadores para necesidades especiales,23,Profesionales de la educación,235,"Especialistas en métodos pedagógicos, educadores para necesidades especiales y otros profesionales de la educación",2,"Profesionales, científicos e intelectuales",2020,245,27190,834994.5682247141,NA,0.9775285031261494,0.9538065465244575,0.021662375873482898,0.02453107760205958,0.9484737035674881,36.13085693269584,16.86023871689668,FALSE,0,FALSE
4311,Auxiliares y ayudantes de registros de contabilidad y cálculo de costos,43,Auxiliares y ayudantes de registros contables y encargados del registro de materiales,431,Auxiliares y ayudantes de registros contables y financieros,4,Personal de apoyo administrativo,2020,244,26644,571345.7656154629,NA,0.8773519432449105,0.7433943852274433,0.21077916228794474,0.04582645248461192,0.5853100135114848,45.87167842666266,12.783272727272728,FALSE,0,FALSE
8111,Mineros y operadores de instalaciones mineras,81,Operadores de instalaciones fijas y máquinas,811,"Mineros y operadores de instalaciones mineras, perforadores de pozos y operadores de máquinas para fabricar cemento y otros productos minerales",8,"Operadores de instalaciones, máquinas y ensambladores",2020,286,25370,818915.2456490966,NA,0.9223091338710991,0.9015766653527789,0.05368545526212062,0.044737879385100515,0.036105636578636184,41.835474970437524,12.00490933565603,FALSE,0,FALSE
2422,Especialistas en políticas de administración,24,Profesionales de negocios y administración,242,"Especialistas y asesores de gestión, políticas corporativas, políticas públicas y desarrollo del personal",2,"Profesionales, científicos e intelectuales",2020,199,25288,1432577.9430474874,NA,0.9510727575013855,0.917391648212591,0.07086365074343562,0.011744701043973425,0.4771433090794053,40.541798481493196,16.862104800351734,FALSE,0,FALSE
4225,"Empleados de informaciones, reclamos o sugerencias",42,Empleados en trato directo con el público,422,Empleados de servicios de información al cliente,4,Personal de apoyo administrativo,2020,188,24682,541474.1014353668,NA,0.8890935887988209,0.9610647435378008,0.021230046187505066,0.01770521027469411,0.7118142776112146,38.16566728790212,14.14536780296852,FALSE,0,FALSE
2241,Dentistas,22,Profesionales de la salud,224,"Dentistas, farmacéuticos, kinesiólogos, nutricionistas, fonoaudiólogos y otros profesionales de la salud",2,"Profesionales, científicos e intelectuales",2020,171,24600,1816360.9458807309,NA,0.7545353572750833,0.7010162601626017,0.25410569105691055,0.0448780487804878,0.5818292682926829,37.47930894308943,18.066428036294013,FALSE,0,FALSE
8342,Operadores de máquinas de movimiento de tierras,83,Conductores de vehículos y operadores de equipos pesados y móviles,834,"Operadores de maquinaria agrícola, forestal, máquinas de movimiento de tierras, grúas y montacargas",8,"Operadores de instalaciones, máquinas y ensambladores",2020,216,24230,632052.7322714379,NA,0.8607103686830339,0.8270738753611225,0.1373503920759389,0.03557573256293851,0.0021873710276516713,43.0061494015683,11.657716710786168,FALSE,0,FALSE
5142,Cosmetólogos y especialistas en tratamientos de belleza,51,Trabajadores de los servicios a las personas,514,"Peluqueros, cosmetólogos y especialistas en tratamientos de belleza",5,Trabajadores de los servicios y vendedores de comercios y mercados,2020,192,23992,282145.5608236115,NA,0.3150273108354152,0.1422974324774925,0.8326108702900967,0.025091697232410802,0.9366038679559854,32.384253084361454,12.928485628485628,FALSE,0,FALSE
6111,Agricultores y trabajadores calificados de cultivos extensivos,61,Agricultores y trabajadores calificados de explotaciones agropecuarias cuya producción se destina al mercado,611,"Agricultores y trabajadores calificados de cultivos extensivos, plantaciones de árboles y arbustos, huertas, invernaderos, viveros y jardines y de cultivos mixtos",6,"Agricultores y trabajadores calificados agropecuarios, forestales y pesqueros",2020,327,23882,447421.096515646,NA,0.3838400806316143,0.22334812829746253,0.71459676743991285,0.055774223264383214,0.13482957876224771,52.03387488485051,8.510805084745762,FALSE,0,FALSE
9411,Cocineros de comida rápida,94,Cocineros de comida rápida y ayudantes de cocina,941,Cocineros de comida rápida y ayudantes de cocina,9,Ocupaciones elementales,2020,216,23484,339307.4251715795,NA,0.49187027597117244,0.40546755237608584,0.5598279679781979,0.031766308976324306,0.5508005450519503,35.522227899846705,11.745246494020476,FALSE,0,FALSE
3322,"Representantes comerciales (excepto venta de productos y servicios industriales, farmacéuticos y de tecnologías de la información y las comunicaciones)",33,Técnicos en operaciones financieras y administrativas,332,"Agentes de seguros, representantes comerciales, agentes de compras y consignatarios",3,Técnicos y profesionales de nivel medio,2020,163,23325,953932.3727960882,NA,0.9703632469292303,0.8817148981779207,0.022979635584137192,0.09118971061093248,0.44102893890675243,42.467309753483384,14.519179265658748,FALSE,0,FALSE
4419,Otro personal de apoyo administrativo no clasificado previamente,44,Otro personal de apoyo administrativo,441,Otro personal de apoyo administrativo,4,Personal de apoyo administrativo,2020,215,23310,599820.7645414419,NA,0.8707401490947817,0.8526812526812527,0.07533247533247533,0.06885456885456885,0.5234663234663235,41.21106821106821,13.076134699853586,FALSE,0,FALSE
3123,Supervisores de la construcción,31,Técnicos de las ciencias y la ingeniería,312,"Supervisores de minas, de industrias manufactureras y de la construcción",3,Técnicos y profesionales de nivel medio,2020,167,22470,834268.5669007491,NA,0.9629150303463049,0.9419670672007121,0.03275478415665332,0.025278148642634623,0.06542056074766354,42.07400979083222,13.767670836908902,FALSE,0,FALSE
3321,Agentes de seguros y ejecutivos de fondos de pensiones,33,Técnicos en operaciones financieras y administrativas,332,"Agentes de seguros, representantes comerciales, agentes de compras y consignatarios",3,Técnicos y profesionales de nivel medio,2020,176,22215,972909.5592513622,NA,0.8665652194588426,0.8893990546927751,0.09034436191762323,0.02025658338960162,0.6144496961512491,44.0437992347513,14.89386061155369,FALSE,0,FALSE
2244,Kinesiólogos,22,Profesionales de la salud,224,"Dentistas, farmacéuticos, kinesiólogos, nutricionistas, fonoaudiólogos y otros profesionales de la salud",2,"Profesionales, científicos e intelectuales",2020,192,22137,1216311.4607578802,NA,0.8353888633225955,0.723223562361657,0.2723946334191625,0.004381804219180558,0.5113610697023083,34.0523557844333,17.194724592707527,FALSE,0,FALSE
2642,Periodistas,26,"Profesionales en derecho, ciencias sociales y culturales",264,"Escritores, periodistas, traductores, intérpretes de lengua de señas y lingüistas",2,"Profesionales, científicos e intelectuales",2020,149,22126,1495156.0877770162,NA,0.9259395387301296,0.838515773298382,0.10919280484497876,0.05229142185663925,0.45385519298562776,37.798246406942056,17.23492135855938,FALSE,0,FALSE
7422,Instaladores y reparadores en tecnología de la información y las comunicaciones,74,Trabajadores especializados en electricidad y electrónica,742,Instaladores y reparadores de equipos electrónicos y de telecomunicaciones,7,Artesanos y operarios de oficios,2020,132,21969,463689.5069973941,NA,0.657470189385083,0.5848240702808503,0.3662433428922573,0.03996540579908052,0.0575811370567618,36.69953115754017,13.989893862482695,FALSE,0,FALSE
2423,Especialistas en políticas y servicios de personal,24,Profesionales de negocios y administración,242,"Especialistas y asesores de gestión, políticas corporativas, políticas públicas y desarrollo del personal",2,"Profesionales, científicos e intelectuales",2020,152,21938,1374423.834306327,NA,1,0.9490381985595769,0.032728598778375424,0.018233202662047587,0.5892971100373781,40.37792870817759,16.5785896346644,FALSE,0,FALSE
4222,Empleados de centros de llamadas de informaciones,42,Empleados en trato directo con el público,422,Empleados de servicios de información al cliente,4,Personal de apoyo administrativo,2020,140,21571,459415.96923396736,NA,0.9102606713831252,0.9277733994715127,0.009828009828009828,0.029484029484029485,0.7243057809095544,38.28111816791062,13.65231097306569,FALSE,0,FALSE
8341,Operadores de maquinaria agrícola y forestal móvil,83,Conductores de vehículos y operadores de equipos pesados y móviles,834,"Operadores de maquinaria agrícola, forestal, máquinas de movimiento de tierras, grúas y montacargas",8,"Operadores de instalaciones, máquinas y ensambladores",2020,251,21515,412603.02541047696,NA,0.7514574150433669,0.7986521031838253,0.12033465024401581,0.08101324657215896,0.003764815245177783,46.930745991168955,9.198358348968105,FALSE,0,FALSE
2141,Ingenieros industriales y de producción,21,Profesionales de las ciencias y de la ingeniería,214,Ingenieros (excluyendo ingenieros en electrotecnología),2,"Profesionales, científicos e intelectuales",2020,139,21080,1823205.6947896988,NA,0.8862646404026716,0.8462049335863377,0.1036527514231499,0.05014231499051233,0.18477229601518028,38.5064990512334,17.410160427807487,FALSE,0,FALSE
3344,Secretarios médicos,33,Técnicos en operaciones financieras y administrativas,334,"Supervisores de oficina, secretarios administrativos y especializados",3,Técnicos y profesionales de nivel medio,2020,203,20905,521849.32607695844,NA,0.9352597809831636,0.9624013393924898,0.009901937335565655,0.024061229370963885,0.8353025591963645,42.18134417603444,13.878259588469282,FALSE,0,FALSE
2144,Ingenieros mecánicos,21,Profesionales de las ciencias y de la ingeniería,214,Ingenieros (excluyendo ingenieros en electrotecnología),2,"Profesionales, científicos e intelectuales",2020,138,20886,1705765.846712041,NA,0.9705159705159705,0.8773819783587092,0.04869290433783396,0.07392511730345686,0.01795461074403907,37.817485396916595,17.209927762592738,FALSE,0,FALSE
1324,"Directores, gerentes y administradores de empresas de abastecimiento, almacenamiento y distribución",13,"Directores, gerentes y administradores de producción y operaciones",132,"Directores, gerentes y administradores de producción y operaciones de industrias manufactureras, de minería, de construcción, de almacenamiento y distribución",1,"Directores, gerentes y administradores",2020,135,20257,2147150.929315961,NA,0.9515363477391956,0.6898356123809054,0.15718023399318753,0.15021967714863999,0.1720392950584983,43.98849780322851,16.042423933020217,FALSE,0,FALSE
2359,Otros profesionales de la educación no clasificados previamente,23,Profesionales de la educación,235,"Especialistas en métodos pedagógicos, educadores para necesidades especiales y otros profesionales de la educación",2,"Profesionales, científicos e intelectuales",2020,195,20249,865804.3819154005,NA,0.7427944549715767,0.6790952639636525,0.31295372610993133,0.00795100992641612,0.5668921922070226,39.602647044298486,16.578072924439137,FALSE,0,FALSE
2212,Médicos especialistas,22,Profesionales de la salud,221,Médicos generales y especialistas,2,"Profesionales, científicos e intelectuales",2020,134,20221,3229404.325924449,NA,0.9270750199521149,0.8744869195390931,0.11774887493200138,0.0077642055289055935,0.3836110973740171,44.306067949161765,19.314378920953576,FALSE,0,FALSE
4323,Empleados de servicios de transporte,43,Auxiliares y ayudantes de registros contables y encargados del registro de materiales,432,Empleados encargados del registro de materiales y de transportes,4,Personal de apoyo administrativo,2020,123,20041,641254.4756344387,NA,0.9442831397677213,0.9214610049398733,0.04705354024250287,0.031485454817623874,0.10079337358415248,38.604510752956436,13.78768937387435,FALSE,0,FALSE
0310,Otros miembros de las Fuerzas Armadas,03,Otros miembros de las Fuerzas Armadas,031,Otros miembros de las Fuerzas Armadas,0,Ocupaciones de las fuerzas armadas,2020,211,20005,798121.7440335962,NA,0.7536362193896441,0.9922019495126219,0,0.007798050487378155,0.027293176705823544,35.51277180704824,13.610126063339141,FALSE,0,FALSE
2421,Especialistas y asesores de gestión,24,Profesionales de negocios y administración,242,"Especialistas y asesores de gestión, políticas corporativas, políticas públicas y desarrollo del personal",2,"Profesionales, científicos e intelectuales",2020,136,19785,1548091.1044436397,NA,0.9224217547460236,0.8722264341672985,0.0974981046247157,0.030275461207985847,0.4014152135456154,40.04270912307304,17.028362542777145,FALSE,0,FALSE
9215,Obreros forestales,92,"Obreros agropecuarios, pesqueros y forestales",921,"Obreros agropecuarios, de jardinería y horticultura, forestales y pesqueros",9,Ocupaciones elementales,2020,269,19586,263075.6449827771,NA,0.4689902074339265,0.5221076278974778,0.44378637802512,0.034105994077402224,0.09930562646788522,45.19028898192587,8.120917734601075,FALSE,0,FALSE
5321,Trabajadores de los cuidados personales en instituciones,53,Trabajadores de los cuidados personales,532,Trabajadores de los cuidados personales en instituciones y a domicilio,5,Trabajadores de los servicios y vendedores de comercios y mercados,2020,197,19546,390203.30201820773,NA,0.7841812607181833,0.8736314335413895,0.08508134656707254,0.04128721989153791,0.8238002660390873,44.03576179269416,11.74123503866116,FALSE,0,FALSE
4226,Recepcionistas (funciones generales),42,Empleados en trato directo con el público,422,Empleados de servicios de información al cliente,4,Personal de apoyo administrativo,2020,130,19321,475799.47135048825,NA,0.897196261682243,0.9620102479167745,0.018943118886186015,0.01904663319703949,0.7304487345375498,41.31587391956938,13.55924787749362,FALSE,0,FALSE
2247,Tecnólogos médicos,22,Profesionales de la salud,224,"Dentistas, farmacéuticos, kinesiólogos, nutricionistas, fonoaudiólogos y otros profesionales de la salud",2,"Profesionales, científicos e intelectuales",2020,121,19151,1228613.2669820345,NA,0.9622611294971709,0.9270534175761057,0.06647172471411414,0.006474857709780168,0.5680643308443424,35.17367239308652,16.75186077643909,FALSE,0,FALSE
7511,Carniceros y pescaderos,75,"Operarios de procesamiento de alimentos, de la confección, ebanistas y otros oficios",751,"Operarios de procesamiento, elaboración, conservación, cata y clasificación de alimentos, bebidas y tabaco",7,Artesanos y operarios de oficios,2020,196,18733,382143.76123293105,NA,0.7585979199911957,0.8111888111888111,0.13708428975604547,0.03790103026744248,0.3089200875460417,43.61719959429883,10.289466572988164,FALSE,0,FALSE
6222,Pescadores en agua dulce y en aguas costeras,62,"Trabajadores forestales calificados, pescadores y cazadores cuya producción se destina al mercado",622,"Trabajadores de explotaciones de acuicultura, pescadores, cazadores y tramperos",6,"Agricultores y trabajadores calificados agropecuarios, forestales y pesqueros",2020,215,18632,353456.7612018632,NA,0.23749253082731273,0.19831472735079433,0.7730249033920137,0.02866036925719193,0.036227994847574066,45.342528982395876,9.22240739745175,FALSE,0,FALSE
3312,Ejecutivos de préstamos y créditos,33,Técnicos en operaciones financieras y administrativas,331,"Agentes de bolsas, ejecutivos de créditos, asistentes contables y otros técnicos en finanzas y matemáticas",3,Técnicos y profesionales de nivel medio,2020,128,18561,968874.4296415492,NA,0.9976705130288748,0.9934270782824202,0.0021550563008458598,0.004417865416734012,0.5981897527072895,41.659878239319,15.18577251661176,FALSE,0,FALSE
2132,Agrónomos y profesionales del ámbito forestal y pesquero,21,Profesionales de las ciencias y de la ingeniería,213,Profesionales de las ciencias biológicas,2,"Profesionales, científicos e intelectuales",2020,157,18553,1464424.9759117896,NA,0.893272088624696,0.6946585457877432,0.24400366517544334,0.05557052767746456,0.2739179647496362,42.246483048563576,16.901417560502345,FALSE,0,FALSE
3113,Técnicos en electricidad,31,Técnicos de las ciencias y la ingeniería,311,"Técnicos en ciencias físicas, químicas, técnicos en ingeniería y dibujantes técnicos",3,Técnicos y profesionales de nivel medio,2020,156,18086,767190.7944281525,NA,0.8874012660355162,0.8290943271038372,0.14851266172730287,0.022393011168859892,0.022724759482472632,40.088134468649784,14.731119864940911,FALSE,0,FALSE
9900,NA,NA,NA,NA,NA,NA,NA,2020,162,18015,397527.3381633762,NA,0.49447397873531057,0.596225367749098,0.16730502359145158,0.030141548709408827,0.34676658340271993,37.4248126561199,12.200361990950226,FALSE,0,FALSE
2351,Especialistas en métodos pedagógicos,23,Profesionales de la educación,235,"Especialistas en métodos pedagógicos, educadores para necesidades especiales y otros profesionales de la educación",2,"Profesionales, científicos e intelectuales",2020,136,17842,1237219.1838850074,NA,0.9743302320367672,0.9619437282815828,0.025389530321712813,0.012666741396704406,0.6133281022306917,41.31750924784217,17.278581480439065,FALSE,0,FALSE
9321,Empacadores manuales,93,"Obreros de la minería, la construcción, la industria manufacturera y el transporte",932,Empacadores manuales y obreros de la industria manufacturera,9,Ocupaciones elementales,2020,136,17575,339440.0003880782,NA,0.8086517400827452,0.8937695590327169,0.07487908961593172,0.03135135135135135,0.5385490753911807,36.897183499288765,11.917421722674618,FALSE,0,FALSE
7119,Otros operarios de la construcción (obra gruesa) no clasificados previamente,71,Operarios de la construcción (no incluye electricistas),711,Operarios de la construcción en obra gruesa,7,Artesanos y operarios de oficios,2020,141,17156,480196.58047326014,NA,0.7382423093388784,0.8176731172767545,0.1655397528561436,0.016787129867101888,0.0224411284681744,37.97324551177431,12.719332559134527,FALSE,0,FALSE
2151,Ingenieros eléctricos,21,Profesionales de las ciencias y de la ingeniería,215,Ingenieros en electrotecnología,2,"Profesionales, científicos e intelectuales",2020,120,17144,1836758.172600108,NA,0.9429124618634124,0.8423355109659356,0.13549930004666355,0.02216518898740084,0.036572561829211384,41.66174755016332,17.031651947128207,FALSE,0,FALSE
1412,"Directores, gerentes y administradores de restaurantes",14,"Directores, gerentes y administradores de hoteles, restaurantes, comercios y de otros servicios",141,"Directores, gerentes y administradores de hoteles y restaurantes",1,"Directores, gerentes y administradores",2020,141,17084,1042581.5582551077,NA,0.9139305816135085,0.41202294544603135,0.30736361507843596,0.2678529618356357,0.36109810348864435,39.07387028798876,15.537860904303614,FALSE,0,FALSE
3513,Técnicos en redes y sistemas de computadores,35,Técnicos de la tecnología de la información y las comunicaciones,351,"Técnicos en operaciones de tecnología de la información, las comunicaciones y asistencia al usuario; técnicos en redes y técnicos de la web",3,Técnicos y profesionales de nivel medio,2020,97,16926,975729.2829014228,NA,0.8985453189108542,0.857910906298003,0.130391114262082,0.011697979439914925,0.13110008271298593,38.59263854425145,14.749124924562462,FALSE,0,FALSE
1345,"Directores, gerentes y administradores de servicios de educación",13,"Directores, gerentes y administradores de producción y operaciones",134,"Directores, gerentes y administradores de servicios de cuidados a personas, bienestar social, educación, servicios financieros y de otros servicios profesionales",1,"Directores, gerentes y administradores",2020,154,16762,1704809.6197997637,NA,0.9194606848824722,0.8642166805870422,0.04933778785347811,0.08644553155947977,0.5557212743109414,48.044147476434794,17.098491066355198,FALSE,0,FALSE
3251,Técnicos y auxiliares paramédicos en odontología,32,Técnicos de la salud,325,"Técnicos en odontología, ópticos, técnicos en prevención de riesgos y otros técnicos en salud",3,Técnicos y profesionales de nivel medio,2020,139,16397,424130.91357860423,NA,0.8657436024230436,0.947551381350247,0.04671586265780326,0.005732755991949747,0.9447459901201439,35.462584619137644,14.46118213822494,FALSE,0,FALSE
4214,Cobradores,42,Empleados en trato directo con el público,421,"Cajeros de bancos y de casas de cambio; receptores de apuestas, prestamistas y cobradores",4,Personal de apoyo administrativo,2020,112,15879,641233.4599156118,NA,0.9545139107942716,0.9539013791800491,0.01889287738522577,0.027205743434725108,0.6067132690975502,42.737892814408966,14.045109883048452,FALSE,0,FALSE
7122,"Instaladores de parqué, cerámicas, baldosas y alfombras",71,Operarios de la construcción (no incluye electricistas),712,Operarios de la construcción en trabajos de terminación,7,Artesanos y operarios de oficios,2020,100,15845,357191.54298342543,NA,0.3451562006942253,0.49409908488482174,0.502366677185232,0.003534237929946355,0.015336068160302935,48.93897128431682,9.427724813192476,FALSE,0,FALSE
7412,Mecánicos y ajustadores electricistas,74,Trabajadores especializados en electricidad y electrónica,741,"Electricistas, instaladores y reparadores de equipos y líneas eléctricas",7,Artesanos y operarios de oficios,2020,134,15762,571589.3468126553,NA,0.7944020356234097,0.6981347544727826,0.26069026773252124,0.0411749777946961,0.03286384976525822,40.349448039588886,12.878631168997,FALSE,0,FALSE
3257,Inspectores de la salud y técnicos en prevención de riesgos,32,Técnicos de la salud,325,"Técnicos en odontología, ópticos, técnicos en prevención de riesgos y otros técnicos en salud",3,Técnicos y profesionales de nivel medio,2020,143,15695,747960.3900574954,NA,0.9061364815775818,0.9145587766804715,0.049569926728257406,0.035871296591271105,0.4682382924498248,35.72953169799299,14.763863577193439,FALSE,0,FALSE
2412,Asesores financieros y en inversiones,24,Profesionales de negocios y administración,241,"Contadores, asesores y analistas financieros y en inversiones",2,"Profesionales, científicos e intelectuales",2020,106,15319,1973337.0079507057,NA,0.9023003528950464,0.852405509498009,0.08316469743455839,0.0644297930674326,0.44395848292969514,41.960832952542596,16.99543051112997,FALSE,0,FALSE
9613,Barrenderos,96,Recolectores de desechos y otras ocupaciones elementales,961,"Recolectores de basura y material reciclable, clasificadores de desechos y barrenderos de calles y parques",9,Ocupaciones elementales,2020,162,15138,305403.68946789496,NA,0.8111590878423964,0.9442462676707624,6.605892456070815e-4,0.0550931430836306,0.45805258290395034,50.077619236358835,8.3437082554101,FALSE,0,FALSE
6112,Agricultores y trabajadores calificados de plantaciones de árboles y arbustos,61,Agricultores y trabajadores calificados de explotaciones agropecuarias cuya producción se destina al mercado,611,"Agricultores y trabajadores calificados de cultivos extensivos, plantaciones de árboles y arbustos, huertas, invernaderos, viveros y jardines y de cultivos mixtos",6,"Agricultores y trabajadores calificados agropecuarios, forestales y pesqueros",2020,195,15015,478398.70673779596,NA,0.6538724218003005,0.4965034965034965,0.40805860805860805,0.08971028971028971,0.13373293373293374,51.754978354978356,9.561721710882512,FALSE,0,FALSE
3115,Técnicos en ingeniería mecánica,31,Técnicos de las ciencias y la ingeniería,311,"Técnicos en ciencias físicas, químicas, técnicos en ingeniería y dibujantes técnicos",3,Técnicos y profesionales de nivel medio,2020,115,14977,968162.0279604124,NA,0.9534771187612332,0.9125325499098618,0.08746745009013822,0,0,39.627295185951795,15.277388797364086,FALSE,0,FALSE
4416,Empleados y asistentes de recursos humanos,44,Otro personal de apoyo administrativo,441,Otro personal de apoyo administrativo,4,Personal de apoyo administrativo,2020,125,14862,668778.7795457732,NA,0.9177095949401157,0.9544475844435473,0.005921141165388238,0.03963127439106446,0.7359036468846724,39.4134033104562,13.887187861468327,FALSE,0,FALSE
5243,Representantes de ventas de puerta a puerta (venta a hogares),52,Vendedores,524,Modelos y promotores y otros vendedores no clasificados previamente,5,Trabajadores de los servicios y vendedores de comercios y mercados,2020,143,14769,201488.48811146448,NA,0.2469361500440111,0.1455751912790304,0.8460288442006907,0.004875076173065204,0.8431850497664026,40.44552779470513,12.840485268630848,FALSE,0,FALSE
7531,"Sastres, modistos, peleteros y sombrereros",75,"Operarios de procesamiento de alimentos, de la confección, ebanistas y otros oficios",753,"Sastres, modistos, patronistas de tela, costureros, tapiceros, apelambradores y zapateros",7,Artesanos y operarios de oficios,2020,153,14674,256417.9224332153,NA,0.28942347008314023,0.164167916041979,0.8220662396074689,0.013765844350551996,0.8290173095270547,50.00231702330653,11.92899005042933,FALSE,0,FALSE
5212,Vendedores ambulantes de productos comestibles de consumo inmediato (elaboración propia),52,Vendedores,521,Vendedores en quioscos o puestos de feria y vendedores ambulantes de comidas y bebidas de consumo inmediato (elaboración propia),5,Trabajadores de los servicios y vendedores de comercios y mercados,2020,146,14655,241436.57641671438,NA,0.09979409746053534,0.06673490276356192,0.8887751620607302,0.009211873080859774,0.6408734220402593,44.422381439781645,10.08597565169544,FALSE,0,FALSE
3434,Chefs,34,"Técnicos de servicios jurídicos, sociales, deportivos y culturales",343,"Fotógrafos, decoradores de interior, técnicos en galerías de arte, museos y bibliotecas, chefs y otros técnicos en actividades culturales y artísticas",3,Técnicos y profesionales de nivel medio,2020,105,14447,687348.3966084097,NA,0.7906812566184257,0.6201287464525507,0.2713366096767495,0.1085346438706998,0.36831176022703677,34.78902194227175,14.964404500743047,FALSE,0,FALSE
1323,"Directores, gerentes y administradores de empresas de construcción",13,"Directores, gerentes y administradores de producción y operaciones",132,"Directores, gerentes y administradores de producción y operaciones de industrias manufactureras, de minería, de construcción, de almacenamiento y distribución",1,"Directores, gerentes y administradores",2020,115,14385,1754731.8227781137,NA,0.9254779283976364,0.4859228362877998,0.16392075078206464,0.35015641293013555,0.16336461591936044,45.57247132429614,16.518699654775602,FALSE,0,FALSE
3118,Delineantes y dibujantes técnicos,31,Técnicos de las ciencias y la ingeniería,311,"Técnicos en ciencias físicas, químicas, técnicos en ingeniería y dibujantes técnicos",3,Técnicos y profesionales de nivel medio,2020,104,14298,745486.41874028,NA,0.8306056791159603,0.6705133585116799,0.29822352776612115,0.024059308994264932,0.32501049097775914,39.082598964890195,14.453440116490718,FALSE,0,FALSE
6121,Criadores de ganado,61,Agricultores y trabajadores calificados de explotaciones agropecuarias cuya producción se destina al mercado,612,Trabajadores calificados de la cría de animales,6,"Agricultores y trabajadores calificados agropecuarios, forestales y pesqueros",2020,258,14103,408480.67266072566,NA,0.47211357380848906,0.36878678295398143,0.5369070410550947,0.060767212649790826,0.14415372615755512,49.9563922569666,8.792646430098333,FALSE,0,FALSE
8172,Operadores de instalaciones de procesamiento de la madera,81,Operadores de instalaciones fijas y máquinas,817,"Operadores de instalaciones para la preparación de papel, pasta de papel y procesamiento de la madera",8,"Operadores de instalaciones, máquinas y ensambladores",2020,131,14049,408690.4496973412,NA,0.8619753448781919,0.8891736066623959,0.03373905616058082,0.07708733717702328,0.04149761548864688,42.903338315894366,10.095847330426702,FALSE,0,FALSE
3112,Técnicos en construcción y topógrafos,31,Técnicos de las ciencias y la ingeniería,311,"Técnicos en ciencias físicas, químicas, técnicos en ingeniería y dibujantes técnicos",3,Técnicos y profesionales de nivel medio,2020,145,13458,893965.4472810825,NA,0.933750693398843,0.8702630405706643,0.09667112498142369,0.03306583444791202,0.12119185614504384,39.21028384603953,14.823088685015291,FALSE,0,FALSE
2146,Ingenieros en minas y metalúrgicos,21,Profesionales de las ciencias y de la ingeniería,214,Ingenieros (excluyendo ingenieros en electrotecnología),2,"Profesionales, científicos e intelectuales",2020,104,13311,2263760.382380506,NA,0.9857263448699256,0.9279543234918488,0.01202013372398768,0.06002554278416347,0.0918037713169559,40.283900533393435,17.358034260910006,FALSE,0,FALSE
9312,Obreros de obras públicas,93,"Obreros de la minería, la construcción, la industria manufacturera y el transporte",931,Obreros de la minería y la construcción,9,Ocupaciones elementales,2020,135,13249,384069.5945114345,NA,0.8745332918481643,0.9178805947618688,0.07487357536417844,0.007245829873952751,0.021662012227337914,41.86610310212092,9.98233828968224,FALSE,0,FALSE
1439,"Directores, gerentes y administradores de otros servicios no clasificados previamente",14,"Directores, gerentes y administradores de hoteles, restaurantes, comercios y de otros servicios",143,"Directores, gerentes y administradores de centros deportivos, de esparcimiento, culturales y de otros servicios",1,"Directores, gerentes y administradores",2020,114,13012,1887145.9638574147,NA,0.8921764525053797,0.34529664924684905,0.3072548416845988,0.332231786043652,0.33323086381801414,46.95250537964955,16.32854272909906,FALSE,0,FALSE
9611,Recolectores de basura y material reciclable,96,Recolectores de desechos y otras ocupaciones elementales,961,"Recolectores de basura y material reciclable, clasificadores de desechos y barrenderos de calles y parques",9,Ocupaciones elementales,2020,97,13002,317694.8600422146,NA,0.5422404456134922,0.6088294108598677,0.3735579141670512,0.011459775419166282,0.13944008614059375,46.256422088909396,7.627908849343748,FALSE,0,FALSE
8321,Conductores de motocicletas,83,Conductores de vehículos y operadores de equipos pesados y móviles,832,"Conductores de motocicletas, automóviles y camionetas",8,"Operadores de instalaciones, máquinas y ensambladores",2020,82,12729,389566.5579366424,NA,0.4266258360867113,0.49289025060884595,0.4611517008406002,0.037709168041480084,0.12766124597376072,36.47034331055071,12.348155156102177,FALSE,0,FALSE
2632,"Sociólogos, antropólogos, geógrafos y arqueólogos",26,"Profesionales en derecho, ciencias sociales y culturales",263,"Economistas, especialistas en ciencias sociales, humanidades, ciencias políticas y teología",2,"Profesionales, científicos e intelectuales",2020,66,12588,1369648.5990119735,NA,0.8308988764044943,0.8052907530981888,0.1369558309501112,0.057753415951700034,0.5197013028280902,36.47291070861137,17.62959993586146,FALSE,0,FALSE
5245,Bomberos de gasolineras,52,Vendedores,524,Modelos y promotores y otros vendedores no clasificados previamente,5,Trabajadores de los servicios y vendedores de comercios y mercados,2020,136,12454,352804.17840540304,NA,0.9317089071795289,0.9537497992612816,0.014132005781275093,0.03211819495744339,0.08816444515818211,38.82198490444837,12.0060206185567,FALSE,0,FALSE
1321,"Directores, gerentes y administradores de industrias manufactureras",13,"Directores, gerentes y administradores de producción y operaciones",132,"Directores, gerentes y administradores de producción y operaciones de industrias manufactureras, de minería, de construcción, de almacenamiento y distribución",1,"Directores, gerentes y administradores",2020,74,12318,1975231.3278688525,NA,0.9537970017203244,0.6663419386264003,0.11633382042539374,0.21732424094820588,0.3087351842831629,42.04854684201981,16.835767929355452,FALSE,0,FALSE
1349,"Directores, gerentes y administradores de otros servicios profesionales no clasificados previamente",13,"Directores, gerentes y administradores de producción y operaciones",134,"Directores, gerentes y administradores de servicios de cuidados a personas, bienestar social, educación, servicios financieros y de otros servicios profesionales",1,"Directores, gerentes y administradores",2020,75,12300,1988917.901113294,NA,0.9576422764227642,0.603739837398374,0.13747967479674797,0.25878048780487806,0.3416260162601626,44.97691056910569,16.53219512195122,FALSE,0,FALSE
2242,Químicos farmacéuticos,22,Profesionales de la salud,224,"Dentistas, farmacéuticos, kinesiólogos, nutricionistas, fonoaudiólogos y otros profesionales de la salud",2,"Profesionales, científicos e intelectuales",2020,91,12185,1541935.4067300658,NA,0.9525189668399966,0.9509232663110382,0,0.049076733688961836,0.5869511694706606,40.87328682806729,17.172600881654798,FALSE,0,FALSE
3323,Agentes responsables de adquisiciones,33,Técnicos en operaciones financieras y administrativas,332,"Agentes de seguros, representantes comerciales, agentes de compras y consignatarios",3,Técnicos y profesionales de nivel medio,2020,94,12119,876570.2366777863,NA,0.9323043368844895,0.8955359353081938,0.047611189042000165,0.04604340292103309,0.4356795115108507,43.754187639244165,14.764423871714333,FALSE,0,FALSE
2433,Profesionales de ventas técnicas y médicas (excluyendo las TIC),24,Profesionales de negocios y administración,243,"Profesionales de la publicidad, relaciones públicas y de las ventas técnicas, médicas y de tecnología de la información y las comunicaciones",2,"Profesionales, científicos e intelectuales",2020,51,11847,1678114.35443686,NA,0.9892228160869184,0.9204017894825695,0.05241833375538111,0.027179876762049464,0.20857601080442306,41.75099181227315,16.202932949054844,FALSE,0,FALSE
2413,Analistas financieros,24,Profesionales de negocios y administración,241,"Contadores, asesores y analistas financieros y en inversiones",2,"Profesionales, científicos e intelectuales",2020,71,11653,1695715.0478028243,NA,0.959066334849395,0.9436196687548271,0.03904573929460225,0.017334591950570667,0.4369690208529992,36.85265596842015,16.868060374739763,FALSE,0,FALSE
5413,Gendarmes,54,Personal de los servicios de protección y seguridad,541,Personal de los servicios de protección y seguridad,5,Trabajadores de los servicios y vendedores de comercios y mercados,2020,82,11640,1141826.916889849,NA,0.9435243008417051,0.9812714776632302,0,0.01872852233676976,0.22895189003436425,36.95652920962199,14.25171821305842,FALSE,0,FALSE
8344,Operadores de autoelevadoras y montacargas,83,Conductores de vehículos y operadores de equipos pesados y móviles,834,"Operadores de maquinaria agrícola, forestal, máquinas de movimiento de tierras, grúas y montacargas",8,"Operadores de instalaciones, máquinas y ensambladores",2020,78,11073,415247.30146069574,NA,0.8982151029748284,0.9236882506999007,0.054276167253680126,0.022035582046419217,0.03422739998193805,41.778108913573554,11.207071639586411,FALSE,0,FALSE
2245,Dietistas y nutricionistas,22,Profesionales de la salud,224,"Dentistas, farmacéuticos, kinesiólogos, nutricionistas, fonoaudiólogos y otros profesionales de la salud",2,"Profesionales, científicos e intelectuales",2020,102,10992,934010.2753170547,NA,0.8728005865102639,0.8800036390101892,0.11999636098981077,0,0.9600618631732168,35.75673216885007,17.222325754752145,FALSE,0,FALSE
3411,Técnicos de los servicios jurídicos,34,"Técnicos de servicios jurídicos, sociales, deportivos y culturales",341,"Técnicos de los servicios jurídicos, sociales y religiosos",3,Técnicos y profesionales de nivel medio,2020,89,10921,754217.7950175239,NA,0.8994360902255639,0.8862741507187987,0.06968226352898087,0.04404358575222049,0.6100173976742057,41.61450416628514,15.103212070721096,FALSE,0,FALSE
7214,Montadores de estructuras metálicas,72,"Operarios de la metalurgia y operarios de máquinas herramientas; mecánicos de vehículos, maquinarias, aviones y bicicletas",721,"Moldeadores, soldadores, chapistas, caldereros, montadores de estructuras metálicas, aparejadores y empalmadores de cables no eléctricos",7,Artesanos y operarios de oficios,2020,98,10846,457475.91421810293,NA,0.6788930581613508,0.6518532177761387,0.3192882168541398,0.012723584731698321,0.006914991702009958,41.791536050156736,11.812894248608535,FALSE,0,FALSE
3142,Técnicos agropecuarios (incluyendo acuícolas),31,Técnicos de las ciencias y la ingeniería,314,"Técnicos en ciencias biológicas (excluyendo la medicina), agropecuarias, acuícolas y forestales",3,Técnicos y profesionales de nivel medio,2020,109,10581,761005.1008952821,NA,0.8796189678634984,0.8846989887534259,0.09044513751063227,0.012853227483224648,0.2092429827048483,39.98355542954352,14.290628593330778,FALSE,0,FALSE
1221,"Directores, gerentes y administradores de comercialización",12,Directores y gerentes administrativos y de servicios comerciales,122,"Directores, gerentes y administradores de comercialización, publicidad, relaciones públicas e investigación y desarrollo",1,"Directores, gerentes y administradores",2020,58,10496,2354938.643427518,NA,0.9901549858660689,0.7869664634146342,0.0899390243902439,0.12309451219512195,0.26391006097560976,42.47589557926829,17.245362806343103,FALSE,0,FALSE
9212,Obreros de explotaciones ganaderas,92,"Obreros agropecuarios, pesqueros y forestales",921,"Obreros agropecuarios, de jardinería y horticultura, forestales y pesqueros",9,Ocupaciones elementales,2020,124,10189,348075.7962009015,NA,0.7945685940474998,0.8064579448424772,0.15359701639022474,0.021493767788791834,0.1751889292374129,48.6249877318677,8.822681023412033,FALSE,0,FALSE
2152,Ingenieros electrónicos,21,Profesionales de las ciencias y de la ingeniería,215,Ingenieros en electrotecnología,2,"Profesionales, científicos e intelectuales",2020,62,10081,1772133.2871173336,NA,0.9597849684689341,0.790893760539629,0.15563932149588333,0.05346691796448765,0.050887808749132034,39.10782660450352,16.917666898125187,FALSE,0,FALSE
2145,Ingenieros químicos,21,Profesionales de las ciencias y de la ingeniería,214,Ingenieros (excluyendo ingenieros en electrotecnología),2,"Profesionales, científicos e intelectuales",2020,78,10072,1527908.6780182684,NA,0.9593077160811785,0.9221604447974583,0.048153296266878476,0.029686258935663224,0.40766481334392374,39.56582605242256,17.211621594450587,FALSE,0,FALSE
5242,Promotores de tiendas,52,Vendedores,524,Modelos y promotores y otros vendedores no clasificados previamente,5,Trabajadores de los servicios y vendedores de comercios y mercados,2020,75,9988,382390.6702922435,NA,0.9013751611516975,0.8980776932318782,0.06357629154985983,0.025430516619943933,0.6733079695634762,36.76992390869043,11.911646586345382,FALSE,0,FALSE
5200,NA,NA,NA,NA,NA,NA,NA,2020,94,9885,290315.83488105837,NA,0.43409205867475975,0.2271117855336368,0.7139099645928174,0.058978249873545774,0.6227617602427921,40.03995953464846,11.584825493171472,FALSE,0,FALSE
9622,Auxiliares de mantenimiento (pequeñas reparaciones),96,Recolectores de desechos y otras ocupaciones elementales,962,Otras ocupaciones elementales,9,Ocupaciones elementales,2020,80,9826,361156.17891236726,NA,0.6326127624194554,0.6731121514349685,0.32312232851618156,0.0037655200488499897,0.023712599226541828,46.28343171178506,11.207319609066333,FALSE,0,FALSE
7318,"Artesanos de los tejidos, el cuero y materiales similares",73,Artesanos y operarios de las artes gráficas,731,"Reparadores de instrumentos de precisión, fabricantes y afinadores de instrumentos musicales, pintores de carteles, pintores decorativos y artesanos",7,Artesanos y operarios de oficios,2020,102,9555,177377.40864098447,NA,0.16253270538984824,0.0847723704866562,0.8973312401883831,0.017896389324960755,0.7149136577708006,51.53751962323391,11.16624284806103,FALSE,0,FALSE
1112,Personal directivo de la administración pública,11,"Miembros del Poder Ejecutivo y Legislativo, personal directivo de la administración pública y de otras organizaciones sociales y/o políticas, directores ejecutivos y gerentes generales",111,"Miembros del poder ejecutivo y legislativo, personal directivo de la administración pública y de otras organizaciones sociales y/o políticas",1,"Directores, gerentes y administradores",2020,80,9514,2582692.314965004,NA,0.9611849929722132,0.9788732394366197,0,0.02112676056338028,0.4830775698969939,43.740382594071896,16.998601398601398,FALSE,0,FALSE
7319,Artesanos no clasificados previamente,73,Artesanos y operarios de las artes gráficas,731,"Reparadores de instrumentos de precisión, fabricantes y afinadores de instrumentos musicales, pintores de carteles, pintores decorativos y artesanos",7,Artesanos y operarios de oficios,2020,84,9407,259519.5419379548,NA,0.18103539917083022,0.04177739980865313,0.9295205697884554,0.022111193791857126,0.744658233230573,44.65727649622622,12.556819389816095,FALSE,0,FALSE
3331,Agentes de aduana,33,Técnicos en operaciones financieras y administrativas,333,"Agentes de aduana, organizadores de eventos, agentes de empleo, de bienes raíces y otros agentes de servicios comerciales",3,Técnicos y profesionales de nivel medio,2020,65,9257,776669.9460511679,NA,0.9478816408876933,0.9455547153505456,0.04407475424003457,0.010370530409419898,0.3183536782975046,39.014583558388246,15.348374630597863,FALSE,0,FALSE
4211,Cajeros de bancos y de oficinas de correo,42,Empleados en trato directo con el público,421,"Cajeros de bancos y de casas de cambio; receptores de apuestas, prestamistas y cobradores",4,Personal de apoyo administrativo,2020,85,9209,614548.6028730856,NA,0.9624831004957188,0.955695515256814,0.009881637528504723,0.03442284721468129,0.640894776848735,36.49516777065914,13.795200347486155,FALSE,0,FALSE
2246,Fonoaudiólogos,22,Profesionales de la salud,224,"Dentistas, farmacéuticos, kinesiólogos, nutricionistas, fonoaudiólogos y otros profesionales de la salud",2,"Profesionales, científicos e intelectuales",2020,82,9170,940800.1789177001,NA,0.8747001090512541,0.7486368593238822,0.23446019629225737,0.016902944383860415,0.860741548527808,32.29432933478735,17.280345523894997,FALSE,0,FALSE
9216,Obreros de pesca y acuicultura,92,"Obreros agropecuarios, pesqueros y forestales",921,"Obreros agropecuarios, de jardinería y horticultura, forestales y pesqueros",9,Ocupaciones elementales,2020,151,9166,380068.79565756826,NA,0.6455289951305887,0.6382282347807113,0.33798821732489637,0.021928867554003927,0.4162120881518656,40.85500763691905,9.389222890224895,FALSE,0,FALSE
7132,Barnizadores y pulverizadores de productos manufacturados,71,Operarios de la construcción (no incluye electricistas),713,"Pintores, limpiadores de fachadas y deshollinadores",7,Artesanos y operarios de oficios,2020,62,9083,419562.86074093817,NA,0.40162941759330617,0.19519982384674667,0.7586700429373555,0.041065727182648906,0.02157877353297369,43.992293295166796,9.8060112297699,FALSE,0,FALSE
2222,Profesionales de matronería,22,Profesionales de la salud,222,Profesionales de enfermería y matronería,2,"Profesionales, científicos e intelectuales",2020,83,9032,1342761.2753736337,NA,0.9818999437886453,0.9866031886625333,0.005868024800708592,0.0075287865367581934,0.9453055801594331,38.41197962798937,17.221050294215612,FALSE,0,FALSE
5246,Vendedores de comida al mostrador,52,Vendedores,524,Modelos y promotores y otros vendedores no clasificados previamente,5,Trabajadores de los servicios y vendedores de comercios y mercados,2020,78,9019,282465.77117139957,NA,0.7095959595959596,0.6216875485087039,0.26987470894777693,0.07395498392282958,0.697527442066748,33.21776250138596,13.181394833130058,FALSE,0,FALSE
7322,Impresores,73,Artesanos y operarios de las artes gráficas,732,"Tipógrafos, impresores y encuadernadores",7,Artesanos y operarios de oficios,2020,73,8954,429249.439556031,NA,0.7085506917668406,0.46850569577842305,0.46124637033727944,0.06756756756756757,0.27931650658923385,46.43019879383516,12.733272747926843,FALSE,0,FALSE
1212,"Directores, gerentes y administradores de recursos humanos",12,Directores y gerentes administrativos y de servicios comerciales,121,"Directores, gerentes y administradores de finanzas, de recursos humanos, políticas empresariales y de servicios administrativos",1,"Directores, gerentes y administradores",2020,56,8947,1598249.2980065322,NA,1,0.948697887560076,0.020006706158488877,0.031295406281435116,0.5791885548228456,39.26411087515368,16.838841104572204,FALSE,0,FALSE
3359,Agentes de la administración pública para la aplicación de la ley no clasificados previamente,33,Técnicos en operaciones financieras y administrativas,335,Agentes de la administración pública para la aplicación de la ley,3,Técnicos y profesionales de nivel medio,2020,67,8904,831299.1229829415,NA,0.9448889890679589,0.9679919137466307,0,0.032008086253369275,0.3436657681940701,44.73292902066487,14.643530997304582,FALSE,0,FALSE
3412,Técnicos en trabajo social,34,"Técnicos de servicios jurídicos, sociales, deportivos y culturales",341,"Técnicos de los servicios jurídicos, sociales y religiosos",3,Técnicos y profesionales de nivel medio,2020,79,8883,577075.8554834301,NA,0.8213832121002194,0.8804457953394124,0.05594956658786446,0.05538669368456602,0.744230552741191,37.89879545198694,14.401247401247401,FALSE,0,FALSE
8300,NA,NA,NA,NA,NA,NA,NA,2020,80,8717,526320.5358893777,NA,0.619186385359599,0.7363771939887576,0.21727658598141564,0.04129861190776643,0.048640587358036023,42.95927497992429,11.760051728191865,FALSE,0,FALSE
4223,Telefonistas,42,Empleados en trato directo con el público,422,Empleados de servicios de información al cliente,4,Personal de apoyo administrativo,2020,56,8713,375826.2572247135,NA,0.8617506135327802,0.9548949845059107,0.0072305750028692755,0.03787444049122002,0.769195455067141,35.19912774015838,12.922300011477104,FALSE,0,FALSE
2153,Ingenieros en telecomunicaciones,21,Profesionales de las ciencias y de la ingeniería,215,Ingenieros en electrotecnología,2,"Profesionales, científicos e intelectuales",2020,38,8568,1911298.3340741608,NA,0.8907563025210085,0.9619514472455649,0.03057889822595705,0.007469654528478058,0.0992063492063492,39.365196078431374,17.030892175572518,FALSE,0,FALSE
7114,Operarios en cemento armado,71,Operarios de la construcción (no incluye electricistas),711,Operarios de la construcción en obra gruesa,7,Artesanos y operarios de oficios,2020,60,8488,405965.49117011816,NA,0.8439269171384457,0.8395381715362865,0.09236569274269557,0.0635014137606032,0.010249764373232799,44.52238454288407,9.119567886079057,FALSE,0,FALSE
7421,Mecánicos y reparadores en electrónica,74,Trabajadores especializados en electricidad y electrónica,742,Instaladores y reparadores de equipos electrónicos y de telecomunicaciones,7,Artesanos y operarios de oficios,2020,62,8459,417875.91411451396,NA,0.6945971790580923,0.581629034164795,0.3811325215746542,0.037238444260550896,0.006974819718642866,44.0773141033219,13.032627970209244,FALSE,0,FALSE
3522,Técnicos de ingeniería de las telecomunicaciones,35,Técnicos de la tecnología de la información y las comunicaciones,352,"Técnicos en radiodifusión, grabación audiovisual y técnicos de las telecomunicaciones",3,Técnicos y profesionales de nivel medio,2020,40,8396,879100.29468896,NA,1,0.9687946641257742,0.03120533587422582,0,0.17043830395426393,38.36862791805622,14.747245364149423,FALSE,0,FALSE
1311,"Directores, gerentes y administradores de producción y operaciones agropecuarias y de silvicultura",13,"Directores, gerentes y administradores de producción y operaciones",131,"Directores, gerentes y administradores de producción y operaciones agropecuarias, de silvicultura, acuicultura y pesca",1,"Directores, gerentes y administradores",2020,105,8361,6844696.201841712,NA,0.9257390050468637,0.4443248415261332,0.148068412869274,0.3986365267312522,0.17390264322449467,47.56285133357254,15.995956873315365,FALSE,0,FALSE
7213,Chapistas y caldereros,72,"Operarios de la metalurgia y operarios de máquinas herramientas; mecánicos de vehículos, maquinarias, aviones y bicicletas",721,"Moldeadores, soldadores, chapistas, caldereros, montadores de estructuras metálicas, aparejadores y empalmadores de cables no eléctricos",7,Artesanos y operarios de oficios,2020,74,8358,708037.1827201323,NA,0.605345533349386,0.511127063890883,0.4131371141421393,0.06975352955252452,0.015434314429289303,41.045106484804975,9.784948916022925,FALSE,0,FALSE
3122,Supervisores de industrias manufactureras,31,Técnicos de las ciencias y la ingeniería,312,"Supervisores de minas, de industrias manufactureras y de la construcción",3,Técnicos y profesionales de nivel medio,2020,63,8162,1028177.593603936,NA,0.9543186180422265,0.8935309973045822,0.040553785836804704,0.06591521685861308,0.12864493996569468,46.36351384464592,13.89041095890411,FALSE,0,FALSE
3342,Secretarios jurídicos,33,Técnicos en operaciones financieras y administrativas,334,"Supervisores de oficina, secretarios administrativos y especializados",3,Técnicos y profesionales de nivel medio,2020,63,7991,770204.8897223319,NA,0.9174070829683394,0.9430609435615067,0.04842948316856464,0,0.7094231009886122,42.962833187335754,16.169816043048428,FALSE,0,FALSE
3521,Técnicos de radiodifusión y grabación audiovisual,35,Técnicos de la tecnología de la información y las comunicaciones,352,"Técnicos en radiodifusión, grabación audiovisual y técnicos de las telecomunicaciones",3,Técnicos y profesionales de nivel medio,2020,56,7949,589219.027480916,NA,0.8729833546734955,0.6034721348597308,0.3786639828909297,0.01786388224933954,0.06793307334255881,38.0805132721097,15.090353001146935,FALSE,0,FALSE
3512,Técnicos en asistencia al usuario de tecnología de la información y las comunicaciones,35,Técnicos de la tecnología de la información y las comunicaciones,351,"Técnicos en operaciones de tecnología de la información, las comunicaciones y asistencia al usuario; técnicos en redes y técnicos de la web",3,Técnicos y profesionales de nivel medio,2020,47,7880,1014920.5466457023,NA,0.9472795740812882,0.8860406091370558,0.11395939086294417,0,0.09543147208121827,35.80697969543147,14.8752538071066,FALSE,0,FALSE
2300,NA,NA,NA,NA,NA,NA,NA,2020,85,7843,856579.4763729246,NA,0.8951931658804029,0.8865230141527477,0.03123804666581665,0.07446130307280377,0.6067831187045774,43.31811806706617,16.403973509933774,FALSE,0,FALSE
2514,Programadores de aplicaciones,25,Profesionales de tecnología de la información y las comunicaciones,251,"Analistas, desarrolladores y programadores de software, multimedia y aplicaciones",2,"Profesionales, científicos e intelectuales",2020,38,7667,1124389.8599730458,NA,0.9629581322551194,0.9308725707577932,0.05895395852354245,0.010173470718664406,0.11021259945219773,34.66544932829007,16.378013894564774,FALSE,0,FALSE
3355,Inspectores y detectives de la Policía de Investigaciones (PDI),33,Técnicos en operaciones financieras y administrativas,335,Agentes de la administración pública para la aplicación de la ley,3,Técnicos y profesionales de nivel medio,2020,53,7660,1332576.5051777218,NA,0.8309399477806788,1,0,0,0.406266318537859,37.75483028720627,15.873566284342491,FALSE,0,FALSE
3422,"Entrenadores, instructores y árbitros de actividades deportivas",34,"Técnicos de servicios jurídicos, sociales, deportivos y culturales",342,"Deportistas, entrenadores, árbitros e instructores de actividades deportivas y recreativas",3,Técnicos y profesionales de nivel medio,2020,54,7657,493911.69847856154,NA,0.6310718057022175,0.4601018675721562,0.5378085412041269,0.0020895912237168606,0.26198249967350135,39.24226198249967,13.785609593604264,FALSE,0,FALSE
4412,Carteros y empleados de servicios de correos y encomiendas,44,Otro personal de apoyo administrativo,441,Otro personal de apoyo administrativo,4,Personal de apoyo administrativo,2020,56,7657,423721.2043876701,NA,0.874982694171397,0.8636541726524749,0.06020634713334204,0.0761394802141831,0.3293718166383701,44.46232205824735,12.63776204737272,FALSE,0,FALSE
8183,"Operadores de máquinas de embalaje, embotellamiento y etiquetado",81,Operadores de instalaciones fijas y máquinas,818,"Operadores de máquinas de instalaciones de vidriería, cerámica y operadores de máquinas de vapor y calderas, de embotellamiento, de etiquetado y otros operadores de máquinas e instalaciones",8,"Operadores de instalaciones, máquinas y ensambladores",2020,61,7644,424153.87771203154,NA,0.9183757178014766,0.9416535845107273,0.013867085295656724,0.044479330193615906,0.39665096807953953,38.565934065934066,11.595381789556546,FALSE,0,FALSE
1211,"Directores, gerentes y administradores de finanzas",12,Directores y gerentes administrativos y de servicios comerciales,121,"Directores, gerentes y administradores de finanzas, de recursos humanos, políticas empresariales y de servicios administrativos",1,"Directores, gerentes y administradores",2020,39,7567,2670889.4466371327,NA,0.9785912514867187,0.9896920840491609,0.01030791595083917,0,0.3659310162547905,45.53944760142725,17.249265687583446,FALSE,0,FALSE
2248,Terapeutas ocupacionales,22,Profesionales de la salud,224,"Dentistas, farmacéuticos, kinesiólogos, nutricionistas, fonoaudiólogos y otros profesionales de la salud",2,"Profesionales, científicos e intelectuales",2020,62,7559,809129.661460474,NA,0.7752348194205583,0.8080433919830665,0.18626802487101468,0.005688583145918772,0.7749702341579574,31.949993385368433,16.999319727891155,FALSE,0,FALSE
7515,"Catadores, clasificadores y controladores de calidad de alimentos y bebidas",75,"Operarios de procesamiento de alimentos, de la confección, ebanistas y otros oficios",751,"Operarios de procesamiento, elaboración, conservación, cata y clasificación de alimentos, bebidas y tabaco",7,Artesanos y operarios de oficios,2020,74,7553,435414.68228105904,NA,0.9391188251001336,0.9556467628756785,0.023434396928372833,0.02091884019594863,0.5599099695485238,33.879915265457434,12.24453475336323,FALSE,0,FALSE
4132,Digitadores de datos,41,Oficinistas,413,Operadores de equipo de oficina,4,Personal de apoyo administrativo,2020,60,7418,446075.4975504323,NA,0.848877735954273,0.9276085198166621,0.07239148018333783,0,0.5129414936640604,36.7992720409814,13.391388888888889,FALSE,0,FALSE
2131,"Biólogos, botánicos, zoólogos, genetistas y farmacólogos",21,Profesionales de las ciencias y de la ingeniería,213,Profesionales de las ciencias biológicas,2,"Profesionales, científicos e intelectuales",2020,58,7321,1638833.176097303,NA,0.6719027455265674,0.8393662068023494,0.10585985521103675,0.05477393798661385,0.46277830897418387,37.94126485452807,17.346910692170084,FALSE,0,FALSE
5164,Cuidadores de animales,51,Trabajadores de los servicios a las personas,516,Otros trabajadores de servicios a las personas,5,Trabajadores de los servicios y vendedores de comercios y mercados,2020,71,7261,291494.9387470998,NA,0.5329844374053161,0.38300509571684344,0.5576366891612725,0.03952623605563972,0.4610935132901804,37.44222558876188,11.707876370887337,FALSE,0,FALSE
2432,Profesionales de las relaciones públicas,24,Profesionales de negocios y administración,243,"Profesionales de la publicidad, relaciones públicas y de las ventas técnicas, médicas y de tecnología de la información y las comunicaciones",2,"Profesionales, científicos e intelectuales",2020,44,7259,1419341.6456338027,NA,0.9139980422318557,0.7838545254167241,0.21614547458327593,0,0.5247279239564678,36.97258575561372,17.254029480644718,FALSE,0,FALSE
2163,Diseñadores de productos y de vestuario,21,Profesionales de las ciencias y de la ingeniería,216,"Arquitectos, diseñadores, urbanistas, cartógrafos y agrimensores",2,"Profesionales, científicos e intelectuales",2020,47,7254,965178.2149740548,NA,0.7704714640198511,0.42624758753791014,0.5737524124620899,0,0.7041632202922525,39.10973256134547,16.403183411214954,FALSE,0,FALSE
2522,Administradores de sistemas,25,Profesionales de tecnología de la información y las comunicaciones,252,"Diseñadores y administradores de bases de datos, administradores de sistemas y profesionales en redes de computadores",2,"Profesionales, científicos e intelectuales",2020,30,7205,1523057.6988202636,NA,1,1,0,0,0.12366412213740458,34.75794587092297,17.1264399722415,FALSE,0,FALSE
3132,Operadores de incineradores y de instalaciones de tratamiento de agua,31,Técnicos de las ciencias y la ingeniería,313,"Técnicos en control de procesos en instalaciones de producción de energía, agua, productos químicos, gas natural y metales",3,Técnicos y profesionales de nivel medio,2020,63,7195,487187.15015277173,NA,0.9346768589298123,0.9583043780403058,0.029464906184850592,0.012230715774843642,0.02126476719944406,39.938429464906186,12.844539007092198,FALSE,0,FALSE
1322,"Directores, gerentes y administradores de explotaciones mineras",13,"Directores, gerentes y administradores de producción y operaciones",132,"Directores, gerentes y administradores de producción y operaciones de industrias manufactureras, de minería, de construcción, de almacenamiento y distribución",1,"Directores, gerentes y administradores",2020,38,7173,6042879.907271703,NA,0.958734141921093,0.8973930015335285,0.029276453366792136,0.07333054509967936,0.008364700961940611,44.45476090896417,17.785979503935838,FALSE,0,FALSE
3511,Técnicos en operaciones de tecnología de la información y las comunicaciones,35,Técnicos de la tecnología de la información y las comunicaciones,351,"Técnicos en operaciones de tecnología de la información, las comunicaciones y asistencia al usuario; técnicos en redes y técnicos de la web",3,Técnicos y profesionales de nivel medio,2020,38,7120,774620.0593708463,NA,0.9128836091076227,0.9669943820224719,0.03300561797752809,0,0.07724719101123595,35.576966292134834,14.875373878364906,FALSE,0,FALSE
6210,Trabajadores forestales calificados,62,"Trabajadores forestales calificados, pescadores y cazadores cuya producción se destina al mercado",621,Trabajadores forestales calificados,6,"Agricultores y trabajadores calificados agropecuarios, forestales y pesqueros",2020,102,7081,398120.1234400842,NA,0.6576978417266187,0.6332438921056348,0.32622510944781813,0.0405309984465471,0.020053664736619122,42.797486230758366,8.996565049377415,FALSE,0,FALSE
8142,Operadores de máquinas para fabricar productos de material plástico,81,Operadores de instalaciones fijas y máquinas,814,"Operadores de máquinas para fabricar productos de caucho, de material plástico y de papel",8,"Operadores de instalaciones, máquinas y ensambladores",2020,34,7071,407149.06400794775,NA,0.9686416184971098,0.8988827605713477,0.012445198698911045,0.08867204072974119,0.039598359496535146,34.73002404186112,12.125,FALSE,0,FALSE
6114,Agricultores y trabajadores calificados de cultivos mixtos,61,Agricultores y trabajadores calificados de explotaciones agropecuarias cuya producción se destina al mercado,611,"Agricultores y trabajadores calificados de cultivos extensivos, plantaciones de árboles y arbustos, huertas, invernaderos, viveros y jardines y de cultivos mixtos",6,"Agricultores y trabajadores calificados agropecuarios, forestales y pesqueros",2020,100,7061,304933.7726074143,NA,0.45492814632022066,0.3721852428834443,0.5907095312278714,0.019260727942217816,0.11230703866307888,50.09573714771279,8.774394561676816,FALSE,0,FALSE
9612,Clasificadores de desechos,96,Recolectores de desechos y otras ocupaciones elementales,961,"Recolectores de basura y material reciclable, clasificadores de desechos y barrenderos de calles y parques",9,Ocupaciones elementales,2020,34,7025,155587.45392374764,NA,0.2534822983168891,0.4206405693950178,0.562846975088968,0.008683274021352314,0.06149466192170819,45.719857651245555,9.273569876900796,FALSE,0,FALSE
3114,Técnicos en electrónica,31,Técnicos de las ciencias y la ingeniería,311,"Técnicos en ciencias físicas, químicas, técnicos en ingeniería y dibujantes técnicos",3,Técnicos y profesionales de nivel medio,2020,50,6936,900874.9265915322,NA,0.9876322455669796,0.8633217993079585,0.11375432525951557,0.022923875432525952,0.0132641291810842,41.919117647058826,14.151672433679353,FALSE,0,FALSE
2230,Veterinarios,22,Profesionales de la salud,223,Veterinarios,2,"Profesionales, científicos e intelectuales",2020,67,6869,1128167.7177309268,NA,0.8970738098704324,0.7599359440966662,0.23686126073664288,0.00320279516669093,0.5057504731401951,39.17950211093318,17.171205652877962,FALSE,0,FALSE
7127,Mecánicos de instalaciones de refrigeración y aire acondicionado,71,Operarios de la construcción (no incluye electricistas),712,Operarios de la construcción en trabajos de terminación,7,Artesanos y operarios de oficios,2020,56,6854,767829.8246784959,NA,0.8129559381383133,0.6222643711701197,0.29384301138021596,0.08389261744966443,0,42.388240443536624,12.166691339748334,FALSE,0,FALSE
4313,Empleados encargados de las nóminas o registros de remuneraciones,43,Auxiliares y ayudantes de registros contables y encargados del registro de materiales,431,Auxiliares y ayudantes de registros contables y financieros,4,Personal de apoyo administrativo,2020,40,6850,721580.9598982492,NA,0.9385401459854015,0.9467153284671533,0.04394160583941606,0.009343065693430658,0.7153284671532847,43.01401459854014,13.533722627737227,FALSE,0,FALSE
9629,Otras ocupaciones elementales no clasificadas previamente,96,Recolectores de desechos y otras ocupaciones elementales,962,Otras ocupaciones elementales,9,Ocupaciones elementales,2020,48,6754,311625.85798611114,NA,0.6245603303257379,0.6607936037903465,0.2870891323660053,0.05211726384364821,0.2767249037607344,42.18270654427006,10.793636224567845,FALSE,0,FALSE
1219,"Otros directores, gerentes y administradores de servicios administrativos no clasificados previamente",12,Directores y gerentes administrativos y de servicios comerciales,121,"Directores, gerentes y administradores de finanzas, de recursos humanos, políticas empresariales y de servicios administrativos",1,"Directores, gerentes y administradores",2020,44,6699,2199056.6456933413,NA,0.9828332586953277,0.9343185550082101,0.044036423346768175,0.021645021645021644,0.2936259143155695,43.38841618151963,17.637941352483544,FALSE,0,FALSE
7413,Instaladores y reparadores de líneas eléctricas,74,Trabajadores especializados en electricidad y electrónica,741,"Electricistas, instaladores y reparadores de equipos y líneas eléctricas",7,Artesanos y operarios de oficios,2020,62,6677,540715.3816377171,NA,0.9351582810827344,0.9249663022315411,0.058559233188557734,0.016474464579901153,0.007787928710498727,39.139284109630076,11.033511859219587,FALSE,0,FALSE
7544,Fumigadores y otros controladores de plagas y malezas,75,"Operarios de procesamiento de alimentos, de la confección, ebanistas y otros oficios",754,"Buzos, dinamiteros, clasificadores, probadores e inspectores de calidad de productos no comestibles, fumigadores y otros oficios",7,Artesanos y operarios de oficios,2020,59,6629,414193.42826972395,NA,0.9701312415145572,0.8013275003771307,0.16820033187509428,0.030472167747774927,0.11751395383919143,44.10770855332629,11.117363101523608,FALSE,0,FALSE
3341,Supervisores de oficina,33,Técnicos en operaciones financieras y administrativas,334,"Supervisores de oficina, secretarios administrativos y especializados",3,Técnicos y profesionales de nivel medio,2020,43,6576,763399.4121869273,NA,0.9466240875912408,0.9235097323600974,0.038929440389294405,0.03482360097323601,0.6986009732360098,40.611009732360095,14.686283454987835,FALSE,0,FALSE
1346,"Directores, gerentes y administradores de servicios financieros",13,"Directores, gerentes y administradores de producción y operaciones",134,"Directores, gerentes y administradores de servicios de cuidados a personas, bienestar social, educación, servicios financieros y de otros servicios profesionales",1,"Directores, gerentes y administradores",2020,43,6494,3149176.1746214614,NA,0.9629861002655006,0.8703418540190946,0.03587927317523868,0.09377887280566677,0.4953803510933169,42.364798275331076,17.316645807259075,FALSE,0,FALSE
8143,Operadores de máquinas para fabricar productos de papel,81,Operadores de instalaciones fijas y máquinas,814,"Operadores de máquinas para fabricar productos de caucho, de material plástico y de papel",8,"Operadores de instalaciones, máquinas y ensambladores",2020,39,6367,459715.03906119027,NA,0.8715250510444479,0.8024187215329041,0.0978482801947542,0.07303282550651799,0.231663263703471,42.396104915972984,11.780901523480447,FALSE,0,FALSE
9122,Limpiadores de vehículos,91,Auxiliares de aseo y trabajadores de casa particular,912,"Limpiadores de ropa, vehículos, ventanas y otros limpiadores manuales",9,Ocupaciones elementales,2020,71,6327,271353.68104860734,NA,0.3464517148727675,0.38580685949107,0.58052789631737,0.01738580685949107,0.08234550339813498,37.8281966176703,10.790909090909091,FALSE,0,FALSE
8131,Operadores de plantas y máquinas para fabricar productos químicos,81,Operadores de instalaciones fijas y máquinas,813,Operadores de instalaciones y máquinas para fabricar productos químicos y fotográficos,8,"Operadores de instalaciones, máquinas y ensambladores",2020,36,6303,543758.2781326781,NA,0.9533421575115817,0.9552594002855783,0.02284626368396002,0,0.4480406155798826,42.809614469300335,12.092971600825004,FALSE,0,FALSE
2652,"Músicos, cantantes y compositores",26,"Profesionales en derecho, ciencias sociales y culturales",265,"Artistas, actores y locutores de medios de comunicación",2,"Profesionales, científicos e intelectuales",2020,42,6242,684440.597119162,NA,0.45745033112582784,0.3040692085869913,0.6574815764178148,0.038449214995193846,0.19849407241268824,35.63024671579622,14.284690553745929,FALSE,0,FALSE
3121,Supervisores de minas,31,Técnicos de las ciencias y la ingeniería,312,"Supervisores de minas, de industrias manufactureras y de la construcción",3,Técnicos y profesionales de nivel medio,2020,72,6224,1266111.1641208418,NA,0.9576076240552087,0.9697943444730077,0.007230077120822622,0.022975578406169667,0.029723650385604112,44.68814267352185,12.727437119842183,FALSE,0,FALSE
4224,Recepcionistas de hoteles,42,Empleados en trato directo con el público,422,Empleados de servicios de información al cliente,4,Personal de apoyo administrativo,2020,61,6158,478336.1906367041,NA,0.886397119004747,0.8161740824943163,0.0875284183176356,0.055862292952257225,0.6078272166287756,37.11594673595323,13.97596622279961,FALSE,0,FALSE
1330,"Directores, gerentes y administradores de servicios de tecnología de la información y las comunicaciones",13,"Directores, gerentes y administradores de producción y operaciones",133,"Directores, gerentes y administradores de servicios de tecnología de la información y las comunicaciones",1,"Directores, gerentes y administradores",2020,39,5932,2810263.403190319,NA,0.9570128118678355,0.7048213081591369,0.2208361429534727,0.07434254888739042,0.1021577882670263,45.57366824005395,16.889581928523263,FALSE,0,FALSE
5151,"Supervisores de mantenimiento y limpieza en oficinas, hoteles y otros establecimientos",51,Trabajadores de los servicios a las personas,515,"Supervisores de mantenimiento y limpieza, mayordomos domésticos y conserjes",5,Trabajadores de los servicios y vendedores de comercios y mercados,2020,44,5768,608008.1325996752,NA,0.9016990291262136,0.9679264909847434,0,0.03207350901525659,0.3484743411927878,48.054611650485434,12.529623626868359,FALSE,0,FALSE
3423,Instructores de acondicionamiento físico y actividades recreativas,34,"Técnicos de servicios jurídicos, sociales, deportivos y culturales",342,"Deportistas, entrenadores, árbitros e instructores de actividades deportivas y recreativas",3,Técnicos y profesionales de nivel medio,2020,44,5766,457549.70084360807,NA,0.5602514844568635,0.2565036420395421,0.608394033992369,0.1351023239680888,0.3666319805757891,40.87721123829344,13.401103792059818,FALSE,0,FALSE
2143,Ingenieros medioambientales,21,Profesionales de las ciencias y de la ingeniería,214,Ingenieros (excluyendo ingenieros en electrotecnología),2,"Profesionales, científicos e intelectuales",2020,49,5714,1616673.0016163792,NA,0.8736379613356766,0.7451872593629681,0.19880994049702486,0.056002800140007,0.2919145957297865,36.12145607280364,17.292614630731535,FALSE,0,FALSE
4221,Empleados de agencias de viajes,42,Empleados en trato directo con el público,422,Empleados de servicios de información al cliente,4,Personal de apoyo administrativo,2020,43,5712,628598.7035899858,NA,0.8028576596129499,0.9215686274509803,0.06407563025210083,0.014355742296918767,0.6214985994397759,42.13655462184874,14.374649859943977,FALSE,0,FALSE
2320,Profesores de educación media técnico profesional (especialidades) y de formación laboral,23,Profesionales de la educación,232,Profesores de educación media técnico profesional (especialidades) y de formación laboral,2,"Profesionales, científicos e intelectuales",2020,50,5542,822522.2019126669,NA,0.9373872248285817,0.9837603753157704,0.00866113316492241,0.007578491519307109,0.4530855286900036,43.94099603031397,15.84085167809455,FALSE,0,FALSE
7125,Cristaleros,71,Operarios de la construcción (no incluye electricistas),712,Operarios de la construcción en trabajos de terminación,7,Artesanos y operarios de oficios,2020,40,5444,457137.2997301465,NA,0.6981023576768257,0.6645848640705364,0.32108743570903747,0.014327700220426157,0.01579720793534166,38.65264511388685,11.752755326965467,FALSE,0,FALSE
3431,Fotógrafos,34,"Técnicos de servicios jurídicos, sociales, deportivos y culturales",343,"Fotógrafos, decoradores de interior, técnicos en galerías de arte, museos y bibliotecas, chefs y otros técnicos en actividades culturales y artísticas",3,Técnicos y profesionales de nivel medio,2020,42,5432,716518.7655842616,NA,0.49423549423549423,0.21428571428571427,0.7546023564064801,0.031111929307805597,0.31056701030927836,43.72441089837997,14.438696612665685,FALSE,0,FALSE
9510,Trabajadores ambulantes de servicios,95,Trabajadores ambulantes de servicios y vendedores ambulantes (excluyendo comida de consumo inmediato),951,Trabajadores ambulantes de servicios,9,Ocupaciones elementales,2020,36,5429,287343.551429127,NA,0.15482380127094164,0.2510591269110333,0.7489408730889666,0,0.19672131147540983,44.02026155829803,10.456621845643765,FALSE,0,FALSE
3255,Técnicos y asistentes fisioterapeutas,32,Técnicos de la salud,325,"Técnicos en odontología, ópticos, técnicos en prevención de riesgos y otros técnicos en salud",3,Técnicos y profesionales de nivel medio,2020,41,5218,423147.9395686526,NA,0.4961671138367191,0.30394787274817936,0.5877730931391337,0.10827903411268686,0.7313146799540053,43.83806055960138,14.894662638469285,FALSE,0,FALSE
7222,Herramentistas,72,"Operarios de la metalurgia y operarios de máquinas herramientas; mecánicos de vehículos, maquinarias, aviones y bicicletas",722,Herreros y herramentistas; reguladores y operarios de máquinas herramientas; pulidores de metales y afiladores de herramientas,7,Artesanos y operarios de oficios,2020,29,5173,358145.9302016985,NA,0.35975256137637734,0.28803402281074814,0.7032669630775179,0.008699014111734004,0,48.71815194277982,11.189445196211096,FALSE,0,TRUE
1342,"Directores, gerentes y administradores de servicios de salud",13,"Directores, gerentes y administradores de producción y operaciones",134,"Directores, gerentes y administradores de servicios de cuidados a personas, bienestar social, educación, servicios financieros y de otros servicios profesionales",1,"Directores, gerentes y administradores",2020,54,5095,1971303.1319343445,NA,0.9638861629048087,0.8076545632973503,0.029048086359175662,0.163297350343474,0.6688910696761531,43.56663395485771,17.41218214074512,FALSE,0,FALSE
7223,Reguladores y operarios de máquinas herramientas,72,"Operarios de la metalurgia y operarios de máquinas herramientas; mecánicos de vehículos, maquinarias, aviones y bicicletas",722,Herreros y herramentistas; reguladores y operarios de máquinas herramientas; pulidores de metales y afiladores de herramientas,7,Artesanos y operarios de oficios,2020,44,5076,537011.8595494216,NA,0.8947990543735225,0.8414105594956659,0.14854215918045705,0.01004728132387707,0,46.042356185973205,11.84980079681275,FALSE,0,FALSE
3612,Técnicos en educación diferencial,36,Técnicos en educación,361,Técnicos en educación,3,Técnicos y profesionales de nivel medio,2020,54,5025,341830.89174129354,NA,0.9709452736318408,0.9822885572139304,0.01771144278606965,0,1,32.36776119402985,14.673618141324155,FALSE,0,FALSE
1120,Directores y gerentes generales de empresas,11,"Miembros del Poder Ejecutivo y Legislativo, personal directivo de la administración pública y de otras organizaciones sociales y/o políticas, directores ejecutivos y gerentes generales",112,Directores y gerentes generales de empresas,1,"Directores, gerentes y administradores",2020,32,4872,2632740.185864979,NA,0.9472495894909688,0.46449096880131363,0.20238095238095238,0.333128078817734,0.145935960591133,47.875821018062396,16.45790934320074,FALSE,0,FALSE
9311,Obreros de la minería,93,"Obreros de la minería, la construcción, la industria manufacturera y el transporte",931,Obreros de la minería y la construcción,9,Ocupaciones elementales,2020,60,4869,578701.1595255386,NA,0.7699933906146729,0.8073526391456152,0.11028958718422674,0.08009858287122612,0.03245019511193264,41.98767714109673,8.255717708560226,FALSE,0,FALSE
8350,Tripulantes de cubierta de barco,83,Conductores de vehículos y operadores de equipos pesados y móviles,835,Tripulantes de cubierta de barco,8,"Operadores de instalaciones, máquinas y ensambladores",2020,68,4774,566130.820234869,NA,0.8139924591537495,0.8540008378718056,0.1348973607038123,0.011101801424382069,0.031001256807708422,44.34520318391286,11.74759111855886,FALSE,0,FALSE
2513,Desarrolladores web y multimedia,25,Profesionales de tecnología de la información y las comunicaciones,251,"Analistas, desarrolladores y programadores de software, multimedia y aplicaciones",2,"Profesionales, científicos e intelectuales",2020,25,4772,1066491.8576411598,NA,0.7604777870913663,0.6462699077954736,0.3537300922045264,0,0.13893545683151717,34.0790025146689,16.473042362002566,FALSE,0,TRUE
7317,"Artesanos en madera, cestería y materiales similares",73,Artesanos y operarios de las artes gráficas,731,"Reparadores de instrumentos de precisión, fabricantes y afinadores de instrumentos musicales, pintores de carteles, pintores decorativos y artesanos",7,Artesanos y operarios de oficios,2020,52,4745,273380.19704697985,NA,0.13319283456269757,0.03877766069546892,0.9401475237091675,0,0.3399367755532139,48.339515279241304,12.121607181021586,FALSE,0,FALSE
7534,Tapiceros,75,"Operarios de procesamiento de alimentos, de la confección, ebanistas y otros oficios",753,"Sastres, modistos, patronistas de tela, costureros, tapiceros, apelambradores y zapateros",7,Artesanos y operarios de oficios,2020,37,4720,333422.6092299975,NA,0.34668477031002487,0.28559322033898304,0.6690677966101695,0.0375,0.12648305084745762,46.483050847457626,11.171186440677966,FALSE,0,FALSE
7541,Buzos,75,"Operarios de procesamiento de alimentos, de la confección, ebanistas y otros oficios",754,"Buzos, dinamiteros, clasificadores, probadores e inspectores de calidad de productos no comestibles, fumigadores y otros oficios",7,Artesanos y operarios de oficios,2020,67,4679,543115.5722707424,NA,0.4338533874759564,0.3898268860867707,0.6029066039752083,0.007266509938020945,0.03932464201752511,44.16050438127805,10.371874332122248,FALSE,0,FALSE
5411,Bomberos,54,Personal de los servicios de protección y seguridad,541,Personal de los servicios de protección y seguridad,5,Trabajadores de los servicios y vendedores de comercios y mercados,2020,64,4652,502778.7602951678,NA,0.9457763835984764,0.9957007738607051,0,0.004299226139294927,0.21302665520206363,37.05546001719691,11.89433551198257,FALSE,0,FALSE
8157,Operadores de máquinas de lavanderías,81,Operadores de instalaciones fijas y máquinas,815,"Operadores de máquinas para fabricar productos textiles, artículos de piel y cuero y operadores de máquinas de lavanderías",8,"Operadores de instalaciones, máquinas y ensambladores",2020,41,4516,373222.488596285,NA,0.9743360856951573,0.9565987599645704,0.02546501328609389,0.017936226749335694,0.5752878653675819,46.87090345438441,11.591227673524758,FALSE,0,FALSE
5132,Bármanes,51,Trabajadores de los servicios a las personas,513,Garzones de mesa y bármanes,5,Trabajadores de los servicios y vendedores de comercios y mercados,2020,39,4457,345148.45652173914,NA,0.8208333333333333,0.7547677810186224,0.1729863136638995,0.07224590531747813,0.31164460399371774,31.397576845411713,13.645501458380076,FALSE,0,FALSE
2636,Profesionales religiosos,26,"Profesionales en derecho, ciencias sociales y culturales",263,"Economistas, especialistas en ciencias sociales, humanidades, ciencias políticas y teología",2,"Profesionales, científicos e intelectuales",2020,37,4442,1087556.7658610272,NA,0.579918955425484,0.6578117964880684,0.2109410175596578,0.12336785231877533,0.09567762269248087,46.22534894191806,15.374596874224759,FALSE,0,FALSE
9329,Obreros de la industria manufacturera no clasificados previamente,93,"Obreros de la minería, la construcción, la industria manufacturera y el transporte",932,Empacadores manuales y obreros de la industria manufacturera,9,Ocupaciones elementales,2020,43,4441,381958.2850192062,NA,0.8102923976608187,0.864444944832245,0.045935600090069806,0.0896194550776852,0.2907002927268633,39.973654582301286,9.341890049977284,FALSE,0,FALSE
2424,Especialistas en formación del personal,24,Profesionales de negocios y administración,242,"Especialistas y asesores de gestión, políticas corporativas, políticas públicas y desarrollo del personal",2,"Profesionales, científicos e intelectuales",2020,28,4422,914229.5313953488,NA,0.8704206241519674,0.7519222071460877,0.2064676616915423,0.041610131162369966,0.45906829488919043,40.08322026232474,16.84916327453641,FALSE,0,TRUE
6130,Productores y trabajadores calificados de explotaciones agropecuarias mixtas,61,Agricultores y trabajadores calificados de explotaciones agropecuarias cuya producción se destina al mercado,613,Productores y trabajadores calificados de explotaciones agropecuarias mixtas,6,"Agricultores y trabajadores calificados agropecuarios, forestales y pesqueros",2020,71,4348,312727.79234370694,NA,0.27989880404783807,0.11545538178472861,0.7591996320147194,0.06899724011039558,0.10418583256669733,50.93859245630175,10.93012999071495,FALSE,0,FALSE
3111,Técnicos en ciencias físicas y químicas,31,Técnicos de las ciencias y la ingeniería,311,"Técnicos en ciencias físicas, químicas, técnicos en ingeniería y dibujantes técnicos",3,Técnicos y profesionales de nivel medio,2020,48,4343,773961.729193843,NA,0.9510456273764258,0.8632281832834446,0.10798986875431729,0.028781947962238083,0.3492977204697214,39.74165323509095,13.341469030623992,FALSE,0,FALSE
3339,Otros agentes de servicios comerciales no clasificados previamente,33,Técnicos en operaciones financieras y administrativas,333,"Agentes de aduana, organizadores de eventos, agentes de empleo, de bienes raíces y otros agentes de servicios comerciales",3,Técnicos y profesionales de nivel medio,2020,29,4216,1008202.12545018,NA,0.6563092979127134,0.506404174573055,0.33088235294117646,0.12998102466793168,0.3906546489563567,40.711337760910816,14.53178368121442,FALSE,0,TRUE
6100,NA,NA,NA,NA,NA,NA,NA,2020,61,4172,325628.8418604651,NA,0.41141586360266863,0.34731543624161076,0.5455417066155321,0.10210930009587728,0.10522531160115053,54.17305848513902,8.349232981783317,FALSE,0,FALSE
1114,"Dirigentes de organizaciones sociales y/o políticas (sindicatos, organizaciones sociales, partidos políticos, entre otras)",11,"Miembros del Poder Ejecutivo y Legislativo, personal directivo de la administración pública y de otras organizaciones sociales y/o políticas, directores ejecutivos y gerentes generales",111,"Miembros del poder ejecutivo y legislativo, personal directivo de la administración pública y de otras organizaciones sociales y/o políticas",1,"Directores, gerentes y administradores",2020,15,4091,2548099.5208807895,NA,0.9657785382547055,0.933512588609142,0.045221217306282084,0,0.8203373258372036,42.443901246638966,17.504522121730627,FALSE,0,TRUE
6221,Trabajadores de explotaciones de acuicultura,62,"Trabajadores forestales calificados, pescadores y cazadores cuya producción se destina al mercado",622,"Trabajadores de explotaciones de acuicultura, pescadores, cazadores y tramperos",6,"Agricultores y trabajadores calificados agropecuarios, forestales y pesqueros",2020,55,4060,510257.5891745602,NA,0.8979083665338645,0.874384236453202,0.02832512315270936,0.09729064039408868,0.26699507389162563,40.998522167487685,11.080295566502462,FALSE,0,FALSE
8141,Operadores de máquinas para fabricar productos de caucho,81,Operadores de instalaciones fijas y máquinas,814,"Operadores de máquinas para fabricar productos de caucho, de material plástico y de papel",8,"Operadores de instalaciones, máquinas y ensambladores",2020,35,4022,463950.7256588072,NA,0.7963009880922219,0.6133764296369966,0.28443560417702635,0.10218796618597713,0,45.214818498259575,10.04899837574445,FALSE,0,FALSE
1411,"Directores, gerentes y administradores de hoteles",14,"Directores, gerentes y administradores de hoteles, restaurantes, comercios y de otros servicios",141,"Directores, gerentes y administradores de hoteles y restaurantes",1,"Directores, gerentes y administradores",2020,50,4001,1628539.4715219422,NA,0.8770992366412214,0.6533366658335417,0.22519370157460636,0.12146963259185203,0.4206448387903024,44.48537865533616,15.693893129770993,FALSE,0,FALSE
2113,Químicos,21,Profesionales de las ciencias y de la ingeniería,211,"Físicos, astrónomos, meteorólogos, químicos, geólogos y geofísicos",2,"Profesionales, científicos e intelectuales",2020,24,3980,1480479.717839196,NA,0.9557788944723619,0.957286432160804,0,0.04271356783919598,0.5487437185929648,40.404522613065325,17.434354485776804,FALSE,0,TRUE
9121,Lavanderos y planchadores manuales,91,Auxiliares de aseo y trabajadores de casa particular,912,"Limpiadores de ropa, vehículos, ventanas y otros limpiadores manuales",9,Ocupaciones elementales,2020,49,3937,222306.54302996976,NA,0.3830327660655321,0.4010668021336043,0.5732791465582932,0.021336042672085345,0.7901955803911608,46.56464312928626,10.15119852489244,FALSE,0,FALSE
3514,Técnicos de la web,35,Técnicos de la tecnología de la información y las comunicaciones,351,"Técnicos en operaciones de tecnología de la información, las comunicaciones y asistencia al usuario; técnicos en redes y técnicos de la web",3,Técnicos y profesionales de nivel medio,2020,21,3915,612960.8263557178,NA,0.6932311621966795,0.5006385696040868,0.49936143039591313,0,0.167816091954023,33.48071519795658,14.74993614303959,FALSE,0,TRUE
3332,Organizadores de conferencias y eventos,33,Técnicos en operaciones financieras y administrativas,333,"Agentes de aduana, organizadores de eventos, agentes de empleo, de bienes raíces y otros agentes de servicios comerciales",3,Técnicos y profesionales de nivel medio,2020,27,3913,675236.7207023274,NA,0.7076282218172351,0.3715819064656274,0.5913621262458472,0.03705596728852543,0.45923843598262204,39.091745463838485,15.170457449527216,FALSE,0,TRUE
3315,Tasadores,33,Técnicos en operaciones financieras y administrativas,331,"Agentes de bolsas, ejecutivos de créditos, asistentes contables y otros técnicos en finanzas y matemáticas",3,Técnicos y profesionales de nivel medio,2020,23,3832,1034285.5683716076,NA,0.81419624217119,0.9125782881002088,0.08742171189979123,0,0.3977035490605428,41.64613778705637,15.517223382045929,FALSE,0,TRUE
2643,"Traductores, intérpretes de lengua de señas y lingüistas",26,"Profesionales en derecho, ciencias sociales y culturales",264,"Escritores, periodistas, traductores, intérpretes de lengua de señas y lingüistas",2,"Profesionales, científicos e intelectuales",2020,24,3824,766880.7039226223,NA,0.9169801182160129,0.39173640167364016,0.6082635983263598,0,0.6017259414225942,38.41396443514645,16.04476418864908,FALSE,0,TRUE
7232,Mecánicos y reparadores de motores de avión,72,"Operarios de la metalurgia y operarios de máquinas herramientas; mecánicos de vehículos, maquinarias, aviones y bicicletas",723,"Mecánicos de vehículos, motores de aviones, reparadores de máquinas agrícolas, industriales y bicicletas",7,Artesanos y operarios de oficios,2020,24,3815,739111.5079320902,NA,0.9114995902758809,1,0,0,0,38.92346002621232,14.346379647749512,FALSE,0,TRUE
2651,Artistas de artes plásticas,26,"Profesionales en derecho, ciencias sociales y culturales",265,"Artistas, actores y locutores de medios de comunicación",2,"Profesionales, científicos e intelectuales",2020,31,3698,451755.4808259587,NA,0.5221741481882098,0.1736073553272039,0.7836668469442942,0.042725797728501894,0.6711736073553272,42.69226608977826,14.792320173066523,FALSE,0,FALSE
7543,"Clasificadores, probadores de productos e inspectores de calidad (excluyendo alimentos y bebidas)",75,"Operarios de procesamiento de alimentos, de la confección, ebanistas y otros oficios",754,"Buzos, dinamiteros, clasificadores, probadores e inspectores de calidad de productos no comestibles, fumigadores y otros oficios",7,Artesanos y operarios de oficios,2020,22,3676,662839.4170293798,NA,0.9588848211771333,1,0,0,0.1528835690968444,37.75680087051143,13.34385201305767,FALSE,0,TRUE
2656,"Locutores de radio, televisión y otros medios de comunicación",26,"Profesionales en derecho, ciencias sociales y culturales",265,"Artistas, actores y locutores de medios de comunicación",2,"Profesionales, científicos e intelectuales",2020,28,3658,520647.45912322274,NA,0.8089119737561509,0.6509021323127392,0.3018042646254784,0.047293603061782395,0.1205576817933297,42.109349371241116,14.165117550574085,FALSE,0,TRUE
2355,Otros profesores de artes,23,Profesionales de la educación,235,"Especialistas en métodos pedagógicos, educadores para necesidades especiales y otros profesionales de la educación",2,"Profesionales, científicos e intelectuales",2020,28,3635,485367.60761035007,NA,0.48056537102473496,0.6085281980742778,0.3499312242090784,0.04154057771664374,0.5757909215955983,42.580467675378266,16.46755891766075,FALSE,0,TRUE
8189,Operadores de máquinas y de instalaciones fijas no clasificados previamente,81,Operadores de instalaciones fijas y máquinas,818,"Operadores de máquinas de instalaciones de vidriería, cerámica y operadores de máquinas de vapor y calderas, de embotellamiento, de etiquetado y otros operadores de máquinas e instalaciones",8,"Operadores de instalaciones, máquinas y ensambladores",2020,20,3585,474779.97139379184,NA,0.7656903765690377,0.8686192468619247,0.13138075313807532,0,0.1581589958158996,31.98410041841004,14.69065550906555,FALSE,0,TRUE
7536,Zapateros,75,"Operarios de procesamiento de alimentos, de la confección, ebanistas y otros oficios",753,"Sastres, modistos, patronistas de tela, costureros, tapiceros, apelambradores y zapateros",7,Artesanos y operarios de oficios,2020,34,3579,299829.08605135325,NA,0.3498183850237497,0.14389494272143058,0.7856943280245878,0.07041072925398156,0.04274937133277452,65.02514668901928,8.672813635093602,FALSE,0,FALSE
3354,Agentes de servicios de tramitación y entrega de licencias y permisos,33,Técnicos en operaciones financieras y administrativas,335,Agentes de la administración pública para la aplicación de la ley,3,Técnicos y profesionales de nivel medio,2020,33,3523,779193.3386318479,NA,0.9246849942726232,1,0,0,0.5029804144195288,53.15413000283849,13.683508373545274,FALSE,0,FALSE
2353,Otros profesores de idiomas,23,Profesionales de la educación,235,"Especialistas en métodos pedagógicos, educadores para necesidades especiales y otros profesionales de la educación",2,"Profesionales, científicos e intelectuales",2020,36,3422,652566.5653634698,NA,0.6666666666666666,0.4523670368205728,0.5476329631794272,0,0.6727060198714202,38.41379310344828,16.364820846905538,FALSE,0,FALSE
7234,Reparadores de bicicletas,72,"Operarios de la metalurgia y operarios de máquinas herramientas; mecánicos de vehículos, maquinarias, aviones y bicicletas",723,"Mecánicos de vehículos, motores de aviones, reparadores de máquinas agrícolas, industriales y bicicletas",7,Artesanos y operarios de oficios,2020,26,3417,218956.27342549924,NA,0.3271875914544922,0.25607257828504537,0.6897863623061165,0.05414105940883816,0,45.21422300263389,10.292450014920918,FALSE,0,TRUE
3253,Podólogos,32,Técnicos de la salud,325,"Técnicos en odontología, ópticos, técnicos en prevención de riesgos y otros técnicos en salud",3,Técnicos y profesionales de nivel medio,2020,35,3415,321896.8211125158,NA,0.5030746705710103,0.13060029282576865,0.7364568081991215,0.1329428989751098,0.9030746705710102,45.124743777452416,14.106002928257686,FALSE,0,FALSE
7323,Encuadernadores,73,Artesanos y operarios de las artes gráficas,732,"Tipógrafos, impresores y encuadernadores",7,Artesanos y operarios de oficios,2020,19,3411,402795.84682080924,NA,0.7454879167941266,0.7525652301377895,0.2474347698622105,0,0.24831427733802405,53.17414248021108,10.649369686309,FALSE,0,TRUE
8113,Perforadores y sondistas de pozos,81,Operadores de instalaciones fijas y máquinas,811,"Mineros y operadores de instalaciones mineras, perforadores de pozos y operadores de máquinas para fabricar cemento y otros productos minerales",8,"Operadores de instalaciones, máquinas y ensambladores",2020,45,3408,634042.7891353263,NA,0.7114365846057962,0.8189553990610329,0.1596244131455399,0.02142018779342723,0.02171361502347418,41.624413145539904,11.779363663395777,FALSE,0,FALSE
3333,Agentes de empleo y contratistas de personal,33,Técnicos en operaciones financieras y administrativas,333,"Agentes de aduana, organizadores de eventos, agentes de empleo, de bienes raíces y otros agentes de servicios comerciales",3,Técnicos y profesionales de nivel medio,2020,32,3356,748592.5251328157,NA,0.8662097735399285,0.7768176400476758,0.1904052443384982,0.032777115613825986,0.4940405244338498,47.30870083432658,13.92055915444937,FALSE,0,FALSE
3311,Agentes de bolsa y otros servicios financieros,33,Técnicos en operaciones financieras y administrativas,331,"Agentes de bolsas, ejecutivos de créditos, asistentes contables y otros técnicos en finanzas y matemáticas",3,Técnicos y profesionales de nivel medio,2020,25,3349,796580.6235973068,NA,0.9313227829202747,0.8271125709166915,0.01761719916392953,0.15527022991937892,0.562257390265751,43.531501940877874,13.681191925664852,FALSE,0,TRUE
7123,"Yeseros, estucadores y revocadores",71,Operarios de la construcción (no incluye electricistas),712,Operarios de la construcción en trabajos de terminación,7,Artesanos y operarios de oficios,2020,21,3339,464816.4006153846,NA,0.7336979385780396,0.8104222821203954,0.18957771787960467,0,0,40.144654088050316,10.210329595650697,FALSE,0,TRUE
3435,Tatuadores,34,"Técnicos de servicios jurídicos, sociales, deportivos y culturales",343,"Fotógrafos, decoradores de interior, técnicos en galerías de arte, museos y bibliotecas, chefs y otros técnicos en actividades culturales y artísticas",3,Técnicos y profesionales de nivel medio,2020,24,3275,319620.50746733043,NA,0.26717557251908397,0.039083969465648856,0.9609160305343512,0,0.16213740458015266,31.306259541984733,14.571297709923664,FALSE,0,TRUE
3213,Técnicos y asistentes farmacéuticos,32,Técnicos de la salud,321,"Técnicos y auxiliares paramédicos en imagenología, análisis de muestras médicas y de sangre, farmacéuticos y prótesis médicas y dentales",3,Técnicos y profesionales de nivel medio,2020,34,3246,541931.8632451387,NA,0.9439309919901417,0.821626617375231,0,0.17837338262476896,0.8277880468268638,41.727972889710415,14.194393099199015,FALSE,0,FALSE
3212,Técnicos de laboratorios clínicos y servicios de sangre,32,Técnicos de la salud,321,"Técnicos y auxiliares paramédicos en imagenología, análisis de muestras médicas y de sangre, farmacéuticos y prótesis médicas y dentales",3,Técnicos y profesionales de nivel medio,2020,35,3224,489171.802259887,NA,0.8737593052109182,0.9441687344913151,0,0.04187344913151365,0.8542183622828784,35.67928039702233,14.106389578163771,FALSE,0,FALSE
0210,Suboficiales de las Fuerzas Armadas,02,Suboficiales de las Fuerzas Armadas,021,Suboficiales de las Fuerzas Armadas,0,Ocupaciones de las fuerzas armadas,2020,39,3206,1070758.0483468496,NA,0.8363757052771325,1,0,0,0.011228945726762321,41.614160948222086,13.515595757953836,FALSE,0,FALSE
3432,Diseñadores y decoradores de interior,34,"Técnicos de servicios jurídicos, sociales, deportivos y culturales",343,"Fotógrafos, decoradores de interior, técnicos en galerías de arte, museos y bibliotecas, chefs y otros técnicos en actividades culturales y artísticas",3,Técnicos y profesionales de nivel medio,2020,27,3110,694210.6976926086,NA,0.8115755627009646,0.4135048231511254,0.5713826366559486,0.015112540192926046,0.6440514469453377,43.44662379421222,15.096160157532,FALSE,0,TRUE
7513,Operarios de la elaboración de productos lácteos,75,"Operarios de procesamiento de alimentos, de la confección, ebanistas y otros oficios",751,"Operarios de procesamiento, elaboración, conservación, cata y clasificación de alimentos, bebidas y tabaco",7,Artesanos y operarios de oficios,2020,32,3091,425698.8138671069,NA,0.6460692332578454,0.4775153671950825,0.48398576512455516,0.02491103202846975,0.4797800064703979,41.4380459398253,11.215152509019351,FALSE,0,FALSE
4411,Asistentes y ayudantes de bibliotecas,44,Otro personal de apoyo administrativo,441,Otro personal de apoyo administrativo,4,Personal de apoyo administrativo,2020,34,3059,482941.5096436744,NA,0.9007815154604145,0.9767898005884276,0,0.02321019941157241,0.5590062111801242,40.38117031709709,13.725967957276369,FALSE,0,FALSE
8121,Operadores de instalaciones de procesamiento de metales,81,Operadores de instalaciones fijas y máquinas,812,"Operadores de instalaciones de procesamiento y acabado de metales (pulidores, galvanizadores y recubridores de metales)",8,"Operadores de instalaciones, máquinas y ensambladores",2020,29,3051,636536.5385119633,NA,0.9616204690831557,0.9646017699115044,0.00983284169124877,0.025565388397246803,0,46.37004260898066,11.290506541429052,FALSE,0,TRUE
7313,"Joyeros, orfebres y plateros",73,Artesanos y operarios de las artes gráficas,731,"Reparadores de instrumentos de precisión, fabricantes y afinadores de instrumentos musicales, pintores de carteles, pintores decorativos y artesanos",7,Artesanos y operarios de oficios,2020,30,3012,751962.5556051809,NA,0.2400398406374502,0.11952191235059761,0.8127490039840638,0.061752988047808766,0.29880478087649404,47.081341301460824,12.28187250996016,FALSE,0,FALSE
4229,Otros empleados de servicios de información al cliente no clasificados previamente,42,Empleados en trato directo con el público,422,Empleados de servicios de información al cliente,4,Personal de apoyo administrativo,2020,32,3010,590678.0625674218,NA,0.9760797342192691,1,0,0,0.7325581395348837,40.39767441860465,14.41029900332226,FALSE,0,FALSE
8182,Operadores de máquinas de vapor y calderas,81,Operadores de instalaciones fijas y máquinas,818,"Operadores de máquinas de instalaciones de vidriería, cerámica y operadores de máquinas de vapor y calderas, de embotellamiento, de etiquetado y otros operadores de máquinas e instalaciones",8,"Operadores de instalaciones, máquinas y ensambladores",2020,24,2968,523779.1586927224,NA,0.8615229110512129,1,0,0,0,42.463611859838274,12.267857142857142,FALSE,0,TRUE
2114,Geólogos y geofísicos,21,Profesionales de las ciencias y de la ingeniería,211,"Físicos, astrónomos, meteorólogos, químicos, geólogos y geofísicos",2,"Profesionales, científicos e intelectuales",2020,20,2911,1665652.1861903125,NA,1,0.979388526279629,0.020611473720371008,0,0.2263826863620749,46.73205084163518,17.359420289855073,FALSE,0,TRUE
3215,Laboratoristas dentales o técnicos en prótesis dentales,32,Técnicos de la salud,321,"Técnicos y auxiliares paramédicos en imagenología, análisis de muestras médicas y de sangre, farmacéuticos y prótesis médicas y dentales",3,Técnicos y profesionales de nivel medio,2020,25,2868,662150.3361244019,NA,0.8096234309623431,0.33368200836820083,0.6283124128312413,0.03800557880055788,0.5599721059972106,47.485006973500695,14.875523012552302,FALSE,0,TRUE
5152,"Amas de llaves, mayordomos domésticos y dueños/administradores de pequeños establecimientos de alojamiento",51,Trabajadores de los servicios a las personas,515,"Supervisores de mantenimiento y limpieza, mayordomos domésticos y conserjes",5,Trabajadores de los servicios y vendedores de comercios y mercados,2020,27,2825,495652.1338546458,NA,0.6980598221503638,0.7674336283185841,0.16035398230088496,0.07221238938053097,0.4300884955752212,52.36920353982301,10.354909090909091,FALSE,0,TRUE
4312,"Auxiliares y ayudantes de servicios estadísticos, financieros y de seguros",43,Auxiliares y ayudantes de registros contables y encargados del registro de materiales,431,Auxiliares y ayudantes de registros contables y financieros,4,Personal de apoyo administrativo,2020,16,2823,758650.9384805945,NA,0.87743535246192,1,0,0,0.7173219978746015,40.59723698193411,14.155026241421075,FALSE,0,TRUE
6122,Avicultores y trabajadores calificados de la avicultura,61,Agricultores y trabajadores calificados de explotaciones agropecuarias cuya producción se destina al mercado,612,Trabajadores calificados de la cría de animales,6,"Agricultores y trabajadores calificados agropecuarios, forestales y pesqueros",2020,31,2755,372849.67261904763,NA,0.6718693284936479,0.47150635208711433,0.38620689655172413,0.14228675136116153,0.33793103448275863,48.54736842105263,10.561887477313974,FALSE,0,FALSE
4227,"Entrevistadores de investigaciones de mercado, estudios de opinión pública y encuestadores",42,Empleados en trato directo con el público,422,Empleados de servicios de información al cliente,4,Personal de apoyo administrativo,2020,23,2747,452093.84489593655,NA,0.3319951826575672,0.7590098289042592,0.2111394248270841,0.029850746268656716,0.47251547142337097,36.27448125227521,15.04171322160149,FALSE,0,TRUE
9623,Recolectores de dinero en máquinas expendedoras de venta automática y lectores de medidores,96,Recolectores de desechos y otras ocupaciones elementales,962,Otras ocupaciones elementales,9,Ocupaciones elementales,2020,33,2738,344108.982028754,NA,0.8677867056245434,1,0,0,0.08071585098612126,44.381300219138055,10.66471877282688,FALSE,0,FALSE
4415,Empleados administrativos de archivos,44,Otro personal de apoyo administrativo,441,Otro personal de apoyo administrativo,4,Personal de apoyo administrativo,2020,25,2733,416961.83205268934,NA,0.8549337260677466,0.7885107939992682,0.048298572996706916,0.1207464324917673,0.6600804976216612,41.27259421880717,13.077570435418954,FALSE,0,TRUE
6123,Trabajadores calificados de la apicultura y la sericultura,61,Agricultores y trabajadores calificados de explotaciones agropecuarias cuya producción se destina al mercado,612,Trabajadores calificados de la cría de animales,6,"Agricultores y trabajadores calificados agropecuarios, forestales y pesqueros",2020,33,2725,390657.0832214765,NA,0.5666666666666667,0.2711926605504587,0.6891743119266055,0.033761467889908255,0.1926605504587156,48.02788990825688,11.443669724770642,FALSE,0,FALSE
1431,"Directores, gerentes y administradores de centros deportivos, de esparcimiento y culturales",14,"Directores, gerentes y administradores de hoteles, restaurantes, comercios y de otros servicios",143,"Directores, gerentes y administradores de centros deportivos, de esparcimiento, culturales y de otros servicios",1,"Directores, gerentes y administradores",2020,21,2719,1399106.31352459,NA,0.7216018482864844,0.6042662743655756,0.33431408606105184,0.06141963957337256,0.38028687017285767,39.85803604266275,16.514895182052225,FALSE,0,TRUE
2164,Urbanistas e ingenieros de transporte y tránsito,21,Profesionales de las ciencias y de la ingeniería,216,"Arquitectos, diseñadores, urbanistas, cartógrafos y agrimensores",2,"Profesionales, científicos e intelectuales",2020,14,2716,1221549.6885125183,NA,0.8964339908952959,0.748159057437408,0,0.25184094256259204,0.5011045655375552,34.84462444771723,17.55375552282769,FALSE,0,TRUE
8112,Operadores de instalaciones de procesamiento de minerales y rocas,81,Operadores de instalaciones fijas y máquinas,811,"Mineros y operadores de instalaciones mineras, perforadores de pozos y operadores de máquinas para fabricar cemento y otros productos minerales",8,"Operadores de instalaciones, máquinas y ensambladores",2020,39,2708,893061.9572845156,NA,1,0.9146971935007385,0.029172821270310192,0.056129985228951254,0.06499261447562776,45.25997045790251,12.43531202435312,FALSE,0,FALSE
2519,Otros desarrolladores y analistas de software y multimedia no clasificados previamente,25,Profesionales de tecnología de la información y las comunicaciones,251,"Analistas, desarrolladores y programadores de software, multimedia y aplicaciones",2,"Profesionales, científicos e intelectuales",2020,15,2698,1272900.3031875463,NA,0.8980726464047443,0.8317272053372868,0.13046701260192736,0.03780578206078577,0.2939214232765011,33.74314306893996,17.006134969325153,FALSE,0,TRUE
3351,Inspectores de aduana,33,Técnicos en operaciones financieras y administrativas,335,Agentes de la administración pública para la aplicación de la ley,3,Técnicos y profesionales de nivel medio,2020,25,2637,870377.5415244596,NA,0.9806598407281001,0.9912779673871824,0.008722032612817596,0,0.5858930602957907,36.7607129313614,15.731892301858172,FALSE,0,TRUE
1222,"Directores, gerentes y administradores de publicidad y relaciones públicas",12,Directores y gerentes administrativos y de servicios comerciales,122,"Directores, gerentes y administradores de comercialización, publicidad, relaciones públicas e investigación y desarrollo",1,"Directores, gerentes y administradores",2020,15,2625,1427226.340782123,NA,1,0.4666666666666667,0.32304761904761903,0.2102857142857143,0.2099047619047619,37.12342857142857,16.964820056611405,FALSE,0,TRUE
2134,Bioquímicos,21,Profesionales de las ciencias y de la ingeniería,213,Profesionales de las ciencias biológicas,2,"Profesionales, científicos e intelectuales",2020,12,2623,1190014.5134808854,NA,1,0.6930995043842928,0.3069004956157072,0,0.8970644300419367,34.27296988181472,17.986275257338924,FALSE,0,TRUE
3117,Técnicos en ingeniería de minas y metalurgia,31,Técnicos de las ciencias y la ingeniería,311,"Técnicos en ciencias físicas, químicas, técnicos en ingeniería y dibujantes técnicos",3,Técnicos y profesionales de nivel medio,2020,29,2610,898180.0876957495,NA,0.9900793650793651,1,0,0,0.06360153256704981,36.2639846743295,14.957854406130268,FALSE,0,TRUE
2654,"Directores de cine, radio y teatro",26,"Profesionales en derecho, ciencias sociales y culturales",265,"Artistas, actores y locutores de medios de comunicación",2,"Profesionales, científicos e intelectuales",2020,12,2590,884040.4751934456,NA,0.8424710424710424,0.07992277992277992,0.92007722007722,0,0.07992277992277992,36.81737451737452,18.25907335907336,FALSE,0,TRUE
8153,Operadores de máquinas de coser,81,Operadores de instalaciones fijas y máquinas,815,"Operadores de máquinas para fabricar productos textiles, artículos de piel y cuero y operadores de máquinas de lavanderías",8,"Operadores de instalaciones, máquinas y ensambladores",2020,20,2574,331906.6935412027,NA,0.611671785870996,0.736985236985237,0.263014763014763,0,0.5170940170940171,45.74475524475525,11.045843045843046,FALSE,0,TRUE
6113,"Agricultores y trabajadores calificados de huertas, invernaderos, viveros y jardines",61,Agricultores y trabajadores calificados de explotaciones agropecuarias cuya producción se destina al mercado,611,"Agricultores y trabajadores calificados de cultivos extensivos, plantaciones de árboles y arbustos, huertas, invernaderos, viveros y jardines y de cultivos mixtos",6,"Agricultores y trabajadores calificados agropecuarios, forestales y pesqueros",2020,26,2567,285239.4970783015,NA,0.885954381752701,0.5932995714842229,0.3790416828983249,0.02765874561745228,0.35449941566030385,42.585508375535646,15.859842519685039,FALSE,0,TRUE
3421,Atletas y deportistas,34,"Técnicos de servicios jurídicos, sociales, deportivos y culturales",342,"Deportistas, entrenadores, árbitros e instructores de actividades deportivas y recreativas",3,Técnicos y profesionales de nivel medio,2020,16,2550,562795.9353304802,NA,0.5692622950819672,0.7850980392156863,0.16431372549019607,0.03568627450980392,0.14627450980392157,26.514117647058825,13.476470588235294,FALSE,0,TRUE
8159,Operadores de máquinas para fabricar productos textiles y artículos de piel y cuero no clasificados previamente,81,Operadores de instalaciones fijas y máquinas,815,"Operadores de máquinas para fabricar productos textiles, artículos de piel y cuero y operadores de máquinas de lavanderías",8,"Operadores de instalaciones, máquinas y ensambladores",2020,14,2549,402295.32130247157,NA,0.8713220870929776,0.9784229109454688,0.02157708905453119,0,0.24597881522165554,47.36249509611613,10.788152216555511,FALSE,0,TRUE
9624,Acarreadores de agua y recolectores de leña,96,Recolectores de desechos y otras ocupaciones elementales,962,Otras ocupaciones elementales,9,Ocupaciones elementales,2020,37,2522,172008.8100358423,NA,0.014616321559074299,0.07375099127676447,0.9072164948453608,0.0190325138778747,0.032910388580491674,46.95757335448057,8.491207034372502,FALSE,0,FALSE
3314,Técnicos de servicios estadísticos y matemáticos,33,Técnicos en operaciones financieras y administrativas,331,"Agentes de bolsas, ejecutivos de créditos, asistentes contables y otros técnicos en finanzas y matemáticas",3,Técnicos y profesionales de nivel medio,2020,17,2491,893886.4484142915,NA,0.9352844187963726,1,0,0,0.5897230028101165,40.47049377759936,16.92452830188679,FALSE,0,TRUE
2529,Otros especialistas en bases de datos y en redes de computadores no clasificados previamente,25,Profesionales de tecnología de la información y las comunicaciones,252,"Diseñadores y administradores de bases de datos, administradores de sistemas y profesionales en redes de computadores",2,"Profesionales, científicos e intelectuales",2020,10,2466,1237954.9562043797,NA,1,0.9233576642335767,0,0.07664233576642336,0.11070559610705596,38.63868613138686,17.476074614760748,FALSE,0,TRUE
4212,Receptores de apuestas,42,Empleados en trato directo con el público,421,"Cajeros de bancos y de casas de cambio; receptores de apuestas, prestamistas y cobradores",4,Personal de apoyo administrativo,2020,25,2443,374123.08044243336,NA,0.8850779510022272,0.9418747441670078,0.058125255832992224,0,0.6029471960704053,34.63160049119934,13.83135489152681,FALSE,0,TRUE
3240,Técnicos y asistentes veterinarios,32,Técnicos de la salud,324,Técnicos y asistentes veterinarios,3,Técnicos y profesionales de nivel medio,2020,22,2430,502959.9816396242,NA,0.902880658436214,0.8975308641975308,0,0.09588477366255144,0.725925925925926,31.38477366255144,14.719882055602358,FALSE,0,TRUE
5111,Auxiliares de servicio a bordo de aeronaves y barcos,51,Trabajadores de los servicios a las personas,511,Trabajadores al servicio directo de los pasajeros,5,Trabajadores de los servicios y vendedores de comercios y mercados,2020,16,2406,581424.9829592685,NA,1,1,0,0,0.7315045719035744,31.457190357439735,13.524106400665005,FALSE,0,TRUE
7121,Instaladores o reparadores de techos,71,Operarios de la construcción (no incluye electricistas),712,Operarios de la construcción en trabajos de terminación,7,Artesanos y operarios de oficios,2020,14,2382,299237.1673536686,NA,0.489556135770235,0.41435768261964734,0.5298068849706129,0.05583543240973971,0,44.44752308984047,10.357262804366078,FALSE,0,TRUE
7316,"Pintores de carteles, pintores decorativos y grabadores",73,Artesanos y operarios de las artes gráficas,731,"Reparadores de instrumentos de precisión, fabricantes y afinadores de instrumentos musicales, pintores de carteles, pintores decorativos y artesanos",7,Artesanos y operarios de oficios,2020,19,2382,322004.4551378446,NA,0.18840579710144928,0.2434928631402183,0.7565071368597817,0,0.23341729638958858,39.915617128463474,10.975230898404702,FALSE,0,TRUE
3231,Profesionales y técnicos de las terapias complementarias,32,Técnicos de la salud,323,Profesionales y técnicos de las terapias complementarias y medicina tradicional,3,Técnicos y profesionales de nivel medio,2020,16,2377,611349.6283422459,NA,0.7021455616323097,0.3500210349179638,0.6499789650820362,0,0.5283971392511569,38.639882204459404,15.273033235170383,FALSE,0,TRUE
3211,Técnicos y auxiliares paramédicos de radiología e imagenología y otros aparatos de diagnóstico y tratamiento médico,32,Técnicos de la salud,321,"Técnicos y auxiliares paramédicos en imagenología, análisis de muestras médicas y de sangre, farmacéuticos y prótesis médicas y dentales",3,Técnicos y profesionales de nivel medio,2020,13,2369,453187.17940059095,NA,0.8898269311945969,1,0,0,0.6918531025749262,40.9421696918531,14.32165470662727,FALSE,0,TRUE
2354,Otros profesores de música,23,Profesionales de la educación,235,"Especialistas en métodos pedagógicos, educadores para necesidades especiales y otros profesionales de la educación",2,"Profesionales, científicos e intelectuales",2020,22,2285,436271.608974359,NA,0.627424447451511,0.22932166301969364,0.7706783369803063,0,0.36455142231947485,35.351422319474835,15.065645514223196,FALSE,0,TRUE
8122,"Operadores de máquinas de acabado de metales (pulidores, galvanizadores y recubridores de metales)",81,Operadores de instalaciones fijas y máquinas,812,"Operadores de instalaciones de procesamiento y acabado de metales (pulidores, galvanizadores y recubridores de metales)",8,"Operadores de instalaciones, máquinas y ensambladores",2020,12,2283,551502.863440345,NA,0.7175697865353038,0.7279894875164258,0.12439772229522558,0.14761279018834866,0,37.8826106000876,12.092860271572492,FALSE,0,TRUE
8311,Maquinistas de locomotoras,83,Conductores de vehículos y operadores de equipos pesados y móviles,831,"Maquinistas de locomotoras, guardafrenos y agentes de maniobras",8,"Operadores de instalaciones, máquinas y ensambladores",2020,18,2207,798677.2768230377,NA,0.9968282736746715,1,0,0,0.02174898051653829,44.271409152695966,13.770729497054825,FALSE,0,TRUE
7315,"Sopladores, modeladores, laminadores, cortadores y pulidores de vidrio",73,Artesanos y operarios de las artes gráficas,731,"Reparadores de instrumentos de precisión, fabricantes y afinadores de instrumentos musicales, pintores de carteles, pintores decorativos y artesanos",7,Artesanos y operarios de oficios,2020,8,2160,423340.6122931442,NA,0.7083333333333334,0.26805555555555555,0.44027777777777777,0.2916666666666667,0.1337962962962963,41.458333333333336,8.4375,FALSE,0,TRUE
0110,Oficiales de las Fuerzas Armadas,01,Oficiales de las Fuerzas Armadas,011,Oficiales de las Fuerzas Armadas,0,Ocupaciones de las fuerzas armadas,2020,27,2135,2974415.091906005,NA,0.8084384093113482,0.9831381733021077,0,0.01686182669789227,0.2009367681498829,37.48243559718969,17.248918789043728,FALSE,0,TRUE
7311,Mecánicos y reparadores de instrumentos de precisión,73,Artesanos y operarios de las artes gráficas,731,"Reparadores de instrumentos de precisión, fabricantes y afinadores de instrumentos musicales, pintores de carteles, pintores decorativos y artesanos",7,Artesanos y operarios de oficios,2020,12,2098,613231.7891504606,NA,0.9018112488083889,0.7335557673975215,0.26644423260247857,0,0.07959961868446139,44.74356530028599,12.963298379408961,FALSE,0,TRUE
6310,Trabajadores agrícolas de subsistencia,63,"Trabajadores agropecuarios, pescadores, cazadores y recolectores de subsistencia",631,Trabajadores agrícolas de subsistencia,6,"Agricultores y trabajadores calificados agropecuarios, forestales y pesqueros",2020,34,2094,126652.4764364106,NA,0.16284622731614135,0.1069723018147087,0.8591212989493792,0,0.21537726838586438,52.50286532951289,8.194364851957975,FALSE,0,FALSE
3119,Otros técnicos en ciencias físicas y en ingeniería no clasificados previamente,31,Técnicos de las ciencias y la ingeniería,311,"Técnicos en ciencias físicas, químicas, técnicos en ingeniería y dibujantes técnicos",3,Técnicos y profesionales de nivel medio,2020,17,2089,813389.7719852554,NA,0.9334609861177597,0.5911919578745811,0.30157970320727623,0.10722833891814265,0.16371469602680708,39.77022498803255,14.909047391096218,FALSE,0,TRUE
3254,Técnicos ópticos y contactólogos,32,Técnicos de la salud,325,"Técnicos en odontología, ópticos, técnicos en prevención de riesgos y otros técnicos en salud",3,Técnicos y profesionales de nivel medio,2020,12,2063,622386.3911778963,NA,1,0.9457101308773631,0.04411051866214251,0.010179350460494426,0.2200678623364033,49.80853126514784,15.334464372273388,FALSE,0,TRUE
1312,"Directores, gerentes y administradores de producción y operaciones de acuicultura y pesca",13,"Directores, gerentes y administradores de producción y operaciones",131,"Directores, gerentes y administradores de producción y operaciones agropecuarias, de silvicultura, acuicultura y pesca",1,"Directores, gerentes y administradores",2020,19,2054,1566817.0329192546,NA,1,0.5925024342745862,0.07789678675754626,0.3296007789678676,0.04430379746835443,45.40701071080818,16.653846153846153,FALSE,0,TRUE
8152,Operadores de telares y otras máquinas tejedoras,81,Operadores de instalaciones fijas y máquinas,815,"Operadores de máquinas para fabricar productos textiles, artículos de piel y cuero y operadores de máquinas de lavanderías",8,"Operadores de instalaciones, máquinas y ensambladores",2020,12,2047,357307.8265754763,NA,0.9193181818181818,0.530532486565706,0.3072789447972643,0.1621885686370298,0.1338544211040547,44.768441621885685,12.571568148510014,FALSE,0,TRUE
9213,Obreros de explotaciones agropecuarias,92,"Obreros agropecuarios, pesqueros y forestales",921,"Obreros agropecuarios, de jardinería y horticultura, forestales y pesqueros",9,Ocupaciones elementales,2020,28,1992,468021.8453815261,NA,0.6440763052208835,0.7494979919678715,0.17118473895582328,0.07178714859437751,0.01355421686746988,45.325803212851405,8.45730452674897,FALSE,0,TRUE
2523,Profesionales en redes de computadores,25,Profesionales de tecnología de la información y las comunicaciones,252,"Diseñadores y administradores de bases de datos, administradores de sistemas y profesionales en redes de computadores",2,"Profesionales, científicos e intelectuales",2020,17,1980,1514165.8200218817,NA,0.9944444444444445,0.9944444444444445,0.005555555555555556,0,0,37.85757575757576,16.55190401669275,FALSE,0,TRUE
3152,Capitanes y oficiales de cubierta,31,Técnicos de las ciencias y la ingeniería,315,Técnicos y controladores en navegación marítima y aeronáutica,3,Técnicos y profesionales de nivel medio,2020,27,1965,1324674.5139211137,NA,0.7694656488549618,0.9022900763358779,0.044783715012722644,0.05292620865139949,0.03256997455470738,47.366921119592874,13.451403887688985,FALSE,0,TRUE
5113,Guías de turismo,51,Trabajadores de los servicios a las personas,511,Trabajadores al servicio directo de los pasajeros,5,Trabajadores de los servicios y vendedores de comercios y mercados,2020,22,1945,529688.0140105078,NA,0.5681233933161953,0.5712082262210797,0.4287917737789203,0,0.29768637532133674,40.49768637532134,14.939845758354755,FALSE,0,TRUE
8181,Operadores de instalaciones de vidriería y cerámica,81,Operadores de instalaciones fijas y máquinas,818,"Operadores de máquinas de instalaciones de vidriería, cerámica y operadores de máquinas de vapor y calderas, de embotellamiento, de etiquetado y otros operadores de máquinas e instalaciones",8,"Operadores de instalaciones, máquinas y ensambladores",2020,14,1933,555977.5804691762,NA,0.95395757889291255,0.95395757889291255,0.04604242110708743,0,0,38.14433523021211,11.952922917744438,FALSE,0,TRUE
4131,Operadores de equipo de procesamiento de texto y mecanógrafos,41,Oficinistas,413,Operadores de equipo de oficina,4,Personal de apoyo administrativo,2020,9,1916,758936.463125,NA,0.9331941544885177,0.7139874739039666,0.06680584551148225,0.21920668058455114,0.15918580375782881,35.36377870563674,12.053171044202434,FALSE,0,TRUE
2619,Otros profesionales del derecho no clasificados previamente,26,"Profesionales en derecho, ciencias sociales y culturales",261,"Abogados, jueces y otros profesionales del derecho",2,"Profesionales, científicos e intelectuales",2020,18,1912,1121607.8934226553,NA,0.8326359832635983,0.9147489539748954,0.0852510460251046,0,0.5580543933054394,49.3739539748954,16.905649717514123,FALSE,0,TRUE
3256,Técnicos y auxiliares paramédicos de alimentación,32,Técnicos de la salud,325,"Técnicos en odontología, ópticos, técnicos en prevención de riesgos y otros técnicos en salud",3,Técnicos y profesionales de nivel medio,2020,11,1778,447050.05624296964,NA,0.902686567164179,1,0,0,0.8683914510686164,33.897075365579305,13.941585535465926,FALSE,0,TRUE
7523,Operadores y reguladores de máquinas para trabajar la madera,75,"Operarios de procesamiento de alimentos, de la confección, ebanistas y otros oficios",752,"Operarios del tratamiento de la madera, ebanistas y operarios de máquinas para trabajar madera",7,Artesanos y operarios de oficios,2020,13,1765,409819.2957507082,NA,0.6118980169971672,0.9070821529745042,0.09291784702549576,0,0,40.10084985835694,10.525779036827196,FALSE,0,TRUE
2631,Economistas,26,"Profesionales en derecho, ciencias sociales y culturales",263,"Economistas, especialistas en ciencias sociales, humanidades, ciencias políticas y teología",2,"Profesionales, científicos e intelectuales",2020,14,1735,2425124.139178418,NA,0.9527377521613832,0.7371757925072047,0.2628242074927954,0,0.48818443804034584,43.32737752161383,17.853932584269664,FALSE,0,TRUE
2162,Arquitectos paisajistas,21,Profesionales de las ciencias y de la ingeniería,216,"Arquitectos, diseñadores, urbanistas, cartógrafos y agrimensores",2,"Profesionales, científicos e intelectuales",2020,8,1727,1573660.6884120172,NA,0.6745801968731905,0.5466126230457441,0.45338737695425596,0,1,46.913723219455704,17.104806022003473,FALSE,0,TRUE
2612,Jueces,26,"Profesionales en derecho, ciencias sociales y culturales",261,"Abogados, jueces y otros profesionales del derecho",2,"Profesionales, científicos e intelectuales",2020,14,1708,3717829.1387587823,NA,1,1,0,0,0.6153395784543325,50.026346604215455,17.015222482435597,FALSE,0,TRUE
1223,"Directores, gerentes y administradores de investigación y desarrollo",12,Directores y gerentes administrativos y de servicios comerciales,122,"Directores, gerentes y administradores de comercialización, publicidad, relaciones públicas e investigación y desarrollo",1,"Directores, gerentes y administradores",2020,12,1664,2880721.005408654,NA,0.9194711538461539,0.7950721153846154,0.13221153846153846,0.07271634615384616,0.2542067307692308,45.85456730769231,18.473856209150327,FALSE,0,TRUE
7542,Dinamiteros y pegadores,75,"Operarios de procesamiento de alimentos, de la confección, ebanistas y otros oficios",754,"Buzos, dinamiteros, clasificadores, probadores e inspectores de calidad de productos no comestibles, fumigadores y otros oficios",7,Artesanos y operarios de oficios,2020,21,1663,696304.3187011426,NA,1,1,0,0,0.06494287432351173,39.27239927841251,12.50210463018641,FALSE,0,TRUE
5329,Otros trabajadores de los cuidados personales en instituciones y a domicilio no clasificados previamente,53,Trabajadores de los cuidados personales,532,Trabajadores de los cuidados personales en instituciones y a domicilio,5,Trabajadores de los servicios y vendedores de comercios y mercados,2020,14,1650,222034.45990722332,NA,0.33636363636363636,0.18606060606060607,0.813939393939394,0,0.8333333333333334,46.21818181818182,15.82824427480916,FALSE,0,TRUE
2111,Físicos y astrónomos,21,Profesionales de las ciencias y de la ingeniería,211,"Físicos, astrónomos, meteorólogos, químicos, geólogos y geofísicos",2,"Profesionales, científicos e intelectuales",2020,11,1625,2011282.8083989501,NA,0.47015384615384614,0.947076923076923,0.05292307692307692,0,0.4,42.81046153846154,19.202614379084967,FALSE,0,TRUE
3131,Operadores de instalaciones de producción de energía,31,Técnicos de las ciencias y la ingeniería,313,"Técnicos en control de procesos en instalaciones de producción de energía, agua, productos químicos, gas natural y metales",3,Técnicos y profesionales de nivel medio,2020,21,1624,707615.1496732027,NA,0.9858374384236454,0.9421182266009852,0.05788177339901478,0,0.024630541871921183,33.466748768472904,13.865147783251231,FALSE,0,TRUE
2622,Bibliotecarios y documentalistas de archivos,26,"Profesionales en derecho, ciencias sociales y culturales",262,"Archivistas, curadores de museo, bibliotecarios y documentalistas de archivos",2,"Profesionales, científicos e intelectuales",2020,16,1615,944372.6049535604,NA,0.7981424148606812,0.944891640866873,0,0.055108359133126936,0.39442724458204337,46.10712074303406,17.305263157894736,FALSE,0,TRUE
1341,"Directores, gerentes y administradores de servicios de cuidados infantiles",13,"Directores, gerentes y administradores de producción y operaciones",134,"Directores, gerentes y administradores de servicios de cuidados a personas, bienestar social, educación, servicios financieros y de otros servicios profesionales",1,"Directores, gerentes y administradores",2020,11,1600,1316543.8261933904,NA,1,0.950625,0,0.049375,0.8425,39.403125,16.30759162303665,FALSE,0,TRUE
5112,Revisores y cobradores de los transportes públicos,51,Trabajadores de los servicios a las personas,511,Trabajadores al servicio directo de los pasajeros,5,Trabajadores de los servicios y vendedores de comercios y mercados,2020,21,1597,379313.33560477,NA,0.9287581699346406,0.9524107701941139,0,0.047589229805886035,0.2147777082028804,40.58797745773325,11.452097683155918,FALSE,0,TRUE
8312,"Guardafrenos, guardagujas y agentes de maniobras",83,Conductores de vehículos y operadores de equipos pesados y móviles,831,"Maquinistas de locomotoras, guardafrenos y agentes de maniobras",8,"Operadores de instalaciones, máquinas y ensambladores",2020,8,1535,733087.3749138525,NA,1,1,0,0,0,44.37198697068404,11.375895765472313,FALSE,0,TRUE
3433,"Técnicos en galerías de arte, museos y bibliotecas",34,"Técnicos de servicios jurídicos, sociales, deportivos y culturales",343,"Fotógrafos, decoradores de interior, técnicos en galerías de arte, museos y bibliotecas, chefs y otros técnicos en actividades culturales y artísticas",3,Técnicos y profesionales de nivel medio,2020,13,1514,433259.2758132956,NA,1,1,0,0,0.8348745046235139,33.4782034346103,14.861386138613861,FALSE,0,TRUE
3352,Agentes de la administración tributaria,33,Técnicos en operaciones financieras y administrativas,335,Agentes de la administración pública para la aplicación de la ley,3,Técnicos y profesionales de nivel medio,2020,24,1488,1879747.3931451612,NA,0.9469086021505376,0.9751344086021505,0.02486559139784946,0,0.5033602150537635,46.74731182795699,16.225806451612904,FALSE,0,TRUE
3222,Técnicos y auxiliares paramédicos de esterilización,32,Técnicos de la salud,322,"Técnicos y auxiliares paramédicos de enfermería, esterilización y ayudantes de ambulancia",3,Técnicos y profesionales de nivel medio,2020,13,1454,539801.3136176066,NA,0.8211829436038515,1,0,0,0.8727647867950481,46.99587345254471,13.224209078404401,FALSE,0,TRUE
2434,Profesionales de ventas de tecnología de la información y las comunicaciones (TIC),24,Profesionales de negocios y administración,243,"Profesionales de la publicidad, relaciones públicas y de las ventas técnicas, médicas y de tecnología de la información y las comunicaciones",2,"Profesionales, científicos e intelectuales",2020,9,1421,1827658.2230823364,NA,0.9594594594594594,0.9429978888106967,0.05700211118930331,0,0.366643209007741,42.255453905700215,17.2237860661506,FALSE,0,TRUE
5419,Otro personal de los servicios de protección no clasificados previamente,54,Personal de los servicios de protección y seguridad,541,Personal de los servicios de protección y seguridad,5,Trabajadores de los servicios y vendedores de comercios y mercados,2020,23,1388,516668.9415337889,NA,0.9733924611973392,0.8112391930835735,0.00792507204610951,0.180835734870317,0.164985590778098,41.9992795389049,10.877521613832853,FALSE,0,TRUE
7521,Operarios del tratamiento de la madera,75,"Operarios de procesamiento de alimentos, de la confección, ebanistas y otros oficios",752,"Operarios del tratamiento de la madera, ebanistas y operarios de máquinas para trabajar madera",7,Artesanos y operarios de oficios,2020,12,1377,384062.5940450254,NA,0.9070442992011619,0.9651416122004357,0,0.034858387799564274,0,42.59622367465505,9.954974582425562,FALSE,0,TRUE
8114,Operadores de máquinas para fabricar cemento y otros productos minerales,81,Operadores de instalaciones fijas y máquinas,811,"Mineros y operadores de instalaciones mineras, perforadores de pozos y operadores de máquinas para fabricar cemento y otros productos minerales",8,"Operadores de instalaciones, máquinas y ensambladores",2020,9,1319,408393.05155420775,NA,0.8976497346474602,0.8976497346474602,0,0.1023502653525398,0,38.820318423047766,9.37983320697498,FALSE,0,TRUE
7221,Herreros y forjadores,72,"Operarios de la metalurgia y operarios de máquinas herramientas; mecánicos de vehículos, maquinarias, aviones y bicicletas",722,Herreros y herramentistas; reguladores y operarios de máquinas herramientas; pulidores de metales y afiladores de herramientas,7,Artesanos y operarios de oficios,2020,7,1314,488048.0563165906,NA,0.3843226788432268,0.4977168949771689,0.502283105022831,0,0,49.178082191780824,12.359208523592086,FALSE,0,TRUE
7314,"Alfareros (barro, arcilla y abrasivos)",73,Artesanos y operarios de las artes gráficas,731,"Reparadores de instrumentos de precisión, fabricantes y afinadores de instrumentos musicales, pintores de carteles, pintores decorativos y artesanos",7,Artesanos y operarios de oficios,2020,13,1302,214986.41788478073,NA,0.08896492728828058,0.41935483870967744,0.5806451612903226,0,0.2626728110599078,40.57757296466974,9.872503840245775,FALSE,0,TRUE
6340,"Pescadores, cazadores, tramperos y recolectores de subsistencia",63,"Trabajadores agropecuarios, pescadores, cazadores y recolectores de subsistencia",634,"Pescadores, cazadores, tramperos y recolectores de subsistencia",6,"Agricultores y trabajadores calificados agropecuarios, forestales y pesqueros",2020,15,1293,232863.3938547486,NA,0.37819025522041766,0.13302397525135345,0.8669760247486465,0,0.16937354988399073,45.54369682907966,6.863882443928848,FALSE,0,TRUE
3324,Corredores comerciales y consignatarios,33,Técnicos en operaciones financieras y administrativas,332,"Agentes de seguros, representantes comerciales, agentes de compras y consignatarios",3,Técnicos y profesionales de nivel medio,2020,9,1289,955365.8952676493,NA,0.7773467804499612,0.3770364623739333,0.6229635376260667,0,0.18231186966640806,50.86268425135764,14.646237393328162,FALSE,0,TRUE
2120,Matemáticos y estadísticos,21,Profesionales de las ciencias y de la ingeniería,212,Matemáticos y estadísticos,2,"Profesionales, científicos e intelectuales",2020,14,1282,1605322.46099844,NA,0.6887675507020281,0.8244929797191888,0.08034321372854915,0.09516380655226209,0.5998439937597504,42.124804992199685,17.377535101404057,FALSE,0,TRUE
3259,Otros técnicos de la salud no clasificados previamente,32,Técnicos de la salud,325,"Técnicos en odontología, ópticos, técnicos en prevención de riesgos y otros técnicos en salud",3,Técnicos y profesionales de nivel medio,2020,15,1253,467575.9401436552,NA,0.8004788507581804,0.7885075818036712,0.2114924181963288,0,0.5554668794892259,38.12849162011173,13.557861133280127,FALSE,0,TRUE
9129,Otro personal de limpieza no clasificado previamente,91,Auxiliares de aseo y trabajadores de casa particular,912,"Limpiadores de ropa, vehículos, ventanas y otros limpiadores manuales",9,Ocupaciones elementales,2020,10,1245,239565.46184738955,NA,0.3100401606425703,0.3365461847389558,0.6634538152610442,0,0.37991967871485943,45.456224899598396,9.926907630522088,FALSE,0,TRUE
2521,Diseñadores y administradores de bases de datos,25,Profesionales de tecnología de la información y las comunicaciones,252,"Diseñadores y administradores de bases de datos, administradores de sistemas y profesionales en redes de computadores",2,"Profesionales, científicos e intelectuales",2020,9,1228,1227266.006514658,NA,0.9234527687296417,0.9234527687296417,0.07654723127035831,0,0.06188925081433225,34.579804560260584,16.629353233830845,FALSE,0,TRUE
7124,Instaladores de material aislante y de insonorización,71,Operarios de la construcción (no incluye electricistas),712,Operarios de la construcción en trabajos de terminación,7,Artesanos y operarios de oficios,2020,11,1228,331602.1505376344,NA,0.7320846905537459,0.7149837133550488,0.28501628664495116,0,0,38.346905537459286,13.147394136807817,FALSE,0,TRUE
4322,Empleados de cálculo de los insumos y materiales para la producción,43,Auxiliares y ayudantes de registros contables y encargados del registro de materiales,432,Empleados encargados del registro de materiales y de transportes,4,Personal de apoyo administrativo,2020,7,1225,374498.86104783596,NA,0.6759183673469388,1,0,0,0.13795918367346938,37.09061224489796,11.95489443378119,FALSE,0,TRUE
3439,Otros técnicos en actividades culturales y artísticas no clasificados previamente,34,"Técnicos de servicios jurídicos, sociales, deportivos y culturales",343,"Fotógrafos, decoradores de interior, técnicos en galerías de arte, museos y bibliotecas, chefs y otros técnicos en actividades culturales y artísticas",3,Técnicos y profesionales de nivel medio,2020,4,1221,1105152.4536702768,NA,0.8968058968058968,0.8968058968058968,0.10319410319410319,0,0.2710892710892711,39.437346437346434,15.334488734835356,FALSE,0,TRUE
2659,Otros artistas creativos e interpretativos no clasificados previamente,26,"Profesionales en derecho, ciencias sociales y culturales",265,"Artistas, actores y locutores de medios de comunicación",2,"Profesionales, científicos e intelectuales",2020,8,1220,455439.1284815813,NA,0.7557377049180328,0.047540983606557376,0.8647540983606558,0.08770491803278689,0.6204918032786885,37.13688524590164,16.247978436657682,FALSE,0,TRUE
7321,Tipógrafos,73,Artesanos y operarios de las artes gráficas,732,"Tipógrafos, impresores y encuadernadores",7,Artesanos y operarios de oficios,2020,9,1186,274220.7831325301,NA,0.31197301854974707,0.53035413153457,0.2411467116357504,0.22849915682967958,0.545531197301855,41.71669477234401,8.905564924114671,FALSE,0,TRUE
1111,Miembros del poder ejecutivo y legislativo,11,"Miembros del Poder Ejecutivo y Legislativo, personal directivo de la administración pública y de otras organizaciones sociales y/o políticas, directores ejecutivos y gerentes generales",111,"Miembros del poder ejecutivo y legislativo, personal directivo de la administración pública y de otras organizaciones sociales y/o políticas",1,"Directores, gerentes y administradores",2020,17,1177,2542688.3305243445,NA,0.6836461126005362,0.9277824978759558,0.07221750212404418,0,0.18776550552251486,50.45284621920136,15.548003398470689,FALSE,0,TRUE
7215,Aparejadores y empalmadores de cables no eléctricos,72,"Operarios de la metalurgia y operarios de máquinas herramientas; mecánicos de vehículos, maquinarias, aviones y bicicletas",721,"Moldeadores, soldadores, chapistas, caldereros, montadores de estructuras metálicas, aparejadores y empalmadores de cables no eléctricos",7,Artesanos y operarios de oficios,2020,10,1137,455850.76517150394,NA,0.6302521008403361,0.6517150395778364,0.3482849604221636,0,0.07211961301671065,47.238346525945474,9.7792436235708,FALSE,0,TRUE
2165,Cartógrafos y agrimensores,21,Profesionales de las ciencias y de la ingeniería,216,"Arquitectos, diseñadores, urbanistas, cartógrafos y agrimensores",2,"Profesionales, científicos e intelectuales",2020,10,1120,1214842.2160714285,NA,0.875,0.875,0.125,0,0.1669642857142857,44.97142857142857,17.052678571428572,FALSE,0,TRUE
2641,Autores y otros escritores,26,"Profesionales en derecho, ciencias sociales y culturales",264,"Escritores, periodistas, traductores, intérpretes de lengua de señas y lingüistas",2,"Profesionales, científicos e intelectuales",2020,12,1105,536147.7846153846,NA,0.7080504364694471,0.351131221719457,0.648868778280543,0,0.6841628959276018,46.963800904977376,16.91764705882353,FALSE,0,TRUE
2633,"Filósofos, historiadores y especialistas en ciencias políticas",26,"Profesionales en derecho, ciencias sociales y culturales",263,"Economistas, especialistas en ciencias sociales, humanidades, ciencias políticas y teología",2,"Profesionales, científicos e intelectuales",2020,7,1090,651253.547706422,NA,0.7137614678899082,0.6889908256880733,0.3110091743119266,0,0.6339449541284403,31.038532110091744,17.792660550458717,FALSE,0,TRUE
3116,Técnicos en química industrial,31,Técnicos de las ciencias y la ingeniería,311,"Técnicos en ciencias físicas, químicas, técnicos en ingeniería y dibujantes técnicos",3,Técnicos y profesionales de nivel medio,2020,6,1071,1290848.423038729,NA,0.7441643323996265,1,0,0,0.24929971988795518,43.89169000933707,14.940242763772176,FALSE,0,TRUE
2133,Profesionales de la protección medioambiental,21,Profesionales de las ciencias y de la ingeniería,213,Profesionales de las ciencias biológicas,2,"Profesionales, científicos e intelectuales",2020,9,1056,1603825.4886363635,NA,0.9839015151515151,0.5492424242424242,0.45075757575757575,0,0.6107954545454546,45.40625,17.571022727272727,FALSE,0,TRUE
7312,Fabricantes y afinadores de instrumentos musicales,73,Artesanos y operarios de las artes gráficas,731,"Reparadores de instrumentos de precisión, fabricantes y afinadores de instrumentos musicales, pintores de carteles, pintores decorativos y artesanos",7,Artesanos y operarios de oficios,2020,6,1046,372104.6481835564,NA,0.8575525812619503,0.14244741873804972,0.8575525812619503,0,0,37.58126195028681,11.931166347992352,FALSE,0,TRUE
4410,NA,NA,NA,NA,NA,NA,NA,2020,3,1011,348315.9683481701,NA,1,1,0,0,0.09495548961424333,38.652818991097924,12,FALSE,0,TRUE
7532,Patronistas y cortadores de telas,75,"Operarios de procesamiento de alimentos, de la confección, ebanistas y otros oficios",753,"Sastres, modistos, patronistas de tela, costureros, tapiceros, apelambradores y zapateros",7,Artesanos y operarios de oficios,2020,7,1009,251435.35976214072,NA,0.49950445986124875,0.7393458870168483,0.2606541129831516,0,0.47373637264618434,57.33498513379584,11.250743310208128,FALSE,0,TRUE
3153,Pilotos de aviación,31,Técnicos de las ciencias y la ingeniería,315,Técnicos y controladores en navegación marítima y aeronáutica,3,Técnicos y profesionales de nivel medio,2020,6,1000,2631603.283,NA,0.726,0.924,0.076,0,0,49.699,16.545,FALSE,0,TRUE
3143,Técnicos forestales,31,Técnicos de las ciencias y la ingeniería,314,"Técnicos en ciencias biológicas (excluyendo la medicina), agropecuarias, acuícolas y forestales",3,Técnicos y profesionales de nivel medio,2020,13,977,736653.9815762539,NA,0.9580348004094166,0.8915046059365405,0.04196519959058342,0.06653019447287616,0.3735926305015353,35.67860798362334,13.470829068577277,FALSE,0,TRUE
8219,Ensambladores no clasificados previamente,82,Ensambladores,821,"Ensambladores de maquinaria mecánica, equipos eléctricos, electrónicos y otros ensambladores",8,"Operadores de instalaciones, máquinas y ensambladores",2020,8,965,219000,NA,0.8,0.48186528497409326,0.5181347150259067,0,0.48911917098445595,49.21968911917099,10.416580310880828,FALSE,0,TRUE
7549,Operarios de otros oficios no clasificados previamente,75,"Operarios de procesamiento de alimentos, de la confección, ebanistas y otros oficios",754,"Buzos, dinamiteros, clasificadores, probadores e inspectores de calidad de productos no comestibles, fumigadores y otros oficios",7,Artesanos y operarios de oficios,2020,5,922,348167.0281995662,NA,0.78,0.8937093275488069,0.10629067245119306,0,0.7809110629067245,28.247288503253795,12.633405639913232,FALSE,0,TRUE
5161,Astrólogos y adivinadores,51,Trabajadores de los servicios a las personas,516,Otros trabajadores de servicios a las personas,5,Trabajadores de los servicios y vendedores de comercios y mercados,2020,10,915,308493.66010928963,NA,0.1540983606557377,0,1,0,0.7814207650273224,47.39890710382514,12.703825136612021,FALSE,0,TRUE
1213,"Directores, gerentes y administradores de políticas empresariales y planificación",12,Directores y gerentes administrativos y de servicios comerciales,121,"Directores, gerentes y administradores de finanzas, de recursos humanos, políticas empresariales y de servicios administrativos",1,"Directores, gerentes y administradores",2020,7,911,2209881.9001097693,NA,1,1,0,0,0.43798024149286496,36.689352360043905,17.830954994511526,FALSE,0,TRUE
1344,"Directores, gerentes y administradores de servicios de bienestar social",13,"Directores, gerentes y administradores de producción y operaciones",134,"Directores, gerentes y administradores de servicios de cuidados a personas, bienestar social, educación, servicios financieros y de otros servicios profesionales",1,"Directores, gerentes y administradores",2020,12,890,915383.4929214929,NA,0.8766756032171582,1,0,0,0.45393258426966293,40.364044943820225,16.946067415730337,FALSE,0,TRUE
8171,Operadores de instalaciones para la preparación de papel y de pasta para papel,81,Operadores de instalaciones fijas y máquinas,817,"Operadores de instalaciones para la preparación de papel, pasta de papel y procesamiento de la madera",8,"Operadores de instalaciones, máquinas y ensambladores",2020,9,860,787173.7619047619,NA,1,0.8965116279069767,0,0.10348837209302325,0,47.561627906976746,13.727906976744187,FALSE,0,TRUE
2653,Bailarines y coreógrafos,26,"Profesionales en derecho, ciencias sociales y culturales",265,"Artistas, actores y locutores de medios de comunicación",2,"Profesionales, científicos e intelectuales",2020,8,854,709367.7142857143,NA,0.860655737704918,0.31030444964871196,0.689695550351288,0,0.6709601873536299,38.13231850117096,15.545667447306792,FALSE,0,TRUE
5163,Personal de pompas fúnebres y embalsamadores,51,Trabajadores de los servicios a las personas,516,Otros trabajadores de servicios a las personas,5,Trabajadores de los servicios y vendedores de comercios y mercados,2020,11,836,525874.4862637363,NA,0.7595693779904307,0.7607655502392344,0.23923444976076555,0,0.0645933014354067,49.561004784689,10.45933014354067,FALSE,0,TRUE
3134,Operadores de instalaciones de refinación de petróleo y gas natural,31,Técnicos de las ciencias y la ingeniería,313,"Técnicos en control de procesos en instalaciones de producción de energía, agua, productos químicos, gas natural y metales",3,Técnicos y profesionales de nivel medio,2020,13,828,755422.7222222222,NA,1,0.9480676328502415,0,0.051932367149758456,0,38.858695652173914,13.939613526570048,FALSE,0,TRUE
3413,Técnicos de los servicios religiosos,34,"Técnicos de servicios jurídicos, sociales, deportivos y culturales",341,"Técnicos de los servicios jurídicos, sociales y religiosos",3,Técnicos y profesionales de nivel medio,2020,6,800,329252.87,NA,0.285,0.3175,0.6825,0,0.0325,39.1675,13.0975,FALSE,0,TRUE
3252,Técnicos en documentación e información sanitaria,32,Técnicos de la salud,325,"Técnicos en odontología, ópticos, técnicos en prevención de riesgos y otros técnicos en salud",3,Técnicos y profesionales de nivel medio,2020,3,766,747213.637075718,NA,0.9490861618798956,1,0,0,0.9490861618798956,45.25718015665797,15.169712793733682,FALSE,0,TRUE
3141,Técnicos en ciencias biológicas (excluyendo la medicina),31,Técnicos de las ciencias y la ingeniería,314,"Técnicos en ciencias biológicas (excluyendo la medicina), agropecuarias, acuícolas y forestales",3,Técnicos y profesionales de nivel medio,2020,4,763,745607.5334207077,NA,0.8558322411533421,1,0,0,0.8558322411533421,46.86631716906946,15.7129750982962,FALSE,0,TRUE
7133,Limpiadores de fachadas y deshollinadores,71,Operarios de la construcción (no incluye electricistas),713,"Pintores, limpiadores de fachadas y deshollinadores",7,Artesanos y operarios de oficios,2020,6,747,264069.18395573995,NA,0.6934404283801874,0.4926372155287818,0.5073627844712182,0,0.08032128514056225,40.36546184738956,11.06425702811245,FALSE,0,TRUE
2655,Actores,26,"Profesionales en derecho, ciencias sociales y culturales",265,"Artistas, actores y locutores de medios de comunicación",2,"Profesionales, científicos e intelectuales",2020,6,728,598477.8821705426,NA,0.9024725274725275,0.03708791208791209,0.9629120879120879,0,0.4766483516483517,35.02472527472528,16.46978021978022,FALSE,0,TRUE
8151,"Operadores de máquinas de preparación de fibras, hilado y devanado",81,Operadores de instalaciones fijas y máquinas,815,"Operadores de máquinas para fabricar productos textiles, artículos de piel y cuero y operadores de máquinas de lavanderías",8,"Operadores de instalaciones, máquinas y ensambladores",2020,5,728,373467.9054054054,NA,1,1,0,0,0.48214285714285715,42.229395604395606,11.041208791208792,FALSE,0,TRUE
3223,Ayudantes de ambulancia,32,Técnicos de la salud,322,"Técnicos y auxiliares paramédicos de enfermería, esterilización y ayudantes de ambulancia",3,Técnicos y profesionales de nivel medio,2020,7,712,642472.4676966292,NA,1,1,0,0,0.35674157303370785,48.09691011235955,14.366336633663366,FALSE,0,TRUE
2147,Ingenieros biomédicos,21,Profesionales de las ciencias y de la ingeniería,214,Ingenieros (excluyendo ingenieros en electrotecnología),2,"Profesionales, científicos e intelectuales",2020,5,686,1434630.6880466472,NA,1,1,0,0,0.39212827988338195,35.911078717201164,16.816326530612244,FALSE,0,TRUE
7224,Pulidores de metales y afiladores de herramientas,72,"Operarios de la metalurgia y operarios de máquinas herramientas; mecánicos de vehículos, maquinarias, aviones y bicicletas",722,Herreros y herramentistas; reguladores y operarios de máquinas herramientas; pulidores de metales y afiladores de herramientas,7,Artesanos y operarios de oficios,2020,5,677,1026742.301458671,NA,0.6322008862629247,0.5775480059084195,0.36779911373707536,0.05465288035450517,0,42.54652880354505,11.387001477104874,FALSE,0,TRUE
2356,Instructores en tecnologías de la información,23,Profesionales de la educación,235,"Especialistas en métodos pedagógicos, educadores para necesidades especiales y otros profesionales de la educación",2,"Profesionales, científicos e intelectuales",2020,4,658,575805.8158319871,NA,0.9407294832826748,0.8191489361702128,0.18085106382978725,0,0.8905775075987842,34.17933130699088,16.39209726443769,FALSE,0,TRUE
3139,Técnicos en control de procesos no clasificados previamente,31,Técnicos de las ciencias y la ingeniería,313,"Técnicos en control de procesos en instalaciones de producción de energía, agua, productos químicos, gas natural y metales",3,Técnicos y profesionales de nivel medio,2020,7,649,709732.325,NA,0.6194144838212635,1,0,0,0.38058551617873654,38.23112480739599,14.104776579352851,FALSE,0,TRUE
7211,Moldeadores y macheros,72,"Operarios de la metalurgia y operarios de máquinas herramientas; mecánicos de vehículos, maquinarias, aviones y bicicletas",721,"Moldeadores, soldadores, chapistas, caldereros, montadores de estructuras metálicas, aparejadores y empalmadores de cables no eléctricos",7,Artesanos y operarios de oficios,2020,4,622,1278563.688102894,NA,0.927652733118971,0.567524115755627,0.36012861736334406,0.07234726688102894,0.3858520900321543,40.37781350482315,12.52733118971061,FALSE,0,TRUE
2249,Otros profesionales de la salud no clasificados previamente,22,Profesionales de la salud,224,"Dentistas, farmacéuticos, kinesiólogos, nutricionistas, fonoaudiólogos y otros profesionales de la salud",2,"Profesionales, científicos e intelectuales",2020,6,590,1421700.6642468239,NA,1,1,0,0,0.8440677966101695,43.30847457627119,16.64406779661017,FALSE,0,TRUE
8212,Ensambladores de equipos eléctricos y electrónicos,82,Ensambladores,821,"Ensambladores de maquinaria mecánica, equipos eléctricos, electrónicos y otros ensambladores",8,"Operadores de instalaciones, máquinas y ensambladores",2020,3,586,427940.7508532423,NA,1,1,0,0,0.31399317406143346,46.71331058020478,12,FALSE,0,TRUE
4414,Escribientes públicos,44,Otro personal de apoyo administrativo,441,Otro personal de apoyo administrativo,4,Personal de apoyo administrativo,2020,9,546,429062.83516483515,NA,0.46703296703296704,0.5567765567765568,0.4432234432234432,0,0.5567765567765568,30.13186813186813,16.043956043956044,FALSE,0,TRUE
3155,Técnicos electrónicos aeronáuticos,31,Técnicos de las ciencias y la ingeniería,315,Técnicos y controladores en navegación marítima y aeronáutica,3,Técnicos y profesionales de nivel medio,2020,3,545,720945.8990825688,NA,1,1,0,0,0,40.77614678899083,15.207339449541285,FALSE,0,TRUE
6223,Pescadores de alta mar,62,"Trabajadores forestales calificados, pescadores y cazadores cuya producción se destina al mercado",622,"Trabajadores de explotaciones de acuicultura, pescadores, cazadores y tramperos",6,"Agricultores y trabajadores calificados agropecuarios, forestales y pesqueros",2020,8,542,463251.95736434107,NA,0.5129151291512916,0.5239852398523985,0.4280442804428044,0.04797047970479705,0,48.23247232472325,8.817343173431734,FALSE,0,TRUE
3353,Agentes de servicios de prestaciones sociales,33,Técnicos en operaciones financieras y administrativas,335,Agentes de la administración pública para la aplicación de la ley,3,Técnicos y profesionales de nivel medio,2020,5,532,840878.8853383459,NA,1,1,0,0,0.6597744360902256,42.902255639097746,15.332706766917294,FALSE,0,TRUE
5165,Instructores de manejo,51,Trabajadores de los servicios a las personas,516,Otros trabajadores de servicios a las personas,5,Trabajadores de los servicios y vendedores de comercios y mercados,2020,6,528,624813.0102040817,NA,0.7784090909090909,1,0,0,0,49.40151515151515,12.950757575757576,FALSE,0,TRUE
7514,"Operarios de la conservación de frutas, legumbres y verduras",75,"Operarios de procesamiento de alimentos, de la confección, ebanistas y otros oficios",751,"Operarios de procesamiento, elaboración, conservación, cata y clasificación de alimentos, bebidas y tabaco",7,Artesanos y operarios de oficios,2020,9,528,436132.7401746725,NA,0.6567796610169492,0.42045454545454547,0.3314393939393939,0.2481060606060606,0.8787878787878788,55.11363636363637,10.87310606060606,FALSE,0,TRUE
6330,Trabajadores agropecuarios de subsistencia,63,"Trabajadores agropecuarios, pescadores, cazadores y recolectores de subsistencia",633,Trabajadores agropecuarios de subsistencia,6,"Agricultores y trabajadores calificados agropecuarios, forestales y pesqueros",2020,6,514,148696.03562340967,NA,0.09533073929961089,0,1,0,0.35797665369649806,53.764591439688715,10.346303501945526,FALSE,0,TRUE
1343,"Directores, gerentes y administradores de servicios de cuidado de adultos mayores",13,"Directores, gerentes y administradores de producción y operaciones",134,"Directores, gerentes y administradores de servicios de cuidados a personas, bienestar social, educación, servicios financieros y de otros servicios profesionales",1,"Directores, gerentes y administradores",2020,6,492,1634380.081300813,NA,0.7621951219512195,0.5040650406504065,0.13211382113821138,0.3638211382113821,0.6361788617886179,49.76829268292683,15.760162601626016,FALSE,0,TRUE
3154,Controladores de tráfico aéreo,31,Técnicos de las ciencias y la ingeniería,315,Técnicos y controladores en navegación marítima y aeronáutica,3,Técnicos y profesionales de nivel medio,2020,8,455,1615466.1164835165,NA,0.9472527472527472,1,0,0,0.11648351648351649,41.301098901098904,14.107692307692307,FALSE,0,TRUE
3214,Técnicos de prótesis médicas,32,Técnicos de la salud,321,"Técnicos y auxiliares paramédicos en imagenología, análisis de muestras médicas y de sangre, farmacéuticos y prótesis médicas y dentales",3,Técnicos y profesionales de nivel medio,2020,2,453,437748.34437086096,NA,0.9183222958057395,0.9183222958057395,0.08167770419426049,0,0,36.53200883002207,12,FALSE,0,TRUE
2112,Meteorólogos,21,Profesionales de las ciencias y de la ingeniería,211,"Físicos, astrónomos, meteorólogos, químicos, geólogos y geofísicos",2,"Profesionales, científicos e intelectuales",2020,5,415,2178554.2168674697,NA,1,1,0,0,0.1710843373493976,41.151807228915665,16.70120481927711,FALSE,0,TRUE
9331,Conductores de vehículos accionados a pedal o a brazo (no motorizados),93,"Obreros de la minería, la construcción, la industria manufacturera y el transporte",933,Obreros del transporte y almacenamiento,9,Ocupaciones elementales,2020,3,317,335331.2302839117,NA,0.3722397476340694,0.43217665615141954,0.5678233438485805,0,0,53.845425867507885,4.504731861198739,FALSE,0,TRUE
8154,"Operadores de máquinas de blanqueamiento, teñido y limpieza de tejidos",81,Operadores de instalaciones fijas y máquinas,815,"Operadores de máquinas para fabricar productos textiles, artículos de piel y cuero y operadores de máquinas de lavanderías",8,"Operadores de instalaciones, máquinas y ensambladores",2020,3,312,170319.1489361702,NA,0.09615384615384616,0.7083333333333334,0.2916666666666667,0,1,28.91346153846154,11.971153846153847,FALSE,0,TRUE
6110,NA,NA,NA,NA,NA,NA,NA,2020,4,310,667071.3225806452,NA,0.8129032258064516,0.8129032258064516,0.1870967741935484,0,0,53.05806451612903,10.412903225806451,FALSE,0,TRUE
3151,Oficiales maquinistas en navegación,31,Técnicos de las ciencias y la ingeniería,315,Técnicos y controladores en navegación marítima y aeronáutica,3,Técnicos y profesionales de nivel medio,2020,1,309,750000,NA,1,1,0,0,0,46,8,FALSE,0,TRUE
7120,NA,NA,NA,NA,NA,NA,NA,2020,1,281,891000,NA,1,1,0,0,0,65,9,FALSE,0,TRUE
2621,Archivistas y curadores de museos,26,"Profesionales en derecho, ciencias sociales y culturales",262,"Archivistas, curadores de museo, bibliotecarios y documentalistas de archivos",2,"Profesionales, científicos e intelectuales",2020,2,273,793956.043956044,NA,1,1,0,0,1,31.439560439560438,17,FALSE,0,TRUE
9123,Limpiadores de ventanas,91,Auxiliares de aseo y trabajadores de casa particular,912,"Limpiadores de ropa, vehículos, ventanas y otros limpiadores manuales",9,Ocupaciones elementales,2020,2,263,84758.95437262357,NA,0,0,1,0,0.2965779467680608,51.11026615969582,10.593155893536121,FALSE,0,TRUE
6129,Otros criadores y trabajadores calificados de la cría de animales no clasificados previamente,61,Agricultores y trabajadores calificados de explotaciones agropecuarias cuya producción se destina al mercado,612,Trabajadores calificados de la cría de animales,6,"Agricultores y trabajadores calificados agropecuarios, forestales y pesqueros",2020,5,254,460121.44881889765,NA,0.6259842519685039,0.6259842519685039,0.37401574803149606,0,0.14960629921259844,53.968503937007874,7.818897637795276,FALSE,0,TRUE
8132,Operadores de máquinas para fabricar productos fotográficos,81,Operadores de instalaciones fijas y máquinas,813,Operadores de instalaciones y máquinas para fabricar productos químicos y fotográficos,8,"Operadores de instalaciones, máquinas y ensambladores",2020,3,243,373374.48559670785,NA,1,1,0,0,0.4403292181069959,41.876543209876544,12,FALSE,0,TRUE
7113,"Tronzadores, labrantes y grabadores de piedra",71,Operarios de la construcción (no incluye electricistas),711,Operarios de la construcción en obra gruesa,7,Artesanos y operarios de oficios,2020,4,196,314377.45408163266,NA,0.4892086330935252,0.32653061224489793,0.3112244897959184,0,0,54.045918367346935,4.581632653061225,FALSE,0,TRUE
3258,Quiroprácticos y osteópatas,32,Técnicos de la salud,325,"Técnicos en odontología, ópticos, técnicos en prevención de riesgos y otros técnicos en salud",3,Técnicos y profesionales de nivel medio,2020,1,176,200000,NA,1,0,1,0,1,40,16,FALSE,0,TRUE
6320,Criadores de subsistencia,63,"Trabajadores agropecuarios, pescadores, cazadores y recolectores de subsistencia",632,Criadores de subsistencia,6,"Agricultores y trabajadores calificados agropecuarios, forestales y pesqueros",2020,3,168,207895.4642857143,NA,0.3273809523809524,0,1,0,0,45.38690476190476,8.428571428571429,FALSE,0,TRUE
8156,"Operadores de máquinas para la fabricación de calzado, bolsos y accesorios de talabartería",81,Operadores de instalaciones fijas y máquinas,815,"Operadores de máquinas para fabricar productos textiles, artículos de piel y cuero y operadores de máquinas de lavanderías",8,"Operadores de instalaciones, máquinas y ensambladores",2020,1,157,406667,NA,1,1,0,0,0,51,8,FALSE,0,TRUE
8150,NA,NA,NA,NA,NA,NA,NA,2020,2,131,397099.38167938933,NA,1,1,0,0,0.7175572519083969,44.37404580152672,15,FALSE,0,TRUE
8211,Ensambladores de maquinaria mecánica,82,Ensambladores,821,"Ensambladores de maquinaria mecánica, equipos eléctricos, electrónicos y otros ensambladores",8,"Operadores de instalaciones, máquinas y ensambladores",2020,1,129,400000,NA,1,1,0,0,0,39,8,FALSE,0,TRUE
5210,NA,NA,NA,NA,NA,NA,NA,2020,2,127,310918.3622047244,NA,1,1,0,0,1,58.55118110236221,12,FALSE,0,TRUE
4213,Empleados de casa de empeño y prestamistas,42,Empleados en trato directo con el público,421,"Cajeros de bancos y de casas de cambio; receptores de apuestas, prestamistas y cobradores",4,Personal de apoyo administrativo,2020,1,108,NA,NA,1,0,1,0,0,56,12,FALSE,0,TRUE
9332,Conductores de vehículos y máquinas de tracción animal,93,"Obreros de la minería, la construcción, la industria manufacturera y el transporte",933,Obreros del transporte y almacenamiento,9,Ocupaciones elementales,2020,2,105,335761.90476190473,NA,1,1,0,0,0,52.67619047619048,5.295238095238095,FALSE,0,TRUE
7510,NA,NA,NA,NA,NA,NA,NA,2020,1,101,120000,NA,0,0,0,1,1,39,16,FALSE,0,TRUE
7300,NA,NA,NA,NA,NA,NA,NA,2020,1,100,400000,NA,0,0,1,0,1,58,12,FALSE,0,TRUE
9210,NA,NA,NA,NA,NA,NA,NA,2020,1,95,320000,NA,0,1,0,0,0,56,NA,FALSE,0,TRUE
3135,Controladores de procesos de producción de metales,31,Técnicos de las ciencias y la ingeniería,313,"Técnicos en control de procesos en instalaciones de producción de energía, agua, productos químicos, gas natural y metales",3,Técnicos y profesionales de nivel medio,2020,2,90,2472333.788888889,NA,1,0.45555555555555555,0,0.5444444444444444,0,59.266666666666666,14,FALSE,0,TRUE
1113,Jefes de comunidades indígenas,11,"Miembros del Poder Ejecutivo y Legislativo, personal directivo de la administración pública y de otras organizaciones sociales y/o políticas, directores ejecutivos y gerentes generales",111,"Miembros del poder ejecutivo y legislativo, personal directivo de la administración pública y de otras organizaciones sociales y/o políticas",1,"Directores, gerentes y administradores",2020,1,81,3545000,NA,1,1,0,0,0,52,19,FALSE,0,TRUE
4413,Codificadores de datos y correctores de pruebas de imprenta,44,Otro personal de apoyo administrativo,441,Otro personal de apoyo administrativo,4,Personal de apoyo administrativo,2020,2,72,700000,NA,1,0.6666666666666666,0,0.3333333333333333,0.3333333333333333,56,14.333333333333334,FALSE,0,TRUE
7516,Elaboradores de tabaco y sus productos,75,"Operarios de procesamiento de alimentos, de la confección, ebanistas y otros oficios",751,"Operarios de procesamiento, elaboración, conservación, cata y clasificación de alimentos, bebidas y tabaco",7,Artesanos y operarios de oficios,2020,1,69,100000,NA,0,1,0,0,0,25,8,FALSE,0,TRUE
5320,NA,NA,NA,NA,NA,NA,NA,2020,1,54,130000,NA,NA,1,0,0,1,49,13,FALSE,0,TRUE
9120,NA,NA,NA,NA,NA,NA,NA,2020,1,47,170000,NA,1,0,1,0,1,52,5,FALSE,0,TRUE
3133,Controladores de instalaciones de procesamiento de productos químicos,31,Técnicos de las ciencias y la ingeniería,313,"Técnicos en control de procesos en instalaciones de producción de energía, agua, productos químicos, gas natural y metales",3,Técnicos y profesionales de nivel medio,2020,1,44,608333,NA,1,1,0,0,0,45,14,FALSE,0,TRUE
5300,NA,NA,NA,NA,NA,NA,NA,2020,1,38,600000,NA,1,1,0,0,0,53,12,FALSE,0,TRUE
3232,Practicantes de la medicina tradicional,32,Técnicos de la salud,323,Profesionales y técnicos de las terapias complementarias y medicina tradicional,3,Técnicos y profesionales de nivel medio,2020,2,37,400000,NA,0.3783783783783784,0.6216216216216216,0.3783783783783784,0,1,47.729729729729726,8.54054054054054,FALSE,0,TRUE
7310,NA,NA,NA,NA,NA,NA,NA,2020,1,28,300000,NA,0,0,1,0,1,57,8,FALSE,0,TRUE
5223,"Vendedores y asistentes de venta de tiendas, almacenes y puestos de mercado",52,Vendedores,522,"Comerciantes, dueños - operadores, supervisores y vendedores de tiendas, almacenes y puestos de mercado",5,Trabajadores de los servicios y vendedores de comercios y mercados,2022,3157,335928,549692.9650348121,40.38222315298201,0.7308790220454867,0.8730204091352909,0.08832249767807387,0.018173537186539974,0.6195791955419019,37.938537424686245,12.87886404370996,FALSE,0,FALSE
9211,Obreros de explotaciones agrícolas,92,"Obreros agropecuarios, pesqueros y forestales",921,"Obreros agropecuarios, de jardinería y horticultura, forestales y pesqueros",9,Ocupaciones elementales,2022,3486,263448,396969.25233211444,42.196360241574844,0.5626389890035735,0.9009861528650815,0.08561082262913364,0.009823570495885336,0.34090218942637635,44.29667714311743,9.034559072574437,FALSE,0,FALSE
9112,"Auxiliares de aseo de oficinas, hoteles y otros establecimientos",91,Auxiliares de aseo y trabajadores de casa particular,911,"Trabajadores de casa particular, limpiadores de oficinas, hoteles y otros establecimientos",9,Ocupaciones elementales,2022,2854,257567,422643.5552354081,40.98150990137575,0.795098096747061,0.9438398552609613,0.04077773938431554,0.01525040086657064,0.7577484693303101,45.92233477114692,10.537293338148247,FALSE,0,FALSE
5221,"Comerciantes y dueños - operadores de locales comerciales, tiendas, almacenes y mercados",52,Vendedores,522,"Comerciantes, dueños - operadores, supervisores y vendedores de tiendas, almacenes y puestos de mercado",5,Trabajadores de los servicios y vendedores de comercios y mercados,2022,2495,249761,552621.9287115517,43.116886445843186,0.6082670307801344,0.05008788401712037,0.772202225327413,0.17065915014754104,0.5361645733321055,47.69599737348906,11.771019951549686,FALSE,0,FALSE
9111,Trabajadores de casa particular y asistentes domésticos,91,Auxiliares de aseo y trabajadores de casa particular,911,"Trabajadores de casa particular, limpiadores de oficinas, hoteles y otros establecimientos",9,Ocupaciones elementales,2022,2498,237711,362234.30974390125,31.63032031313084,0.4495824134848029,0.8166597254649554,0.17315984535843945,0.008506127188056085,0.9822347304079323,50.52690031172306,9.919422394361996,FALSE,0,FALSE
8322,"Conductores de automóviles, taxis y camionetas",83,Conductores de vehículos y operadores de equipos pesados y móviles,832,"Conductores de motocicletas, automóviles y camionetas",8,"Operadores de instalaciones, máquinas y ensambladores",2022,2147,220939,551842.7973606067,43.95052017254504,0.4601086476419455,0.4339930931161995,0.5364602899442833,0.029116634003050614,0.09190772113569809,46.38295185548952,11.993713491465066,FALSE,0,FALSE
5414,Guardias de seguridad,54,Personal de los servicios de protección y seguridad,541,Personal de los servicios de protección y seguridad,5,Trabajadores de los servicios y vendedores de comercios y mercados,2022,1859,195257,530183.0881021039,45.19491582196616,0.8061851819186412,0.9739266710028321,0.01565116743573854,0.009495178149823053,0.143533906594898,43.77903993198707,11.678671317845458,FALSE,0,FALSE
8332,Conductores de camiones pesados y de alto tonelaje,83,Conductores de vehículos y operadores de equipos pesados y móviles,833,"Conductores de buses, trolebuses y camiones pesados",8,"Operadores de instalaciones, máquinas y ensambladores",2022,1894,179649,697424.8789071162,45.92027708885658,0.7842234534116909,0.7864224125934461,0.18230549571664748,0.029129023818668626,0.022783316355782665,45.25690095686589,11.394078419715418,FALSE,0,FALSE
5120,Cocineros,51,Trabajadores de los servicios a las personas,512,Cocineros,5,Trabajadores de los servicios y vendedores de comercios y mercados,2022,1671,152912,503202.8995884664,40.504436203637226,0.6794051416156534,0.7000889400439468,0.2551205922360573,0.04020613163126504,0.7142997279481008,42.79042194203202,11.850854613190755,FALSE,0,FALSE
4321,Empleados encargados del control de abastecimiento e inventario,43,Auxiliares y ayudantes de registros contables y encargados del registro de materiales,432,Empleados encargados del registro de materiales y de transportes,4,Personal de apoyo administrativo,2022,1147,151477,653761.8561903737,44.7252824484167,0.8840449348364916,0.9820896901839883,0.00506347498300072,0.012846834833010952,0.21178132653802229,38.2681067092694,12.930784407828082,FALSE,0,FALSE
5211,Vendedores en quioscos o puestos de feria,52,Vendedores,521,Vendedores en quioscos o puestos de feria y vendedores ambulantes de comidas y bebidas de consumo inmediato (elaboración propia),5,Trabajadores de los servicios y vendedores de comercios y mercados,2022,1260,143711,273742.9209998821,28.64309950736119,0.13339271176179973,0.06760790753665342,0.8693906520725623,0.037791122461050305,0.6117277035160844,46.75884935739087,9.744469011068976,FALSE,0,FALSE
2341,Profesores de educación básica,23,Profesionales de la educación,234,Profesores de educación básica y educadores de párvulos,2,"Profesionales, científicos e intelectuales",2022,1180,126599,973758.5198895511,40.37282602667005,0.9318696872589636,0.980639657501244,0.008641458463336993,0.01032393620802692,0.6738678820527808,41.711474814177045,17.037288054791908,FALSE,0,FALSE
7115,Carpinteros de obra,71,Operarios de la construcción (no incluye electricistas),711,Operarios de la construcción en obra gruesa,7,Artesanos y operarios de oficios,2022,1437,124818,499374.0196913076,41.87655306702732,0.4702316973629979,0.5359723757791344,0.4300821996827381,0.03372910958355366,0.019452322581678925,45.58937012289894,9.931983994343382,FALSE,0,FALSE
7231,Mecánicos y reparadores de vehículos de motor,72,"Operarios de la metalurgia y operarios de máquinas herramientas; mecánicos de vehículos, maquinarias, aviones y bicicletas",723,"Mecánicos de vehículos, motores de aviones, reparadores de máquinas agrícolas, industriales y bicicletas",7,Artesanos y operarios de oficios,2022,1241,122889,604678.5778656193,42.62500732652873,0.5521183093027849,0.5555013060566854,0.3744517410020425,0.06766268746592453,0.02895295754705466,40.19691754347419,12.301789061729208,FALSE,0,FALSE
3221,Técnicos y auxiliares paramédicos de enfermería,32,Técnicos de la salud,322,"Técnicos y auxiliares paramédicos de enfermería, esterilización y ayudantes de ambulancia",3,Técnicos y profesionales de nivel medio,2022,1253,121624,625616.8355623985,44.862676290028205,0.8247657362338996,0.9514569492863251,0.023917976715122014,0.024625073998552918,0.836907189370519,37.4781868710123,14.431889092869904,FALSE,0,FALSE
3343,Secretarios administrativos y ejecutivos,33,Técnicos en operaciones financieras y administrativas,334,"Supervisores de oficina, secretarios administrativos y especializados",3,Técnicos y profesionales de nivel medio,2022,1064,118699,768900.3682192204,42.92676458588331,0.869050038960599,0.9624175435344864,0.01870276918929393,0.01887968727621968,0.7855500046335689,43.18492994886225,14.56646228942199,FALSE,0,FALSE
5230,Vendedores de entradas (entretenciones y eventos deportivos) y cajeros de comercio,52,Vendedores,523,Vendedores de entradas (entretenciones y eventos deportivos) y cajeros de comercio,5,Trabajadores de los servicios y vendedores de comercios y mercados,2022,1025,107558,435572.7775160071,38.75480782715195,0.788055325866346,0.9571858904033173,0.017358076572639877,0.01736737388199855,0.7923352981647112,34.24662972535748,12.854051328970339,FALSE,0,FALSE
2411,Contadores,24,Profesionales de negocios y administración,241,"Contadores, asesores y analistas financieros y en inversiones",2,"Profesionales, científicos e intelectuales",2022,638,100993,1402604.2677307997,42.85156242232628,0.9173375259968356,0.8043329735724258,0.15590189419068648,0.039765132236887706,0.5170358341667244,41.991920232095296,16.38352128517254,FALSE,0,FALSE
9313,Obreros de la construcción de edificios,93,"Obreros de la minería, la construcción, la industria manufacturera y el transporte",931,Obreros de la minería y la construcción,9,Ocupaciones elementales,2022,964,96778,456743.39633784903,43.30949775916847,0.5650975026373236,0.8020004546487838,0.17868730496600468,0.015788712310649114,0.023218086755254292,40.17049329393044,9.978464585396361,FALSE,0,FALSE
7512,"Panaderos, pasteleros y confiteros",75,"Operarios de procesamiento de alimentos, de la confección, ebanistas y otros oficios",751,"Operarios de procesamiento, elaboración, conservación, cata y clasificación de alimentos, bebidas y tabaco",7,Artesanos y operarios de oficios,2022,1057,93921,387642.1460477483,32.3209339094463,0.36266110487191827,0.38029833583543615,0.5651877641847936,0.04708212220909062,0.6236837342021486,42.22080258941025,11.565195060882964,FALSE,0,FALSE
9334,Reponedores de estanterías,93,"Obreros de la minería, la construcción, la industria manufacturera y el transporte",933,Obreros del transporte y almacenamiento,9,Ocupaciones elementales,2022,771,87720,433910.4402344568,39.61212511795981,0.8559887804538816,0.974623803009576,0.013383492932056543,0.011992704058367533,0.48182854537163705,35.942510259917924,12.370706490522688,FALSE,0,FALSE
6113,"Agricultores y trabajadores calificados de huertas, invernaderos, viveros y jardines",61,Agricultores y trabajadores calificados de explotaciones agropecuarias cuya producción se destina al mercado,611,"Agricultores y trabajadores calificados de cultivos extensivos, plantaciones de árboles y arbustos, huertas, invernaderos, viveros y jardines y de cultivos mixtos",6,"Agricultores y trabajadores calificados agropecuarios, forestales y pesqueros",2022,943,81726,424612.52612614876,37.727185946468644,0.49750058340190867,0.541932799843379,0.4206250152950102,0.03374691040794851,0.1911876269485843,50.83644127939701,8.90871764429439,FALSE,0,FALSE
2149,Otros ingenieros no clasificados previamente,21,Profesionales de las ciencias y de la ingeniería,214,Ingenieros (excluyendo ingenieros en electrotecnología),2,"Profesionales, científicos e intelectuales",2022,460,79797,1758933.6944244036,43.87902257824049,0.9202412698412699,0.9254232615261225,0.05180645888943193,0.02277027958444553,0.3409276037946289,38.360264170332215,17.048847475482205,FALSE,0,FALSE
7112,Albañiles,71,Operarios de la construcción (no incluye electricistas),711,Operarios de la construcción en obra gruesa,7,Artesanos y operarios de oficios,2022,718,70177,481934.0316838103,41.26838016408916,0.4043453401943968,0.5132878293457971,0.4647106601878108,0.01999230517120994,0.01697137238696439,47.174188124314234,9.62249438365099,FALSE,0,FALSE
8331,Conductores de buses y trolebuses,83,Conductores de vehículos y operadores de equipos pesados y móviles,833,"Conductores de buses, trolebuses y camiones pesados",8,"Operadores de instalaciones, máquinas y ensambladores",2022,651,68157,666348.5585781863,45.65072120045942,0.7597720235156846,0.8400017606408733,0.13226814560500022,0.02623354901184031,0.05494666725354696,48.67412004636354,11.469864934681526,FALSE,0,FALSE
1420,"Directores, gerentes y administradores de comercios al por mayor y al por menor",14,"Directores, gerentes y administradores de hoteles, restaurantes, comercios y de otros servicios",142,"Directores, gerentes y administradores de comercios al por mayor y al por menor",1,"Directores, gerentes y administradores",2022,474,68078,1886860.2938494547,44.865217196529635,0.9241458327212903,0.5488410352830577,0.10238256117982314,0.34760128088369224,0.32962190428625987,43.955815388231144,15.345268847710203,FALSE,0,FALSE
7411,Electricistas de obras,74,Trabajadores especializados en electricidad y electrónica,741,"Electricistas, instaladores y reparadores de equipos y líneas eléctricas",7,Artesanos y operarios de oficios,2022,628,67796,688376.9837583508,42.76113372531283,0.7229224813180877,0.7134049206442858,0.25576730190571717,0.026196235766121893,0.005383798454186088,40.92505457549118,12.472106059257941,FALSE,0,FALSE
2221,Enfermeros profesionales,22,Profesionales de la salud,222,Profesionales de enfermería y matronería,2,"Profesionales, científicos e intelectuales",2022,525,66762,1454154.0079851467,45.78193978923212,0.8598351899893178,0.9686648093226686,0.02065546268835565,0.009451484377340403,0.8125879991611995,35.169317875438125,17.024246061515377,FALSE,0,FALSE
3611,Técnicos en educación parvularia,36,Técnicos en educación,361,Técnicos en educación,3,Técnicos y profesionales de nivel medio,2022,716,64817,485172.8178143969,41.91368987762806,0.9225020157538919,0.9802829504605274,0.0068037706157335264,0.012527577641668081,0.9944613295894595,37.65465850008486,13.826170054074213,FALSE,0,FALSE
2611,Abogados,26,"Profesionales en derecho, ciencias sociales y culturales",261,"Abogados, jueces y otros profesionales del derecho",2,"Profesionales, científicos e intelectuales",2022,412,64061,2299193.936024457,40.77043377019777,0.8417204098605031,0.6109333291706343,0.35107163484803544,0.03799503598133029,0.42848222787655516,41.15485240630024,17.76184038857538,FALSE,0,FALSE
5141,Peluqueros,51,Trabajadores de los servicios a las personas,514,"Peluqueros, cosmetólogos y especialistas en tratamientos de belleza",5,Trabajadores de los servicios y vendedores de comercios y mercados,2022,561,63641,458440.23304864584,32.924839507769924,0.3707737832903104,0.19069467795917727,0.696626388648827,0.11267893339199572,0.7021417011046338,39.23610565515941,12.310026155187446,FALSE,0,FALSE
7212,Soldadores y oxicortadores,72,"Operarios de la metalurgia y operarios de máquinas herramientas; mecánicos de vehículos, maquinarias, aviones y bicicletas",721,"Moldeadores, soldadores, chapistas, caldereros, montadores de estructuras metálicas, aparejadores y empalmadores de cables no eléctricos",7,Artesanos y operarios de oficios,2022,671,63580,613202.6458343395,43.458394580430756,0.6416422939979655,0.6948726014469959,0.2629128656810318,0.04065743944636678,0.007219251336898396,42.40934256055363,11.314829425316375,FALSE,0,FALSE
5131,Garzones de mesa,51,Trabajadores de los servicios a las personas,513,Garzones de mesa y bármanes,5,Trabajadores de los servicios y vendedores de comercios y mercados,2022,597,63440,447595.70606050466,37.4599115554701,0.5921667437447174,0.9117433795712484,0.06057692307692308,0.0276796973518285,0.5734552332912989,31.319356872635563,13.09119018247649,FALSE,0,FALSE
2142,"Ingenieros civiles, ingenieros en construcción y constructores civiles",21,Profesionales de las ciencias y de la ingeniería,214,Ingenieros (excluyendo ingenieros en electrotecnología),2,"Profesionales, científicos e intelectuales",2022,400,63314,1803288.5597668567,44.56451330949543,0.913617382121886,0.8639795305935496,0.09092775689420982,0.045092712512240576,0.1457023723031241,39.54318160280506,17.14233599898047,FALSE,0,FALSE
4110,Trabajadores de tareas administrativas generales,41,Oficinistas,411,Trabajadores de tareas administrativas generales,4,Personal de apoyo administrativo,2022,602,62327,730885.6549881428,43.598641422170836,0.861252578648788,0.9615094581802429,0.009851268310683973,0.027050876827057296,0.571710494649189,42.7591092143052,13.661479604190545,FALSE,0,FALSE
2310,Profesores de la educación superior,23,Profesionales de la educación,231,Profesores de la educación superior,2,"Profesionales, científicos e intelectuales",2022,429,62016,1542000.9634122513,34.838961251740805,0.6477849336455894,0.9398703560371517,0.0577109133126935,0.002418730650154799,0.443030830753354,45.072610294117645,19.026451843662613,FALSE,0,FALSE
2634,Psicólogos,26,"Profesionales en derecho, ciencias sociales y culturales",263,"Economistas, especialistas en ciencias sociales, humanidades, ciencias políticas y teología",2,"Profesionales, científicos e intelectuales",2022,427,60280,1192002.405720535,38.30115256951279,0.8046907673519915,0.6994525547445255,0.2849369608493696,0.013769077637690776,0.6499502322495023,36.68893497013935,17.51759613783919,FALSE,0,FALSE
7233,Mecánicos y reparadores de máquinas agrícolas e industriales,72,"Operarios de la metalurgia y operarios de máquinas herramientas; mecánicos de vehículos, maquinarias, aviones y bicicletas",723,"Mecánicos de vehículos, motores de aviones, reparadores de máquinas agrícolas, industriales y bicicletas",7,Artesanos y operarios de oficios,2022,610,58489,805906.4572979347,45.73977886346104,0.8798350915484419,0.879122570055908,0.08627263246080459,0.03460479748328746,0.03479286703482706,41.91830942570398,12.697834544014873,FALSE,0,FALSE
7111,Constructores de casas,71,Operarios de la construcción (no incluye electricistas),711,Operarios de la construcción en obra gruesa,7,Artesanos y operarios de oficios,2022,606,57791,568233.5897605788,43.649694024478045,0.35540088013044163,0.26246301327196275,0.6743610596805731,0.06047654479071136,0.013721859805159973,45.0571369244346,10.915926202855205,FALSE,0,FALSE
5153,Conserjes,51,Trabajadores de los servicios a las personas,515,"Supervisores de mantenimiento y limpieza, mayordomos domésticos y conserjes",5,Trabajadores de los servicios y vendedores de comercios y mercados,2022,356,57305,486290.7202526271,42.316913863449315,0.8070982525494587,0.9523601779949393,0.03685542273798098,0.010784399267079662,0.20520024430677952,47.46535206351976,11.937405851808531,FALSE,0,FALSE
5312,Asistentes de aula e inspectores de patio,53,Trabajadores de los cuidados personales,531,"Cuidadores de niños, asistentes de aula e inspectores de patio",5,Trabajadores de los servicios y vendedores de comercios y mercados,2022,685,57154,474474.00645889953,42.37711381757645,0.93952278876902,0.9742275256325017,0.0022045701088287783,0.02043601497707947,0.8140812541554396,43.527942051299995,13.09806598407281,FALSE,0,FALSE
9333,Obreros de carga,93,"Obreros de la minería, la construcción, la industria manufacturera y el transporte",933,Obreros del transporte y almacenamiento,9,Ocupaciones elementales,2022,534,57139,445985.15216221067,41.40739411986295,0.6061272250195021,0.835978928577679,0.14604735819667827,0.015436041932830467,0.04916081835523898,36.722466266472985,10.624595929096657,FALSE,0,FALSE
2330,Profesores de educación media,23,Profesionales de la educación,233,Profesores de educación media,2,"Profesionales, científicos e intelectuales",2022,507,56275,1090146.1508286698,39.61717756239138,0.9137813863652622,0.9752110173256331,0.012972012438916037,0.01181697023545091,0.5282452243447356,40.892225677476674,17.3965440376625,FALSE,0,FALSE
9412,Ayudantes de cocina,94,Cocineros de comida rápida y ayudantes de cocina,941,Cocineros de comida rápida y ayudantes de cocina,9,Ocupaciones elementales,2022,518,54841,438208.5346751466,40.45618657117943,0.5470008952551477,0.9151182509436371,0.06349264236611295,0.013912948341569264,0.7420907715030726,35.868073156944625,11.821020228671944,FALSE,0,FALSE
9520,Vendedores ambulantes (excluyendo comida de consumo inmediato),95,Trabajadores ambulantes de servicios y vendedores ambulantes (excluyendo comida de consumo inmediato),952,Vendedores ambulantes (excluyendo comida de consumo inmediato),9,Ocupaciones elementales,2022,510,54771,294285.29537137115,33.30076241731136,0.04307023789961841,0.016340764273064214,0.9672819557795184,0.011922367676325063,0.44390279527487175,44.47276843585109,9.891691640161056,FALSE,0,FALSE
2635,Profesionales del trabajo social,26,"Profesionales en derecho, ciencias sociales y culturales",263,"Economistas, especialistas en ciencias sociales, humanidades, ciencias políticas y teología",2,"Profesionales, científicos e intelectuales",2022,470,53844,1050667.025098128,42.50565340697067,0.7706892373086747,0.9578968873040636,0.03443280588366392,0.007670306812272491,0.8169712502785825,37.24008246044127,17.292495942996773,FALSE,0,FALSE
3313,Técnicos y asistentes en contabilidad,33,Técnicos en operaciones financieras y administrativas,331,"Agentes de bolsas, ejecutivos de créditos, asistentes contables y otros técnicos en finanzas y matemáticas",3,Técnicos y profesionales de nivel medio,2022,404,53228,794878.6438152012,41.22879138667721,0.8926607606537346,0.8208461711880964,0.15116104306004358,0.024686255354324792,0.6672052303299015,42.003813782219886,14.317691100565314,FALSE,0,FALSE
2511,Analistas de sistemas,25,Profesionales de tecnología de la información y las comunicaciones,251,"Analistas, desarrolladores y programadores de software, multimedia y aplicaciones",2,"Profesionales, científicos e intelectuales",2022,273,49596,1650128.3916627462,44.400657347481186,0.9484884686253467,0.9181183966448907,0.0637753044600371,0.018106298895072183,0.1555165739172514,38.47338495039923,16.629409033091726,FALSE,0,FALSE
5244,Vendedores por internet y otros medios de comunicación,52,Vendedores,524,Modelos y promotores y otros vendedores no clasificados previamente,5,Trabajadores de los servicios y vendedores de comercios y mercados,2022,372,49231,403778.4832707551,27.456327279551285,0.40498872661534396,0.13138063415327741,0.8467022810830575,0.013548373991996912,0.6946436188580366,37.39753407405903,13.645386037252951,FALSE,0,FALSE
5322,Trabajadores de los cuidados personales a domicilio,53,Trabajadores de los cuidados personales,532,Trabajadores de los cuidados personales en instituciones y a domicilio,5,Trabajadores de los servicios y vendedores de comercios y mercados,2022,478,46467,393301.50707102806,38.69905956112853,0.2918927162995403,0.6624916607484882,0.30100931844104417,0.00720941743602987,0.9346633094454129,48.09664923494093,11.408041942701706,FALSE,0,FALSE
6111,Agricultores y trabajadores calificados de cultivos extensivos,61,Agricultores y trabajadores calificados de explotaciones agropecuarias cuya producción se destina al mercado,611,"Agricultores y trabajadores calificados de cultivos extensivos, plantaciones de árboles y arbustos, huertas, invernaderos, viveros y jardines y de cultivos mixtos",6,"Agricultores y trabajadores calificados agropecuarios, forestales y pesqueros",2022,798,46276,450519.6566482871,42.30832224152323,0.33012667043921123,0.33663237963523207,0.5992955311608609,0.05099835768000691,0.1319690552338145,52.2152519664621,8.475228402161411,FALSE,0,FALSE
3322,"Representantes comerciales (excepto venta de productos y servicios industriales, farmacéuticos y de tecnologías de la información y las comunicaciones)",33,Técnicos en operaciones financieras y administrativas,332,"Agentes de seguros, representantes comerciales, agentes de compras y consignatarios",3,Técnicos y profesionales de nivel medio,2022,277,45987,1129976.8670706265,43.13098004823504,0.9005482623795897,0.9288059669036902,0.04910083284406463,0.021484332528758126,0.4257507556483354,44.27690434253159,14.256375545851528,FALSE,0,FALSE
2342,Educadores de párvulos,23,Profesionales de la educación,234,Profesores de educación básica y educadores de párvulos,2,"Profesionales, científicos e intelectuales",2022,457,45409,830365.3325953151,40.94792656253452,0.9372320813806276,0.9529828888546323,0.015943975863815543,0.031073135281552117,0.9894294082670836,39.169459798718314,16.57220015176539,FALSE,0,FALSE
5311,Cuidadores de niños en instituciones y a domicilios,53,Trabajadores de los cuidados personales,531,"Cuidadores de niños, asistentes de aula e inspectores de patio",5,Trabajadores de los servicios y vendedores de comercios y mercados,2022,443,43904,275463.6394348013,33.79688690792361,0.1988429300291545,0.5243485787172012,0.4164996355685131,0.024006924198250727,0.985103862973761,45.55860513848396,11.186298850574712,FALSE,0,FALSE
7522,Ebanistas y mueblistas,75,"Operarios de procesamiento de alimentos, de la confección, ebanistas y otros oficios",752,"Operarios del tratamiento de la madera, ebanistas y operarios de máquinas para trabajar madera",7,Artesanos y operarios de oficios,2022,361,43617,472770.78710605775,39.455518004894536,0.4237841316539487,0.3347318706009125,0.6130866405300686,0.05057661003737075,0.061054176123988356,45.87413164591788,11.660642153128823,FALSE,0,FALSE
8342,Operadores de máquinas de movimiento de tierras,83,Conductores de vehículos y operadores de equipos pesados y móviles,834,"Operadores de maquinaria agrícola, forestal, máquinas de movimiento de tierras, grúas y montacargas",8,"Operadores de instalaciones, máquinas y ensambladores",2022,566,43486,829533.5223305055,48.12001128190664,0.8888040182394741,0.9400266752518052,0.037989237915651015,0.021984086832543808,0.013084670928574713,42.93556546934646,11.388233111477007,FALSE,0,FALSE
7131,Pintores y empapeladores de paredes,71,Operarios de la construcción (no incluye electricistas),713,"Pintores, limpiadores de fachadas y deshollinadores",7,Artesanos y operarios de oficios,2022,387,42471,493630.86453644256,40.342335836703256,0.43413124128641983,0.5406041769678134,0.43486143486143486,0.022438840620658804,0.06232488050669869,42.45089590544136,10.299819056235417,FALSE,0,FALSE
5142,Cosmetólogos y especialistas en tratamientos de belleza,51,Trabajadores de los servicios a las personas,514,"Peluqueros, cosmetólogos y especialistas en tratamientos de belleza",5,Trabajadores de los servicios y vendedores de comercios y mercados,2022,342,42186,447705.47547517624,27.193658178256612,0.27616772189702543,0.2170625325937515,0.7343431470155976,0.048594320390650925,0.9417105200777509,33.63549518797706,13.469265081220332,FALSE,0,FALSE
7126,Gásfiter e instaladores de tuberías,71,Operarios de la construcción (no incluye electricistas),712,Operarios de la construcción en trabajos de terminación,7,Artesanos y operarios de oficios,2022,393,42050,546910.8741341729,40.19305757135946,0.6137937668333975,0.5571224732461355,0.41326991676575503,0.029607609988109393,0.019881093935790725,45.416718192627826,10.61622759271355,FALSE,0,FALSE
4120,Secretarios generales,41,Oficinistas,412,Secretarios generales,4,Personal de apoyo administrativo,2022,411,41174,630863.1545542276,41.52146550883013,0.870850876334084,0.9690095691455773,0.00689755671054549,0.020012629329188323,0.9408607373585273,45.019599747413416,12.900751622822002,FALSE,0,FALSE
9411,Cocineros de comida rápida,94,Cocineros de comida rápida y ayudantes de cocina,941,Cocineros de comida rápida y ayudantes de cocina,9,Ocupaciones elementales,2022,354,39109,422673.573797812,37.533611189240325,0.5417885928435752,0.5471886266588253,0.3853588688025774,0.059602649006622516,0.5557544299266154,35.16218773172415,12.256437137231838,FALSE,0,FALSE
8160,"Operadores de máquinas para elaborar alimentos, bebidas y cigarrillos",81,Operadores de instalaciones fijas y máquinas,816,"Operadores de máquinas para elaborar alimentos, bebidas y cigarrillos",8,"Operadores de instalaciones, máquinas y ensambladores",2022,307,38702,606258.9627170715,45.19419166969996,0.9247982201986755,0.9567464213735725,0.04020464058704976,0.002532168880161232,0.25024546535062786,41.33721771484678,11.698129295643636,FALSE,0,FALSE
5222,"Supervisores de locales comerciales, tiendas y almacenes",52,Vendedores,522,"Comerciantes, dueños - operadores, supervisores y vendedores de tiendas, almacenes y puestos de mercado",5,Trabajadores de los servicios y vendedores de comercios y mercados,2022,305,38337,862670.0060891154,44.95941694630873,0.919340054995417,0.96791611237186,0.022980410569423793,0.009103477058716123,0.5335837441636018,40.511568458669174,13.961838432845553,FALSE,0,FALSE
1412,"Directores, gerentes y administradores de restaurantes",14,"Directores, gerentes y administradores de hoteles, restaurantes, comercios y de otros servicios",141,"Directores, gerentes y administradores de hoteles y restaurantes",1,"Directores, gerentes y administradores",2022,323,37524,988514.9450747737,46.117154585718914,0.8933216075045304,0.45181750346444943,0.19987208186760475,0.3381835625199872,0.47668159044877945,41.162136232811,14.158824953595351,FALSE,0,FALSE
2243,Ingenieros en prevención de riesgos y otros profesionales de la seguridad e higiene laboral y ambiental,22,Profesionales de la salud,224,"Dentistas, farmacéuticos, kinesiólogos, nutricionistas, fonoaudiólogos y otros profesionales de la salud",2,"Profesionales, científicos e intelectuales",2022,328,37136,1564567.641190822,44.5456149877817,0.8829337094499294,0.9199698405859543,0.05358681602757432,0.02644334338647135,0.3630708746230073,36.85351141749246,16.73272948492632,FALSE,0,FALSE
1439,"Directores, gerentes y administradores de otros servicios no clasificados previamente",14,"Directores, gerentes y administradores de hoteles, restaurantes, comercios y de otros servicios",143,"Directores, gerentes y administradores de centros deportivos, de esparcimiento, culturales y de otros servicios",1,"Directores, gerentes y administradores",2022,237,35332,2665227.1798670245,43.83544086513704,0.9220819653571833,0.5132457828597305,0.15224159402241594,0.3319370542284614,0.29381297407449336,44.31127589720367,15.812436318351637,FALSE,0,FALSE
2359,Otros profesionales de la educación no clasificados previamente,23,Profesionales de la educación,235,"Especialistas en métodos pedagógicos, educadores para necesidades especiales y otros profesionales de la educación",2,"Profesionales, científicos e intelectuales",2022,294,35241,924710.4390348741,32.793510240223945,0.6808820588991402,0.6668369229023013,0.305865327317613,0.027297749780085697,0.6542947135438836,39.41778042620811,16.49982859101817,FALSE,0,FALSE
3334,Agentes inmobiliarios,33,Técnicos en operaciones financieras y administrativas,333,"Agentes de aduana, organizadores de eventos, agentes de empleo, de bienes raíces y otros agentes de servicios comerciales",3,Técnicos y profesionales de nivel medio,2022,247,34693,1079943.5513789898,34.964131361538236,0.7745942985616695,0.4801544980255383,0.4545297322226386,0.06445104199694462,0.5448073098319546,47.21004237165999,14.92355969458584,FALSE,0,FALSE
3123,Supervisores de la construcción,31,Técnicos de las ciencias y la ingeniería,312,"Supervisores de minas, de industrias manufactureras y de la construcción",3,Técnicos y profesionales de nivel medio,2022,256,33679,1131987.6874607494,46.607251475937744,0.90142735147005,0.92054395914368,0.04762611716499896,0.031829923691321003,0.08690875619822441,40.64705009056088,13.961225105612552,FALSE,0,FALSE
2352,Educadores para necesidades especiales,23,Profesionales de la educación,235,"Especialistas en métodos pedagógicos, educadores para necesidades especiales y otros profesionales de la educación",2,"Profesionales, científicos e intelectuales",2022,290,33243,917798.6785778849,41.93248015453805,0.9656221753540223,0.9882982883614596,0.003459374905995247,0.008242336732545198,0.9577053815840929,35.70162139397768,16.97440164604073,FALSE,0,FALSE
2166,Diseñadores gráficos y de multimedia,21,Profesionales de las ciencias y de la ingeniería,216,"Arquitectos, diseñadores, urbanistas, cartógrafos y agrimensores",2,"Profesionales, científicos e intelectuales",2022,204,33182,1072858.27026013,38.94565183883597,0.7487707157166272,0.5613887047194261,0.4007594478934362,0.032879271894400576,0.39825809173648363,38.1825387258152,16.37562533903924,FALSE,0,FALSE
2431,Profesionales de la publicidad y la comercialización,24,Profesionales de negocios y administración,243,"Profesionales de la publicidad, relaciones públicas y de las ventas técnicas, médicas y de tecnología de la información y las comunicaciones",2,"Profesionales, científicos e intelectuales",2022,155,32964,1631263.0393304673,42.142848344880676,0.9033491081179469,0.8255976216478582,0.12801844436354812,0.04638393398859362,0.4798264773692513,36.04959956315981,16.404932083294657,FALSE,0,FALSE
1321,"Directores, gerentes y administradores de industrias manufactureras",13,"Directores, gerentes y administradores de producción y operaciones",132,"Directores, gerentes y administradores de producción y operaciones de industrias manufactureras, de minería, de construcción, de almacenamiento y distribución",1,"Directores, gerentes y administradores",2022,202,32782,2827664.8707144726,44.65818003132582,0.9030460737792745,0.54612287230797385,0.1444390214141907,0.3086449881032274,0.2836312610578976,47.15679336221097,16.06238179488744,FALSE,0,FALSE
7511,Carniceros y pescaderos,75,"Operarios de procesamiento de alimentos, de la confección, ebanistas y otros oficios",751,"Operarios de procesamiento, elaboración, conservación, cata y clasificación de alimentos, bebidas y tabaco",7,Artesanos y operarios de oficios,2022,395,32083,503458.4813467369,43.66625735965492,0.7639028056112225,0.8803416139388461,0.0970607486831032,0.017922264127419506,0.38490789514696255,41.85830502135087,10.880350501166236,FALSE,0,FALSE
4225,"Empleados de informaciones, reclamos o sugerencias",42,Empleados en trato directo con el público,422,Empleados de servicios de información al cliente,4,Personal de apoyo administrativo,2022,246,30819,666601.8838244218,43.141308932801195,0.9083911713430479,0.9829326065089717,0.008241669100230378,0.008825724390797884,0.7053765534248353,38.96083584801583,14.146760115513157,FALSE,0,FALSE
7412,Mecánicos y ajustadores electricistas,74,Trabajadores especializados en electricidad y electrónica,741,"Electricistas, instaladores y reparadores de equipos y líneas eléctricas",7,Artesanos y operarios de oficios,2022,231,30365,859413.2951312362,44.832486965942174,0.7482167147738961,0.7821834348756792,0.196838465338383,0.018475218178824304,0.011921620286514079,40.29695372962292,12.979489060832444,FALSE,0,FALSE
8344,Operadores de autoelevadoras y montacargas,83,Conductores de vehículos y operadores de equipos pesados y móviles,834,"Operadores de maquinaria agrícola, forestal, máquinas de movimiento de tierras, grúas y montacargas",8,"Operadores de instalaciones, máquinas y ensambladores",2022,247,29768,623947.6640973631,45.306817795023655,0.9168297455968689,0.9870330556302069,0.007121741467347487,0.005845202902445579,0.029192421392098898,40.00870061811341,11.10795261115272,FALSE,0,FALSE
6112,Agricultores y trabajadores calificados de plantaciones de árboles y arbustos,61,Agricultores y trabajadores calificados de explotaciones agropecuarias cuya producción se destina al mercado,611,"Agricultores y trabajadores calificados de cultivos extensivos, plantaciones de árboles y arbustos, huertas, invernaderos, viveros y jardines y de cultivos mixtos",6,"Agricultores y trabajadores calificados agropecuarios, forestales y pesqueros",2022,421,29687,547193.1955376401,43.84110517666393,0.6073971585732123,0.6725839593087883,0.24903156263684442,0.071714892040287,0.1933506248526291,49.168120726243814,9.437313331523216,FALSE,0,FALSE
4222,Empleados de centros de llamadas de informaciones,42,Empleados en trato directo con el público,422,Empleados de servicios de información al cliente,4,Personal de apoyo administrativo,2022,186,29426,524015.303880597,41.896026558061536,0.8888888888888888,0.9934411744715558,0.004927615034323388,6.45687487256168e-4,0.7080133215523686,37.04101814721675,14.040024504798856,FALSE,0,FALSE
7119,Otros operarios de la construcción (obra gruesa) no clasificados previamente,71,Operarios de la construcción (no incluye electricistas),711,Operarios de la construcción en obra gruesa,7,Artesanos y operarios de oficios,2022,229,29100,647564.6110514092,44.36089856089856,0.7248453608247423,0.641168384879725,0.1825085910652921,0.17632302405498282,0.1890721649484536,41.282714776632304,11.79200280603297,FALSE,0,FALSE
7533,Costureros y bordadores,75,"Operarios de procesamiento de alimentos, de la confección, ebanistas y otros oficios",753,"Sastres, modistos, patronistas de tela, costureros, tapiceros, apelambradores y zapateros",7,Artesanos y operarios de oficios,2022,326,29036,232575.0658301575,24.53128505772084,0.18952335032373605,0.10301005648160903,0.8608968177434908,0.03609312577490013,0.9332552693208431,53.364616338338614,10.872919556171983,FALSE,0,FALSE
2244,Kinesiólogos,22,Profesionales de la salud,224,"Dentistas, farmacéuticos, kinesiólogos, nutricionistas, fonoaudiólogos y otros profesionales de la salud",2,"Profesionales, científicos e intelectuales",2022,206,28665,1144155.02027812,37.7854526425955,0.72508038585209,0.7389150532007674,0.23488574917146346,0.026199197627769056,0.4529565672422815,33.428501657073085,17.486161167290668,FALSE,0,FALSE
2422,Especialistas en políticas de administración,24,Profesionales de negocios y administración,242,"Especialistas y asesores de gestión, políticas corporativas, políticas públicas y desarrollo del personal",2,"Profesionales, científicos e intelectuales",2022,210,28166,1338229.7354063403,44.204821422212724,0.9175568636000291,0.9724490520485692,0.014201519562593197,0.013349428388837606,0.48608251082865866,41.11925726052688,16.47992700729927,FALSE,0,FALSE
3344,Secretarios médicos,33,Técnicos en operaciones financieras y administrativas,334,"Supervisores de oficina, secretarios administrativos y especializados",3,Técnicos y profesionales de nivel medio,2022,251,28128,607656.7874036084,44.31509527872583,0.8947744656515834,0.9752915244596132,0,0.024708475540386802,0.859108361774744,41.69763225255973,13.97728248425873,FALSE,0,FALSE
5412,Carabineros,54,Personal de los servicios de protección y seguridad,541,Personal de los servicios de protección y seguridad,5,Trabajadores de los servicios y vendedores de comercios y mercados,2022,269,27080,922895.40182902,53.30151387720774,0.8664035446997058,0.9972304283604135,0,0.0027695716395864105,0.21539881831610044,36.21957163958641,13.19482496194825,FALSE,0,FALSE
8341,Operadores de maquinaria agrícola y forestal móvil,83,Conductores de vehículos y operadores de equipos pesados y móviles,834,"Operadores de maquinaria agrícola, forestal, máquinas de movimiento de tierras, grúas y montacargas",8,"Operadores de instalaciones, máquinas y ensambladores",2022,371,26945,540844.4606552472,45.55635553906105,0.8561369339675643,0.929003525700501,0.05629987010577101,0.01410280200408239,0.006568936722954166,47.73238077565411,8.837915469839967,FALSE,0,FALSE
2141,Ingenieros industriales y de producción,21,Profesionales de las ciencias y de la ingeniería,214,Ingenieros (excluyendo ingenieros en electrotecnología),2,"Profesionales, científicos e intelectuales",2022,175,26844,2226842.7297113496,45.50408780378542,0.8969974668454775,0.9699374161823872,0.01840262255997616,0.011659961257636716,0.22209804798092683,38.64550737594993,17.863150392017108,FALSE,0,FALSE
5249,Otros vendedores no clasificados previamente,52,Vendedores,524,Modelos y promotores y otros vendedores no clasificados previamente,5,Trabajadores de los servicios y vendedores de comercios y mercados,2022,255,26751,610651.6465827686,36.07090558766859,0.6627453918777162,0.5820343164741505,0.3970318866584427,0.02074688796680498,0.6110425778475571,40.3989757392247,13.22737671104444,FALSE,0,FALSE
2512,Desarrolladores de software,25,Profesionales de tecnología de la información y las comunicaciones,251,"Analistas, desarrolladores y programadores de software, multimedia y aplicaciones",2,"Profesionales, científicos e intelectuales",2022,121,26119,2021822.3331291396,42.255446226884644,0.9088253382533825,0.9212833569432214,0.06761361461005398,0.011103028446724606,0.11137486121214442,35.28385466518626,16.50874842068992,FALSE,0,FALSE
8321,Conductores de motocicletas,83,Conductores de vehículos y operadores de equipos pesados y móviles,832,"Conductores de motocicletas, automóviles y camionetas",8,"Operadores de instalaciones, máquinas y ensambladores",2022,187,25914,491757.0163107714,45.07266118079412,0.40936127201337325,0.5291348305935016,0.4629929767693139,0.0049008258084433124,0.10214555838542873,31.461295052867175,12.527563977339325,FALSE,0,FALSE
3321,Agentes de seguros y ejecutivos de fondos de pensiones,33,Técnicos en operaciones financieras y administrativas,332,"Agentes de seguros, representantes comerciales, agentes de compras y consignatarios",3,Técnicos y profesionales de nivel medio,2022,163,25512,1082007.641701956,40.67327123460689,0.9283287238245753,0.9047507055503292,0.06977108811539667,0.025478206334274067,0.7469818124804014,42.430032925682035,14.499608027594856,FALSE,0,FALSE
2161,Arquitectos,21,Profesionales de las ciencias y de la ingeniería,216,"Arquitectos, diseñadores, urbanistas, cartógrafos y agrimensores",2,"Profesionales, científicos e intelectuales",2022,163,25422,1728749.1697486392,40.633973710819006,0.8242388059701492,0.6363779403666115,0.3208244827314924,0.04279757690189599,0.3400204547242546,40.37266934151522,17.54500039336008,FALSE,0,FALSE
2421,Especialistas y asesores de gestión,24,Profesionales de negocios y administración,242,"Especialistas y asesores de gestión, políticas corporativas, políticas públicas y desarrollo del personal",2,"Profesionales, científicos e intelectuales",2022,151,25409,1882841.7446571416,42.985123381479006,0.8286348677689227,0.9003502695895155,0.08768546577984179,0.011964264630642686,0.37045928607973555,38.782872210634025,18.049155810933133,FALSE,0,FALSE
2211,Médicos generales,22,Profesionales de la salud,221,Médicos generales y especialistas,2,"Profesionales, científicos e intelectuales",2022,169,25329,2834386.17806092,44.436008413558774,0.7887441086775714,0.9466619290141735,0.04804769236843144,0.0052903786173950805,0.4261123613249635,38.62904180978325,19.921394449050496,FALSE,0,FALSE
7214,Montadores de estructuras metálicas,72,"Operarios de la metalurgia y operarios de máquinas herramientas; mecánicos de vehículos, maquinarias, aviones y bicicletas",721,"Moldeadores, soldadores, chapistas, caldereros, montadores de estructuras metálicas, aparejadores y empalmadores de cables no eléctricos",7,Artesanos y operarios de oficios,2022,251,25328,620304.0353939197,43.3285055957867,0.6621568162038136,0.670206885660139,0.3003395451674037,0.0270056854074542,0.002289955780164245,41.87871130764371,11.55685407454201,FALSE,0,FALSE
7422,Instaladores y reparadores en tecnología de la información y las comunicaciones,74,Trabajadores especializados en electricidad y electrónica,742,Instaladores y reparadores de equipos electrónicos y de telecomunicaciones,7,Artesanos y operarios de oficios,2022,197,24888,634680.9349580177,41.528002932670766,0.7730916414904331,0.7402362584378014,0.2501205400192864,0.009643201542912247,0.05974766955962713,36.37427675988428,13.09847417367849,FALSE,0,FALSE
2212,Médicos especialistas,22,Profesionales de la salud,221,Médicos generales y especialistas,2,"Profesionales, científicos e intelectuales",2022,151,24663,3954564.6818772857,43.59525373624569,0.7918609406952966,0.829582775818027,0.13149251915825325,0.038924705023719745,0.4143859222316831,46.524632039897824,20.505737339334225,FALSE,0,FALSE
8343,Operadores de grúas y aparatos elevadores,83,Conductores de vehículos y operadores de equipos pesados y móviles,834,"Operadores de maquinaria agrícola, forestal, máquinas de movimiento de tierras, grúas y montacargas",8,"Operadores de instalaciones, máquinas y ensambladores",2022,239,24539,752810.3966475845,44.46101890366953,0.9197188309285979,0.92281674069848,0.049146256978686985,0.02803700232283304,0.02420636537756225,41.625045845388975,11.622058823529411,FALSE,0,FALSE
7122,"Instaladores de parqué, cerámicas, baldosas y alfombras",71,Operarios de la construcción (no incluye electricistas),712,Operarios de la construcción en trabajos de terminación,7,Artesanos y operarios de oficios,2022,215,24519,513577.3944830582,41.78497334380295,0.37672706213287005,0.4436967249887842,0.5430890329948204,0.013214242016395449,0.04979811574697174,46.37354704514866,10.264204545454545,FALSE,0,FALSE
2351,Especialistas en métodos pedagógicos,23,Profesionales de la educación,235,"Especialistas en métodos pedagógicos, educadores para necesidades especiales y otros profesionales de la educación",2,"Profesionales, científicos e intelectuales",2022,172,24450,1410819.0801041063,41.3880352386806,0.8680909203825612,0.9522290388548057,0.024867075664621676,0.022903885480572598,0.7311656441717791,43.270552147239265,17.103885480572597,FALSE,0,FALSE
9321,Empacadores manuales,93,"Obreros de la minería, la construcción, la industria manufacturera y el transporte",932,Empacadores manuales y obreros de la industria manufacturera,9,Ocupaciones elementales,2022,208,24113,489321.433244916,42.33032090707502,0.738592324040505,0.9292083108696554,0.05934558122174761,0.011446107908597023,0.48318334508356486,35.24322979305769,11.760414499146863,FALSE,0,FALSE
1323,"Directores, gerentes y administradores de empresas de construcción",13,"Directores, gerentes y administradores de producción y operaciones",132,"Directores, gerentes y administradores de producción y operaciones de industrias manufactureras, de minería, de construcción, de almacenamiento y distribución",1,"Directores, gerentes y administradores",2022,165,23920,2797618.6518178275,45.45283740701382,0.9177257525083612,0.4813127090301003,0.08281772575250836,0.4358695652173913,0.09707357859531772,45.59080267558529,16.14573578595318,FALSE,0,FALSE
3323,Agentes responsables de adquisiciones,33,Técnicos en operaciones financieras y administrativas,332,"Agentes de seguros, representantes comerciales, agentes de compras y consignatarios",3,Técnicos y profesionales de nivel medio,2022,195,23910,1041746.3552931253,43.32187093252718,0.9371613391019448,0.9565453785027185,0.031827687160184026,0.007360936846507737,0.43801756587202006,40.23425345043915,14.813100583273886,FALSE,0,FALSE
4323,Empleados de servicios de transporte,43,Auxiliares y ayudantes de registros contables y encargados del registro de materiales,432,Empleados encargados del registro de materiales y de transportes,4,Personal de apoyo administrativo,2022,187,23760,806356.3749135247,44.06523569023569,0.9232323232323232,0.9602272727272727,0.029377104377104377,0.008038720538720538,0.3498316498316498,38.68392255892256,13.475970503475166,FALSE,0,FALSE
6121,Criadores de ganado,61,Agricultores y trabajadores calificados de explotaciones agropecuarias cuya producción se destina al mercado,612,Trabajadores calificados de la cría de animales,6,"Agricultores y trabajadores calificados agropecuarios, forestales y pesqueros",2022,516,23477,523881.3486451049,45.67763743106209,0.4366771025432088,0.4472462410018316,0.5016824977637688,0.03407590407633002,0.09707373173744516,52.1791540656813,8.359714383444501,FALSE,0,FALSE
2423,Especialistas en políticas y servicios de personal,24,Profesionales de negocios y administración,242,"Especialistas y asesores de gestión, políticas corporativas, políticas públicas y desarrollo del personal",2,"Profesionales, científicos e intelectuales",2022,148,23185,1701518.3287326389,44.162424242424244,0.964507311146787,0.9837394867371145,0.00461505283588527,0.011645460427000216,0.49674358421393144,39.66905326719862,16.33720077636403,FALSE,0,FALSE
9312,Obreros de obras públicas,93,"Obreros de la minería, la construcción, la industria manufacturera y el transporte",931,Obreros de la minería y la construcción,9,Ocupaciones elementales,2022,288,23013,530198.391783124,45.489288061336254,0.8030441798595664,0.9614565680267675,0.03245991396167384,0.006083518011558684,0.030243775257463173,42.552166166949114,9.771373341534137,FALSE,0,FALSE
9621,"Mensajeros, estafetas, maleteros y repartidores de folletos y diarios a domicilio",96,Recolectores de desechos y otras ocupaciones elementales,962,Otras ocupaciones elementales,9,Ocupaciones elementales,2022,190,22712,505621.13052998483,40.6387182320442,0.7523775821648162,0.9019020781965481,0.06362275449101797,0.029103557590700952,0.16277738640366327,45.80058999647763,11.602321485027776,FALSE,0,FALSE
5243,Representantes de ventas de puerta a puerta (venta a hogares),52,Vendedores,524,Modelos y promotores y otros vendedores no clasificados previamente,5,Trabajadores de los servicios y vendedores de comercios y mercados,2022,217,22579,265740.6657696947,23.756954612005856,0.2608175738518092,0.09725851454891714,0.8843615749147438,0.018379910536339077,0.7616369192612604,44.06780636874972,12.20472861659023,FALSE,0,FALSE
3115,Técnicos en ingeniería mecánica,31,Técnicos de las ciencias y la ingeniería,311,"Técnicos en ciencias físicas, químicas, técnicos en ingeniería y dibujantes técnicos",3,Técnicos y profesionales de nivel medio,2022,201,22295,1100939.3030330343,47.70036068530207,0.9334828436869254,0.912984974209464,0.06862525229872168,0.01838977349181431,0.014980937429917022,38.740614487553266,14.546893922404127,FALSE,0,FALSE
2642,Periodistas,26,"Profesionales en derecho, ciencias sociales y culturales",264,"Escritores, periodistas, traductores, intérpretes de lengua de señas y lingüistas",2,"Profesionales, científicos e intelectuales",2022,149,22152,1603875.7730367468,42.948513776410444,0.8091820151679306,0.8409172986637775,0.12310400866738895,0.028304442036836405,0.42370892018779344,38.4325117370892,17.228844239297676,FALSE,0,FALSE
2151,Ingenieros eléctricos,21,Profesionales de las ciencias y de la ingeniería,215,Ingenieros en electrotecnología,2,"Profesionales, científicos e intelectuales",2022,133,22042,2023479.2535198135,44.57310181387294,0.9224662008892115,0.8461573359949188,0.08461119680609745,0.06923146719898376,0.08284184738227021,40.556573813628525,17.172096414088486,FALSE,0,FALSE
3113,Técnicos en electricidad,31,Técnicos de las ciencias y la ingeniería,311,"Técnicos en ciencias físicas, químicas, técnicos en ingeniería y dibujantes técnicos",3,Técnicos y profesionales de nivel medio,2022,181,20865,966662.3208545669,44.91077708724767,0.8984420359976776,0.769757967888809,0.15791996165827943,0.07232207045291157,0.0441888329738797,39.30735681763719,13.794820717131474,FALSE,0,FALSE
5212,Vendedores ambulantes de productos comestibles de consumo inmediato (elaboración propia),52,Vendedores,521,Vendedores en quioscos o puestos de feria y vendedores ambulantes de comidas y bebidas de consumo inmediato (elaboración propia),5,Trabajadores de los servicios y vendedores de comercios y mercados,2022,218,20742,331918.9891982955,35.05543248166199,0.15070870697136246,0.07487223989972037,0.8692507954874168,0.04276347507472761,0.6370648924886704,42.6674862597628,10.666859512101052,FALSE,0,FALSE
6222,Pescadores en agua dulce y en aguas costeras,62,"Trabajadores forestales calificados, pescadores y cazadores cuya producción se destina al mercado",622,"Trabajadores de explotaciones de acuicultura, pescadores, cazadores y tramperos",6,"Agricultores y trabajadores calificados agropecuarios, forestales y pesqueros",2022,304,20714,584917.6904494382,37.80736847476655,0.19092142234279624,0.3605773872743072,0.5630974220334074,0.06560780148691706,0.03360046345466834,45.05266969199575,9.392277804759592,FALSE,0,FALSE
3312,Ejecutivos de préstamos y créditos,33,Técnicos en operaciones financieras y administrativas,331,"Agentes de bolsas, ejecutivos de créditos, asistentes contables y otros técnicos en finanzas y matemáticas",3,Técnicos y profesionales de nivel medio,2022,127,20557,1360745.533183352,43.122926497056966,0.9316460643963453,0.9401663666877462,0.03740818212774238,0.02242545118451136,0.5614146032981466,41.26715960500073,15.114559517439314,FALSE,0,FALSE
4416,Empleados y asistentes de recursos humanos,44,Otro personal de apoyo administrativo,441,Otro personal de apoyo administrativo,4,Personal de apoyo administrativo,2022,178,20404,793026.8685394381,42.757645559694176,0.907096264083811,0.9727994510880219,0.011468339541266418,0.015732209370711625,0.648402274063909,38.16227210350912,14.110952357491255,FALSE,0,FALSE
3112,Técnicos en construcción y topógrafos,31,Técnicos de las ciencias y la ingeniería,311,"Técnicos en ciencias físicas, químicas, técnicos en ingeniería y dibujantes técnicos",3,Técnicos y profesionales de nivel medio,2022,193,19964,947013.728357438,45.433279903826886,0.8264797987576364,0.8286916449609296,0.13839911841314365,0.024093368062512523,0.08750751352434381,38.7353736726107,14.486074934882788,FALSE,0,FALSE
1324,"Directores, gerentes y administradores de empresas de abastecimiento, almacenamiento y distribución",13,"Directores, gerentes y administradores de producción y operaciones",132,"Directores, gerentes y administradores de producción y operaciones de industrias manufactureras, de minería, de construcción, de almacenamiento y distribución",1,"Directores, gerentes y administradores",2022,130,19800,2443005.654243031,42.78528230929511,0.9701310576043889,0.6139393939393939,0.0997979797979798,0.28424242424242424,0.12873737373737373,43.17075757575758,15.46010101010101,FALSE,0,FALSE
9216,Obreros de pesca y acuicultura,92,"Obreros agropecuarios, pesqueros y forestales",921,"Obreros agropecuarios, de jardinería y horticultura, forestales y pesqueros",9,Ocupaciones elementales,2022,338,19595,503805.1425005311,38.12852048989716,0.5529869067103109,0.6156162286297525,0.3623373309517734,0.017402398571064046,0.31870375095687675,41.24996172492983,9.432045853557781,FALSE,0,FALSE
1345,"Directores, gerentes y administradores de servicios de educación",13,"Directores, gerentes y administradores de producción y operaciones",134,"Directores, gerentes y administradores de servicios de cuidados a personas, bienestar social, educación, servicios financieros y de otros servicios profesionales",1,"Directores, gerentes y administradores",2022,159,19245,1935022.9574954533,42.56440633930891,0.9307352559106261,0.8910885944401143,0.03055339049103663,0.07835801506884905,0.6053000779423227,49.672798129384255,17.933040440398052,FALSE,0,FALSE
3122,Supervisores de industrias manufactureras,31,Técnicos de las ciencias y la ingeniería,312,"Supervisores de minas, de industrias manufactureras y de la construcción",3,Técnicos y profesionales de nivel medio,2022,131,18805,1049813.9728603484,46.03440538519072,0.9240627492688115,0.9862270672693433,0.00452007444828503,0.00925285828237171,0.26881148630683327,42.41542143047062,14.115255157437568,FALSE,0,FALSE
6210,Trabajadores forestales calificados,62,"Trabajadores forestales calificados, pescadores y cazadores cuya producción se destina al mercado",621,Trabajadores forestales calificados,6,"Agricultores y trabajadores calificados agropecuarios, forestales y pesqueros",2022,301,18716,465120.71304824564,42.192161132280894,0.4365207995678012,0.61551613592648,0.3646612524043599,0.01982261166916008,0.04140842060269288,46.59809788416328,8.339739448751077,FALSE,0,FALSE
2241,Dentistas,22,Profesionales de la salud,224,"Dentistas, farmacéuticos, kinesiólogos, nutricionistas, fonoaudiólogos y otros profesionales de la salud",2,"Profesionales, científicos e intelectuales",2022,135,18038,1974236.673257259,37.60297001961334,0.6710863509749304,0.7009646302250804,0.23522563477103892,0.05854307572901652,0.5865949661825036,37.12129947887792,18.236001774032598,FALSE,0,FALSE
7531,"Sastres, modistos, peleteros y sombrereros",75,"Operarios de procesamiento de alimentos, de la confección, ebanistas y otros oficios",753,"Sastres, modistos, patronistas de tela, costureros, tapiceros, apelambradores y zapateros",7,Artesanos y operarios de oficios,2022,177,17788,265849.7642840209,33.436725412166005,0.33247132898583315,0.10973690128176299,0.8545648751967618,0.03569822352147515,0.8678322464582865,53.74044299527772,11.65780301326737,FALSE,0,FALSE
8172,Operadores de instalaciones de procesamiento de la madera,81,Operadores de instalaciones fijas y máquinas,817,"Operadores de instalaciones para la preparación de papel, pasta de papel y procesamiento de la madera",8,"Operadores de instalaciones, máquinas y ensambladores",2022,212,17699,541076.110076013,44.09723713204136,0.9114074241482569,0.9563817164811571,0.031527204926832024,0.012091078592010848,0.057460873495677724,42.84756200915306,10.26966356314617,FALSE,0,FALSE
3521,Técnicos de radiodifusión y grabación audiovisual,35,Técnicos de la tecnología de la información y las comunicaciones,352,"Técnicos en radiodifusión, grabación audiovisual y técnicos de las telecomunicaciones",3,Técnicos y profesionales de nivel medio,2022,89,17588,611193.4637577492,39.82969743803127,0.46349783943597905,0.7843984534910166,0.2089492836024562,0.006652262906527178,0.2090629974982943,35.80128496702297,15.944450761883102,FALSE,0,FALSE
3251,Técnicos y auxiliares paramédicos en odontología,32,Técnicos de la salud,325,"Técnicos en odontología, ópticos, técnicos en prevención de riesgos y otros técnicos en salud",3,Técnicos y profesionales de nivel medio,2022,164,17475,553032.0901059037,40.851959942775395,0.829004076878276,0.9810014306151645,0.01899856938483548,0,0.9244635193133047,31.369327610872674,14.278111587982833,FALSE,0,FALSE
9613,Barrenderos,96,Recolectores de desechos y otras ocupaciones elementales,961,"Recolectores de basura y material reciclable, clasificadores de desechos y barrenderos de calles y parques",9,Ocupaciones elementales,2022,216,17350,368194.342,39.73156307977737,0.6859504132231405,0.8933717579250721,0.07636887608069164,0.02697406340057637,0.4005187319884726,51.82708933717579,8.028293135435993,FALSE,0,FALSE
9215,Obreros forestales,92,"Obreros agropecuarios, pesqueros y forestales",921,"Obreros agropecuarios, de jardinería y horticultura, forestales y pesqueros",9,Ocupaciones elementales,2022,298,17330,367017.54481631663,36.582262443438914,0.38632429313329486,0.538199653779573,0.44783612233121756,0,0.04373918061165609,45.90144258511252,7.84104347826087,FALSE,0,FALSE
8183,"Operadores de máquinas de embalaje, embotellamiento y etiquetado",81,Operadores de instalaciones fijas y máquinas,818,"Operadores de máquinas de instalaciones de vidriería, cerámica y operadores de máquinas de vapor y calderas, de embotellamiento, de etiquetado y otros operadores de máquinas e instalaciones",8,"Operadores de instalaciones, máquinas y ensambladores",2022,159,17311,527244.7947058481,44.25815955173012,0.860852466601122,0.9792617410894807,0.004216971867598637,0.016521287042920687,0.4900930044480388,38.78897810640633,11.54537577263012,FALSE,0,FALSE
4419,Otro personal de apoyo administrativo no clasificado previamente,44,Otro personal de apoyo administrativo,441,Otro personal de apoyo administrativo,4,Personal de apoyo administrativo,2022,184,17010,715544.6304587831,43.98587136438874,0.86175537109375,0.9423868312757202,0.03468547912992358,0.0205761316872428,0.5765432098765432,41.15420340975896,14.232060977788365,FALSE,0,FALSE
7318,"Artesanos de los tejidos, el cuero y materiales similares",73,Artesanos y operarios de las artes gráficas,731,"Reparadores de instrumentos de precisión, fabricantes y afinadores de instrumentos musicales, pintores de carteles, pintores decorativos y artesanos",7,Artesanos y operarios de oficios,2022,210,16862,245402.69399046106,30.00982830795365,0.24267583916498636,0.06808207804530898,0.8668603961570395,0.058296761949946624,0.8139010793500178,50.0593049460325,11.370474035254883,FALSE,0,FALSE
8111,Mineros y operadores de instalaciones mineras,81,Operadores de instalaciones fijas y máquinas,811,"Mineros y operadores de instalaciones mineras, perforadores de pozos y operadores de máquinas para fabricar cemento y otros productos minerales",8,"Operadores de instalaciones, máquinas y ensambladores",2022,220,16538,1026276.609235905,50.85258817012372,0.8184748236438822,0.8348651590276938,0.11585439593663079,0.04722457370903374,0.034345144515660904,44.21876889587617,11.410085862861289,FALSE,0,FALSE
3114,Técnicos en electrónica,31,Técnicos de las ciencias y la ingeniería,311,"Técnicos en ciencias físicas, químicas, técnicos en ingeniería y dibujantes técnicos",3,Técnicos y profesionales de nivel medio,2022,139,16457,961420.90395376,44.996597192683964,0.8630977699459197,0.778149115877742,0.2005225739806769,0.02132831014158109,0.027951631524579208,41.83320167709789,14.337392505178583,FALSE,0,FALSE
2246,Fonoaudiólogos,22,Profesionales de la salud,224,"Dentistas, farmacéuticos, kinesiólogos, nutricionistas, fonoaudiólogos y otros profesionales de la salud",2,"Profesionales, científicos e intelectuales",2022,127,16446,979398.0401079358,35.8179705180745,0.7873664937442783,0.7410920588592971,0.23385625684056913,0.02505168430013377,0.8146053751672139,33.151647817098386,17.34512951477563,FALSE,0,FALSE
2230,Veterinarios,22,Profesionales de la salud,223,Veterinarios,2,"Profesionales, científicos e intelectuales",2022,128,16365,1284100.436326581,40.01644245142003,0.7609759080347316,0.7071799572257867,0.21820959364497403,0.07461044912923923,0.6017109685304003,36.23409715857012,17.68458430268152,FALSE,0,FALSE
2413,Analistas financieros,24,Profesionales de negocios y administración,241,"Contadores, asesores y analistas financieros y en inversiones",2,"Profesionales, científicos e intelectuales",2022,58,16315,1596522.4689807976,42.9085504137297,0.963162733680662,0.9812442537542139,0.018755746245786086,0,0.590560833588722,39.70904076003678,16.992215752375113,FALSE,0,FALSE
2519,Otros desarrolladores y analistas de software y multimedia no clasificados previamente,25,Profesionales de tecnología de la información y las comunicaciones,251,"Analistas, desarrolladores y programadores de software, multimedia y aplicaciones",2,"Profesionales, científicos e intelectuales",2022,68,16295,1987496.2509972383,42.83025532969757,0.9429886468241792,0.929057993249463,0.06222767720159558,0.008714329548941394,0.17944154648665234,37.308069960110466,17.00865296103099,FALSE,0,FALSE
7114,Operarios en cemento armado,71,Operarios de la construcción (no incluye electricistas),711,Operarios de la construcción en obra gruesa,7,Artesanos y operarios de oficios,2022,152,15942,516353.3654731458,42.549733513131706,0.7106602213458848,0.8357797014176389,0.1548739179525781,0.009346380629782963,0.009660017563668298,42.9794881445239,10.174446401610467,FALSE,0,FALSE
4226,Recepcionistas (funciones generales),42,Empleados en trato directo con el público,422,Empleados de servicios de información al cliente,4,Personal de apoyo administrativo,2022,133,15762,547624.6018686738,41.372444104720046,0.8261903232024674,0.9490546884913083,0.021951528993782516,0.028993782514909274,0.7093008501459206,38.596561350082474,13.714577613179236,FALSE,0,FALSE
2132,Agrónomos y profesionales del ámbito forestal y pesquero,21,Profesionales de las ciencias y de la ingeniería,213,Profesionales de las ciencias biológicas,2,"Profesionales, científicos e intelectuales",2022,151,15682,1536641.0631261868,43.121701739527005,0.8306719676725542,0.8163499553628364,0.15476342303277643,0.028886621604387194,0.2877821706414998,40.539854610381326,17.38276591652241,FALSE,0,FALSE
9611,Recolectores de basura y material reciclable,96,Recolectores de desechos y otras ocupaciones elementales,961,"Recolectores de basura y material reciclable, clasificadores de desechos y barrenderos de calles y parques",9,Ocupaciones elementales,2022,146,15568,368311.45016223233,38.69860121404064,0.5058937198067632,0.5885791366906474,0.3976104830421377,0.0138103802672148,0.10971223021582734,46.85958376156218,8.382061317677756,FALSE,0,FALSE
2144,Ingenieros mecánicos,21,Profesionales de las ciencias y de la ingeniería,214,Ingenieros (excluyendo ingenieros en electrotecnología),2,"Profesionales, científicos e intelectuales",2022,134,15556,1667975.7935308928,45.74632861376358,0.9058241193108768,0.8201337104654153,0.13808176909231165,0.03747750064283878,0.06640524556441245,37.44722293648753,17.160644910644912,FALSE,0,FALSE
9622,Auxiliares de mantenimiento (pequeñas reparaciones),96,Recolectores de desechos y otras ocupaciones elementales,962,Otras ocupaciones elementales,9,Ocupaciones elementales,2022,158,15540,557713.9251002828,42.8597180807807,0.7001930501930502,0.7437580437580438,0.25566280566280564,5.791505791505791e-4,0.03584298584298584,48.54317889317889,10.993758043758044,FALSE,0,FALSE
3423,Instructores de acondicionamiento físico y actividades recreativas,34,"Técnicos de servicios jurídicos, sociales, deportivos y culturales",342,"Deportistas, entrenadores, árbitros e instructores de actividades deportivas y recreativas",3,Técnicos y profesionales de nivel medio,2022,119,15414,679123.5983019,32.45508508112386,0.48024893547330494,0.5506033476060724,0.43071233943168546,0.018684312962242117,0.44946152848060206,33.928052419878036,15.409303230829117,FALSE,0,FALSE
7515,"Catadores, clasificadores y controladores de calidad de alimentos y bebidas",75,"Operarios de procesamiento de alimentos, de la confección, ebanistas y otros oficios",751,"Operarios de procesamiento, elaboración, conservación, cata y clasificación de alimentos, bebidas y tabaco",7,Artesanos y operarios de oficios,2022,161,15381,558824.8340614382,46.12170664569406,0.8413575374901342,0.9606657564527664,0.026591248943501723,0.012742994603731878,0.5885833170795137,38.25232429620961,11.853260516221312,FALSE,0,FALSE
5321,Trabajadores de los cuidados personales en instituciones,53,Trabajadores de los cuidados personales,532,Trabajadores de los cuidados personales en instituciones y a domicilio,5,Trabajadores de los servicios y vendedores de comercios y mercados,2022,138,14938,504981.97825192095,44.68059480554434,0.6506663040522165,0.8774266970143259,0.08100147275405008,0.038090775204177266,0.6807470879635829,39.634020618556704,13.098440677966101,FALSE,0,FALSE
3434,Chefs,34,"Técnicos de servicios jurídicos, sociales, deportivos y culturales",343,"Fotógrafos, decoradores de interior, técnicos en galerías de arte, museos y bibliotecas, chefs y otros técnicos en actividades culturales y artísticas",3,Técnicos y profesionales de nivel medio,2022,125,14874,737689.1414030262,45.21869512359854,0.8010973936899863,0.8157859351889203,0.11106629017076779,0.07314777464031195,0.3553180045717359,35.97418313836224,14.369709543568465,FALSE,0,FALSE
2245,Dietistas y nutricionistas,22,Profesionales de la salud,224,"Dentistas, farmacéuticos, kinesiólogos, nutricionistas, fonoaudiólogos y otros profesionales de la salud",2,"Profesionales, científicos e intelectuales",2022,115,14868,1034882.97496818,37.61514587212911,0.7673469387755102,0.825531342480495,0.16290018832391714,0.011568469195587839,0.9746435297282755,32.872074253430185,17.093129875461887,FALSE,0,FALSE
5246,Vendedores de comida al mostrador,52,Vendedores,524,Modelos y promotores y otros vendedores no clasificados previamente,5,Trabajadores de los servicios y vendedores de comercios y mercados,2022,131,14766,471052.96579223505,35.60877526108775,0.7668351318125939,0.9281457402140052,0.06961939590952188,0.0016253555465258025,0.6327373696329406,27.75118515508601,13.098909442297073,FALSE,0,FALSE
3422,"Entrenadores, instructores y árbitros de actividades deportivas",34,"Técnicos de servicios jurídicos, sociales, deportivos y culturales",342,"Deportistas, entrenadores, árbitros e instructores de actividades deportivas y recreativas",3,Técnicos y profesionales de nivel medio,2022,111,14647,623918.8436615732,28.249888542131075,0.3480848680064421,0.44172868164129175,0.5042670854099816,0.043285314398853005,0.18140233494913635,35.605857854850825,15.123055841041452,FALSE,0,FALSE
1212,"Directores, gerentes y administradores de recursos humanos",12,Directores y gerentes administrativos y de servicios comerciales,121,"Directores, gerentes y administradores de finanzas, de recursos humanos, políticas empresariales y de servicios administrativos",1,"Directores, gerentes y administradores",2022,107,14561,1723213.4631207148,44.153217498798156,0.9261726529771307,0.9348259048142298,0,0.0651740951857702,0.5462536913673511,39.596868346954196,16.60382324421665,FALSE,0,FALSE
1349,"Directores, gerentes y administradores de otros servicios profesionales no clasificados previamente",13,"Directores, gerentes y administradores de producción y operaciones",134,"Directores, gerentes y administradores de servicios de cuidados a personas, bienestar social, educación, servicios financieros y de otros servicios profesionales",1,"Directores, gerentes y administradores",2022,97,14530,3212463.223209806,42.712507778469195,0.9672119831573135,0.6045423262216104,0.1214728148657949,0.2739848589125946,0.3081899518238128,46.1668960770819,16.951204404679974,FALSE,0,FALSE
5245,Bomberos de gasolineras,52,Vendedores,524,Modelos y promotores y otros vendedores no clasificados previamente,5,Trabajadores de los servicios y vendedores de comercios y mercados,2022,154,14442,480734.7807042454,44.19906109865471,0.9015335507598362,0.9807505885611412,0.00519318653926049,0.014056224899598393,0.1866777454646171,36.6292064810968,11.866985182107742,FALSE,0,FALSE
7319,Artesanos no clasificados previamente,73,Artesanos y operarios de las artes gráficas,731,"Reparadores de instrumentos de precisión, fabricantes y afinadores de instrumentos musicales, pintores de carteles, pintores decorativos y artesanos",7,Artesanos y operarios de oficios,2022,158,13935,301099.28117038525,26.629830210772834,0.16562612127735918,0.05877287405812702,0.9128094725511302,0.015428776462145676,0.7601004664513814,46.15263724434876,12.65324721923215,FALSE,0,FALSE
1311,"Directores, gerentes y administradores de producción y operaciones agropecuarias y de silvicultura",13,"Directores, gerentes y administradores de producción y operaciones",131,"Directores, gerentes y administradores de producción y operaciones agropecuarias, de silvicultura, acuicultura y pesca",1,"Directores, gerentes y administradores",2022,157,13881,2526303.1792055373,43.85848571638393,0.8835098335854765,0.6417405086088899,0.0812621569051221,0.27699733448598807,0.14941286650817664,48.7286218572149,14.123537739363684,FALSE,0,FALSE
4214,Cobradores,42,Empleados en trato directo con el público,421,"Cajeros de bancos y de casas de cambio; receptores de apuestas, prestamistas y cobradores",4,Personal de apoyo administrativo,2022,97,13657,728178.9575541704,41.81452734861244,0.8568804643303211,0.9671230870615801,0.03038734714798272,0,0.7184593981108589,43.399428864318665,14.054916892436113,FALSE,0,FALSE
3513,Técnicos en redes y sistemas de computadores,35,Técnicos de la tecnología de la información y las comunicaciones,351,"Técnicos en operaciones de tecnología de la información, las comunicaciones y asistencia al usuario; técnicos en redes y técnicos de la web",3,Técnicos y profesionales de nivel medio,2022,84,13417,788371.8926734739,41.558150218206876,0.8459417157337706,0.8796303197436088,0.12036968025639115,0,0.1255124096295744,36.3151971379593,14.860624580755758,FALSE,0,FALSE
3257,Inspectores de la salud y técnicos en prevención de riesgos,32,Técnicos de la salud,325,"Técnicos en odontología, ópticos, técnicos en prevención de riesgos y otros técnicos en salud",3,Técnicos y profesionales de nivel medio,2022,117,13193,813071.0694444445,44.3449600250823,0.9273390590560158,0.9377700295611309,0.04214356097930721,0.020086409459561888,0.5268703100128856,35.04851057378913,14.595861647705581,FALSE,0,FALSE
7213,Chapistas y caldereros,72,"Operarios de la metalurgia y operarios de máquinas herramientas; mecánicos de vehículos, maquinarias, aviones y bicicletas",721,"Moldeadores, soldadores, chapistas, caldereros, montadores de estructuras metálicas, aparejadores y empalmadores de cables no eléctricos",7,Artesanos y operarios de oficios,2022,127,13129,486976.6703782674,40.152875285950934,0.4763358778625954,0.4552517328052403,0.5142051946073578,0.027572549318302993,0.007845228120953614,43.86472694036103,10.60069124423963,FALSE,0,FALSE
7127,Mecánicos de instalaciones de refrigeración y aire acondicionado,71,Operarios de la construcción (no incluye electricistas),712,Operarios de la construcción en trabajos de terminación,7,Artesanos y operarios de oficios,2022,94,12945,757293.9027429468,44.75426270918851,0.8930861336423329,0.7801467748165315,0.1679412900733874,0.05191193511008111,0,42.02054847431441,13.201235998455003,FALSE,0,FALSE
2146,Ingenieros en minas y metalúrgicos,21,Profesionales de las ciencias y de la ingeniería,214,Ingenieros (excluyendo ingenieros en electrotecnología),2,"Profesionales, científicos e intelectuales",2022,118,12887,2160510.043812211,46.204670002382656,0.870410195141378,0.8652906029331885,0.10002327927368666,0.03468611779312485,0.1251648948552805,41.97237526189183,17.166148944643567,FALSE,0,FALSE
9122,Limpiadores de vehículos,91,Auxiliares de aseo y trabajadores de casa particular,912,"Limpiadores de ropa, vehículos, ventanas y otros limpiadores manuales",9,Ocupaciones elementales,2022,108,12806,361119.06783606287,41.45448135380759,0.27325907524641396,0.4998438232078713,0.4825081992815868,0.017647977510541934,0.07301265032016242,38.11268155552085,10.384052842651569,FALSE,0,FALSE
3121,Supervisores de minas,31,Técnicos de las ciencias y la ingeniería,312,"Supervisores de minas, de industrias manufactureras y de la construcción",3,Técnicos y profesionales de nivel medio,2022,141,12613,1612336.7577895822,51.47745294353224,0.9594712954853093,0.9310235471339094,0.032585427733291046,0.036391025132799494,0.05224768096408468,42.229921509553634,14.271923536439665,FALSE,0,FALSE
4311,Auxiliares y ayudantes de registros de contabilidad y cálculo de costos,43,Auxiliares y ayudantes de registros contables y encargados del registro de materiales,431,Auxiliares y ayudantes de registros contables y financieros,4,Personal de apoyo administrativo,2022,107,12572,689189.3319914558,43.20919503658924,0.8965691220988901,0.8593700286350621,0.0900413617562838,0.050588609608654155,0.4848870505886096,41.55631562201718,12.875980784627702,FALSE,0,FALSE
1330,"Directores, gerentes y administradores de servicios de tecnología de la información y las comunicaciones",13,"Directores, gerentes y administradores de producción y operaciones",133,"Directores, gerentes y administradores de servicios de tecnología de la información y las comunicaciones",1,"Directores, gerentes y administradores",2022,67,12519,3278188.549884176,45.17621215752057,0.9348989535905424,0.7313683201533668,0.002156721782890007,0.2664749580637431,0.17285725696940651,43.3936416646697,17.231488138030194,FALSE,0,FALSE
2247,Tecnólogos médicos,22,Profesionales de la salud,224,"Dentistas, farmacéuticos, kinesiólogos, nutricionistas, fonoaudiólogos y otros profesionales de la salud",2,"Profesionales, científicos e intelectuales",2022,99,12426,1316399.81948031,42.453889789303076,0.8677140996418105,0.9703042008691454,0.009093835506196685,0.020601963624657976,0.654434250764526,38.943586029293414,17.025511025269594,FALSE,0,FALSE
7132,Barnizadores y pulverizadores de productos manufacturados,71,Operarios de la construcción (no incluye electricistas),713,"Pintores, limpiadores de fachadas y deshollinadores",7,Artesanos y operarios de oficios,2022,114,12410,525651.3871207124,42.83444816053512,0.4965350523771152,0.5319097502014505,0.4412570507655117,0.026833199033037873,0.018533440773569703,43.30201450443191,10.781903680882115,FALSE,0,FALSE
7322,Impresores,73,Artesanos y operarios de las artes gráficas,732,"Tipógrafos, impresores y encuadernadores",7,Artesanos y operarios de oficios,2022,100,12375,549505.5316084736,38.759516156318725,0.5672727272727273,0.49276767676767674,0.45696969696969697,0.050262626262626266,0.3855353535353535,43.30771717171717,12.515636363636364,FALSE,0,FALSE
7223,Reguladores y operarios de máquinas herramientas,72,"Operarios de la metalurgia y operarios de máquinas herramientas; mecánicos de vehículos, maquinarias, aviones y bicicletas",722,Herreros y herramentistas; reguladores y operarios de máquinas herramientas; pulidores de metales y afiladores de herramientas,7,Artesanos y operarios de oficios,2022,91,12038,754602.474248214,44.290293040293044,0.8463408500293402,0.8596943013789666,0.1347399900315667,0.005565708589466689,0.029240737664063796,42.85396245223459,12.353198047778063,FALSE,0,FALSE
3332,Organizadores de conferencias y eventos,33,Técnicos en operaciones financieras y administrativas,333,"Agentes de aduana, organizadores de eventos, agentes de empleo, de bienes raíces y otros agentes de servicios comerciales",3,Técnicos y profesionales de nivel medio,2022,88,12015,1030747.3785799018,34.27721604314122,0.6630878069080316,0.31260923845193506,0.5910944652517687,0.0962962962962963,0.4488555971702039,38.93732833957553,14.972535804549285,FALSE,0,FALSE
5164,Cuidadores de animales,51,Trabajadores de los servicios a las personas,516,Otros trabajadores de servicios a las personas,5,Trabajadores de los servicios y vendedores de comercios y mercados,2022,134,11996,467310.83410772675,35.129420617005266,0.40680672268907564,0.4321440480160053,0.5032510836945648,0.05693564521507169,0.3816272090696899,39.29326442147382,11.266088696232078,FALSE,0,FALSE
2652,"Músicos, cantantes y compositores",26,"Profesionales en derecho, ciencias sociales y culturales",265,"Artistas, actores y locutores de medios de comunicación",2,"Profesionales, científicos e intelectuales",2022,73,11799,680931.4375682563,29.92571950662403,0.40918721925586915,0.14967370116111534,0.819052462073057,0.031273836765827616,0.11967115857276041,35.679718620222054,14.546962736089842,FALSE,0,FALSE
6114,Agricultores y trabajadores calificados de cultivos mixtos,61,Agricultores y trabajadores calificados de explotaciones agropecuarias cuya producción se destina al mercado,611,"Agricultores y trabajadores calificados de cultivos extensivos, plantaciones de árboles y arbustos, huertas, invernaderos, viveros y jardines y de cultivos mixtos",6,"Agricultores y trabajadores calificados agropecuarios, forestales y pesqueros",2022,192,11742,505836.5926803581,41.4123556887283,0.3830603889457523,0.34951456310679613,0.6042411854879918,0.04624425140521206,0.21512519161982627,51.60747743144268,8.780110968843363,FALSE,0,FALSE
2222,Profesionales de matronería,22,Profesionales de la salud,222,Profesionales de enfermería y matronería,2,"Profesionales, científicos e intelectuales",2022,92,11523,1417484.2264167317,42.680681119985955,0.7882975859283855,0.9590384448494316,0.04096155515056843,0,0.94706239694524,38.96927883363708,17.18519482773583,FALSE,0,FALSE
2242,Químicos farmacéuticos,22,Profesionales de la salud,224,"Dentistas, farmacéuticos, kinesiólogos, nutricionistas, fonoaudiólogos y otros profesionales de la salud",2,"Profesionales, científicos e intelectuales",2022,66,11435,1910899.1641451684,44.317358985570614,0.9145093852860066,0.9402710975076519,0.04285089637079143,0.016878006121556623,0.4406646261477919,39.5146480104941,18.00725841714036,FALSE,0,FALSE
1221,"Directores, gerentes y administradores de comercialización",12,Directores y gerentes administrativos y de servicios comerciales,122,"Directores, gerentes y administradores de comercialización, publicidad, relaciones públicas e investigación y desarrollo",1,"Directores, gerentes y administradores",2022,57,11387,3988460.1940809693,43.51102134012471,0.9043646263282691,0.912531834548169,0,0.08746816545183103,0.21261087204707121,41.98691490295951,17.184859927988057,FALSE,0,FALSE
3341,Supervisores de oficina,33,Técnicos en operaciones financieras y administrativas,334,"Supervisores de oficina, secretarios administrativos y especializados",3,Técnicos y profesionales de nivel medio,2022,71,11269,864583.9638727028,45.61114562072944,0.8691099476439791,0.9702724287869376,0.002928387612033011,0.026799183601029373,0.5320791552045434,38.269677877362675,14.62000901306895,FALSE,0,FALSE
3411,Técnicos de los servicios jurídicos,34,"Técnicos de servicios jurídicos, sociales, deportivos y culturales",341,"Técnicos de los servicios jurídicos, sociales y religiosos",3,Técnicos y profesionales de nivel medio,2022,105,10802,1048549.5422147588,40.50260029717682,0.8573412331049806,0.9250138863173486,0.04175152749490835,0.03323458618774301,0.5643399370486947,40.20264765784114,15.355397148676172,FALSE,0,FALSE
2632,"Sociólogos, antropólogos, geógrafos y arqueólogos",26,"Profesionales en derecho, ciencias sociales y culturales",263,"Economistas, especialistas en ciencias sociales, humanidades, ciencias políticas y teología",2,"Profesionales, científicos e intelectuales",2022,72,10796,1474502.9654488813,39.3064787154593,0.665521722985518,0.8278065950351983,0.1607076695072249,0.01148573545757688,0.56493145609485,35.669229344201554,18.1071693219711,FALSE,0,FALSE
8153,Operadores de máquinas de coser,81,Operadores de instalaciones fijas y máquinas,815,"Operadores de máquinas para fabricar productos textiles, artículos de piel y cuero y operadores de máquinas de lavanderías",8,"Operadores de instalaciones, máquinas y ensambladores",2022,81,10696,279465.7456191026,37.60495105421687,0.48513462976813765,0.32301795063575167,0.6537023186237846,0.023279730740463724,0.7735602094240838,50.966342557965596,10.120683075748904,FALSE,0,FALSE
0310,Otros miembros de las Fuerzas Armadas,03,Otros miembros de las Fuerzas Armadas,031,Otros miembros de las Fuerzas Armadas,0,Ocupaciones de las fuerzas armadas,2022,123,10504,1268479.0508377762,47.77522071223093,0.8358738375994631,1,0,0,0.04217440974866717,36.45830159939071,13.682677469135802,FALSE,0,FALSE
5413,Gendarmes,54,Personal de los servicios de protección y seguridad,541,Personal de los servicios de protección y seguridad,5,Trabajadores de los servicios y vendedores de comercios y mercados,2022,106,10337,1002182.9727193577,47.499457218987466,0.8950691521346963,1,0,0,0.2502660346328722,34.017606655702814,13.878397987810777,FALSE,0,FALSE
7317,"Artesanos en madera, cestería y materiales similares",73,Artesanos y operarios de las artes gráficas,731,"Reparadores de instrumentos de precisión, fabricantes y afinadores de instrumentos musicales, pintores de carteles, pintores decorativos y artesanos",7,Artesanos y operarios de oficios,2022,120,10322,326006.1965138226,32.0996927955604,0.13282309629916683,0.028192210811858166,0.9100949428405348,0.05560937802751405,0.2613834528192211,51.58399534973842,10.349932183685333,FALSE,0,FALSE
8350,Tripulantes de cubierta de barco,83,Conductores de vehículos y operadores de equipos pesados y móviles,835,Tripulantes de cubierta de barco,8,"Operadores de instalaciones, máquinas y ensambladores",2022,144,10024,904256.7172785315,47.801759410801964,0.8298084596967279,0.9019353551476457,0.06883479648842777,0.029229848363926576,0.03112529928172386,46.87799281723863,11.792044310171198,FALSE,0,FALSE
5151,"Supervisores de mantenimiento y limpieza en oficinas, hoteles y otros establecimientos",51,Trabajadores de los servicios a las personas,515,"Supervisores de mantenimiento y limpieza, mayordomos domésticos y conserjes",5,Trabajadores de los servicios y vendedores de comercios y mercados,2022,87,9846,736410.0322680413,45.8131220800325,0.9624212878326224,0.9671947999187487,0.0075157424334755234,0.025289457647775748,0.5281332520820637,47.0036563071298,12.774807987711213,FALSE,0,FALSE
5132,Bármanes,51,Trabajadores de los servicios a las personas,513,Garzones de mesa y bármanes,5,Trabajadores de los servicios y vendedores de comercios y mercados,2022,80,9799,569185.5386252394,37.76385345443413,0.7299210175402605,0.9305031125625064,0.06949688743749362,0,0.39555056638432495,29.806510868455966,13.859067251760385,FALSE,0,FALSE
3511,Técnicos en operaciones de tecnología de la información y las comunicaciones,35,Técnicos de la tecnología de la información y las comunicaciones,351,"Técnicos en operaciones de tecnología de la información, las comunicaciones y asistencia al usuario; técnicos en redes y técnicos de la web",3,Técnicos y profesionales de nivel medio,2022,63,9763,852226.0653890702,40.796066782751204,0.860083990576667,0.9200040971013008,0.06309536003277681,0.01690054286592236,0.08296630134180068,34.45908020075797,14.475980743623886,FALSE,0,FALSE
3311,Agentes de bolsa y otros servicios financieros,33,Técnicos en operaciones financieras y administrativas,331,"Agentes de bolsas, ejecutivos de créditos, asistentes contables y otros técnicos en finanzas y matemáticas",3,Técnicos y profesionales de nivel medio,2022,63,9723,1682414.4407269724,45.02170112105317,0.9036850921273032,0.8578627995474648,0.10788851177620076,0.03424868867633447,0.6051630155301861,41.624087215879875,15.564331996297438,FALSE,0,FALSE
3331,Agentes de aduana,33,Técnicos en operaciones financieras y administrativas,333,"Agentes de aduana, organizadores de eventos, agentes de empleo, de bienes raíces y otros agentes de servicios comerciales",3,Técnicos y profesionales de nivel medio,2022,81,9615,1015760.4898270047,43.74965785872197,0.935690979896853,0.8752990119604784,0.05949037961518461,0.04950598023920957,0.39739989599583986,43.37628705148206,15.103796151846074,FALSE,0,FALSE
2433,Profesionales de ventas técnicas y médicas (excluyendo las TIC),24,Profesionales de negocios y administración,243,"Profesionales de la publicidad, relaciones públicas y de las ventas técnicas, médicas y de tecnología de la información y las comunicaciones",2,"Profesionales, científicos e intelectuales",2022,52,9428,1633312.787017395,43.05960967331353,0.9385871871022486,0.9694526941026729,0.030547305897327112,0,0.43095036062791686,43.59291472210437,16.142341960118795,FALSE,0,FALSE
4224,Recepcionistas de hoteles,42,Empleados en trato directo con el público,422,Empleados de servicios de información al cliente,4,Personal de apoyo administrativo,2022,96,9324,579425.2082471984,43.91028225806452,0.719265449747086,0.8620763620763621,0.11411411411411411,0.023809523809523808,0.47136422136422135,38.11700986700987,14.330622424636738,FALSE,0,FALSE
1112,Personal directivo de la administración pública,11,"Miembros del Poder Ejecutivo y Legislativo, personal directivo de la administración pública y de otras organizaciones sociales y/o políticas, directores ejecutivos y gerentes generales",111,"Miembros del poder ejecutivo y legislativo, personal directivo de la administración pública y de otras organizaciones sociales y/o políticas",1,"Directores, gerentes y administradores",2022,92,9272,2220443.4098360655,44.16335135135135,0.8697129081744467,0.9883520276100086,0,0.011647972389991372,0.4424072476272649,45.728753235547885,17.264452113891284,FALSE,0,FALSE
2248,Terapeutas ocupacionales,22,Profesionales de la salud,224,"Dentistas, farmacéuticos, kinesiólogos, nutricionistas, fonoaudiólogos y otros profesionales de la salud",2,"Profesionales, científicos e intelectuales",2022,81,9204,991057.1729129264,37.33018252933507,0.7017601043024772,0.8405041286397219,0.13591916558018252,0.02357670578009561,0.8504997827031725,32.17079530638853,16.98935245545415,FALSE,0,FALSE
1342,"Directores, gerentes y administradores de servicios de salud",13,"Directores, gerentes y administradores de producción y operaciones",134,"Directores, gerentes y administradores de servicios de cuidados a personas, bienestar social, educación, servicios financieros y de otros servicios profesionales",1,"Directores, gerentes y administradores",2022,69,9084,2335645.5316297556,44.94969176574197,0.9139226519337017,0.892998678996037,0.027300748568912372,0.07970057243505063,0.6549977983267283,44.8202333773668,17.110525725815492,FALSE,0,FALSE
7541,Buzos,75,"Operarios de procesamiento de alimentos, de la confección, ebanistas y otros oficios",754,"Buzos, dinamiteros, clasificadores, probadores e inspectores de calidad de productos no comestibles, fumigadores y otros oficios",7,Artesanos y operarios de oficios,2022,137,9059,789264.002870074,34.39932546374368,0.3790705375869301,0.4050115906832984,0.5332818191853406,0.06170659013136108,0.020863229937079147,44.56176178386136,9.649630202009051,FALSE,0,FALSE
3522,Técnicos de ingeniería de las telecomunicaciones,35,Técnicos de la tecnología de la información y las comunicaciones,352,"Técnicos en radiodifusión, grabación audiovisual y técnicos de las telecomunicaciones",3,Técnicos y profesionales de nivel medio,2022,45,8754,831696.5744802376,43.0798492117889,0.8627726952850105,0.9568197395476353,0.04318026045236463,0,0.030843043180260453,34.6128626913411,14.7653644048435,FALSE,0,FALSE
8131,Operadores de plantas y máquinas para fabricar productos químicos,81,Operadores de instalaciones fijas y máquinas,813,Operadores de instalaciones y máquinas para fabricar productos químicos y fotográficos,8,"Operadores de instalaciones, máquinas y ensambladores",2022,63,8728,676393.4939475849,45.37695788374521,0.8460378234133891,0.9767415215398717,0.023258478460128323,0,0.23075160403299724,42.339596700274974,12.43583868010999,FALSE,0,FALSE
2529,Otros especialistas en bases de datos y en redes de computadores no clasificados previamente,25,Profesionales de tecnología de la información y las comunicaciones,252,"Diseñadores y administradores de bases de datos, administradores de sistemas y profesionales en redes de computadores",2,"Profesionales, científicos e intelectuales",2022,37,8481,1795840.1643674094,44.938214833156465,0.9615796360176043,0.9871477420115552,0.012852257988444759,0,0.046456785756396654,36.081122509138076,17.39841999764179,FALSE,0,FALSE
3512,Técnicos en asistencia al usuario de tecnología de la información y las comunicaciones,35,Técnicos de la tecnología de la información y las comunicaciones,351,"Técnicos en operaciones de tecnología de la información, las comunicaciones y asistencia al usuario; técnicos en redes y técnicos de la web",3,Técnicos y profesionales de nivel medio,2022,39,8480,865131.7231132075,44.97204405179717,0.9280636221231474,0.972995283018868,0.027004716981132076,0,0.12429245283018868,33.87311320754717,14.557121096725057,FALSE,0,FALSE
2513,Desarrolladores web y multimedia,25,Profesionales de tecnología de la información y las comunicaciones,251,"Analistas, desarrolladores y programadores de software, multimedia y aplicaciones",2,"Profesionales, científicos e intelectuales",2022,45,8437,1379068.4060068093,39.72560316888729,0.827426810477658,0.6789143060329501,0.2892023231006282,0.03188337086642171,0.20552329026905297,33.55671447196871,16.440796491643948,FALSE,0,FALSE
2145,Ingenieros químicos,21,Profesionales de las ciencias y de la ingeniería,214,Ingenieros (excluyendo ingenieros en electrotecnología),2,"Profesionales, científicos e intelectuales",2022,58,8413,1647015.3540940243,44.44954237489599,0.917286022536562,0.9320099845477238,0.02757636990372043,0.04041364554855581,0.5355996671817426,41.2975157494354,17.73308496574931,FALSE,0,FALSE
8142,Operadores de máquinas para fabricar productos de material plástico,81,Operadores de instalaciones fijas y máquinas,814,"Operadores de máquinas para fabricar productos de caucho, de material plástico y de papel",8,"Operadores de instalaciones, máquinas y ensambladores",2022,49,8280,624259.9009730263,43.8277587890625,0.9491545893719807,0.990096618357488,0,0.009903381642512078,0.12198067632850242,44.08792270531401,11.36399361414712,FALSE,0,FALSE
2651,Artistas de artes plásticas,26,"Profesionales en derecho, ciencias sociales y culturales",265,"Artistas, actores y locutores de medios de comunicación",2,"Profesionales, científicos e intelectuales",2022,64,8225,549371.7167107277,27.074499629355078,0.2640729483282675,0.1366565349544073,0.8509422492401216,0.012401215805471124,0.5858966565349544,42.512462006079026,14.522796352583587,FALSE,0,FALSE
5152,"Amas de llaves, mayordomos domésticos y dueños/administradores de pequeños establecimientos de alojamiento",51,Trabajadores de los servicios a las personas,515,"Supervisores de mantenimiento y limpieza, mayordomos domésticos y conserjes",5,Trabajadores de los servicios y vendedores de comercios y mercados,2022,107,8224,653535.2983798954,43.760273122284296,0.5258998054474708,0.5295476653696498,0.272738326848249,0.17643482490272375,0.3421692607003891,53.37475680933852,12.640300375469337,FALSE,0,FALSE
7421,Mecánicos y reparadores en electrónica,74,Trabajadores especializados en electricidad y electrónica,742,Instaladores y reparadores de equipos electrónicos y de telecomunicaciones,7,Artesanos y operarios de oficios,2022,62,8191,539156.5487730436,38.50946160419973,0.5813697961176901,0.49835184959101453,0.4308387254303504,0.07080942497863509,0,47.33194970089122,11.635917566241414,FALSE,0,FALSE
2412,Asesores financieros y en inversiones,24,Profesionales de negocios y administración,241,"Contadores, asesores y analistas financieros y en inversiones",2,"Profesionales, científicos e intelectuales",2022,54,8188,2443893.5817765915,39.3124084025403,0.8466642093623296,0.7771128480703469,0.19223253541768442,0.030654616511968734,0.4551783097215437,43.3971665852467,16.7009460621698,FALSE,0,FALSE
7123,"Yeseros, estucadores y revocadores",71,Operarios de la construcción (no incluye electricistas),712,Operarios de la construcción en trabajos de terminación,7,Artesanos y operarios de oficios,2022,64,8125,577816.9219297108,45.30166153846154,0.6924307692307692,0.7766153846153846,0.1712,0.052184615384615385,0,41.929723076923075,9.817704330002561,FALSE,0,FALSE
2432,Profesionales de las relaciones públicas,24,Profesionales de negocios y administración,243,"Profesionales de la publicidad, relaciones públicas y de las ventas técnicas, médicas y de tecnología de la información y las comunicaciones",2,"Profesionales, científicos e intelectuales",2022,46,8123,1080037.6906210394,42.730641388649516,0.84402314415856206,0.8608888341745661,0.0935614920595839,0.04308752923796627,0.6442201157207929,32.80179736550536,16.32327957651114,FALSE,0,FALSE
3111,Técnicos en ciencias físicas y químicas,31,Técnicos de las ciencias y la ingeniería,311,"Técnicos en ciencias físicas, químicas, técnicos en ingeniería y dibujantes técnicos",3,Técnicos y profesionales de nivel medio,2022,61,8002,933322.1567671584,45.03171618402909,0.950012496875781,0.9738815296175956,0.026118470382404398,0,0.3586603349162709,40.08910272431892,13.833522512296632,FALSE,0,FALSE
2514,Programadores de aplicaciones,25,Profesionales de tecnología de la información y las comunicaciones,251,"Analistas, desarrolladores y programadores de software, multimedia y aplicaciones",2,"Profesionales, científicos e intelectuales",2022,41,7965,1763546.6241054614,44.68311362209667,0.9643581938102486,0.9753923414940364,0.02460765850596359,0,0.12504708097928438,33.347771500313875,15.559573132454489,FALSE,0,FALSE
3359,Agentes de la administración pública para la aplicación de la ley no clasificados previamente,33,Técnicos en operaciones financieras y administrativas,335,Agentes de la administración pública para la aplicación de la ley,3,Técnicos y profesionales de nivel medio,2022,80,7930,1374096.6170212766,46.017581857561474,0.87501592559561725,0.9926860025220681,0.0018915510718789407,0.005422446406052964,0.35182849936948296,46.665573770491804,15.538723941882502,FALSE,0,FALSE
3431,Fotógrafos,34,"Técnicos de servicios jurídicos, sociales, deportivos y culturales",343,"Fotógrafos, decoradores de interior, técnicos en galerías de arte, museos y bibliotecas, chefs y otros técnicos en actividades culturales y artísticas",3,Técnicos y profesionales de nivel medio,2022,56,7925,1106145.8191674475,29.964435946462714,0.5326543602800764,0.30094637223974763,0.6634700315457414,0.03558359621451104,0.2570347003154574,38.354195583596216,15.522523659305994,FALSE,0,FALSE
2153,Ingenieros en telecomunicaciones,21,Profesionales de las ciencias y de la ingeniería,215,Ingenieros en electrotecnología,2,"Profesionales, científicos e intelectuales",2022,32,7741,2266171.413900013,46.525749933634195,0.8958790853894846,0.8980751840847436,0,0.10192481591525643,0.1690995995349438,38.41183309649916,16.734788786978427,FALSE,0,FALSE
3118,Delineantes y dibujantes técnicos,31,Técnicos de las ciencias y la ingeniería,311,"Técnicos en ciencias físicas, químicas, técnicos en ingeniería y dibujantes técnicos",3,Técnicos y profesionales de nivel medio,2022,58,7672,918641.7696546164,40.8479694092827,0.8154327424400417,0.7803701772679875,0.2063347236704901,0.013295099061522419,0.2961418143899896,38.950469238790404,14.783711257211861,FALSE,0,FALSE
3142,Técnicos agropecuarios (incluyendo acuícolas),31,Técnicos de las ciencias y la ingeniería,314,"Técnicos en ciencias biológicas (excluyendo la medicina), agropecuarias, acuícolas y forestales",3,Técnicos y profesionales de nivel medio,2022,108,7672,755358.7690552871,42.96942658443774,0.7345564941921858,0.9193169968717414,0.05578727841501564,0.014728884254431699,0.2511730969760167,40.93769551616267,13.525547445255475,FALSE,0,FALSE
8157,Operadores de máquinas de lavanderías,81,Operadores de instalaciones fijas y máquinas,815,"Operadores de máquinas para fabricar productos textiles, artículos de piel y cuero y operadores de máquinas de lavanderías",8,"Operadores de instalaciones, máquinas y ensambladores",2022,76,7533,438543.9861431871,41.35218372494358,0.8275587415372362,0.803796628169388,0.1695207752555423,0.026682596575069693,0.5948493296163547,41.80724810832338,12.524093986459578,FALSE,0,FALSE
8113,Perforadores y sondistas de pozos,81,Operadores de instalaciones fijas y máquinas,811,"Mineros y operadores de instalaciones mineras, perforadores de pozos y operadores de máquinas para fabricar cemento y otros productos minerales",8,"Operadores de instalaciones, máquinas y ensambladores",2022,106,7518,955120.5206032858,54.87306629834254,0.9561710137133638,0.8917265230114392,0.1020218143123171,0.0062516626762436816,0.006118648576749135,42.830806065442935,11.740755520085129,FALSE,0,FALSE
3132,Operadores de incineradores y de instalaciones de tratamiento de agua,31,Técnicos de las ciencias y la ingeniería,313,"Técnicos en control de procesos en instalaciones de producción de energía, agua, productos químicos, gas natural y metales",3,Técnicos y profesionales de nivel medio,2022,93,7482,616769.3018739815,42.79218665219751,0.89641807003475,0.9493450948944132,0.006148088746324512,0.04450681635926223,0.042502004811547714,43.74284950547982,11.574861617388956,FALSE,0,FALSE
4412,Carteros y empleados de servicios de correos y encomiendas,44,Otro personal de apoyo administrativo,441,Otro personal de apoyo administrativo,4,Personal de apoyo administrativo,2022,65,7480,681590.736437247,45.06369514376118,0.8844919786096257,0.9609625668449198,0.02540106951871658,0.013636363636363636,0.17299465240641712,42.927005347593585,12.636363636363637,FALSE,0,FALSE
1346,"Directores, gerentes y administradores de servicios financieros",13,"Directores, gerentes y administradores de producción y operaciones",134,"Directores, gerentes y administradores de servicios de cuidados a personas, bienestar social, educación, servicios financieros y de otros servicios profesionales",1,"Directores, gerentes y administradores",2022,42,7356,3356660.571914084,43.70364328439369,1,0.9858618814573138,0,0.014138118542686243,0.4711799891245242,44.52718868950517,17.460440456769984,FALSE,0,FALSE
7543,"Clasificadores, probadores de productos e inspectores de calidad (excluyendo alimentos y bebidas)",75,"Operarios de procesamiento de alimentos, de la confección, ebanistas y otros oficios",754,"Buzos, dinamiteros, clasificadores, probadores e inspectores de calidad de productos no comestibles, fumigadores y otros oficios",7,Artesanos y operarios de oficios,2022,55,7182,665695.0922966163,43.29782790309106,0.8264404878732651,0.9568365357839042,0.04316346421609579,0,0.43107769423558895,41.67460317460318,12.738095238095237,FALSE,0,FALSE
7313,"Joyeros, orfebres y plateros",73,Artesanos y operarios de las artes gráficas,731,"Reparadores de instrumentos de precisión, fabricantes y afinadores de instrumentos musicales, pintores de carteles, pintores decorativos y artesanos",7,Artesanos y operarios de oficios,2022,52,7144,298720.772542766,29.794221781617335,0.1853303471444569,0.0356942889137738,0.9354703247480403,0.02883538633818589,0.6483762597984323,49.41643337066069,13.204507278835386,FALSE,0,FALSE
4221,Empleados de agencias de viajes,42,Empleados en trato directo con el público,422,Empleados de servicios de información al cliente,4,Personal de apoyo administrativo,2022,49,7116,999206.1853569421,42.21233839235526,0.8524451939291737,0.8181562675660483,0.07743114109050028,0.10441259134345138,0.6854974704890388,38.44856661045531,14.57265317594154,FALSE,0,FALSE
3435,Tatuadores,34,"Técnicos de servicios jurídicos, sociales, deportivos y culturales",343,"Fotógrafos, decoradores de interior, técnicos en galerías de arte, museos y bibliotecas, chefs y otros técnicos en actividades culturales y artísticas",3,Técnicos y profesionales de nivel medio,2022,46,7055,592618.1168771173,34.22738970588235,0.3621545003543586,0.0368532955350815,0.8830616583982991,0.08008504606661943,0.15308291991495393,31.016158752657688,13.887739192062368,FALSE,0,FALSE
2163,Diseñadores de productos y de vestuario,21,Profesionales de las ciencias y de la ingeniería,216,"Arquitectos, diseñadores, urbanistas, cartógrafos y agrimensores",2,"Profesionales, científicos e intelectuales",2022,55,6973,892237.0417663,38.35681717899691,0.6581098522873943,0.40312634447153306,0.5255987379893876,0.0712749175390793,0.8056790477556288,40.233615373583824,15.908504230603757,FALSE,0,FALSE
7222,Herramentistas,72,"Operarios de la metalurgia y operarios de máquinas herramientas; mecánicos de vehículos, maquinarias, aviones y bicicletas",722,Herreros y herramentistas; reguladores y operarios de máquinas herramientas; pulidores de metales y afiladores de herramientas,7,Artesanos y operarios de oficios,2022,41,6895,793641.5895278167,42.49238578680203,0.6230601885424221,0.3875271936185642,0.4852791878172589,0.12719361856417694,0.022189992748368383,44.257577955039885,11.815663524292965,FALSE,0,FALSE
7544,Fumigadores y otros controladores de plagas y malezas,75,"Operarios de procesamiento de alimentos, de la confección, ebanistas y otros oficios",754,"Buzos, dinamiteros, clasificadores, probadores e inspectores de calidad de productos no comestibles, fumigadores y otros oficios",7,Artesanos y operarios de oficios,2022,75,6854,594612.2169713181,42.320248852021926,0.8420342034203421,0.8240443536620952,0.15728042019258828,0.018675226145316602,0.05339947475926466,44.78611030055442,11.06609279252991,FALSE,0,FALSE
0210,Suboficiales de las Fuerzas Armadas,02,Suboficiales de las Fuerzas Armadas,021,Suboficiales de las Fuerzas Armadas,0,Ocupaciones de las fuerzas armadas,2022,85,6842,1115892.0403356396,48.098368019164546,0.9745550816296514,1,0,0,0.08433206664717918,35.6597486115171,14.343905290850628,FALSE,0,FALSE
2143,Ingenieros medioambientales,21,Profesionales de las ciencias y de la ingeniería,214,Ingenieros (excluyendo ingenieros en electrotecnología),2,"Profesionales, científicos e intelectuales",2022,48,6796,1666210.271239283,40.7160094173043,0.8880223660977046,0.935256032960565,0.06474396703943497,0,0.39773396115361975,34.81091818716892,17.780753384343733,FALSE,0,FALSE
8112,Operadores de instalaciones de procesamiento de minerales y rocas,81,Operadores de instalaciones fijas y máquinas,811,"Mineros y operadores de instalaciones mineras, perforadores de pozos y operadores de máquinas para fabricar cemento y otros productos minerales",8,"Operadores de instalaciones, máquinas y ensambladores",2022,85,6782,1036260.9511943379,51.85373046299027,0.9077698695136418,0.9149218519610735,0.05927455028015335,0.025803597758773222,0.08596284281922736,39.8302860513123,12.71040990858154,FALSE,0,FALSE
3412,Técnicos en trabajo social,34,"Técnicos de servicios jurídicos, sociales, deportivos y culturales",341,"Técnicos de los servicios jurídicos, sociales y religiosos",3,Técnicos y profesionales de nivel medio,2022,76,6621,707455.9978746015,39.85440265820873,0.6100868505256742,0.8673916326838846,0.12203594623168705,0.010572421084428334,0.7674067361425766,38.04878417157529,14.982026884156472,FALSE,0,FALSE
7413,Instaladores y reparadores de líneas eléctricas,74,Trabajadores especializados en electricidad y electrónica,741,"Electricistas, instaladores y reparadores de equipos y líneas eléctricas",7,Artesanos y operarios de oficios,2022,60,6596,886386.8900828983,45.594850317977354,0.8889569612498085,0.9475439660400242,0.052456033959975744,0,0.009702850212249849,36.90130382049727,12.268971848225215,FALSE,0,FALSE
9629,Otras ocupaciones elementales no clasificadas previamente,96,Recolectores de desechos y otras ocupaciones elementales,962,Otras ocupaciones elementales,9,Ocupaciones elementales,2022,67,6463,434243.0706233422,36.43976186746044,0.6588271700448708,0.7139099489401207,0.28609005105987934,0,0.27928206715147763,40.36995203465883,11.387629839471199,FALSE,0,FALSE
5242,Promotores de tiendas,52,Vendedores,524,Modelos y promotores y otros vendedores no clasificados previamente,5,Trabajadores de los servicios y vendedores de comercios y mercados,2022,61,6452,458202.0043565684,34.87341772151899,0.8916615003099814,0.9235895846249225,0.03859268443893366,0.03781773093614383,0.6032238065716057,35.95675759454433,13.597799132052076,FALSE,0,FALSE
7215,Aparejadores y empalmadores de cables no eléctricos,72,"Operarios de la metalurgia y operarios de máquinas herramientas; mecánicos de vehículos, maquinarias, aviones y bicicletas",721,"Moldeadores, soldadores, chapistas, caldereros, montadores de estructuras metálicas, aparejadores y empalmadores de cables no eléctricos",7,Artesanos y operarios de oficios,2022,71,6397,754032.3418747972,45.52351445821417,0.8735344692824761,0.978583711114585,0.02141628888541504,0,0.021885258715022667,37.799280912927934,11.616431850561975,FALSE,0,FALSE
3333,Agentes de empleo y contratistas de personal,33,Técnicos en operaciones financieras y administrativas,333,"Agentes de aduana, organizadores de eventos, agentes de empleo, de bienes raíces y otros agentes de servicios comerciales",3,Técnicos y profesionales de nivel medio,2022,47,6391,1094297.3256141448,43.73343974461293,0.8790486621811923,0.6293224847441715,0.11969957753090284,0.25097793772492566,0.39555625097793773,39.97778125488969,14.341104678454077,FALSE,0,FALSE
9311,Obreros de la minería,93,"Obreros de la minería, la construcción, la industria manufacturera y el transporte",931,Obreros de la minería y la construcción,9,Ocupaciones elementales,2022,89,6151,665696.6446171656,52.90979381443299,0.8310822362797059,0.8792066330677939,0.11087628027962933,0.009917086652576818,0.022435376361567224,38.74394407413429,10.976589172492277,FALSE,0,FALSE
9214,Ayudantes de jardinería y horticultura,92,"Obreros agropecuarios, pesqueros y forestales",921,"Obreros agropecuarios, de jardinería y horticultura, forestales y pesqueros",9,Ocupaciones elementales,2022,80,6107,320249.20763058786,35.00538811247685,0.5529353562005277,0.6738169313902079,0.31684951694776486,0.009333551662027182,0.3721958408383822,48.620271819223845,7.995578843949566,FALSE,0,FALSE
4211,Cajeros de bancos y de oficinas de correo,42,Empleados en trato directo con el público,421,"Cajeros de bancos y de casas de cambio; receptores de apuestas, prestamistas y cobradores",4,Personal de apoyo administrativo,2022,64,6094,646548.7956738769,43.40252707581227,0.9622199933132731,0.9852313751230719,0,0.014768624876928127,0.6388250738431244,40.548080078766,14.038562520511979,FALSE,0,FALSE
2131,"Biólogos, botánicos, zoólogos, genetistas y farmacólogos",21,Profesionales de las ciencias y de la ingeniería,213,Profesionales de las ciencias biológicas,2,"Profesionales, científicos e intelectuales",2022,46,6028,1524209.809555408,40.64609550077573,0.7404357522731172,0.8019243530192436,0.19807564698075647,0,0.6843065693430657,35.66390179163902,17.846962408694104,FALSE,0,FALSE
1322,"Directores, gerentes y administradores de explotaciones mineras",13,"Directores, gerentes y administradores de producción y operaciones",132,"Directores, gerentes y administradores de producción y operaciones de industrias manufactureras, de minería, de construcción, de almacenamiento y distribución",1,"Directores, gerentes y administradores",2022,44,5953,3949906.898874517,45.984209642197214,0.9352274649078302,0.7500419956324542,0.03628422644045019,0.21367377792709558,0.17940534184444817,44.7723836720981,15.764152528137073,FALSE,0,FALSE
9612,Clasificadores de desechos,96,Recolectores de desechos y otras ocupaciones elementales,961,"Recolectores de basura y material reciclable, clasificadores de desechos y barrenderos de calles y parques",9,Ocupaciones elementales,2022,56,5924,270174.69024558977,24.186529372045914,0.2562457798784605,0.26198514517218097,0.7096556380823767,0.022957461174881837,0.22180958811613774,49.87997974341661,8.394496961512491,FALSE,0,FALSE
3355,Inspectores y detectives de la Policía de Investigaciones (PDI),33,Técnicos en operaciones financieras y administrativas,335,Agentes de la administración pública para la aplicación de la ley,3,Técnicos y profesionales de nivel medio,2022,44,5921,1832259.7682823848,46.54196926194899,0.83262962337443,1,0,0,0.2536733659854754,37.94831954061814,15.863093205872312,FALSE,0,FALSE
6130,Productores y trabajadores calificados de explotaciones agropecuarias mixtas,61,Agricultores y trabajadores calificados de explotaciones agropecuarias cuya producción se destina al mercado,613,Productores y trabajadores calificados de explotaciones agropecuarias mixtas,6,"Agricultores y trabajadores calificados agropecuarios, forestales y pesqueros",2022,114,5763,894957.3743636364,42.108163646553336,0.273815720978657,0.19798715946555615,0.7157730348776679,0.032101336109665105,0.12961998958875587,53.95245531841055,9.384696569920845,FALSE,0,FALSE
3612,Técnicos en educación diferencial,36,Técnicos en educación,361,Técnicos en educación,3,Técnicos y profesionales de nivel medio,2022,70,5707,441725.0146480886,41.29314876467496,0.9462064131768004,0.9749430523917996,0.025056947608200455,0,0.9872086910811284,32.02558261783774,14.823049645390071,FALSE,0,FALSE
3255,Técnicos y asistentes fisioterapeutas,32,Técnicos de la salud,325,"Técnicos en odontología, ópticos, técnicos en prevención de riesgos y otros técnicos en salud",3,Técnicos y profesionales de nivel medio,2022,50,5693,487024.7044404973,21.547642533043994,0.48146847005093973,0.33286492183383104,0.6376251536975233,0.018443702792903565,0.8208326014403654,39.96118039697875,14.066397330054453,FALSE,0,FALSE
8141,Operadores de máquinas para fabricar productos de caucho,81,Operadores de instalaciones fijas y máquinas,814,"Operadores de máquinas para fabricar productos de caucho, de material plástico y de papel",8,"Operadores de instalaciones, máquinas y ensambladores",2022,61,5594,632264.947027027,46.03324991061852,0.6986056489095459,0.6590990346800143,0.2491955666785842,0.0917053986414015,0.010368251698248123,42.465677511619596,10.648015731140507,FALSE,0,FALSE
9623,Recolectores de dinero en máquinas expendedoras de venta automática y lectores de medidores,96,Recolectores de desechos y otras ocupaciones elementales,962,Otras ocupaciones elementales,9,Ocupaciones elementales,2022,64,5560,507026.952795261,43.40755395683453,0.9579136690647482,0.9588129496402877,0.030575539568345324,0.010611510791366907,0.23381294964028776,41.76492805755396,11.085071942446044,FALSE,0,FALSE
6221,Trabajadores de explotaciones de acuicultura,62,"Trabajadores forestales calificados, pescadores y cazadores cuya producción se destina al mercado",622,"Trabajadores de explotaciones de acuicultura, pescadores, cazadores y tramperos",6,"Agricultores y trabajadores calificados agropecuarios, forestales y pesqueros",2022,92,5556,672752.6615297876,45.46950226244344,0.8043478260869565,0.8740100791936645,0.08747300215982722,0.026997840172786176,0.24838012958963282,39.193844492440604,11.03203743700504,FALSE,0,FALSE
4132,Digitadores de datos,41,Oficinistas,413,Operadores de equipo de oficina,4,Personal de apoyo administrativo,2022,48,5535,614022.1107497741,41.50063233965673,0.8254631311296767,0.9645889792231256,0.035411020776874434,0,0.7340560072267389,36.917976513098466,13.749232158988256,FALSE,0,FALSE
1211,"Directores, gerentes y administradores de finanzas",12,Directores y gerentes administrativos y de servicios comerciales,121,"Directores, gerentes y administradores de finanzas, de recursos humanos, políticas empresariales y de servicios administrativos",1,"Directores, gerentes y administradores",2022,39,5519,2012438.4027903606,44.142054720057985,1,0.8508787823881138,0.07175212900887842,0.07736908860300779,0.4778039499909404,45.09566950534517,16.893277767711542,FALSE,0,FALSE
2523,Profesionales en redes de computadores,25,Profesionales de tecnología de la información y las comunicaciones,252,"Diseñadores y administradores de bases de datos, administradores de sistemas y profesionales en redes de computadores",2,"Profesionales, científicos e intelectuales",2022,21,5512,1104423.80787373,42.38316400580552,0.9490224739630916,0.8448838896952104,0.15511611030478956,0,0.0433599419448476,38.6805152394775,16.40654381346371,FALSE,0,TRUE
3432,Diseñadores y decoradores de interior,34,"Técnicos de servicios jurídicos, sociales, deportivos y culturales",343,"Fotógrafos, decoradores de interior, técnicos en galerías de arte, museos y bibliotecas, chefs y otros técnicos en actividades culturales y artísticas",3,Técnicos y profesionales de nivel medio,2022,35,5432,899594.7129186603,39.45324005891016,0.8794182621502209,0.5211708394698086,0.422680412371134,0.05614874815905744,0.6412002945508101,37.48803387334315,15.664027982326951,FALSE,0,FALSE
3253,Podólogos,32,Técnicos de la salud,325,"Técnicos en odontología, ópticos, técnicos en prevención de riesgos y otros técnicos en salud",3,Técnicos y profesionales de nivel medio,2022,44,5274,474592.91960561246,29.42332015810277,0.5640879787637467,0.1403109594235874,0.8071672354948806,0.05252180508153204,0.8591202123625332,46.77891543420554,13.714637846037164,FALSE,0,FALSE
2320,Profesores de educación media técnico profesional (especialidades) y de formación laboral,23,Profesionales de la educación,232,Profesores de educación media técnico profesional (especialidades) y de formación laboral,2,"Profesionales, científicos e intelectuales",2022,47,5256,1013281.7207001522,38.69273211567732,0.89532855204497,0.9181887366818874,0.08181126331811263,0,0.4172374429223744,47.178462709284624,16.431126331811264,FALSE,0,FALSE
8143,Operadores de máquinas para fabricar productos de papel,81,Operadores de instalaciones fijas y máquinas,814,"Operadores de máquinas para fabricar productos de caucho, de material plástico y de papel",8,"Operadores de instalaciones, máquinas y ensambladores",2022,41,5249,720289.2877220379,45.346542198514,0.8896932749095066,0.9660887788150124,0.033911221184987614,0,0.055820156220232425,39.90455324823776,12.307662463627546,FALSE,0,FALSE
2152,Ingenieros electrónicos,21,Profesionales de las ciencias y de la ingeniería,215,Ingenieros en electrotecnología,2,"Profesionales, científicos e intelectuales",2022,34,5148,1563421.5794483295,45.96037296037296,0.9842657342657343,0.8716006216006216,0.10878010878010878,0.01961926961926962,0.05108780108780109,38.8018648018648,17.29700854700855,FALSE,0,FALSE
7125,Cristaleros,71,Operarios de la construcción (no incluye electricistas),712,Operarios de la construcción en trabajos de terminación,7,Artesanos y operarios de oficios,2022,39,5140,499965.31605143094,39.593904611122106,0.6494163424124514,0.6085603112840466,0.27276264591439686,0.11867704280155641,0.006420233463035019,40.17412451361868,10.601945525291828,FALSE,0,FALSE
2114,Geólogos y geofísicos,21,Profesionales de las ciencias y de la ingeniería,211,"Físicos, astrónomos, meteorólogos, químicos, geólogos y geofísicos",2,"Profesionales, científicos e intelectuales",2022,38,5092,2239812.616064415,46.75019638648861,0.7911479944674965,0.9634721131186175,0.03652788688138256,0,0.37195600942655144,37.44835035349568,17.937186433875176,FALSE,0,FALSE
1411,"Directores, gerentes y administradores de hoteles",14,"Directores, gerentes y administradores de hoteles, restaurantes, comercios y de otros servicios",141,"Directores, gerentes y administradores de hoteles y restaurantes",1,"Directores, gerentes y administradores",2022,79,5049,798754.3673202614,47.69215169336849,0.6999799317680112,0.37433155080213903,0.3503664091899386,0.27530204000792236,0.5912061794414736,45.49059219647455,14.019409784115666,FALSE,0,FALSE
9510,Trabajadores ambulantes de servicios,95,Trabajadores ambulantes de servicios y vendedores ambulantes (excluyendo comida de consumo inmediato),951,Trabajadores ambulantes de servicios,9,Ocupaciones elementales,2022,50,5012,226524.32653884965,33.519934573706806,0.09023332645054719,0.1209098164405427,0.8790901835594573,0,0.15103750997605747,48.73204309656823,7.661612130885874,FALSE,0,FALSE
0110,Oficiales de las Fuerzas Armadas,01,Oficiales de las Fuerzas Armadas,011,Oficiales de las Fuerzas Armadas,0,Ocupaciones de las fuerzas armadas,2022,44,5008,1762164.068290735,46.576688364524,0.8662140575079872,1,0,0,0.008386581469648562,39.084664536741215,16.716653354632587,FALSE,0,FALSE
7232,Mecánicos y reparadores de motores de avión,72,"Operarios de la metalurgia y operarios de máquinas herramientas; mecánicos de vehículos, maquinarias, aviones y bicicletas",723,"Mecánicos de vehículos, motores de aviones, reparadores de máquinas agrícolas, industriales y bicicletas",7,Artesanos y operarios de oficios,2022,29,5004,1266945.1865112407,45.2759792166267,0.9679067865903516,0.9828137490007993,0.01718625099920064,0,0.07154276578737011,42.98581135091926,13.475247524752476,FALSE,0,TRUE
9121,Lavanderos y planchadores manuales,91,Auxiliares de aseo y trabajadores de casa particular,912,"Limpiadores de ropa, vehículos, ventanas y otros limpiadores manuales",9,Ocupaciones elementales,2022,43,4934,236248.16355897853,26.713760718660676,0.2432103769760843,0.4758816376165383,0.5105391163356303,0.013579246047831374,0.7391568706931496,54.700851236319416,7.991892987434131,FALSE,0,FALSE
5411,Bomberos,54,Personal de los servicios de protección y seguridad,541,Personal de los servicios de protección y seguridad,5,Trabajadores de los servicios y vendedores de comercios y mercados,2022,60,4865,649295.5160343744,47.25033348154736,0.8676258992805755,1,0,0,0.009660842754367934,36.143679342240496,11.845837615621788,FALSE,0,FALSE
2353,Otros profesores de idiomas,23,Profesionales de la educación,235,"Especialistas en métodos pedagógicos, educadores para necesidades especiales y otros profesionales de la educación",2,"Profesionales, científicos e intelectuales",2022,40,4844,544105.4065226422,21.966722830665542,0.5549132947976878,0.2737407101568951,0.6556564822460776,0.07060280759702725,0.564616019818332,40.9911230388109,16.408133773740712,FALSE,0,FALSE
1431,"Directores, gerentes y administradores de centros deportivos, de esparcimiento y culturales",14,"Directores, gerentes y administradores de hoteles, restaurantes, comercios y de otros servicios",143,"Directores, gerentes y administradores de centros deportivos, de esparcimiento, culturales y de otros servicios",1,"Directores, gerentes y administradores",2022,30,4790,1014600.5828810021,46.77202505219206,0.9356993736951983,0.7572025052192067,0.025260960334029227,0.2175365344467641,0.3597077244258873,39.594780793319416,15.968893528183717,FALSE,0,FALSE
7534,Tapiceros,75,"Operarios de procesamiento de alimentos, de la confección, ebanistas y otros oficios",753,"Sastres, modistos, patronistas de tela, costureros, tapiceros, apelambradores y zapateros",7,Artesanos y operarios de oficios,2022,40,4775,333172.2468437092,36.538255632389024,0.22534031413612565,0.32586387434554975,0.6414659685863874,0.032670157068062824,0.2087958115183246,47.81109947643979,10.92208904109589,FALSE,0,FALSE
7121,Instaladores o reparadores de techos,71,Operarios de la construcción (no incluye electricistas),712,Operarios de la construcción en trabajos de terminación,7,Artesanos y operarios de oficios,2022,43,4593,515680.3748787585,42.66119294856315,0.5543217940344002,0.540387546266057,0.4243413890703244,0.03527106466361855,0.011974744175919878,47.9634225996081,9.820596559982583,FALSE,0,FALSE
4415,Empleados administrativos de archivos,44,Otro personal de apoyo administrativo,441,Otro personal de apoyo administrativo,4,Personal de apoyo administrativo,2022,35,4581,469883.9923597468,40.86313708260106,0.7561030741410488,0.7192752674088627,0.2578039729316743,0.022920759659463,0.39052608600742195,44.26959179218511,12.883213272211307,FALSE,0,FALSE
2521,Diseñadores y administradores de bases de datos,25,Profesionales de tecnología de la información y las comunicaciones,252,"Diseñadores y administradores de bases de datos, administradores de sistemas y profesionales en redes de computadores",2,"Profesionales, científicos e intelectuales",2022,21,4577,1846254.4223290365,42.51736945597553,0.9941009394800088,0.9748743718592965,0.02512562814070352,0,0.17172820624863447,36.39152283154905,17.661787196853833,FALSE,0,TRUE
8122,"Operadores de máquinas de acabado de metales (pulidores, galvanizadores y recubridores de metales)",81,Operadores de instalaciones fijas y máquinas,812,"Operadores de instalaciones de procesamiento y acabado de metales (pulidores, galvanizadores y recubridores de metales)",8,"Operadores de instalaciones, máquinas y ensambladores",2022,26,4572,629181.2064741907,45.00415573053368,0.9105424321959755,0.9612860892388452,0.03346456692913386,0.005249343832020997,0.2268153980752406,45.16535433070866,11.526008968609865,FALSE,0,TRUE
7523,Operadores y reguladores de máquinas para trabajar la madera,75,"Operarios de procesamiento de alimentos, de la confección, ebanistas y otros oficios",752,"Operarios del tratamiento de la madera, ebanistas y operarios de máquinas para trabajar madera",7,Artesanos y operarios de oficios,2022,57,4535,515635.40970231534,44.17508269018743,0.8374862183020948,0.8725468577728777,0.12745314222712237,0,0.02293274531422271,40.45248070562293,9.833517089305403,FALSE,0,FALSE
5113,Guías de turismo,51,Trabajadores de los servicios a las personas,511,Trabajadores al servicio directo de los pasajeros,5,Trabajadores de los servicios y vendedores de comercios y mercados,2022,68,4445,736171.2543880178,42.705882352941174,0.653318335208099,0.5181102362204725,0.38672665916760407,0.09516310461192351,0.3493813273340832,40.7037120359955,14.639370078740157,FALSE,0,FALSE
3213,Técnicos y asistentes farmacéuticos,32,Técnicos de la salud,321,"Técnicos y auxiliares paramédicos en imagenología, análisis de muestras médicas y de sangre, farmacéuticos y prótesis médicas y dentales",3,Técnicos y profesionales de nivel medio,2022,36,4431,640998.6524486572,43.59422252313247,0.9720153464229294,0.9855563078311893,0.014443692168810652,0,0.5238095238095238,43.13766644098398,14.326562852629204,FALSE,0,FALSE
5419,Otro personal de los servicios de protección no clasificados previamente,54,Personal de los servicios de protección y seguridad,541,Personal de los servicios de protección y seguridad,5,Trabajadores de los servicios y vendedores de comercios y mercados,2022,57,4364,735587.5666582978,44.8295142071494,0.8501374885426215,0.9830430797433547,0.01695692025664528,0,0.19431714023831348,39.20394133822182,12.614573785517873,FALSE,0,FALSE
3215,Laboratoristas dentales o técnicos en prótesis dentales,32,Técnicos de la salud,321,"Técnicos y auxiliares paramédicos en imagenología, análisis de muestras médicas y de sangre, farmacéuticos y prótesis médicas y dentales",3,Técnicos y profesionales de nivel medio,2022,29,4318,802242.728114868,42.838228327806725,0.7234830940250115,0.5120426123205187,0.44210282538212137,0.04585456229735989,0.4661880500231589,42.48517832329782,14.814034275127375,FALSE,0,TRUE
8189,Operadores de máquinas y de instalaciones fijas no clasificados previamente,81,Operadores de instalaciones fijas y máquinas,818,"Operadores de máquinas de instalaciones de vidriería, cerámica y operadores de máquinas de vapor y calderas, de embotellamiento, de etiquetado y otros operadores de máquinas e instalaciones",8,"Operadores de instalaciones, máquinas y ensambladores",2022,34,4233,621394.495157099,45.821639499173166,0.9184975194897236,1,0,0,0.11764705882352941,39.83864871249705,12.093078195133476,FALSE,0,FALSE
3342,Secretarios jurídicos,33,Técnicos en operaciones financieras y administrativas,334,"Supervisores de oficina, secretarios administrativos y especializados",3,Técnicos y profesionales de nivel medio,2022,37,4202,854333.1960970967,42.644217039504994,0.8741075678248453,0.9169443122322704,0.05830556877677297,0.024750118990956686,0.7303664921465969,43.85721085197525,14.30826705230176,FALSE,0,FALSE
3212,Técnicos de laboratorios clínicos y servicios de sangre,32,Técnicos de la salud,321,"Técnicos y auxiliares paramédicos en imagenología, análisis de muestras médicas y de sangre, farmacéuticos y prótesis médicas y dentales",3,Técnicos y profesionales de nivel medio,2022,49,4198,590718.1238685088,43.396379228203905,0.8839923773225346,1,0,0,0.8111005240590757,40.30824202000953,14.128068043742406,FALSE,0,FALSE
3259,Otros técnicos de la salud no clasificados previamente,32,Técnicos de la salud,325,"Técnicos en odontología, ópticos, técnicos en prevención de riesgos y otros técnicos en salud",3,Técnicos y profesionales de nivel medio,2022,37,4187,747480.5665154048,44.87585199610516,0.9045764362220059,0.9491282541198949,0.05087174588010509,0,0.5834726534511584,38.92261762598519,12.952471936947695,FALSE,0,FALSE
4313,Empleados encargados de las nóminas o registros de remuneraciones,43,Auxiliares y ayudantes de registros contables y encargados del registro de materiales,431,Auxiliares y ayudantes de registros contables y financieros,4,Personal de apoyo administrativo,2022,33,4028,1158444.218222443,39.859235352532274,0.8473187686196624,0.9905660377358491,0,0.009433962264150943,0.5772095332671301,45.535998013902685,14.970456802383318,FALSE,0,FALSE
4227,"Entrevistadores de investigaciones de mercado, estudios de opinión pública y encuestadores",42,Empleados en trato directo con el público,422,Empleados de servicios de información al cliente,4,Personal de apoyo administrativo,2022,39,4017,799864.9775483871,34.369180980831466,0.4538212596465024,0.7326362957430919,0.26736370425690814,0,0.646253422952452,39.50485436893204,15.174757281553399,FALSE,0,FALSE
4223,Telefonistas,42,Empleados en trato directo con el público,422,Empleados de servicios de información al cliente,4,Personal de apoyo administrativo,2022,32,3961,642508.6002670227,48.93865185559202,0.7053774299419339,1,0,0,0.6495834385256248,39.79045695531431,12.747286038879071,FALSE,0,FALSE
9212,Obreros de explotaciones ganaderas,92,"Obreros agropecuarios, pesqueros y forestales",921,"Obreros agropecuarios, de jardinería y horticultura, forestales y pesqueros",9,Ocupaciones elementales,2022,95,3959,668044.9054433939,45.44935589795403,0.74463248295024,0.83910078302601665,0.12907299823187673,0.02071230108613286,0.08007072493053802,46.299065420560744,9.347428869746802,FALSE,0,FALSE
2424,Especialistas en formación del personal,24,Profesionales de negocios y administración,242,"Especialistas y asesores de gestión, políticas corporativas, políticas públicas y desarrollo del personal",2,"Profesionales, científicos e intelectuales",2022,19,3655,1035064.2957746478,43.03447332421341,0.9209302325581395,0.9006839945280438,0.048153214774281805,0.05116279069767442,0.6954856361149111,39.3140902872777,16.379753761969905,FALSE,0,TRUE
6123,Trabajadores calificados de la apicultura y la sericultura,61,Agricultores y trabajadores calificados de explotaciones agropecuarias cuya producción se destina al mercado,612,Trabajadores calificados de la cría de animales,6,"Agricultores y trabajadores calificados agropecuarios, forestales y pesqueros",2022,54,3634,585592.8235119048,38.93715609614828,0.546505228398459,0.12658227848101267,0.779306549257017,0.023940561364887175,0.2553659878921299,53.82140891579527,11.950467804072646,FALSE,0,FALSE
2636,Profesionales religiosos,26,"Profesionales en derecho, ciencias sociales y culturales",263,"Economistas, especialistas en ciencias sociales, humanidades, ciencias políticas y teología",2,"Profesionales, científicos e intelectuales",2022,37,3579,701164.0986309025,45.34826711749788,0.6146968426934898,0.5004191114836547,0.47080189997205923,0.009499860296172115,0.11511595417714446,50.69376920927633,14.858340318524727,FALSE,0,FALSE
1222,"Directores, gerentes y administradores de publicidad y relaciones públicas",12,Directores y gerentes administrativos y de servicios comerciales,122,"Directores, gerentes y administradores de comercialización, publicidad, relaciones públicas e investigación y desarrollo",1,"Directores, gerentes y administradores",2022,17,3564,1944717.314534231,46.86391694725028,1,0.5058922558922558,0.016835016835016835,0.4772727272727273,0.6060606060606061,40.980078563411894,17.296576879910212,FALSE,0,TRUE
1219,"Otros directores, gerentes y administradores de servicios administrativos no clasificados previamente",12,Directores y gerentes administrativos y de servicios comerciales,121,"Directores, gerentes y administradores de finanzas, de recursos humanos, políticas empresariales y de servicios administrativos",1,"Directores, gerentes y administradores",2022,29,3533,2334097.0432169433,44.52674780639683,0.9770733088027173,0.4322105859043306,0.2697424285309935,0.2980469855646759,0.24115482592697424,43.9623549391452,15.176620435890179,FALSE,0,TRUE
2643,"Traductores, intérpretes de lengua de señas y lingüistas",26,"Profesionales en derecho, ciencias sociales y culturales",264,"Escritores, periodistas, traductores, intérpretes de lengua de señas y lingüistas",2,"Profesionales, científicos e intelectuales",2022,29,3516,1146532.026734926,34.74578914535246,0.6077929465301479,0.591296928327645,0.4087030716723549,0,0.6496018202502845,38.873435722411834,15.897326507394768,FALSE,0,TRUE
7514,"Operarios de la conservación de frutas, legumbres y verduras",75,"Operarios de procesamiento de alimentos, de la confección, ebanistas y otros oficios",751,"Operarios de procesamiento, elaboración, conservación, cata y clasificación de alimentos, bebidas y tabaco",7,Artesanos y operarios de oficios,2022,45,3500,286356.7981109799,30.192272024729522,0.38857142857142857,0.274,0.6531428571428571,0.04971428571428571,0.5428571428571428,47.6,11.862857142857143,FALSE,0,FALSE
9329,Obreros de la industria manufacturera no clasificados previamente,93,"Obreros de la minería, la construcción, la industria manufacturera y el transporte",932,Empacadores manuales y obreros de la industria manufacturera,9,Ocupaciones elementales,2022,37,3498,499918.4974271012,43.46483704974271,0.7747284162378502,0.9605488850771869,0.03945111492281304,0,0.1512292738707833,40.63464837049743,11.373642081189251,FALSE,0,FALSE
8132,Operadores de máquinas para fabricar productos fotográficos,81,Operadores de instalaciones fijas y máquinas,813,Operadores de instalaciones y máquinas para fabricar productos químicos y fotográficos,8,"Operadores de instalaciones, máquinas y ensambladores",2022,31,3429,811234.7795275591,56.559866626250376,0.9230096237970253,0.6517935258092739,0.34820647419072615,0,0.03820355788859726,38.69058034412365,12.147856517935258,FALSE,0,FALSE
5329,Otros trabajadores de los cuidados personales en instituciones y a domicilio no clasificados previamente,53,Trabajadores de los cuidados personales,532,Trabajadores de los cuidados personales en instituciones y a domicilio,5,Trabajadores de los servicios y vendedores de comercios y mercados,2022,34,3385,473632.56784968683,23.158273381294965,0.3016248153618907,0.16277695716395865,0.8372230428360413,0,0.8744460856720827,47.67385524372231,14.243426883308715,FALSE,0,FALSE
7314,"Alfareros (barro, arcilla y abrasivos)",73,Artesanos y operarios de las artes gráficas,731,"Reparadores de instrumentos de precisión, fabricantes y afinadores de instrumentos musicales, pintores de carteles, pintores decorativos y artesanos",7,Artesanos y operarios de oficios,2022,31,3371,296582.5867695046,38.17440401505646,0.382972411747256,0.20706021951943043,0.7321269652921981,0.0608128151883714,0.44853159299911005,46.26194007712845,11.037377632749926,FALSE,0,FALSE
3351,Inspectores de aduana,33,Técnicos en operaciones financieras y administrativas,335,Agentes de la administración pública para la aplicación de la ley,3,Técnicos y profesionales de nivel medio,2022,24,3370,883903.346884273,49.395252225519286,1,1,0,0,0.53026706231454,38.40623145400593,14.751335311572701,FALSE,0,TRUE
2659,Otros artistas creativos e interpretativos no clasificados previamente,26,"Profesionales en derecho, ciencias sociales y culturales",265,"Artistas, actores y locutores de medios de comunicación",2,"Profesionales, científicos e intelectuales",2022,27,3330,510414.4577020202,22.471889400921658,0.37567567567567567,0.11231231231231231,0.8336336336336336,0.05405405405405406,0.27417417417417417,32.08678678678679,15.165027658266748,FALSE,0,TRUE
2641,Autores y otros escritores,26,"Profesionales en derecho, ciencias sociales y culturales",264,"Escritores, periodistas, traductores, intérpretes de lengua de señas y lingüistas",2,"Profesionales, científicos e intelectuales",2022,17,3296,940706.3171124718,26.949842271293374,0.48058252427184467,0.4032160194174757,0.5967839805825242,0,0.11802184466019418,55.863167475728154,18.540351941747574,FALSE,0,TRUE
7536,Zapateros,75,"Operarios de procesamiento de alimentos, de la confección, ebanistas y otros oficios",753,"Sastres, modistos, patronistas de tela, costureros, tapiceros, apelambradores y zapateros",7,Artesanos y operarios de oficios,2022,33,3228,287689.6747211896,34.47552664188352,0.4247211895910781,0.45879801734820325,0.49287484510532836,0.048327137546468404,0.1570631970260223,58.663258983890955,8.657682775712516,FALSE,0,FALSE
2355,Otros profesores de artes,23,Profesionales de la educación,235,"Especialistas en métodos pedagógicos, educadores para necesidades especiales y otros profesionales de la educación",2,"Profesionales, científicos e intelectuales",2022,24,3200,455022.6171875,26.22,0.365,0.290625,0.645,0.064375,0.6553125,43.6915625,16.3671875,FALSE,0,TRUE
3211,Técnicos y auxiliares paramédicos de radiología e imagenología y otros aparatos de diagnóstico y tratamiento médico,32,Técnicos de la salud,321,"Técnicos y auxiliares paramédicos en imagenología, análisis de muestras médicas y de sangre, farmacéuticos y prótesis médicas y dentales",3,Técnicos y profesionales de nivel medio,2022,23,3188,689499.922208281,44.12296110414053,0.9573400250941029,1,0,0,0.7409033877038896,33.43130489335006,14.970514429109159,FALSE,0,TRUE
2134,Bioquímicos,21,Profesionales de las ciencias y de la ingeniería,213,Profesionales de las ciencias biológicas,2,"Profesionales, científicos e intelectuales",2022,20,3137,1522915.5759429154,42.36181064711508,0.8686643289767294,0.8058654765699713,0.047497609180745935,0.14663691424928274,0.48453936882371695,37.38189352884922,18.401942472917444,FALSE,0,TRUE
8121,Operadores de instalaciones de procesamiento de metales,81,Operadores de instalaciones fijas y máquinas,812,"Operadores de instalaciones de procesamiento y acabado de metales (pulidores, galvanizadores y recubridores de metales)",8,"Operadores de instalaciones, máquinas y ensambladores",2022,25,3119,771031.5729400449,46.08015389547932,0.9118307149727477,0.9169605642834242,0,0.08303943571657582,0.0801538954793203,42.97050336646361,10.855402372555305,FALSE,0,TRUE
2120,Matemáticos y estadísticos,21,Profesionales de las ciencias y de la ingeniería,212,Matemáticos y estadísticos,2,"Profesionales, científicos e intelectuales",2022,16,3038,1853386.3508887426,41.033574720210666,0.8505595786701777,0.9512837393021725,0.048716260697827515,0,0.3828176431863068,40.38874259381172,17.002304147465438,FALSE,0,TRUE
9624,Acarreadores de agua y recolectores de leña,96,Recolectores de desechos y otras ocupaciones elementales,962,Otras ocupaciones elementales,9,Ocupaciones elementales,2022,50,3019,358147.04985754983,32.143157894736845,0.04438555813183173,0.13050679032792314,0.8423318979794634,0.02716131169261345,0.08645246770453793,48.84067572043723,8.121232196091421,FALSE,0,FALSE
9129,Otro personal de limpieza no clasificado previamente,91,Auxiliares de aseo y trabajadores de casa particular,912,"Limpiadores de ropa, vehículos, ventanas y otros limpiadores manuales",9,Ocupaciones elementales,2022,33,3011,453394.3273628049,35.49894217207334,0.4483560278977084,0.4549983394221189,0.48522085685818667,0,0.26369976751909663,41.152108933909,10.825307206908004,FALSE,0,FALSE
6122,Avicultores y trabajadores calificados de la avicultura,61,Agricultores y trabajadores calificados de explotaciones agropecuarias cuya producción se destina al mercado,612,Trabajadores calificados de la cría de animales,6,"Agricultores y trabajadores calificados agropecuarios, forestales y pesqueros",2022,46,2956,472608.7953315291,42.44164265129683,0.6255613126079448,0.6498646820027063,0.35013531799729364,0,0.2347767253044655,46.533491204330176,9.935047361299052,FALSE,0,FALSE
2354,Otros profesores de música,23,Profesionales de la educación,235,"Especialistas en métodos pedagógicos, educadores para necesidades especiales y otros profesionales de la educación",2,"Profesionales, científicos e intelectuales",2022,22,2893,364257.678067701,21.54011299435028,0.364673349464224,0.2305565157276184,0.7694434842723816,0,0.36259937780850326,39.77566539923954,16.281714483235397,FALSE,0,TRUE
7234,Reparadores de bicicletas,72,"Operarios de la metalurgia y operarios de máquinas herramientas; mecánicos de vehículos, maquinarias, aviones y bicicletas",723,"Mecánicos de vehículos, motores de aviones, reparadores de máquinas agrícolas, industriales y bicicletas",7,Artesanos y operarios de oficios,2022,24,2841,411482.77126099705,31.14396339317142,0.39035550862372403,0.16649067229848644,0.7423442449841605,0.09116508271735305,0.026751143963393172,43.78845476944738,10.558958113340372,FALSE,0,TRUE
5112,Revisores y cobradores de los transportes públicos,51,Trabajadores de los servicios a las personas,511,Trabajadores al servicio directo de los pasajeros,5,Trabajadores de los servicios y vendedores de comercios y mercados,2022,29,2831,446930.38608265633,40.523878964637255,0.8092546803249735,0.9607912398445779,0.039208760155422115,0,0.18050158954433063,31.756269869304134,11.877428470505121,FALSE,0,TRUE
8182,Operadores de máquinas de vapor y calderas,81,Operadores de instalaciones fijas y máquinas,818,"Operadores de máquinas de instalaciones de vidriería, cerámica y operadores de máquinas de vapor y calderas, de embotellamiento, de etiquetado y otros operadores de máquinas e instalaciones",8,"Operadores de instalaciones, máquinas y ensambladores",2022,30,2831,876322.4736842106,45.511833274461324,0.9625,1,0,0,0.10314376545390322,49.405157188272696,12.217590957258919,FALSE,0,FALSE
3117,Técnicos en ingeniería de minas y metalurgia,31,Técnicos de las ciencias y la ingeniería,311,"Técnicos en ciencias físicas, químicas, técnicos en ingeniería y dibujantes técnicos",3,Técnicos y profesionales de nivel medio,2022,26,2700,1219137.6022222221,56.58518518518518,0.9451287793952967,1,0,0,0.17222222222222222,40.904074074074074,14.139231056364315,FALSE,0,TRUE
3339,Otros agentes de servicios comerciales no clasificados previamente,33,Técnicos en operaciones financieras y administrativas,333,"Agentes de aduana, organizadores de eventos, agentes de empleo, de bienes raíces y otros agentes de servicios comerciales",3,Técnicos y profesionales de nivel medio,2022,21,2687,828891.3244376668,37.6427242277633,0.9114253814663194,0.7059918124302196,0.2940081875697804,0,0.6684034238928173,42.10494975809453,14.068850018608114,FALSE,0,TRUE
2434,Profesionales de ventas de tecnología de la información y las comunicaciones (TIC),24,Profesionales de negocios y administración,243,"Profesionales de la publicidad, relaciones públicas y de las ventas técnicas, médicas y de tecnología de la información y las comunicaciones",2,"Profesionales, científicos e intelectuales",2022,13,2644,1536891.3528744327,46.03819969742814,1,0.9489409984871406,0,0.0510590015128593,0.46142208774583965,40.63161875945537,16.324130105900153,FALSE,0,TRUE
7549,Operarios de otros oficios no clasificados previamente,75,"Operarios de procesamiento de alimentos, de la confección, ebanistas y otros oficios",754,"Buzos, dinamiteros, clasificadores, probadores e inspectores de calidad de productos no comestibles, fumigadores y otros oficios",7,Artesanos y operarios de oficios,2022,23,2611,412466.48793565686,34.4017617770969,0.32746074301034084,0.4189965530448104,0.542703944848717,0.038299502106472615,0.6449636154729989,50.90540022979701,11.383378016085791,FALSE,0,TRUE
1120,Directores y gerentes generales de empresas,11,"Miembros del Poder Ejecutivo y Legislativo, personal directivo de la administración pública y de otras organizaciones sociales y/o políticas, directores ejecutivos y gerentes generales",112,Directores y gerentes generales de empresas,1,"Directores, gerentes y administradores",2022,17,2585,3195757.9164410057,42.97214700193424,0.8526112185686654,0.5311411992263056,0.03288201160541586,0.43597678916827853,0.0932301740812379,53.27736943907156,16.716827852998065,FALSE,0,TRUE
2654,"Directores de cine, radio y teatro",26,"Profesionales en derecho, ciencias sociales y culturales",265,"Artistas, actores y locutores de medios de comunicación",2,"Profesionales, científicos e intelectuales",2022,14,2529,1237572.1629102412,36.88940092165899,0.5591142744167655,0.18979833926453143,0.6583629893238434,0.15183867141162516,0.3752471332542507,36.40450771055753,17.018433179723502,FALSE,0,TRUE
7542,Dinamiteros y pegadores,75,"Operarios de procesamiento de alimentos, de la confección, ebanistas y otros oficios",754,"Buzos, dinamiteros, clasificadores, probadores e inspectores de calidad de productos no comestibles, fumigadores y otros oficios",7,Artesanos y operarios de oficios,2022,36,2522,837330.7464912281,57.12807295796986,0.9278350515463918,0.9528152260111022,0,0.0471847739888977,0,40.79421094369548,11.493194555644516,FALSE,0,FALSE
8114,Operadores de máquinas para fabricar cemento y otros productos minerales,81,Operadores de instalaciones fijas y máquinas,811,"Mineros y operadores de instalaciones mineras, perforadores de pozos y operadores de máquinas para fabricar cemento y otros productos minerales",8,"Operadores de instalaciones, máquinas y ensambladores",2022,15,2480,844028.2883064516,44.975806451612904,0.8813982521847691,0.8850806451612904,0.11491935483870967,0,0,33.92580645161291,11.887096774193548,FALSE,0,TRUE
2622,Bibliotecarios y documentalistas de archivos,26,"Profesionales en derecho, ciencias sociales y culturales",262,"Archivistas, curadores de museo, bibliotecarios y documentalistas de archivos",2,"Profesionales, científicos e intelectuales",2022,16,2477,1122938.9608397256,42.422688736374646,0.9091643116673396,0.9144125958821154,0.08558740411788454,0,0.6366572466693581,50.83447719014937,17.349212757367784,FALSE,0,TRUE
3256,Técnicos y auxiliares paramédicos de alimentación,32,Técnicos de la salud,325,"Técnicos en odontología, ópticos, técnicos en prevención de riesgos y otros técnicos en salud",3,Técnicos y profesionales de nivel medio,2022,20,2460,576248.0032520326,45.05,0.8471544715447155,1,0,0,0.8532520325203252,37.34024390243903,12.647154471544715,FALSE,0,TRUE
6310,Trabajadores agrícolas de subsistencia,63,"Trabajadores agropecuarios, pescadores, cazadores y recolectores de subsistencia",631,Trabajadores agrícolas de subsistencia,6,"Agricultores y trabajadores calificados agropecuarios, forestales y pesqueros",2022,41,2453,284282.0893007582,41.599581589958156,0.10640032613126783,0.027721157766000815,0.9188748471259682,0.027721157766000815,0.07052588666938443,53.98410110069303,7.989400733795352,FALSE,0,FALSE
2655,Actores,26,"Profesionales en derecho, ciencias sociales y culturales",265,"Artistas, actores y locutores de medios de comunicación",2,"Profesionales, científicos e intelectuales",2022,16,2434,834382.70336894,29.967554479418887,0.2769104354971241,0.4979457682826623,0.5020542317173378,0,0.5295809367296631,33.55094494658997,15.271670702179177,FALSE,0,TRUE
3324,Corredores comerciales y consignatarios,33,Técnicos en operaciones financieras y administrativas,332,"Agentes de seguros, representantes comerciales, agentes de compras y consignatarios",3,Técnicos y profesionales de nivel medio,2022,17,2429,1588127.4425689585,45.56525319061342,0.638946068340881,0.4495677233429395,0.43721696171263896,0.11321531494442157,0.2589543021819679,50.19925895430218,14.134525329927628,FALSE,0,TRUE
3354,Agentes de servicios de tramitación y entrega de licencias y permisos,33,Técnicos en operaciones financieras y administrativas,335,Agentes de la administración pública para la aplicación de la ley,3,Técnicos y profesionales de nivel medio,2022,20,2401,945119.5497709288,44.45647646813828,0.9883381924198251,1,0,0,0.6909620991253644,46.34527280299875,14.260724698042482,FALSE,0,TRUE
7323,Encuadernadores,73,Artesanos y operarios de las artes gráficas,732,"Tipógrafos, impresores y encuadernadores",7,Artesanos y operarios de oficios,2022,22,2344,466014.72544740286,40.30418088737201,0.8118600682593856,0.7563993174061433,0.24360068259385664,0,0.36006825938566556,48.92192832764505,11.009812286689419,FALSE,0,TRUE
7513,Operarios de la elaboración de productos lácteos,75,"Operarios de procesamiento de alimentos, de la confección, ebanistas y otros oficios",751,"Operarios de procesamiento, elaboración, conservación, cata y clasificación de alimentos, bebidas y tabaco",7,Artesanos y operarios de oficios,2022,32,2323,535465.3709750567,42.45454545454545,0.6276366767111494,0.5432630219543694,0.37925096857511836,0.07748600947051226,0.3370641411967284,45.17735686612139,9.534653465346535,FALSE,0,FALSE
2164,Urbanistas e ingenieros de transporte y tránsito,21,Profesionales de las ciencias y de la ingeniería,216,"Arquitectos, diseñadores, urbanistas, cartógrafos y agrimensores",2,"Profesionales, científicos e intelectuales",2022,9,2270,2783564.6004405287,37.54801762114538,0.6920704845814978,0.6202643171806167,0.0907488986784141,0.2889867841409692,0.2920704845814978,46.53568281938326,19.31013215859031,FALSE,0,TRUE
2656,"Locutores de radio, televisión y otros medios de comunicación",26,"Profesionales en derecho, ciencias sociales y culturales",265,"Artistas, actores y locutores de medios de comunicación",2,"Profesionales, científicos e intelectuales",2022,25,2228,709289.9467396715,26.370736086175942,0.5372531418312387,0.48249551166965887,0.48204667863554757,0.035457809694793535,0.2989228007181329,43.131508078994614,13.896768402154398,FALSE,0,TRUE
8171,Operadores de instalaciones para la preparación de papel y de pasta para papel,81,Operadores de instalaciones fijas y máquinas,817,"Operadores de instalaciones para la preparación de papel, pasta de papel y procesamiento de la madera",8,"Operadores de instalaciones, máquinas y ensambladores",2022,22,2210,921531.6054298643,48.59276018099548,1,1,0,0,0.22126696832579185,42.71900452488688,12.837956204379562,FALSE,0,TRUE
8219,Ensambladores no clasificados previamente,82,Ensambladores,821,"Ensambladores de maquinaria mecánica, equipos eléctricos, electrónicos y otros ensambladores",8,"Operadores de instalaciones, máquinas y ensambladores",2022,16,2196,501205.39492242597,41.13251366120219,0.5182149362477231,0.9667577413479053,0.033242258652094715,0,0.20081967213114754,38.25364298724954,10.994990892531876,FALSE,0,TRUE
2113,Químicos,21,Profesionales de las ciencias y de la ingeniería,211,"Físicos, astrónomos, meteorólogos, químicos, geólogos y geofísicos",2,"Profesionales, científicos e intelectuales",2022,21,2194,949191.2123974476,47.65907019143118,1,0.9954421148587056,0,0.004557885141294439,0.3062898814949863,39.72561531449408,16.284412032816775,FALSE,0,TRUE
3240,Técnicos y asistentes veterinarios,32,Técnicos de la salud,324,Técnicos y asistentes veterinarios,3,Técnicos y profesionales de nivel medio,2022,28,2193,477794.61665098777,39.745554035567714,0.7610579115367077,0.8367533059735522,0.02553579571363429,0.10715914272685818,0.7405380756953944,29.672594619243046,14.092111263109896,FALSE,0,TRUE
3421,Atletas y deportistas,34,"Técnicos de servicios jurídicos, sociales, deportivos y culturales",342,"Deportistas, entrenadores, árbitros e instructores de actividades deportivas y recreativas",3,Técnicos y profesionales de nivel medio,2022,19,2184,597962.2426885582,30.212912087912088,0.45735707591377694,0.7532051282051282,0.2467948717948718,0,0.34615384615384615,27.01831501831502,12.413003663003662,FALSE,0,TRUE
8159,Operadores de máquinas para fabricar productos textiles y artículos de piel y cuero no clasificados previamente,81,Operadores de instalaciones fijas y máquinas,815,"Operadores de máquinas para fabricar productos textiles, artículos de piel y cuero y operadores de máquinas de lavanderías",8,"Operadores de instalaciones, máquinas y ensambladores",2022,16,2177,629695.5861321777,45.467615985300874,0.808451998162609,0.9747358750574184,0.010105649977032614,0.01515847496554892,0.245751033532384,41.062471290767114,12.403766651355076,FALSE,0,TRUE
4212,Receptores de apuestas,42,Empleados en trato directo con el público,421,"Cajeros de bancos y de casas de cambio; receptores de apuestas, prestamistas y cobradores",4,Personal de apoyo administrativo,2022,23,2174,509211.4537854157,45.732290708371664,0.7249310027598896,0.8960441582336707,0.10395584176632934,0,0.32888684452621897,34.60027598896044,13.307464162135442,FALSE,0,TRUE
7315,"Sopladores, modeladores, laminadores, cortadores y pulidores de vidrio",73,Artesanos y operarios de las artes gráficas,731,"Reparadores de instrumentos de precisión, fabricantes y afinadores de instrumentos musicales, pintores de carteles, pintores decorativos y artesanos",7,Artesanos y operarios de oficios,2022,17,2171,540376.6103178259,42.41685859051128,0.8613542146476278,0.596038691847075,0.27130354675264856,0.13265776140027638,0.0916628281897743,45.17825886688162,10.881621372639337,FALSE,0,TRUE
2619,Otros profesionales del derecho no clasificados previamente,26,"Profesionales en derecho, ciencias sociales y culturales",261,"Abogados, jueces y otros profesionales del derecho",2,"Profesionales, científicos e intelectuales",2022,14,2170,1049284.899078341,42.52718894009217,0.8820276497695853,0.9023041474654377,0.03870967741935484,0.05898617511520737,0.44930875576036866,42.255760368663594,15.599539170506912,FALSE,0,TRUE
5111,Auxiliares de servicio a bordo de aeronaves y barcos,51,Trabajadores de los servicios a las personas,511,Trabajadores al servicio directo de los pasajeros,5,Trabajadores de los servicios y vendedores de comercios y mercados,2022,14,2103,1207230.351402758,41.082937136819865,0.8578221588207323,1,0,0,0.5330480266286258,37.31145981930575,14.28530670470756,FALSE,0,TRUE
5165,Instructores de manejo,51,Trabajadores de los servicios a las personas,516,Otros trabajadores de servicios a las personas,5,Trabajadores de los servicios y vendedores de comercios y mercados,2022,12,2057,641753.7569275644,43.18081366147665,0.4919786096256685,0.9679144385026738,0.03208556149732621,0,0.015070491006319884,56.08993680116675,17.566633761105628,FALSE,0,TRUE
3315,Tasadores,33,Técnicos en operaciones financieras y administrativas,331,"Agentes de bolsas, ejecutivos de créditos, asistentes contables y otros técnicos en finanzas y matemáticas",3,Técnicos y profesionales de nivel medio,2022,16,1991,1168535.6308387744,40.40783525866399,0.9447513812154696,0.7418382722250125,0.2526368658965344,0.0055248618784530384,0.5334003013561025,43.3375188347564,16.086388749372176,FALSE,0,TRUE
2162,Arquitectos paisajistas,21,Profesionales de las ciencias y de la ingeniería,216,"Arquitectos, diseñadores, urbanistas, cartógrafos y agrimensores",2,"Profesionales, científicos e intelectuales",2022,14,1978,2539261.74017744,35.04246713852376,0.6466127401415571,0.17492416582406473,0.6840242669362993,0.1339737108190091,0.557633973710819,46.00353892821031,16.335316387236343,FALSE,0,TRUE
1344,"Directores, gerentes y administradores de servicios de bienestar social",13,"Directores, gerentes y administradores de producción y operaciones",134,"Directores, gerentes y administradores de servicios de cuidados a personas, bienestar social, educación, servicios financieros y de otros servicios profesionales",1,"Directores, gerentes y administradores",2022,12,1974,2012989.424012158,46.68693009118541,0.9513677811550152,0.9103343465045592,0.08966565349544073,0,0.5086119554204661,36.84701114488349,16.993414387031407,FALSE,0,TRUE
2522,Administradores de sistemas,25,Profesionales de tecnología de la información y las comunicaciones,252,"Diseñadores y administradores de bases de datos, administradores de sistemas y profesionales en redes de computadores",2,"Profesionales, científicos e intelectuales",2022,8,1893,1811747.058637084,46.745905969360805,0.9318541996830428,0.9107237189646065,0,0.08927628103539356,0.20655044902271527,37.40200739566825,16.5472794506075,FALSE,0,TRUE
8311,Maquinistas de locomotoras,83,Conductores de vehículos y operadores de equipos pesados y móviles,831,"Maquinistas de locomotoras, guardafrenos y agentes de maniobras",8,"Operadores de instalaciones, máquinas y ensambladores",2022,17,1872,931066.2831196581,47.87553418803419,0.8071581196581197,1,0,0,0,37.07745726495727,14.064102564102564,FALSE,0,TRUE
3314,Técnicos de servicios estadísticos y matemáticos,33,Técnicos en operaciones financieras y administrativas,331,"Agentes de bolsas, ejecutivos de créditos, asistentes contables y otros técnicos en finanzas y matemáticas",3,Técnicos y profesionales de nivel medio,2022,13,1813,784296.064878353,40.661334804191945,0.5052399338113623,0.9547710976282405,0.04522890237175951,0,0.6955322669608384,42.40319911748483,15.669056811913954,FALSE,0,TRUE
3222,Técnicos y auxiliares paramédicos de esterilización,32,Técnicos de la salud,322,"Técnicos y auxiliares paramédicos de enfermería, esterilización y ayudantes de ambulancia",3,Técnicos y profesionales de nivel medio,2022,15,1790,589713.2067039106,44.64525139664804,0.9094972067039107,1,0,0,0.6312849162011173,44.19553072625698,13.41340782122905,FALSE,0,TRUE
7221,Herreros y forjadores,72,"Operarios de la metalurgia y operarios de máquinas herramientas; mecánicos de vehículos, maquinarias, aviones y bicicletas",722,Herreros y herramentistas; reguladores y operarios de máquinas herramientas; pulidores de metales y afiladores de herramientas,7,Artesanos y operarios de oficios,2022,18,1783,513712.0761451517,38.879416713404375,0.30790802019068986,0.45204711160964667,0.5479528883903534,0,0,40.61245092540662,10.85866517106001,FALSE,0,TRUE
2631,Economistas,26,"Profesionales en derecho, ciencias sociales y culturales",263,"Economistas, especialistas en ciencias sociales, humanidades, ciencias políticas y teología",2,"Profesionales, científicos e intelectuales",2022,9,1727,3586784.3184713377,44.23914302258251,0.7851766068326578,0.7782281412854661,0.22177185871453386,0,0.1470758540822235,39.17313259988419,20.01679212507238,FALSE,0,TRUE
4411,Asistentes y ayudantes de bibliotecas,44,Otro personal de apoyo administrativo,441,Otro personal de apoyo administrativo,4,Personal de apoyo administrativo,2022,26,1693,498995.8954518606,43.11104548139397,0.9822799763733018,1,0,0,0.5906674542232723,45.78795038393385,12.585942114589486,FALSE,0,TRUE
3134,Operadores de instalaciones de refinación de petróleo y gas natural,31,Técnicos de las ciencias y la ingeniería,313,"Técnicos en control de procesos en instalaciones de producción de energía, agua, productos químicos, gas natural y metales",3,Técnicos y profesionales de nivel medio,2022,16,1687,906733.265560166,44.50800237107291,0.9377593360995851,1,0,0,0.11618257261410789,35.3248369887374,13.325429756965027,FALSE,0,TRUE
7316,"Pintores de carteles, pintores decorativos y grabadores",73,Artesanos y operarios de las artes gráficas,731,"Reparadores de instrumentos de precisión, fabricantes y afinadores de instrumentos musicales, pintores de carteles, pintores decorativos y artesanos",7,Artesanos y operarios de oficios,2022,14,1667,428397.56928614277,32.046068796068795,0.6690140845070423,0.5158968206358728,0.48410317936412717,0,0.08098380323935213,43.18476304739052,12.436117936117936,FALSE,0,TRUE
8212,Ensambladores de equipos eléctricos y electrónicos,82,Ensambladores,821,"Ensambladores de maquinaria mecánica, equipos eléctricos, electrónicos y otros ensambladores",8,"Operadores de instalaciones, máquinas y ensambladores",2022,10,1653,694708.6188747732,47.9189352692075,0.6842105263157895,0.810042347247429,0.1899576527525711,0,0,40.18572292800968,14.243194192377496,FALSE,0,TRUE
3352,Agentes de la administración tributaria,33,Técnicos en operaciones financieras y administrativas,335,Agentes de la administración pública para la aplicación de la ley,3,Técnicos y profesionales de nivel medio,2022,15,1650,2136938.7618181817,43.49151515151515,0.9527272727272728,0.9527272727272728,0,0.04727272727272727,0.6515151515151515,47.72727272727273,16.484848484848484,FALSE,0,TRUE
3154,Controladores de tráfico aéreo,31,Técnicos de las ciencias y la ingeniería,315,Técnicos y controladores en navegación marítima y aeronáutica,3,Técnicos y profesionales de nivel medio,2022,16,1621,1613524.9228871067,38.89512646514497,0.9093152375077113,1,0,0,0.1295496607032696,41.35101789019124,15.176434299814929,FALSE,0,TRUE
3139,Técnicos en control de procesos no clasificados previamente,31,Técnicos de las ciencias y la ingeniería,313,"Técnicos en control de procesos en instalaciones de producción de energía, agua, productos químicos, gas natural y metales",3,Técnicos y profesionales de nivel medio,2022,17,1535,686104.5029315961,47.11465798045602,0.9628664495114007,0.9635179153094463,0,0.036482084690553744,0.1517915309446254,33.197394136807816,13.006514657980455,FALSE,0,TRUE
3433,"Técnicos en galerías de arte, museos y bibliotecas",34,"Técnicos de servicios jurídicos, sociales, deportivos y culturales",343,"Fotógrafos, decoradores de interior, técnicos en galerías de arte, museos y bibliotecas, chefs y otros técnicos en actividades culturales y artísticas",3,Técnicos y profesionales de nivel medio,2022,21,1528,543876.4901832461,40.31871727748691,0.7761780104712042,1,0,0,0.7074607329842932,43.95157068062827,14.720362622036262,FALSE,0,TRUE
3153,Pilotos de aviación,31,Técnicos de las ciencias y la ingeniería,315,Técnicos y controladores en navegación marítima y aeronáutica,3,Técnicos y profesionales de nivel medio,2022,8,1514,3910838.384928717,44.001321003963014,1,0.9359313077939234,0.06406869220607662,0,0,47.03632760898283,16.110303830911494,FALSE,0,TRUE
7124,Instaladores de material aislante y de insonorización,71,Operarios de la construcción (no incluye electricistas),712,Operarios de la construcción en trabajos de terminación,7,Artesanos y operarios de oficios,2022,13,1497,551316.5163660655,38.762191048764194,0.7842351369405478,0.8256513026052105,0.1743486973947896,0,0,42.03473613894455,11.871075484301937,FALSE,0,TRUE
8181,Operadores de instalaciones de vidriería y cerámica,81,Operadores de instalaciones fijas y máquinas,818,"Operadores de máquinas de instalaciones de vidriería, cerámica y operadores de máquinas de vapor y calderas, de embotellamiento, de etiquetado y otros operadores de máquinas e instalaciones",8,"Operadores de instalaciones, máquinas y ensambladores",2022,13,1490,692419.3040268456,44.69395973154362,0.9315436241610738,1,0,0,0,39.80469798657718,12.353020134228188,FALSE,0,TRUE
3231,Profesionales y técnicos de las terapias complementarias,32,Técnicos de la salud,323,Profesionales y técnicos de las terapias complementarias y medicina tradicional,3,Técnicos y profesionales de nivel medio,2022,13,1431,339772.5786163522,24.358490566037737,0.42627533193570927,0.3172606568832984,0.6827393431167016,0,0.56743535988819,46.239692522711394,14.35359888190077,FALSE,0,TRUE
2165,Cartógrafos y agrimensores,21,Profesionales de las ciencias y de la ingeniería,216,"Arquitectos, diseñadores, urbanistas, cartógrafos y agrimensores",2,"Profesionales, científicos e intelectuales",2022,11,1406,1121280.227596017,39.91109530583215,0.6785206258890469,0.8598862019914651,0.14011379800853485,0,0.05405405405405406,34.13726884779516,15.437411095305832,FALSE,0,TRUE
2633,"Filósofos, historiadores y especialistas en ciencias políticas",26,"Profesionales en derecho, ciencias sociales y culturales",263,"Economistas, especialistas en ciencias sociales, humanidades, ciencias políticas y teología",2,"Profesionales, científicos e intelectuales",2022,9,1353,1093916.667405765,36.679231337767924,0.7671840354767184,0.6127124907612712,0.38728750923872873,0,0.5506282335550629,38.82261640798226,18.404286770140427,FALSE,0,TRUE
2133,Profesionales de la protección medioambiental,21,Profesionales de las ciencias y de la ingeniería,213,Profesionales de las ciencias biológicas,2,"Profesionales, científicos e intelectuales",2022,12,1321,880305.3648750946,35.29825889477669,0.4822104466313399,0.927327781983346,0.07267221801665405,0,0.44436033308099926,33.42770628311885,17.157456472369418,FALSE,0,TRUE
1111,Miembros del poder ejecutivo y legislativo,11,"Miembros del Poder Ejecutivo y Legislativo, personal directivo de la administración pública y de otras organizaciones sociales y/o políticas, directores ejecutivos y gerentes generales",111,"Miembros del poder ejecutivo y legislativo, personal directivo de la administración pública y de otras organizaciones sociales y/o políticas",1,"Directores, gerentes y administradores",2022,15,1315,1878737.9627376427,44.639091646390916,0.8620961386918834,1,0,0,0.33536121673003805,49.027376425855515,16.031939163498098,FALSE,0,TRUE
1312,"Directores, gerentes y administradores de producción y operaciones de acuicultura y pesca",13,"Directores, gerentes y administradores de producción y operaciones",131,"Directores, gerentes y administradores de producción y operaciones agropecuarias, de silvicultura, acuicultura y pesca",1,"Directores, gerentes y administradores",2022,15,1306,4605702.506891271,44.7457886676876,0.9941324392288349,0.6179173047473201,0,0.38208269525267996,0.33537519142419603,44.691424196018374,14.538977367979882,FALSE,0,TRUE
3439,Otros técnicos en actividades culturales y artísticas no clasificados previamente,34,"Técnicos de servicios jurídicos, sociales, deportivos y culturales",343,"Fotógrafos, decoradores de interior, técnicos en galerías de arte, museos y bibliotecas, chefs y otros técnicos en actividades culturales y artísticas",3,Técnicos y profesionales de nivel medio,2022,10,1302,745217.8172043011,40.583717357910906,0.4923195084485407,0.6298003072196621,0.37019969278033793,0,0,42.576036866359445,14.36405529953917,FALSE,0,TRUE
4312,"Auxiliares y ayudantes de servicios estadísticos, financieros y de seguros",43,Auxiliares y ayudantes de registros contables y encargados del registro de materiales,431,Auxiliares y ayudantes de registros contables y financieros,4,Personal de apoyo administrativo,2022,11,1300,899005.0884615384,43.473076923076924,0.8584745762711864,0.9730769230769231,0,0.026923076923076925,0.5207692307692308,42.48,14.022881355932203,FALSE,0,TRUE
3116,Técnicos en química industrial,31,Técnicos de las ciencias y la ingeniería,311,"Técnicos en ciencias físicas, químicas, técnicos en ingeniería y dibujantes técnicos",3,Técnicos y profesionales de nivel medio,2022,12,1292,1264537.8335913313,52.462848297213625,1,1,0,0,0.40634674922600617,34.578947368421055,14.547987616099071,FALSE,0,TRUE
3353,Agentes de servicios de prestaciones sociales,33,Técnicos en operaciones financieras y administrativas,335,Agentes de la administración pública para la aplicación de la ley,3,Técnicos y profesionales de nivel medio,2022,14,1291,1209163.6158017041,43.98605731990705,0.9295120061967467,1,0,0,0.7164988381099923,38.913245546088305,16.34779240898528,FALSE,0,TRUE
2147,Ingenieros biomédicos,21,Profesionales de las ciencias y de la ingeniería,214,Ingenieros (excluyendo ingenieros en electrotecnología),2,"Profesionales, científicos e intelectuales",2022,9,1265,1268050.3897233203,43.277470355731225,0.6252964426877471,0.8853754940711462,0.11462450592885376,0,0.5636363636363636,31.4600790513834,16.918577075098813,FALSE,0,TRUE
2612,Jueces,26,"Profesionales en derecho, ciencias sociales y culturales",261,"Abogados, jueces y otros profesionales del derecho",2,"Profesionales, científicos e intelectuales",2022,10,1248,3556726.4957264955,45.107371794871796,0.9375,1,0,0,0.453525641025641,56.93028846153846,17.708333333333332,FALSE,0,TRUE
1114,"Dirigentes de organizaciones sociales y/o políticas (sindicatos, organizaciones sociales, partidos políticos, entre otras)",11,"Miembros del Poder Ejecutivo y Legislativo, personal directivo de la administración pública y de otras organizaciones sociales y/o políticas, directores ejecutivos y gerentes generales",111,"Miembros del poder ejecutivo y legislativo, personal directivo de la administración pública y de otras organizaciones sociales y/o políticas",1,"Directores, gerentes y administradores",2022,12,1229,1226311.2864117168,41.12937347436941,0.45961698584512906,0.9072416598860863,0.0691619202603743,0.023596419853539462,0.6932465419039869,51.51993490642799,15.32546786004882,FALSE,0,TRUE
8151,"Operadores de máquinas de preparación de fibras, hilado y devanado",81,Operadores de instalaciones fijas y máquinas,815,"Operadores de máquinas para fabricar productos textiles, artículos de piel y cuero y operadores de máquinas de lavanderías",8,"Operadores de instalaciones, máquinas y ensambladores",2022,5,1104,440865.08423913043,43.70652173913044,0.9692028985507246,0.9692028985507246,0.030797101449275364,0,0.6132246376811594,51.44202898550725,10.252717391304348,FALSE,0,TRUE
1343,"Directores, gerentes y administradores de servicios de cuidado de adultos mayores",13,"Directores, gerentes y administradores de producción y operaciones",134,"Directores, gerentes y administradores de servicios de cuidados a personas, bienestar social, educación, servicios financieros y de otros servicios profesionales",1,"Directores, gerentes y administradores",2022,9,1089,1809543.1303948576,38.535353535353536,0.8512396694214877,0.40312213039485767,0.42056932966023874,0.1763085399449036,0.2800734618916437,44.75665748393021,17.47015610651974,FALSE,0,TRUE
3119,Otros técnicos en ciencias físicas y en ingeniería no clasificados previamente,31,Técnicos de las ciencias y la ingeniería,311,"Técnicos en ciencias físicas, químicas, técnicos en ingeniería y dibujantes técnicos",3,Técnicos y profesionales de nivel medio,2022,14,1086,1098160.6151012892,48.44475138121547,1,0.9567219152854513,0.043278084714548803,0,0.03222836095764273,41.51749539594844,14.674953959484347,FALSE,0,TRUE
6340,"Pescadores, cazadores, tramperos y recolectores de subsistencia",63,"Trabajadores agropecuarios, pescadores, cazadores y recolectores de subsistencia",634,"Pescadores, cazadores, tramperos y recolectores de subsistencia",6,"Agricultores y trabajadores calificados agropecuarios, forestales y pesqueros",2022,21,1079,296100.07692307694,29.365152919369788,0.027803521779425393,0,0.959221501390176,0.04077849860982391,0.27247451343836887,50.16867469879518,7.932344763670065,FALSE,0,TRUE
6330,Trabajadores agropecuarios de subsistencia,63,"Trabajadores agropecuarios, pescadores, cazadores y recolectores de subsistencia",633,Trabajadores agropecuarios de subsistencia,6,"Agricultores y trabajadores calificados agropecuarios, forestales y pesqueros",2022,20,1072,367517.8880597015,33.468283582089555,0.17257462686567165,0.07462686567164178,0.8414179104477612,0.08395522388059702,0.2462686567164179,51.98880597014925,9.909514925373134,FALSE,0,TRUE
7521,Operarios del tratamiento de la madera,75,"Operarios de procesamiento de alimentos, de la confección, ebanistas y otros oficios",752,"Operarios del tratamiento de la madera, ebanistas y operarios de máquinas para trabajar madera",7,Artesanos y operarios de oficios,2022,16,1030,578674.9883495145,43.8621359223301,0.8669902912621359,1,0,0,0.23980582524271846,41.733980582524275,11.478640776699029,FALSE,0,TRUE
3152,Capitanes y oficiales de cubierta,31,Técnicos de las ciencias y la ingeniería,315,Técnicos y controladores en navegación marítima y aeronáutica,3,Técnicos y profesionales de nivel medio,2022,16,1000,1308109.3648816936,49.186,0.875,0.967,0.033,0,0,46.604,13.069,FALSE,0,TRUE
3143,Técnicos forestales,31,Técnicos de las ciencias y la ingeniería,314,"Técnicos en ciencias biológicas (excluyendo la medicina), agropecuarias, acuícolas y forestales",3,Técnicos y profesionales de nivel medio,2022,13,998,989781.2885771543,46.536072144288575,1,1,0,0,0.16633266533066132,39.04308617234469,12.711422845691382,FALSE,0,TRUE
7532,Patronistas y cortadores de telas,75,"Operarios de procesamiento de alimentos, de la confección, ebanistas y otros oficios",753,"Sastres, modistos, patronistas de tela, costureros, tapiceros, apelambradores y zapateros",7,Artesanos y operarios de oficios,2022,6,990,520575.75757575757,34.58585858585859,0.8272727272727273,0.8272727272727273,0.17272727272727273,0,0.49292929292929294,36.06969696969697,13.38080808080808,FALSE,0,TRUE
2653,Bailarines y coreógrafos,26,"Profesionales en derecho, ciencias sociales y culturales",265,"Artistas, actores y locutores de medios de comunicación",2,"Profesionales, científicos e intelectuales",2022,5,987,683450.861195542,21.200607902735563,0.3242147922998987,0,1,0,0.23302938196555217,33.862208713272544,15.781155015197568,FALSE,0,TRUE
9331,Conductores de vehículos accionados a pedal o a brazo (no motorizados),93,"Obreros de la minería, la construcción, la industria manufacturera y el transporte",933,Obreros del transporte y almacenamiento,9,Ocupaciones elementales,2022,9,959,281798.74869655893,40.55370177267987,0.4848800834202294,0.4848800834202294,0.4494264859228363,0.06569343065693431,0,44.26694473409802,8.320125130344108,FALSE,0,TRUE
3131,Operadores de instalaciones de producción de energía,31,Técnicos de las ciencias y la ingeniería,313,"Técnicos en control de procesos en instalaciones de producción de energía, agua, productos químicos, gas natural y metales",3,Técnicos y profesionales de nivel medio,2022,14,889,1216652.197975253,45.32508436445444,0.9448818897637795,0.9133858267716536,0.08661417322834646,0,0,43.29471316085489,14.010123734533183,FALSE,0,TRUE
5169,Otros trabajadores de servicios a las personas no clasificados previamente,51,Trabajadores de los servicios a las personas,516,Otros trabajadores de servicios a las personas,5,Trabajadores de los servicios y vendedores de comercios y mercados,2022,8,886,1024549.6535796766,20.076749435665914,0.07223476297968397,0.022573363431151242,0.9774266365688488,0,0.8329571106094809,32.090293453724605,12.031602708803613,FALSE,0,TRUE
7311,Mecánicos y reparadores de instrumentos de precisión,73,Artesanos y operarios de las artes gráficas,731,"Reparadores de instrumentos de precisión, fabricantes y afinadores de instrumentos musicales, pintores de carteles, pintores decorativos y artesanos",7,Artesanos y operarios de oficios,2022,7,878,1147009.9344023324,44.071753986332574,0.9168564920273349,0.5842824601366743,0.4157175398633257,0,0.4533029612756264,52.75626423690205,14.567198177676538,FALSE,0,TRUE
6223,Pescadores de alta mar,62,"Trabajadores forestales calificados, pescadores y cazadores cuya producción se destina al mercado",622,"Trabajadores de explotaciones de acuicultura, pescadores, cazadores y tramperos",6,"Agricultores y trabajadores calificados agropecuarios, forestales y pesqueros",2022,16,854,635008.1580796253,41.62231182795699,0.4262295081967213,0.5573770491803278,0.4016393442622951,0.040983606557377046,0.06908665105386416,45.795081967213115,10.875878220140516,FALSE,0,TRUE
3254,Técnicos ópticos y contactólogos,32,Técnicos de la salud,325,"Técnicos en odontología, ópticos, técnicos en prevención de riesgos y otros técnicos en salud",3,Técnicos y profesionales de nivel medio,2022,8,811,1055469.5807644883,43.86189889025894,0.5758323057953144,0.5881627620221949,0.3156596794081381,0.09617755856966707,0.3526510480887793,39.5462392108508,13.852034525277436,FALSE,0,TRUE
1223,"Directores, gerentes y administradores de investigación y desarrollo",12,Directores y gerentes administrativos y de servicios comerciales,122,"Directores, gerentes y administradores de comercialización, publicidad, relaciones públicas e investigación y desarrollo",1,"Directores, gerentes y administradores",2022,7,796,3043911.1407035175,43.21608040201005,1,0.964824120603015,0.035175879396984924,0,0.1507537688442211,40.27010050251256,17.90452261306533,FALSE,0,TRUE
8211,Ensambladores de maquinaria mecánica,82,Ensambladores,821,"Ensambladores de maquinaria mecánica, equipos eléctricos, electrónicos y otros ensambladores",8,"Operadores de instalaciones, máquinas y ensambladores",2022,7,767,851266.814863103,51.633637548891784,1,1,0,0,0,44.720990873533246,12.190352020860496,FALSE,0,TRUE
9213,Obreros de explotaciones agropecuarias,92,"Obreros agropecuarios, pesqueros y forestales",921,"Obreros agropecuarios, de jardinería y horticultura, forestales y pesqueros",9,Ocupaciones elementales,2022,11,728,442937.29395604396,40.479395604395606,0.4649390243902439,0.7362637362637363,0.07142857142857142,0.19230769230769232,0,47.46565934065934,8.346153846153847,FALSE,0,TRUE
2621,Archivistas y curadores de museos,26,"Profesionales en derecho, ciencias sociales y culturales",262,"Archivistas, curadores de museo, bibliotecarios y documentalistas de archivos",2,"Profesionales, científicos e intelectuales",2022,5,705,1252482.2695035462,41.1177304964539,0.31347517730496455,0.75177304964539,0.24822695035460993,0,0.9134751773049645,48.83262411347518,18.02836879432624,FALSE,0,TRUE
3413,Técnicos de los servicios religiosos,34,"Técnicos de servicios jurídicos, sociales, deportivos y culturales",341,"Técnicos de los servicios jurídicos, sociales y religiosos",3,Técnicos y profesionales de nivel medio,2022,7,698,455752.3710601719,39.47421203438395,0.31805157593123207,0.8180515759312321,0.1819484240687679,0,0.15616045845272206,50.54011461318051,11.955587392550143,FALSE,0,TRUE
2111,Físicos y astrónomos,21,Profesionales de las ciencias y de la ingeniería,211,"Físicos, astrónomos, meteorólogos, químicos, geólogos y geofísicos",2,"Profesionales, científicos e intelectuales",2022,4,652,3428680.981595092,33.17484662576687,0.4294478527607362,0.647239263803681,0.35276073619631904,0,0.09815950920245399,33.423312883435585,19.788343558282207,FALSE,0,TRUE
7113,"Tronzadores, labrantes y grabadores de piedra",71,Operarios de la construcción (no incluye electricistas),711,Operarios de la construcción en obra gruesa,7,Artesanos y operarios de oficios,2022,8,619,513131.0597738288,42.84356435643564,0.1938610662358643,0.1938610662358643,0.8061389337641357,0,0.0420032310177706,40.718901453958,11.94184168012924,FALSE,0,TRUE
1213,"Directores, gerentes y administradores de políticas empresariales y planificación",12,Directores y gerentes administrativos y de servicios comerciales,121,"Directores, gerentes y administradores de finanzas, de recursos humanos, políticas empresariales y de servicios administrativos",1,"Directores, gerentes y administradores",2022,5,590,2402722.4097472923,46.220338983050844,1,0.7779661016949152,0.22203389830508474,0,0.06779661016949153,32.342372881355935,17.10677966101695,FALSE,0,TRUE
3514,Técnicos de la web,35,Técnicos de la tecnología de la información y las comunicaciones,351,"Técnicos en operaciones de tecnología de la información, las comunicaciones y asistencia al usuario; técnicos en redes y técnicos de la web",3,Técnicos y profesionales de nivel medio,2022,4,571,1034921.1908931698,59.8188679245283,0.6900175131348512,0.3922942206654991,0.6077057793345009,0,0,45.1523642732049,14.711033274956216,FALSE,0,TRUE
7133,Limpiadores de fachadas y deshollinadores,71,Operarios de la construcción (no incluye electricistas),713,"Pintores, limpiadores de fachadas y deshollinadores",7,Artesanos y operarios de oficios,2022,8,553,317261.87341772154,24.39240506329114,0.13924050632911392,0.09403254972875226,0.9059674502712477,0,0.43399638336347196,41.47558770343581,12.619318181818182,FALSE,0,TRUE
5161,Astrólogos y adivinadores,51,Trabajadores de los servicios a las personas,516,Otros trabajadores de servicios a las personas,5,Trabajadores de los servicios y vendedores de comercios y mercados,2022,6,546,299505.4945054945,21.99084249084249,0,0,1,0,0.7893772893772893,50.38278388278388,14.54945054945055,FALSE,0,TRUE
8312,"Guardafrenos, guardagujas y agentes de maniobras",83,Conductores de vehículos y operadores de equipos pesados y móviles,831,"Maquinistas de locomotoras, guardafrenos y agentes de maniobras",8,"Operadores de instalaciones, máquinas y ensambladores",2022,8,543,587019.6979742174,53.41988950276243,1,0.85451197053407,0,0.14548802946593,0.2946593001841621,37.11602209944751,10.97844827586207,FALSE,0,TRUE
7211,Moldeadores y macheros,72,"Operarios de la metalurgia y operarios de máquinas herramientas; mecánicos de vehículos, maquinarias, aviones y bicicletas",721,"Moldeadores, soldadores, chapistas, caldereros, montadores de estructuras metálicas, aparejadores y empalmadores de cables no eléctricos",7,Artesanos y operarios de oficios,2022,6,537,534286.7858472998,44.18249534450652,0.9590316573556797,1,0,0,0,45.21973929236499,10.1024208566108,FALSE,0,TRUE
8152,Operadores de telares y otras máquinas tejedoras,81,Operadores de instalaciones fijas y máquinas,815,"Operadores de máquinas para fabricar productos textiles, artículos de piel y cuero y operadores de máquinas de lavanderías",8,"Operadores de instalaciones, máquinas y ensambladores",2022,6,514,402187.873540856,33.6284046692607,0.6595330739299611,0.6595330739299611,0.3404669260700389,0,0.6478599221789884,53.43579766536965,7.192607003891051,FALSE,0,TRUE
8156,"Operadores de máquinas para la fabricación de calzado, bolsos y accesorios de talabartería",81,Operadores de instalaciones fijas y máquinas,815,"Operadores de máquinas para fabricar productos textiles, artículos de piel y cuero y operadores de máquinas de lavanderías",8,"Operadores de instalaciones, máquinas y ensambladores",2022,4,495,545292.9292929292,45.2020202020202,0.5252525252525253,0,1,0,0,57.45050505050505,10.49090909090909,FALSE,0,TRUE
7312,Fabricantes y afinadores de instrumentos musicales,73,Artesanos y operarios de las artes gráficas,731,"Reparadores de instrumentos de precisión, fabricantes y afinadores de instrumentos musicales, pintores de carteles, pintores decorativos y artesanos",7,Artesanos y operarios de oficios,2022,7,477,222382.9853249476,43.0293501048218,0.31027253668763105,0.05870020964360587,0.9412997903563941,0,0.2809224318658281,45.477987421383645,12.180293501048219,FALSE,0,TRUE
9332,Conductores de vehículos y máquinas de tracción animal,93,"Obreros de la minería, la construcción, la industria manufacturera y el transporte",933,Obreros del transporte y almacenamiento,9,Ocupaciones elementales,2022,5,457,447438.0328227571,32.63894967177243,0.8293216630196937,0.8293216630196937,0.17067833698030635,0,0.23194748358862144,42.70021881838074,11.938730853391684,FALSE,0,TRUE
5163,Personal de pompas fúnebres y embalsamadores,51,Trabajadores de los servicios a las personas,516,Otros trabajadores de servicios a las personas,5,Trabajadores de los servicios y vendedores de comercios y mercados,2022,4,438,731951.4155251142,45.582191780821915,0.7507082152974505,1,0,0,0,58.06392694063927,9.773972602739725,FALSE,0,TRUE
3151,Oficiales maquinistas en navegación,31,Técnicos de las ciencias y la ingeniería,315,Técnicos y controladores en navegación marítima y aeronáutica,3,Técnicos y profesionales de nivel medio,2022,4,435,3104249.1931034485,48.9448275862069,1,1,0,0,0,54.08045977011494,15.227586206896552,FALSE,0,TRUE
3155,Técnicos electrónicos aeronáuticos,31,Técnicos de las ciencias y la ingeniería,315,Técnicos y controladores en navegación marítima y aeronáutica,3,Técnicos y profesionales de nivel medio,2022,1,425,454167,43,1,1,0,0,0,33,16,FALSE,0,TRUE
3141,Técnicos en ciencias biológicas (excluyendo la medicina),31,Técnicos de las ciencias y la ingeniería,314,"Técnicos en ciencias biológicas (excluyendo la medicina), agropecuarias, acuícolas y forestales",3,Técnicos y profesionales de nivel medio,2022,3,397,676257.1712846347,45,1,1,0,0,0.473551637279597,53.2015113350126,13.836272040302267,FALSE,0,TRUE
5241,"Modelos de moda, arte y publicidad",52,Vendedores,524,Modelos y promotores y otros vendedores no clasificados previamente,5,Trabajadores de los servicios y vendedores de comercios y mercados,2022,2,385,500000,20.44935064935065,1,0,1,0,1,62.03636363636364,12.501298701298701,FALSE,0,TRUE
2356,Instructores en tecnologías de la información,23,Profesionales de la educación,235,"Especialistas en métodos pedagógicos, educadores para necesidades especiales y otros profesionales de la educación",2,"Profesionales, científicos e intelectuales",2022,3,371,1278234.501347709,51.913746630727765,1,0.6037735849056604,0,0.39622641509433965,0,50.02156334231806,17.53099730458221,FALSE,0,TRUE
1341,"Directores, gerentes y administradores de servicios de cuidados infantiles",13,"Directores, gerentes y administradores de producción y operaciones",134,"Directores, gerentes y administradores de servicios de cuidados a personas, bienestar social, educación, servicios financieros y de otros servicios profesionales",1,"Directores, gerentes y administradores",2022,2,364,1894139.120879121,45,1,1,0,0,1,43.956043956043956,20.12087912087912,FALSE,0,TRUE
3133,Controladores de instalaciones de procesamiento de productos químicos,31,Técnicos de las ciencias y la ingeniería,313,"Técnicos en control de procesos en instalaciones de producción de energía, agua, productos químicos, gas natural y metales",3,Técnicos y profesionales de nivel medio,2022,3,352,824643.2980392157,35.35511363636363,0.7244318181818182,0.7244318181818182,0.2755681818181818,0,0,38.46306818181818,14.079545454545455,FALSE,0,TRUE
3223,Ayudantes de ambulancia,32,Técnicos de la salud,322,"Técnicos y auxiliares paramédicos de enfermería, esterilización y ayudantes de ambulancia",3,Técnicos y profesionales de nivel medio,2022,2,348,513735.632183908,62.52873563218391,1,1,0,0,0.4540229885057471,29.729885057471265,13.362068965517242,FALSE,0,TRUE
7224,Pulidores de metales y afiladores de herramientas,72,"Operarios de la metalurgia y operarios de máquinas herramientas; mecánicos de vehículos, maquinarias, aviones y bicicletas",722,Herreros y herramentistas; reguladores y operarios de máquinas herramientas; pulidores de metales y afiladores de herramientas,7,Artesanos y operarios de oficios,2022,3,321,658025.9470404985,36.308411214953274,1,0.4205607476635514,0.5794392523364486,0,0,46.27414330218068,13.738317757009346,FALSE,0,TRUE
3258,Quiroprácticos y osteópatas,32,Técnicos de la salud,325,"Técnicos en odontología, ópticos, técnicos en prevención de riesgos y otros técnicos en salud",3,Técnicos y profesionales de nivel medio,2022,3,320,298031.25,35.996875,0.4625,0.340625,0.659375,0,0,42.053125,12.590625,FALSE,0,TRUE
9123,Limpiadores de ventanas,91,Auxiliares de aseo y trabajadores de casa particular,912,"Limpiadores de ropa, vehículos, ventanas y otros limpiadores manuales",9,Ocupaciones elementales,2022,2,303,468811.88118811883,34.851485148514854,0.594059405940594,1,0,0,0,25.15841584158416,13.376237623762377,FALSE,0,TRUE
7321,Tipógrafos,73,Artesanos y operarios de las artes gráficas,732,"Tipógrafos, impresores y encuadernadores",7,Artesanos y operarios de oficios,2022,2,281,358718.86120996444,41.03202846975089,1,0.7935943060498221,0.20640569395017794,0,0,50.88967971530249,13.761565836298933,FALSE,0,TRUE
3135,Controladores de procesos de producción de metales,31,Técnicos de las ciencias y la ingeniería,313,"Técnicos en control de procesos en instalaciones de producción de energía, agua, productos químicos, gas natural y metales",3,Técnicos y profesionales de nivel medio,2022,4,279,1136344.2150537635,46.16129032258065,0.6129032258064516,1,0,0,0,42.043010752688176,13.709677419354838,FALSE,0,TRUE
4131,Operadores de equipo de procesamiento de texto y mecanógrafos,41,Oficinistas,413,Operadores de equipo de oficina,4,Personal de apoyo administrativo,2022,3,267,1091568.0786516855,39.61797752808989,0.08239700374531835,0.9026217228464419,0.09737827715355805,0,0.08239700374531835,53.00749063670412,12.486891385767791,FALSE,0,TRUE
2249,Otros profesionales de la salud no clasificados previamente,22,Profesionales de la salud,224,"Dentistas, farmacéuticos, kinesiólogos, nutricionistas, fonoaudiólogos y otros profesionales de la salud",2,"Profesionales, científicos e intelectuales",2022,2,226,3943362.8318584072,44.19469026548673,1,1,0,0,0.19469026548672566,34.24778761061947,20.858407079646017,FALSE,0,TRUE
4322,Empleados de cálculo de los insumos y materiales para la producción,43,Auxiliares y ayudantes de registros contables y encargados del registro de materiales,432,Empleados encargados del registro de materiales y de transportes,4,Personal de apoyo administrativo,2022,2,217,501059.9078341014,45,1,0,0,1,0.576036866359447,44.02304147465438,15.576036866359447,FALSE,0,TRUE
4413,Codificadores de datos y correctores de pruebas de imprenta,44,Otro personal de apoyo administrativo,441,Otro personal de apoyo administrativo,4,Personal de apoyo administrativo,2022,1,215,500000,45,1,1,0,0,1,46,12,FALSE,0,TRUE
8154,"Operadores de máquinas de blanqueamiento, teñido y limpieza de tejidos",81,Operadores de instalaciones fijas y máquinas,815,"Operadores de máquinas para fabricar productos textiles, artículos de piel y cuero y operadores de máquinas de lavanderías",8,"Operadores de instalaciones, máquinas y ensambladores",2022,1,211,600000,45,1,1,0,0,0,48,12,FALSE,0,TRUE
3214,Técnicos de prótesis médicas,32,Técnicos de la salud,321,"Técnicos y auxiliares paramédicos en imagenología, análisis de muestras médicas y de sangre, farmacéuticos y prótesis médicas y dentales",3,Técnicos y profesionales de nivel medio,2022,3,207,481884.05797101447,43.96135265700483,1,0.7922705314009661,0.20772946859903382,0,0.20772946859903382,35.28019323671498,13.405797101449275,FALSE,0,TRUE
2112,Meteorólogos,21,Profesionales de las ciencias y de la ingeniería,211,"Físicos, astrónomos, meteorólogos, químicos, geólogos y geofísicos",2,"Profesionales, científicos e intelectuales",2022,2,199,2854052.7638190957,44.608040201005025,1,1,0,0,0,61.688442211055275,15,FALSE,0,TRUE
3232,Practicantes de la medicina tradicional,32,Técnicos de la salud,323,Profesionales y técnicos de las terapias complementarias y medicina tradicional,3,Técnicos y profesionales de nivel medio,2022,5,174,391679.7413793103,20.735632183908045,0.3505747126436782,0,1,0,0.6436781609195402,40.46551724137931,11.879310344827585,FALSE,0,TRUE
3252,Técnicos en documentación e información sanitaria,32,Técnicos de la salud,325,"Técnicos en odontología, ópticos, técnicos en prevención de riesgos y otros técnicos en salud",3,Técnicos y profesionales de nivel medio,2022,2,142,765352.1126760563,46.40845070422535,0.5985915492957746,1,0,0,0.4014084507042254,34.605633802816904,14.591549295774648,FALSE,0,TRUE
8155,Operadores de máquinas de tratamiento de pieles y cueros,81,Operadores de instalaciones fijas y máquinas,815,"Operadores de máquinas para fabricar productos textiles, artículos de piel y cuero y operadores de máquinas de lavanderías",8,"Operadores de instalaciones, máquinas y ensambladores",2022,2,129,844063.3875968992,43.10077519379845,1,1,0,0,0.3798449612403101,54.10077519379845,12,FALSE,0,TRUE
4414,Escribientes públicos,44,Otro personal de apoyo administrativo,441,Otro personal de apoyo administrativo,4,Personal de apoyo administrativo,2022,1,57,604167,40,1,1,0,0,1,55,15,FALSE,0,TRUE
7535,"Apelambradores, pellejeros y curtidores",75,"Operarios de procesamiento de alimentos, de la confección, ebanistas y otros oficios",753,"Sastres, modistos, patronistas de tela, costureros, tapiceros, apelambradores y zapateros",7,Artesanos y operarios de oficios,2022,1,51,538333,45,1,1,0,0,0,60,7,FALSE,0,TRUE
6129,Otros criadores y trabajadores calificados de la cría de animales no clasificados previamente,61,Agricultores y trabajadores calificados de explotaciones agropecuarias cuya producción se destina al mercado,612,Trabajadores calificados de la cría de animales,6,"Agricultores y trabajadores calificados agropecuarios, forestales y pesqueros",2022,1,44,50000,3,0,0,1,0,1,64,5,FALSE,0,TRUE
4229,Otros empleados de servicios de información al cliente no clasificados previamente,42,Empleados en trato directo con el público,422,Empleados de servicios de información al cliente,4,Personal de apoyo administrativo,2022,1,38,350000,45,1,1,0,0,1,31,12,FALSE,0,TRUE
6320,Criadores de subsistencia,63,"Trabajadores agropecuarios, pescadores, cazadores y recolectores de subsistencia",632,Criadores de subsistencia,6,"Agricultores y trabajadores calificados agropecuarios, forestales y pesqueros",2022,1,33,359167,21,0,0,1,0,0,60,7,FALSE,0,TRUE
1113,Jefes de comunidades indígenas,11,"Miembros del Poder Ejecutivo y Legislativo, personal directivo de la administración pública y de otras organizaciones sociales y/o políticas, directores ejecutivos y gerentes generales",111,"Miembros del poder ejecutivo y legislativo, personal directivo de la administración pública y de otras organizaciones sociales y/o políticas",1,"Directores, gerentes y administradores",2022,1,19,418333,45,1,1,0,0,0,62,8,FALSE,0,TRUE
5223,"Vendedores y asistentes de venta de tiendas, almacenes y puestos de mercado",52,Vendedores,522,"Comerciantes, dueños - operadores, supervisores y vendedores de tiendas, almacenes y puestos de mercado",5,Trabajadores de los servicios y vendedores de comercios y mercados,2024,3508,347861,607170.6962642558,39.32495217822779,0.7574377524672028,0.9178694938495549,0.05184829572731637,0.010817539189503853,0.6126355067110139,38.3422976418742,13.109778318954723,FALSE,0,FALSE
9112,"Auxiliares de aseo de oficinas, hoteles y otros establecimientos",91,Auxiliares de aseo y trabajadores de casa particular,911,"Trabajadores de casa particular, limpiadores de oficinas, hoteles y otros establecimientos",9,Ocupaciones elementales,2024,3241,277616,495070.43112429144,40.82197058515838,0.8415234566477322,0.9621095325917814,0.03278989683591724,0.0047079419053656845,0.765089187943058,47.0890402570457,10.82662281635939,FALSE,0,FALSE
9211,Obreros de explotaciones agrícolas,92,"Obreros agropecuarios, pesqueros y forestales",921,"Obreros agropecuarios, de jardinería y horticultura, forestales y pesqueros",9,Ocupaciones elementales,2024,3255,231740,472026.58471675945,41.599669464619666,0.5764338706443373,0.9224130491067576,0.06736428756364891,0.007767325450936394,0.3538620868214378,44.403577284888236,9.298551101856672,FALSE,0,FALSE
8322,"Conductores de automóviles, taxis y camionetas",83,Conductores de vehículos y operadores de equipos pesados y móviles,832,"Conductores de motocicletas, automóviles y camionetas",8,"Operadores de instalaciones, máquinas y ensambladores",2024,2439,228453,647234.7471978302,42.997388538684476,0.48313188041719823,0.5078462528397526,0.46890607696112546,0.020310523389931407,0.09914074229710268,46.731205105645365,12.216390782925172,FALSE,0,FALSE
9111,Trabajadores de casa particular y asistentes domésticos,91,Auxiliares de aseo y trabajadores de casa particular,911,"Trabajadores de casa particular, limpiadores de oficinas, hoteles y otros establecimientos",9,Ocupaciones elementales,2024,2516,225673,390985.47439376067,29.810376918463895,0.4273309893631225,0.8839028151351734,0.11266744360202594,0.002432723453846938,0.984211669096436,51.91270555183828,10.026027378869312,FALSE,0,FALSE
5221,"Comerciantes y dueños - operadores de locales comerciales, tiendas, almacenes y mercados",52,Vendedores,522,"Comerciantes, dueños - operadores, supervisores y vendedores de tiendas, almacenes y puestos de mercado",5,Trabajadores de los servicios y vendedores de comercios y mercados,2024,2414,212140,617901.0366579548,44.09968835494231,0.6772820275889381,0.040690110304515886,0.8026397661921373,0.14730838125766005,0.5272602998020175,49.257829735080605,11.795952854302755,FALSE,0,FALSE
5414,Guardias de seguridad,54,Personal de los servicios de protección y seguridad,541,Personal de los servicios de protección y seguridad,5,Trabajadores de los servicios y vendedores de comercios y mercados,2024,2155,211745,626051.7954967102,45.25954726929606,0.8622917536336382,0.98208222154006,0.011400505324801058,0.006517273135138964,0.1889867529339536,43.71912441852228,12.010531995967074,FALSE,0,FALSE
8332,Conductores de camiones pesados y de alto tonelaje,83,Conductores de vehículos y operadores de equipos pesados y móviles,833,"Conductores de buses, trolebuses y camiones pesados",8,"Operadores de instalaciones, máquinas y ensambladores",2024,2153,189065,851472.2257993645,46.873900904948336,0.8465910900232462,0.8380504059450453,0.13871419882051148,0.023235395234443183,0.019379578451855183,46.072176235686136,11.608834551495017,FALSE,0,FALSE
4321,Empleados encargados del control de abastecimiento e inventario,43,Auxiliares y ayudantes de registros contables y encargados del registro de materiales,432,Empleados encargados del registro de materiales y de transportes,4,Personal de apoyo administrativo,2024,1501,172714,728820.1528301886,43.62962598140047,0.9297412343273368,0.9886112301261044,0.009466516900772375,0.0019222529731231979,0.20226501615387288,38.33569369014672,13.031236218462038,FALSE,0,FALSE
5211,Vendedores en quioscos o puestos de feria,52,Vendedores,521,Vendedores en quioscos o puestos de feria y vendedores ambulantes de comidas y bebidas de consumo inmediato (elaboración propia),5,Trabajadores de los servicios y vendedores de comercios y mercados,2024,1543,166674,301046.1351848537,29.003662165255207,0.15767306238525505,0.07421073472767198,0.8657679062121266,0.04352808476427037,0.5704908984004704,47.81884397086528,10.083649984042008,FALSE,0,FALSE
5120,Cocineros,51,Trabajadores de los servicios a las personas,512,Cocineros,5,Trabajadores de los servicios y vendedores de comercios y mercados,2024,1810,154533,591586.7518647802,40.427871971531914,0.6969954630128451,0.7605430555285926,0.18974587952087904,0.04567309247862916,0.736535238428038,43.501310399720445,11.993586869651663,FALSE,0,FALSE
7115,Carpinteros de obra,71,Operarios de la construcción (no incluye electricistas),711,Operarios de la construcción en obra gruesa,7,Artesanos y operarios de oficios,2024,1519,135733,584427.6624309559,41.4120638078342,0.45820143300939353,0.5143627562936058,0.4577147782779427,0.023251530578414975,0.014012804550109406,46.690966824574716,10.49170911775563,FALSE,0,FALSE
3221,Técnicos y auxiliares paramédicos de enfermería,32,Técnicos de la salud,322,"Técnicos y auxiliares paramédicos de enfermería, esterilización y ayudantes de ambulancia",3,Técnicos y profesionales de nivel medio,2024,1376,133788,744470.8918443464,44.77797439759036,0.8746550189599336,0.9712081801058391,0.025659999402039047,0.0031318204921218645,0.8146694770831465,37.767737016772806,14.614853750448619,FALSE,0,FALSE
2341,Profesores de educación básica,23,Profesionales de la educación,234,Profesores de educación básica y educadores de párvulos,2,"Profesionales, científicos e intelectuales",2024,1403,130934,1107430.6037282804,39.13574324841252,0.9510377575246994,0.985068813295248,0.013296775474666626,0.0016344112300853866,0.7226312493317244,41.29205553943208,16.960051969888035,FALSE,0,FALSE
7231,Mecánicos y reparadores de vehículos de motor,72,"Operarios de la metalurgia y operarios de máquinas herramientas; mecánicos de vehículos, maquinarias, aviones y bicicletas",723,"Mecánicos de vehículos, motores de aviones, reparadores de máquinas agrícolas, industriales y bicicletas",7,Artesanos y operarios de oficios,2024,1388,123015,733366.2069786543,44.054413284980555,0.6295606638423822,0.5979433402430598,0.35376173637361297,0.04341746941429907,0.012299313091899362,40.907986830874286,12.772772047510115,FALSE,0,FALSE
3343,Secretarios administrativos y ejecutivos,33,Técnicos en operaciones financieras y administrativas,334,"Supervisores de oficina, secretarios administrativos y especializados",3,Técnicos y profesionales de nivel medio,2024,1244,118168,895791.0285116021,41.82861523344853,0.8894517560607218,0.9760256583846727,0.01671349265452576,0.004400514521697921,0.7805581883420215,44.27589533545461,14.509890128508136,FALSE,0,FALSE
7512,"Panaderos, pasteleros y confiteros",75,"Operarios de procesamiento de alimentos, de la confección, ebanistas y otros oficios",751,"Operarios de procesamiento, elaboración, conservación, cata y clasificación de alimentos, bebidas y tabaco",7,Artesanos y operarios de oficios,2024,1186,108181,469812.6998364441,33.851614537403606,0.4513114175932285,0.4508185356023701,0.49933907063162664,0.04643144359915327,0.5861565339569795,41.471690962368626,11.790583092539082,FALSE,0,FALSE
5230,Vendedores de entradas (entretenciones y eventos deportivos) y cajeros de comercio,52,Vendedores,523,Vendedores de entradas (entretenciones y eventos deportivos) y cajeros de comercio,5,Trabajadores de los servicios y vendedores de comercios y mercados,2024,1084,104627,524285.44981357927,38.37548116513779,0.8509473684210527,0.9594177411184494,0.018647194318866068,0.009261471704244602,0.8188134993835243,36.809857876074055,12.984774484597667,FALSE,0,FALSE
2411,Contadores,24,Profesionales de negocios y administración,241,"Contadores, asesores y analistas financieros y en inversiones",2,"Profesionales, científicos e intelectuales",2024,792,100110,1521002.4166388644,41.09069960826746,0.9492593444623371,0.8107481770052942,0.15154330236739585,0.037418839276795526,0.5511836979322745,43.24178403755869,16.411076443057723,FALSE,0,FALSE
6113,"Agricultores y trabajadores calificados de huertas, invernaderos, viveros y jardines",61,Agricultores y trabajadores calificados de explotaciones agropecuarias cuya producción se destina al mercado,611,"Agricultores y trabajadores calificados de cultivos extensivos, plantaciones de árboles y arbustos, huertas, invernaderos, viveros y jardines y de cultivos mixtos",6,"Agricultores y trabajadores calificados agropecuarios, forestales y pesqueros",2024,990,85475,480792.11266117607,37.49531973941062,0.5080900848201229,0.6331675928634104,0.341667154138637,0.016694940040947646,0.16390757531441943,52.02323486399532,9.199561377789767,FALSE,0,FALSE
9334,Reponedores de estanterías,93,"Obreros de la minería, la construcción, la industria manufacturera y el transporte",933,Obreros del transporte y almacenamiento,9,Ocupaciones elementales,2024,862,84610,502007.055567604,39.12571584078754,0.9160674877197978,0.9892211322538706,0.008308710554308001,0.0023519678524997045,0.47438837016901075,37.21167710672497,12.227585634900887,FALSE,0,FALSE
9313,Obreros de la construcción de edificios,93,"Obreros de la minería, la construcción, la industria manufacturera y el transporte",931,Obreros de la minería y la construcción,9,Ocupaciones elementales,2024,916,81987,510557.59007822984,41.70386805709637,0.589869739845934,0.8223498847378243,0.16359910717552784,0.00983082683840121,0.041104077475697366,40.9498944954688,10.211753605607225,FALSE,0,FALSE
2149,Otros ingenieros no clasificados previamente,21,Profesionales de las ciencias y de la ingeniería,214,Ingenieros (excluyendo ingenieros en electrotecnología),2,"Profesionales, científicos e intelectuales",2024,546,78622,2160324.266559959,42.55487051450263,0.9349566547679755,0.913141359924703,0.05718501182875022,0.029241179313678107,0.37878710793416603,40.109053445600466,17.183065808552314,FALSE,0,FALSE
5131,Garzones de mesa,51,Trabajadores de los servicios a las personas,513,Garzones de mesa y bármanes,5,Trabajadores de los servicios y vendedores de comercios y mercados,2024,778,78476,575881.0767788067,37.49187028329084,0.6415176680486209,0.9581655537998879,0.03265966664967634,0.003071002599520873,0.6119960242621948,32.19830266578317,12.984263581798594,FALSE,0,FALSE
2611,Abogados,26,"Profesionales en derecho, ciencias sociales y culturales",261,"Abogados, jueces y otros profesionales del derecho",2,"Profesionales, científicos e intelectuales",2024,521,77861,2282826.826715412,41.14694134419029,0.8723622866390105,0.6806231617883151,0.2700581806038967,0.04829118557429265,0.4584323345448941,40.843105020485226,17.697830039067032,FALSE,0,FALSE
7212,Soldadores y oxicortadores,72,"Operarios de la metalurgia y operarios de máquinas herramientas; mecánicos de vehículos, maquinarias, aviones y bicicletas",721,"Moldeadores, soldadores, chapistas, caldereros, montadores de estructuras metálicas, aparejadores y empalmadores de cables no eléctricos",7,Artesanos y operarios de oficios,2024,836,76801,694881.5160740701,44.38914969933537,0.6923137481302648,0.7391570422260126,0.24715824012708168,0.012799312508951706,0.0023567401466126742,44.02440072394891,11.2457114552375,FALSE,0,FALSE
2221,Enfermeros profesionales,22,Profesionales de la salud,222,Profesionales de enfermería y matronería,2,"Profesionales, científicos e intelectuales",2024,628,73444,1485265.5180075476,43.99045916138895,0.8856026023016155,0.9788546375469745,0.021145362453025434,0,0.8123740537007789,36.05020151407875,17.021090899188497,FALSE,0,FALSE
3611,Técnicos en educación parvularia,36,Técnicos en educación,361,Técnicos en educación,3,Técnicos y profesionales de nivel medio,2024,861,71503,550159.4582968383,40.662154035495014,0.9307142857142857,0.9925737381648323,0.005901850272016559,0.0015244115631511965,0.9973987105436135,37.18788022880159,13.818874732528705,FALSE,0,FALSE
7233,Mecánicos y reparadores de máquinas agrícolas e industriales,72,"Operarios de la metalurgia y operarios de máquinas herramientas; mecánicos de vehículos, maquinarias, aviones y bicicletas",723,"Mecánicos de vehículos, motores de aviones, reparadores de máquinas agrícolas, industriales y bicicletas",7,Artesanos y operarios de oficios,2024,758,69799,935791.8453124772,48.37325897284788,0.9327210991561483,0.8944110947148239,0.08666313270963767,0.018925772575538333,0.017636355821716642,40.36251235691056,13.12602127110627,FALSE,0,FALSE
2310,Profesores de la educación superior,23,Profesionales de la educación,231,Profesores de la educación superior,2,"Profesionales, científicos e intelectuales",2024,548,69645,1656097.7950715052,33.92181779022184,0.6821164476990451,0.9594802211214014,0.03616914351353292,0.004350635365065691,0.45331323138775215,43.825615622083426,19.042387655423806,FALSE,0,FALSE
7411,Electricistas de obras,74,Trabajadores especializados en electricidad y electrónica,741,"Electricistas, instaladores y reparadores de equipos y líneas eléctricas",7,Artesanos y operarios de oficios,2024,732,69147,723847.2890280847,42.94876236157992,0.7249338366089635,0.6694867456288776,0.2900631986926403,0.03904724716907458,0.01064399033942181,40.99313057688692,12.624237937641526,FALSE,0,FALSE
1420,"Directores, gerentes y administradores de comercios al por mayor y al por menor",14,"Directores, gerentes y administradores de hoteles, restaurantes, comercios y de otros servicios",142,"Directores, gerentes y administradores de comercios al por mayor y al por menor",1,"Directores, gerentes y administradores",2024,587,69061,2022941.6222849663,43.12380068987507,0.8921464906305706,0.5111423234531791,0.16353658360000578,0.318747194509202,0.3289700409782656,44.541390944237705,14.65299432897733,FALSE,0,FALSE
2634,Psicólogos,26,"Profesionales en derecho, ciencias sociales y culturales",263,"Economistas, especialistas en ciencias sociales, humanidades, ciencias políticas y teología",2,"Profesionales, científicos e intelectuales",2024,600,68834,1385491.0627122382,37.1916576823334,0.8121364106900725,0.7170148473138275,0.24830752244530319,0.032353197547723506,0.6832524624458843,37.12829415695732,17.4425865124793,FALSE,0,FALSE
8331,Conductores de buses y trolebuses,83,Conductores de vehículos y operadores de equipos pesados y móviles,833,"Conductores de buses, trolebuses y camiones pesados",8,"Operadores de instalaciones, máquinas y ensambladores",2024,686,66222,758020.0684848301,47.33581034875769,0.7999003352360243,0.8753435414212799,0.10692821116849385,0.01772824741022621,0.0773005949684395,50.55766965660958,11.585177342509263,FALSE,0,FALSE
2330,Profesores de educación media,23,Profesionales de la educación,233,Profesores de educación media,2,"Profesionales, científicos e intelectuales",2024,597,63507,1248601.733840364,39.42191983854183,0.9417520160335822,0.995228872407766,0.0031492591367880706,0.0016218684554458564,0.5393893586533768,42.05752121813343,17.26490379311975,FALSE,0,FALSE
2635,Profesionales del trabajo social,26,"Profesionales en derecho, ciencias sociales y culturales",263,"Economistas, especialistas en ciencias sociales, humanidades, ciencias políticas y teología",2,"Profesionales, científicos e intelectuales",2024,698,62415,1161150.6927528288,42.04053486644488,0.7897432603843869,0.9725546743571257,0.02502603540815509,0.002419290234719218,0.8240807498197549,39.44649523351758,16.906833293278858,FALSE,0,FALSE
5141,Peluqueros,51,Trabajadores de los servicios a las personas,514,"Peluqueros, cosmetólogos y especialistas en tratamientos de belleza",5,Trabajadores de los servicios y vendedores de comercios y mercados,2024,591,61062,534291.4215229474,34.834436643263125,0.48863113622921733,0.2116701057941109,0.7028593888179228,0.08520847663031017,0.6384330680292162,40.9281386132128,12.491354419581338,FALSE,0,FALSE
7112,Albañiles,71,Operarios de la construcción (no incluye electricistas),711,Operarios de la construcción en obra gruesa,7,Artesanos y operarios de oficios,2024,709,59488,564543.240776065,40.39203215630406,0.4754749509837063,0.5706024744486283,0.4119318181818182,0.017465707369553524,0.006068450779989241,46.10792092522862,10.087627478038437,FALSE,0,FALSE
5312,Asistentes de aula e inspectores de patio,53,Trabajadores de los cuidados personales,531,"Cuidadores de niños, asistentes de aula e inspectores de patio",5,Trabajadores de los servicios y vendedores de comercios y mercados,2024,762,57680,565111.8496414246,40.883044382801664,0.9069747151307869,0.9812066574202497,0.011234396671289875,0.007558945908460472,0.8126733703190014,43.976716366158115,13.431328016643551,FALSE,0,FALSE
2142,"Ingenieros civiles, ingenieros en construcción y constructores civiles",21,Profesionales de las ciencias y de la ingeniería,214,Ingenieros (excluyendo ingenieros en electrotecnología),2,"Profesionales, científicos e intelectuales",2024,449,56727,2188063.883762121,43.47317814659667,0.917236504991607,0.8676996844536111,0.08174238017169955,0.0505579353746893,0.15874275036578703,39.61998695506549,17.171937213541206,FALSE,0,FALSE
5153,Conserjes,51,Trabajadores de los servicios a las personas,515,"Supervisores de mantenimiento y limpieza, mayordomos domésticos y conserjes",5,Trabajadores de los servicios y vendedores de comercios y mercados,2024,419,56275,549222.7476993866,41.140435362061304,0.8516037316748112,0.9913993780541981,0.007303420701910262,0.0012972012438916037,0.19367392270102177,50.138409595735226,12.471492324169938,FALSE,0,FALSE
4110,Trabajadores de tareas administrativas generales,41,Oficinistas,411,Trabajadores de tareas administrativas generales,4,Personal de apoyo administrativo,2024,564,54027,806298.8368448677,42.41329335332334,0.8424847683106333,0.9717178447813131,0.010809410109759936,0.015843929886908397,0.5950913432172803,43.72717345031188,14.012284282798293,FALSE,0,FALSE
9520,Vendedores ambulantes (excluyendo comida de consumo inmediato),95,Trabajadores ambulantes de servicios y vendedores ambulantes (excluyendo comida de consumo inmediato),952,Vendedores ambulantes (excluyendo comida de consumo inmediato),9,Ocupaciones elementales,2024,575,54007,347841.99117949913,33.01188107766394,0.0767122780380321,0.006702834817708815,0.974558853481956,0.010257929527653822,0.5220249226952062,46.11494806228822,10.01286197539125,FALSE,0,FALSE
5311,Cuidadores de niños en instituciones y a domicilios,53,Trabajadores de los cuidados personales,531,"Cuidadores de niños, asistentes de aula e inspectores de patio",5,Trabajadores de los servicios y vendedores de comercios y mercados,2024,552,52929,313840.8460695271,30.981853840587988,0.24426369053248842,0.5513045778306789,0.41704925466190557,0.007840692248105954,0.973058247841448,44.308507623420056,11.833932286741064,FALSE,0,FALSE
9412,Ayudantes de cocina,94,Cocineros de comida rápida y ayudantes de cocina,941,Cocineros de comida rápida y ayudantes de cocina,9,Ocupaciones elementales,2024,664,52050,488756.8486814856,41.20227426038354,0.6638754592922065,0.942478386167147,0.047992315081652255,0.0022094140249759846,0.7443227665706051,39.4132949087416,11.598938692998484,FALSE,0,FALSE
8342,Operadores de máquinas de movimiento de tierras,83,Conductores de vehículos y operadores de equipos pesados y móviles,834,"Operadores de maquinaria agrícola, forestal, máquinas de movimiento de tierras, grúas y montacargas",8,"Operadores de instalaciones, máquinas y ensambladores",2024,649,50496,993238.4577950734,51.793317746737806,0.9261555127587867,0.9278160646387833,0.052083333333333336,0.020100602027883396,0.022140367553865652,43.32507525348542,11.61157319391635,FALSE,0,FALSE
7111,Constructores de casas,71,Operarios de la construcción (no incluye electricistas),711,Operarios de la construcción en obra gruesa,7,Artesanos y operarios de oficios,2024,540,49507,638363.283929609,42.69532004024889,0.403493856399668,0.3379522087785566,0.5848667865150383,0.0739895368331751,0.013250651423031086,47.21992849496031,10.954597945663405,FALSE,0,FALSE
8160,"Operadores de máquinas para elaborar alimentos, bebidas y cigarrillos",81,Operadores de instalaciones fijas y máquinas,816,"Operadores de máquinas para elaborar alimentos, bebidas y cigarrillos",8,"Operadores de instalaciones, máquinas y ensambladores",2024,394,48508,732927.4207876506,43.38245237898903,0.9586335019093818,0.9937123773398202,0.006287622660179764,0,0.29786839284241773,40.76323493032077,11.909842161804809,FALSE,0,FALSE
9333,Obreros de carga,93,"Obreros de la minería, la construcción, la industria manufacturera y el transporte",933,Obreros del transporte y almacenamiento,9,Ocupaciones elementales,2024,493,48359,549755.408896148,40.77035546891202,0.7256265391858612,0.8830000620360222,0.10533716578093012,0.00723753592919622,0.036042928927397175,37.86060505800368,10.556671152054653,FALSE,0,FALSE
5322,Trabajadores de los cuidados personales a domicilio,53,Trabajadores de los cuidados personales,532,Trabajadores de los cuidados personales en instituciones y a domicilio,5,Trabajadores de los servicios y vendedores de comercios y mercados,2024,605,48292,415995.22232679516,37.00842268062784,0.28961646398503277,0.7008614263232005,0.25567381760954194,0.00590159860846517,0.9586266876501284,50.37685330903669,11.184045004463082,FALSE,0,FALSE
2243,Ingenieros en prevención de riesgos y otros profesionales de la seguridad e higiene laboral y ambiental,22,Profesionales de la salud,224,"Dentistas, farmacéuticos, kinesiólogos, nutricionistas, fonoaudiólogos y otros profesionales de la salud",2,"Profesionales, científicos e intelectuales",2024,487,46930,1471473.9089480934,45.724818253951234,0.9271051618697345,0.9461751544854038,0.041700404858299595,0.009993607500532709,0.3567014702748775,38.45991902834008,16.506605582782868,FALSE,0,FALSE
6111,Agricultores y trabajadores calificados de cultivos extensivos,61,Agricultores y trabajadores calificados de explotaciones agropecuarias cuya producción se destina al mercado,611,"Agricultores y trabajadores calificados de cultivos extensivos, plantaciones de árboles y arbustos, huertas, invernaderos, viveros y jardines y de cultivos mixtos",6,"Agricultores y trabajadores calificados agropecuarios, forestales y pesqueros",2024,772,46890,544841.5482753224,42.672927362925414,0.335901649840992,0.3022606099381531,0.6222008957133717,0.0635956493921945,0.14158669225847728,53.976434207720196,9.007259838148315,FALSE,0,FALSE
7131,Pintores y empapeladores de paredes,71,Operarios de la construcción (no incluye electricistas),713,"Pintores, limpiadores de fachadas y deshollinadores",7,Artesanos y operarios de oficios,2024,410,46189,531407.7585953831,38.92736869656255,0.4440987708038725,0.5534001602113057,0.4333066314490463,0.009612678343328499,0.042867349368897356,45.34681417653554,10.834917404576847,FALSE,0,FALSE
7126,Gásfiter e instaladores de tuberías,71,Operarios de la construcción (no incluye electricistas),712,Operarios de la construcción en trabajos de terminación,7,Artesanos y operarios de oficios,2024,478,46026,583666.8630036467,38.114791970882465,0.6148264024681702,0.5496893060444097,0.43425455177508365,0.01431799417720419,0.012949202624603485,48.29791856776605,10.74082148774745,FALSE,0,FALSE
5222,"Supervisores de locales comerciales, tiendas y almacenes",52,Vendedores,522,"Comerciantes, dueños - operadores, supervisores y vendedores de tiendas, almacenes y puestos de mercado",5,Trabajadores de los servicios y vendedores de comercios y mercados,2024,401,45098,997256.4049617981,43.188279412417344,0.96107202680067,0.9537673511020445,0.01645305778526764,0.028914807752006742,0.5500909131225331,42.01117566189188,14.020910018182624,FALSE,0,FALSE
9411,Cocineros de comida rápida,94,Cocineros de comida rápida y ayudantes de cocina,941,Cocineros de comida rápida y ayudantes de cocina,9,Ocupaciones elementales,2024,412,44565,479802.0960151271,36.953102210254684,0.5933533244650869,0.6725905980029171,0.25757881745764616,0.05419050824638169,0.5903287333108942,35.10146976326714,12.305645361850287,FALSE,0,FALSE
2342,Educadores de párvulos,23,Profesionales de la educación,234,Profesores de educación básica y educadores de párvulos,2,"Profesionales, científicos e intelectuales",2024,482,44066,955868.5296338412,41.37840965823991,0.9684337130667635,0.991807742931058,0.00555984205509917,0.002632415013842872,0.9952798075613852,39.6813870103935,16.62077338537648,FALSE,0,FALSE
5142,Cosmetólogos y especialistas en tratamientos de belleza,51,Trabajadores de los servicios a las personas,514,"Peluqueros, cosmetólogos y especialistas en tratamientos de belleza",5,Trabajadores de los servicios y vendedores de comercios y mercados,2024,366,41851,535727.5516001352,27.242651296829973,0.3115098802895988,0.2018589758906597,0.7670784449594992,0.031062579149841105,0.9119973238393347,32.675372153592505,13.310555435797944,FALSE,0,FALSE
3334,Agentes inmobiliarios,33,Técnicos en operaciones financieras y administrativas,333,"Agentes de aduana, organizadores de eventos, agentes de empleo, de bienes raíces y otros agentes de servicios comerciales",3,Técnicos y profesionales de nivel medio,2024,306,41427,1167235.888251139,36.96517376407244,0.7530837376590147,0.5046950056726289,0.38564221401501436,0.1054384821493229,0.5234026118232071,48.87858160137109,15.4439406430338,FALSE,0,FALSE
2141,Ingenieros industriales y de producción,21,Profesionales de las ciencias y de la ingeniería,214,Ingenieros (excluyendo ingenieros en electrotecnología),2,"Profesionales, científicos e intelectuales",2024,308,41338,2237713.4324350953,44.71143182313485,0.9446653734238604,0.9188881900430597,0.061493057235473415,0.01961875272146693,0.20697663167061783,38.13805699356524,17.097779282984177,FALSE,0,FALSE
8344,Operadores de autoelevadoras y montacargas,83,Conductores de vehículos y operadores de equipos pesados y móviles,834,"Operadores de maquinaria agrícola, forestal, máquinas de movimiento de tierras, grúas y montacargas",8,"Operadores de instalaciones, máquinas y ensambladores",2024,399,41286,704120.5193891854,45.40236485667902,0.9309740117397765,0.9826091168919246,0.015816499539795574,0.0015743835682798042,0.04415540376883205,40.924938235721555,11.63973259700625,FALSE,0,FALSE
3313,Técnicos y asistentes en contabilidad,33,Técnicos en operaciones financieras y administrativas,331,"Agentes de bolsas, ejecutivos de créditos, asistentes contables y otros técnicos en finanzas y matemáticas",3,Técnicos y profesionales de nivel medio,2024,380,41092,923946.7248247054,40.59438651203586,0.8766283148934082,0.8729193030273532,0.11033777864304488,0.014285018981796944,0.6371556507349362,44.70738829942568,14.06251825172783,FALSE,0,FALSE
1412,"Directores, gerentes y administradores de restaurantes",14,"Directores, gerentes y administradores de hoteles, restaurantes, comercios y de otros servicios",141,"Directores, gerentes y administradores de hoteles y restaurantes",1,"Directores, gerentes y administradores",2024,376,40638,1173024.3750464628,46.06142663545645,0.9102564102564102,0.49498006791672816,0.13073970175697622,0.3728037797135686,0.512426792657119,41.258600324819135,14.258177512457447,FALSE,0,FALSE
2352,Educadores para necesidades especiales,23,Profesionales de la educación,235,"Especialistas en métodos pedagógicos, educadores para necesidades especiales y otros profesionales de la educación",2,"Profesionales, científicos e intelectuales",2024,410,39648,1064324.556318925,40.99271085552865,0.9635542776432607,0.9880952380952381,0.011904761904761904,0,0.9437298224374495,38.427184221146085,16.92439055197676,FALSE,0,FALSE
2431,Profesionales de la publicidad y la comercialización,24,Profesionales de negocios y administración,243,"Profesionales de la publicidad, relaciones públicas y de las ventas técnicas, médicas y de tecnología de la información y las comunicaciones",2,"Profesionales, científicos e intelectuales",2024,224,39011,1824137.7058423737,42.588468617945196,0.9057701673886852,0.8127963907615801,0.1523160134321089,0.03488759580631104,0.5051139422214247,37.256081618005176,16.467124657147984,FALSE,0,FALSE
2359,Otros profesionales de la educación no clasificados previamente,23,Profesionales de la educación,235,"Especialistas en métodos pedagógicos, educadores para necesidades especiales y otros profesionales de la educación",2,"Profesionales, científicos e intelectuales",2024,372,38528,788970.3722888014,29.59423791338685,0.6530575166112956,0.6753529900332226,0.3070494186046512,0.016689161129568107,0.653265157807309,39.93088143687708,16.23359634551495,FALSE,0,FALSE
5244,Vendedores por internet y otros medios de comunicación,52,Vendedores,524,Modelos y promotores y otros vendedores no clasificados previamente,5,Trabajadores de los servicios y vendedores de comercios y mercados,2024,340,38496,579624.9753959504,29.63670846064693,0.38481920199501246,0.2205423940149626,0.7200488362427265,0.05278470490440565,0.6999948046550291,37.09795822942643,13.373129675810473,FALSE,0,FALSE
2166,Diseñadores gráficos y de multimedia,21,Profesionales de las ciencias y de la ingeniería,216,"Arquitectos, diseñadores, urbanistas, cartógrafos y agrimensores",2,"Profesionales, científicos e intelectuales",2024,242,37297,974908.401190215,39.12307441075608,0.8239000455800735,0.6393007480494409,0.3332707724481862,0.026087889106362443,0.4121779231573585,37.54741668230689,15.92409577177789,FALSE,0,FALSE
7522,Ebanistas y mueblistas,75,"Operarios de procesamiento de alimentos, de la confección, ebanistas y otros oficios",752,"Operarios del tratamiento de la madera, ebanistas y operarios de máquinas para trabajar madera",7,Artesanos y operarios de oficios,2024,364,36386,558812.4639750167,39.7679012345679,0.37682075523553016,0.3962238223492552,0.5283350739295334,0.07406694882647172,0.03916341450008245,47.02066728961689,11.029379431649536,FALSE,0,FALSE
2422,Especialistas en políticas de administración,24,Profesionales de negocios y administración,242,"Especialistas y asesores de gestión, políticas corporativas, políticas públicas y desarrollo del personal",2,"Profesionales, científicos e intelectuales",2024,313,36278,1680381.3313588074,42.705220794972156,0.9199514857489387,0.9679420034180495,0.02023264788577099,0.011825348696179502,0.48401234908208834,40.652378852196925,16.59057831192458,FALSE,0,FALSE
7511,Carniceros y pescaderos,75,"Operarios de procesamiento de alimentos, de la confección, ebanistas y otros oficios",751,"Operarios de procesamiento, elaboración, conservación, cata y clasificación de alimentos, bebidas y tabaco",7,Artesanos y operarios de oficios,2024,410,35435,594922.7007530378,43.09001581206235,0.807901792013546,0.9232115140397912,0.04495555241992381,0.025370396500634964,0.34990828277127134,41.59492027656272,10.874834044236039,FALSE,0,FALSE
2421,Especialistas y asesores de gestión,24,Profesionales de negocios y administración,242,"Especialistas y asesores de gestión, políticas corporativas, políticas públicas y desarrollo del personal",2,"Profesionales, científicos e intelectuales",2024,272,35075,2038406.5261761993,42.8584461867427,0.8677405559515324,0.8934283677833215,0.06406272273699216,0.042508909479686385,0.4426229508196721,41.539073414112615,16.7928153955809,FALSE,0,FALSE
3123,Supervisores de la construcción,31,Técnicos de las ciencias y la ingeniería,312,"Supervisores de minas, de industrias manufactureras y de la construcción",3,Técnicos y profesionales de nivel medio,2024,332,35040,1174638.051747525,45.504269326970075,0.9438118670252331,0.9506563926940639,0.028738584474885844,0.01952054794520548,0.0528824200913242,44.083504566210046,13.425290972003776,FALSE,0,FALSE
9321,Empacadores manuales,93,"Obreros de la minería, la construcción, la industria manufacturera y el transporte",932,Empacadores manuales y obreros de la industria manufacturera,9,Ocupaciones elementales,2024,303,34787,584230.7102185014,42.784373472849055,0.8243422188957338,0.9798775404605169,0.019346307528674504,0,0.5522752752465001,36.48130048581367,12.160950929945095,FALSE,0,FALSE
2511,Analistas de sistemas,25,Profesionales de tecnología de la información y las comunicaciones,251,"Analistas, desarrolladores y programadores de software, multimedia y aplicaciones",2,"Profesionales, científicos e intelectuales",2024,216,34001,1874804.7928002118,42.70421458192406,0.9403861553518996,0.9157671833181377,0.0734096055998353,0.010823211082026999,0.13784888679744714,41.415752477868296,16.642951677891826,FALSE,0,FALSE
2512,Desarrolladores de software,25,Profesionales de tecnología de la información y las comunicaciones,251,"Analistas, desarrolladores y programadores de software, multimedia y aplicaciones",2,"Profesionales, científicos e intelectuales",2024,169,33812,2147856.838809879,42.28150333810205,0.936324381876257,0.8973145628770851,0.0710694428013723,0.03161599432154265,0.14086714775819237,37.8495504554596,16.823642493789187,FALSE,0,FALSE
3344,Secretarios médicos,33,Técnicos en operaciones financieras y administrativas,334,"Supervisores de oficina, secretarios administrativos y especializados",3,Técnicos y profesionales de nivel medio,2024,334,33715,680420.6553804593,41.62022838499184,0.8979386029956993,0.9898858075040783,0,0.005012605665134213,0.8493548865490138,42.75859409758268,14.056117455138663,FALSE,0,FALSE
2212,Médicos especialistas,22,Profesionales de la salud,221,Médicos generales y especialistas,2,"Profesionales, científicos e intelectuales",2024,241,33666,4799269.274169973,43.83003623834135,0.7503948505527908,0.8691261213093329,0.12110140794867225,0.009772470741994891,0.4817620150894077,44.3180062971544,20.25178239769936,FALSE,0,FALSE
2161,Arquitectos,21,Profesionales de las ciencias y de la ingeniería,216,"Arquitectos, diseñadores, urbanistas, cartógrafos y agrimensores",2,"Profesionales, científicos e intelectuales",2024,224,33462,2150978.8723307033,40.53774430697508,0.7841432072201303,0.6889904966828043,0.2530631761400992,0.04760623991393222,0.3372482218636065,42.80156595541211,17.69197896120973,FALSE,0,FALSE
3322,"Representantes comerciales (excepto venta de productos y servicios industriales, farmacéuticos y de tecnologías de la información y las comunicaciones)",33,Técnicos en operaciones financieras y administrativas,332,"Agentes de seguros, representantes comerciales, agentes de compras y consignatarios",3,Técnicos y profesionales de nivel medio,2024,271,33369,1349644.3896004413,43.16334853931905,0.9478083097829355,0.969192963529024,0.030807036470976056,0,0.3321645838952321,43.731187629236715,14.411692289214509,FALSE,0,FALSE
5412,Carabineros,54,Personal de los servicios de protección y seguridad,541,Personal de los servicios de protección y seguridad,5,Trabajadores de los servicios y vendedores de comercios y mercados,2024,314,33221,1258154.3178210352,53.64952831619498,0.9817886276752656,1,0,0,0.18193311459618916,37.412329550585476,13.313205502543571,FALSE,0,FALSE
6112,Agricultores y trabajadores calificados de plantaciones de árboles y arbustos,61,Agricultores y trabajadores calificados de explotaciones agropecuarias cuya producción se destina al mercado,611,"Agricultores y trabajadores calificados de cultivos extensivos, plantaciones de árboles y arbustos, huertas, invernaderos, viveros y jardines y de cultivos mixtos",6,"Agricultores y trabajadores calificados agropecuarios, forestales y pesqueros",2024,458,31417,686686.6946074414,43.30005496104232,0.7293185218193972,0.7278543463729827,0.23283572588089252,0.03647706655632301,0.18168507495941688,50.18706432822994,9.934573485379373,FALSE,0,FALSE
2423,Especialistas en políticas y servicios de personal,24,Profesionales de negocios y administración,242,"Especialistas y asesores de gestión, políticas corporativas, políticas públicas y desarrollo del personal",2,"Profesionales, científicos e intelectuales",2024,218,31115,1433051.5014035774,43.376570785794634,0.9220560080475062,0.9425357544592641,0.04997589587015909,0.007488349670576892,0.6202153302265788,40.01381970110879,16.060645990679735,FALSE,0,FALSE
4323,Empleados de servicios de transporte,43,Auxiliares y ayudantes de registros contables y encargados del registro de materiales,432,Empleados encargados del registro de materiales y de transportes,4,Personal de apoyo administrativo,2024,290,31016,886066.8863570063,43.643042997463084,0.929681454733041,0.974368068093887,0.01937709569254578,0.00454604075315966,0.29168816094918754,40.97143409852979,13.886058808356976,FALSE,0,FALSE
1321,"Directores, gerentes y administradores de industrias manufactureras",13,"Directores, gerentes y administradores de producción y operaciones",132,"Directores, gerentes y administradores de producción y operaciones de industrias manufactureras, de minería, de construcción, de almacenamiento y distribución",1,"Directores, gerentes y administradores",2024,237,29975,2501111.651408212,43.584665819227936,0.9062019134274436,0.5850875729774813,0.0920767306088407,0.3175646371976647,0.18862385321100916,47.33084236864053,15.301818181818183,FALSE,0,FALSE
2244,Kinesiólogos,22,Profesionales de la salud,224,"Dentistas, farmacéuticos, kinesiólogos, nutricionistas, fonoaudiólogos y otros profesionales de la salud",2,"Profesionales, científicos e intelectuales",2024,259,29872,1217495.8727119502,37.9810032449973,0.7755423138725228,0.7569630423138726,0.2116028387787895,0.03143411890733797,0.44620380289234063,34.9061328334226,17.231956347080878,FALSE,0,FALSE
1439,"Directores, gerentes y administradores de otros servicios no clasificados previamente",14,"Directores, gerentes y administradores de hoteles, restaurantes, comercios y de otros servicios",143,"Directores, gerentes y administradores de centros deportivos, de esparcimiento, culturales y de otros servicios",1,"Directores, gerentes y administradores",2024,238,29409,1965341.8837089636,42.96900416922972,0.9345438471216294,0.5732938896256248,0.10058145465673773,0.32612465571763743,0.34768268217212417,44.32466251827672,15.847593035165586,FALSE,0,FALSE
3321,Agentes de seguros y ejecutivos de fondos de pensiones,33,Técnicos en operaciones financieras y administrativas,332,"Agentes de seguros, representantes comerciales, agentes de compras y consignatarios",3,Técnicos y profesionales de nivel medio,2024,213,28751,1640316.0794267156,40.40627068454973,0.8940558589266461,0.8433097979200723,0.12736948280059823,0.02201662550867796,0.6919759312719558,46.68721087962158,14.7616082918855,FALSE,0,FALSE
2241,Dentistas,22,Profesionales de la salud,224,"Dentistas, farmacéuticos, kinesiólogos, nutricionistas, fonoaudiólogos y otros profesionales de la salud",2,"Profesionales, científicos e intelectuales",2024,209,28707,1946660.3730580974,34.80959347894242,0.736196746438151,0.6538474936426656,0.29630403734280836,0.049848469014526074,0.5378479116591772,39.41801651165221,18.786602570801545,FALSE,0,FALSE
8321,Conductores de motocicletas,83,Conductores de vehículos y operadores de equipos pesados y móviles,832,"Conductores de motocicletas, automóviles y camionetas",8,"Operadores de instalaciones, máquinas y ensambladores",2024,194,28393,622488.4659601798,43.92420667065826,0.3309337210539381,0.5592223435353785,0.42866199415348855,0.010389884830768147,0.10241961046736872,33.794808579579474,12.966305272108844,FALSE,0,FALSE
6121,Criadores de ganado,61,Agricultores y trabajadores calificados de explotaciones agropecuarias cuya producción se destina al mercado,612,Trabajadores calificados de la cría de animales,6,"Agricultores y trabajadores calificados agropecuarios, forestales y pesqueros",2024,526,28150,667102.1175447496,44.236610365237475,0.521324815303901,0.5331793960923623,0.4164120781527531,0.036518650088809945,0.11815275310834814,51.19708703374778,9.217724679029958,FALSE,0,FALSE
3323,Agentes responsables de adquisiciones,33,Técnicos en operaciones financieras y administrativas,332,"Agentes de seguros, representantes comerciales, agentes de compras y consignatarios",3,Técnicos y profesionales de nivel medio,2024,245,27551,1233919.017313498,42.5662226416464,0.9301658741969439,0.9812348009146673,0.010743711662008638,0.005916300678741243,0.43878625095277846,40.99963703676818,15.24347794225414,FALSE,0,FALSE
5249,Otros vendedores no clasificados previamente,52,Vendedores,524,Modelos y promotores y otros vendedores no clasificados previamente,5,Trabajadores de los servicios y vendedores de comercios y mercados,2024,276,27352,684940.6074308539,35.07076638965836,0.54288459406526,0.4850102369113776,0.4807326703714536,0.030052646972799062,0.5538169055279322,40.94303890026323,12.974622267859763,FALSE,0,FALSE
2351,Especialistas en métodos pedagógicos,23,Profesionales de la educación,235,"Especialistas en métodos pedagógicos, educadores para necesidades especiales y otros profesionales de la educación",2,"Profesionales, científicos e intelectuales",2024,220,26315,1668082.760302198,42.998175945278355,0.9263917917537526,0.9971119133574007,0,0.002888086642599278,0.6551016530495914,44.38149344480335,17.52692380771423,FALSE,0,FALSE
8341,Operadores de maquinaria agrícola y forestal móvil,83,Conductores de vehículos y operadores de equipos pesados y móviles,834,"Operadores de maquinaria agrícola, forestal, máquinas de movimiento de tierras, grúas y montacargas",8,"Operadores de instalaciones, máquinas y ensambladores",2024,366,26312,626468.370833014,44.20653834402689,0.8325448302174743,0.9308680449984797,0.053701733049559136,0.015430221951961082,0.0011401641836424445,46.73992854971116,9.367132867132867,FALSE,0,FALSE
7533,Costureros y bordadores,75,"Operarios de procesamiento de alimentos, de la confección, ebanistas y otros oficios",753,"Sastres, modistos, patronistas de tela, costureros, tapiceros, apelambradores y zapateros",7,Artesanos y operarios de oficios,2024,285,26275,226347.85770157626,23.936208548974506,0.19295908658420552,0.11790675547098002,0.8560989533777354,0.023368220742150333,0.9205328258801142,53.468658420551854,11.269375929244024,FALSE,0,FALSE
2642,Periodistas,26,"Profesionales en derecho, ciencias sociales y culturales",264,"Escritores, periodistas, traductores, intérpretes de lengua de señas y lingüistas",2,"Profesionales, científicos e intelectuales",2024,175,24546,1703684.3768530241,40.9609712376762,0.8198701987836238,0.8842581275971645,0.09341644259757191,0.022325429805263586,0.5201254786930661,40.52978081968549,17.297971156196528,FALSE,0,FALSE
1330,"Directores, gerentes y administradores de servicios de tecnología de la información y las comunicaciones",13,"Directores, gerentes y administradores de producción y operaciones",133,"Directores, gerentes y administradores de servicios de tecnología de la información y las comunicaciones",1,"Directores, gerentes y administradores",2024,110,24121,3880889.7706785956,42.34886613324489,0.9534430579163384,0.8580904605945027,0.014054143692218399,0.1278553957132789,0.25513038431242485,45.751212636292024,17.27262551303843,FALSE,0,FALSE
4419,Otro personal de apoyo administrativo no clasificado previamente,44,Otro personal de apoyo administrativo,441,Otro personal de apoyo administrativo,4,Personal de apoyo administrativo,2024,247,24033,910224.1950347059,41.62738734240419,0.881090633678364,0.9661299047143511,0.012774102276037116,0.021095993009611784,0.5607289976282611,43.29055881496276,14.617941996421587,FALSE,0,FALSE
2211,Médicos generales,22,Profesionales de la salud,221,Médicos generales y especialistas,2,"Profesionales, científicos e intelectuales",2024,177,23904,3175686.948129822,42.75803212851405,0.7239284508943639,0.9552376171352075,0.025518741633199466,0.01924364123159304,0.46322791164658633,37.12307563587684,19.28296519410977,FALSE,0,FALSE
7531,"Sastres, modistos, peleteros y sombrereros",75,"Operarios de procesamiento de alimentos, de la confección, ebanistas y otros oficios",753,"Sastres, modistos, patronistas de tela, costureros, tapiceros, apelambradores y zapateros",7,Artesanos y operarios de oficios,2024,243,23665,383785.9217779333,33.739163888176456,0.3415875169606513,0.11236002535389816,0.8361293048806254,0.05151066976547644,0.8272131840270441,51.92085358123811,12.100612719205579,FALSE,0,FALSE
4120,Secretarios generales,41,Oficinistas,412,Secretarios generales,4,Personal de apoyo administrativo,2024,297,23630,585563.4215087309,41.35886584849767,0.852401969105415,0.972831146847228,0.013796022005924672,0.0016504443504020312,0.9477782479898434,44.76415573423614,12.837537029200169,FALSE,0,FALSE
1323,"Directores, gerentes y administradores de empresas de construcción",13,"Directores, gerentes y administradores de producción y operaciones",132,"Directores, gerentes y administradores de producción y operaciones de industrias manufactureras, de minería, de construcción, de almacenamiento y distribución",1,"Directores, gerentes y administradores",2024,193,23467,3096674.316472114,42.88688306676386,0.8779562790301274,0.3848808965781736,0.11957216516810841,0.495546938253718,0.12229939915626198,48.438275024502495,15.958154003494268,FALSE,0,FALSE
5212,Vendedores ambulantes de productos comestibles de consumo inmediato (elaboración propia),52,Vendedores,521,Vendedores en quioscos o puestos de feria y vendedores ambulantes de comidas y bebidas de consumo inmediato (elaboración propia),5,Trabajadores de los servicios y vendedores de comercios y mercados,2024,225,22156,316037.9789169271,30.85326773785882,0.14704820364686766,0.09460191370283445,0.8302491424444846,0.042877775771799964,0.6964253475356562,44.42133056508395,10.528486874802331,FALSE,0,FALSE
9312,Obreros de obras públicas,93,"Obreros de la minería, la construcción, la industria manufacturera y el transporte",931,Obreros de la minería y la construcción,9,Ocupaciones elementales,2024,315,22149,612705.480343529,44.614468239894514,0.8222444252690858,0.9460923743735609,0.0487155176305928,0.005192107995846314,0.02171655605219197,44.19016659894352,10.03191489361702,FALSE,0,FALSE
4225,"Empleados de informaciones, reclamos o sugerencias",42,Empleados en trato directo con el público,422,Empleados de servicios de información al cliente,4,Personal de apoyo administrativo,2024,200,22100,725243.1471006188,41.45122171945702,0.8693665158371041,0.990633484162896,0.007601809954751132,0.0017647058823529412,0.6690950226244344,38.63488687782805,14.495067873303167,FALSE,0,FALSE
4416,Empleados y asistentes de recursos humanos,44,Otro personal de apoyo administrativo,441,Otro personal de apoyo administrativo,4,Personal de apoyo administrativo,2024,230,21955,883800.6616410819,43.711924925612266,0.9527612962117754,0.9948075609200637,0,0.005192439079936233,0.6172625825552266,41.23402414028695,14.202322933272603,FALSE,0,FALSE
2151,Ingenieros eléctricos,21,Profesionales de las ciencias y de la ingeniería,215,Ingenieros en electrotecnología,2,"Profesionales, científicos e intelectuales",2024,178,21836,2136416.0162754445,46.79492581058802,0.944784147855271,0.9168345850888441,0.049551199853453014,0.03361421505770287,0.021661476460890273,40.257922696464554,16.990299296584066,FALSE,0,FALSE
1324,"Directores, gerentes y administradores de empresas de abastecimiento, almacenamiento y distribución",13,"Directores, gerentes y administradores de producción y operaciones",132,"Directores, gerentes y administradores de producción y operaciones de industrias manufactureras, de minería, de construcción, de almacenamiento y distribución",1,"Directores, gerentes y administradores",2024,152,21760,2414458.5479106293,44.58507089241034,0.9736213235294118,0.7169117647058824,0.041176470588235294,0.23924632352941178,0.25785845588235295,44.484880514705885,15.55202205882353,FALSE,0,FALSE
7412,Mecánicos y ajustadores electricistas,74,Trabajadores especializados en electricidad y electrónica,741,"Electricistas, instaladores y reparadores de equipos y líneas eléctricas",7,Artesanos y operarios de oficios,2024,231,21708,996516.9398423006,46.98000187336081,0.8438224117156363,0.7833978256863829,0.18937718813340704,0.027224986180210062,0.011885019347705915,42.09480375898286,13.595794824399261,FALSE,0,FALSE
7422,Instaladores y reparadores en tecnología de la información y las comunicaciones,74,Trabajadores especializados en electricidad y electrónica,742,Instaladores y reparadores de equipos electrónicos y de telecomunicaciones,7,Artesanos y operarios de oficios,2024,173,21699,737317.6262668722,43.1635098391631,0.8567254174397032,0.8319277386054656,0.13475275358311442,0.030139637771325868,0.041753076178625746,38.89405041706991,13.093921378865385,FALSE,0,FALSE
3113,Técnicos en electricidad,31,Técnicos de las ciencias y la ingeniería,311,"Técnicos en ciencias físicas, químicas, técnicos en ingeniería y dibujantes técnicos",3,Técnicos y profesionales de nivel medio,2024,207,21511,976906.301207639,46.30295382314451,0.8969250151649479,0.8395704523267166,0.1299335223838966,0.030496025289386827,0.018083771093858957,40.1880898145135,13.744502812514527,FALSE,0,FALSE
4222,Empleados de centros de llamadas de informaciones,42,Empleados en trato directo con el público,422,Empleados de servicios de información al cliente,4,Personal de apoyo administrativo,2024,138,21486,627913.681927032,40.69981325863679,0.8796875735190326,0.996928232337336,0.0030717676626640603,0,0.7745508703341711,41.575537559340965,13.957879549474075,FALSE,0,FALSE
3312,Ejecutivos de préstamos y créditos,33,Técnicos en operaciones financieras y administrativas,331,"Agentes de bolsas, ejecutivos de créditos, asistentes contables y otros técnicos en finanzas y matemáticas",3,Técnicos y profesionales de nivel medio,2024,152,21363,1814129.7895106862,42.006319337171746,0.9893273416654964,0.9771099564667883,0.0022468754388428594,0.02064316809436877,0.5993540233113327,40.14515751533025,15.8703347260692,FALSE,0,FALSE
1345,"Directores, gerentes y administradores de servicios de educación",13,"Directores, gerentes y administradores de producción y operaciones",134,"Directores, gerentes y administradores de servicios de cuidados a personas, bienestar social, educación, servicios financieros y de otros servicios profesionales",1,"Directores, gerentes y administradores",2024,230,21113,1820750.3712081527,42.19637190356652,0.8983090986595936,0.8255577132572349,0.03121299673187136,0.14322929001089377,0.7170463695353574,50.469189598825366,17.242050988255514,FALSE,0,FALSE
9621,"Mensajeros, estafetas, maleteros y repartidores de folletos y diarios a domicilio",96,Recolectores de desechos y otras ocupaciones elementales,962,Otras ocupaciones elementales,9,Ocupaciones elementales,2024,195,21069,578091.4830346018,39.609663486639135,0.7688547154587309,0.9576154539845271,0.038634961317575586,0,0.31596183966965685,46.693388390526366,11.738714740997954,FALSE,0,FALSE
7122,"Instaladores de parqué, cerámicas, baldosas y alfombras",71,Operarios de la construcción (no incluye electricistas),712,Operarios de la construcción en trabajos de terminación,7,Artesanos y operarios de oficios,2024,200,20434,562613.9726986705,40.27332535885167,0.4511598316531271,0.44396593912107274,0.5269648624840951,0.02319663306254282,0.04712733679162181,47.80693941470099,10.470000978760888,FALSE,0,FALSE
2144,Ingenieros mecánicos,21,Profesionales de las ciencias y de la ingeniería,214,Ingenieros (excluyendo ingenieros en electrotecnología),2,"Profesionales, científicos e intelectuales",2024,180,20415,2346464.702081484,45.483419054616704,0.9224870975669698,0.9260837619397502,0.05564535880480039,0.018270879255449426,0.05427381827087926,39.08449669360764,16.943576132900816,FALSE,0,FALSE
3112,Técnicos en construcción y topógrafos,31,Técnicos de las ciencias y la ingeniería,311,"Técnicos en ciencias físicas, químicas, técnicos en ingeniería y dibujantes técnicos",3,Técnicos y profesionales de nivel medio,2024,231,20362,1110988.8608543593,46.662259853436325,0.9097517555137968,0.8517827325410078,0.14684215695904135,0.001375110499950889,0.10465573126411944,40.73200078577743,14.445975879891705,FALSE,0,FALSE
9613,Barrenderos,96,Recolectores de desechos y otras ocupaciones elementales,961,"Recolectores de basura y material reciclable, clasificadores de desechos y barrenderos de calles y parques",9,Ocupaciones elementales,2024,260,19775,469162.0551314211,39.87667546709992,0.7367888748419722,0.9552970922882428,0.04470290771175727,0,0.38235145385587865,51.14371681415929,8.573501896333754,FALSE,0,FALSE
6210,Trabajadores forestales calificados,62,"Trabajadores forestales calificados, pescadores y cazadores cuya producción se destina al mercado",621,Trabajadores forestales calificados,6,"Agricultores y trabajadores calificados agropecuarios, forestales y pesqueros",2024,329,19732,522703.16745941475,40.06457583547558,0.45876079228034533,0.610885870666937,0.3773565781471721,0.007551185890938577,0.06446381512264342,48.101864990877765,8.548297182242043,FALSE,0,FALSE
2132,Agrónomos y profesionales del ámbito forestal y pesquero,21,Profesionales de las ciencias y de la ingeniería,213,Profesionales de las ciencias biológicas,2,"Profesionales, científicos e intelectuales",2024,201,19629,1952151.1909833523,43.63176932090275,0.8879979439732717,0.8915889754954405,0.07524580977125682,0.033165214733302764,0.2962962962962963,41.50430485506139,17.176269804880533,FALSE,0,FALSE
6222,Pescadores en agua dulce y en aguas costeras,62,"Trabajadores forestales calificados, pescadores y cazadores cuya producción se destina al mercado",622,"Trabajadores de explotaciones de acuicultura, pescadores, cazadores y tramperos",6,"Agricultores y trabajadores calificados agropecuarios, forestales y pesqueros",2024,310,18940,569547.1589523966,40.73028017241379,0.2140971488912355,0.3515311510031679,0.5691657866948258,0.07930306230200633,0.034530095036958815,47.50332629355861,9.432723014690227,FALSE,0,FALSE
3251,Técnicos y auxiliares paramédicos en odontología,32,Técnicos de la salud,325,"Técnicos en odontología, ópticos, técnicos en prevención de riesgos y otros técnicos en salud",3,Técnicos y profesionales de nivel medio,2024,188,18928,686453.4817431638,41.027208368554525,0.8500979924784152,1,0,0,0.9404585798816568,36.312183009298394,14.638736263736265,FALSE,0,FALSE
3422,"Entrenadores, instructores y árbitros de actividades deportivas",34,"Técnicos de servicios jurídicos, sociales, deportivos y culturales",342,"Deportistas, entrenadores, árbitros e instructores de actividades deportivas y recreativas",3,Técnicos y profesionales de nivel medio,2024,170,18841,774678.2382946326,25.322875677975116,0.43055039541425616,0.5688657714558675,0.3984395732710578,0.03120853457884401,0.21856589353006742,37.843585796932224,15.380422632671529,FALSE,0,FALSE
2519,Otros desarrolladores y analistas de software y multimedia no clasificados previamente,25,Profesionales de tecnología de la información y las comunicaciones,251,"Analistas, desarrolladores y programadores de software, multimedia y aplicaciones",2,"Profesionales, científicos e intelectuales",2024,103,18825,2047730.4234417707,42.9147439654713,0.9439043824701195,0.95845949535192565,0.04154050464807437,0,0.22252324037184595,39.875803452855244,17.038300132802124,FALSE,0,FALSE
7213,Chapistas y caldereros,72,"Operarios de la metalurgia y operarios de máquinas herramientas; mecánicos de vehículos, maquinarias, aviones y bicicletas",721,"Moldeadores, soldadores, chapistas, caldereros, montadores de estructuras metálicas, aparejadores y empalmadores de cables no eléctricos",7,Artesanos y operarios de oficios,2024,174,18461,532729.5797837484,41.684662509572256,0.42121228535832295,0.5864254374085911,0.36574400086669195,0.04593467309463193,0.020313092465196903,46.97795352364444,9.931856345810086,FALSE,0,FALSE
5243,Representantes de ventas de puerta a puerta (venta a hogares),52,Vendedores,524,Modelos y promotores y otros vendedores no clasificados previamente,5,Trabajadores de los servicios y vendedores de comercios y mercados,2024,197,18148,287128.0336405801,22.25330739299611,0.3922195283226802,0.09620894864447874,0.8545294247299978,0.01713687458673132,0.7484571302622879,44.73060392329733,12.321412827859819,FALSE,0,FALSE
8111,Mineros y operadores de instalaciones mineras,81,Operadores de instalaciones fijas y máquinas,811,"Mineros y operadores de instalaciones mineras, perforadores de pozos y operadores de máquinas para fabricar cemento y otros productos minerales",8,"Operadores de instalaciones, máquinas y ensambladores",2024,271,17977,1120924.6917596904,57.415809089392,0.914500452079566,0.9295210546809812,0.07047894531901874,0,0.028091450186349225,41.83100628580964,12.0096234076876,FALSE,0,FALSE
3115,Técnicos en ingeniería mecánica,31,Técnicos de las ciencias y la ingeniería,311,"Técnicos en ciencias físicas, químicas, técnicos en ingeniería y dibujantes técnicos",3,Técnicos y profesionales de nivel medio,2024,179,17886,1283577.300793917,46.544448171754446,0.9436188315371525,0.9482276640948227,0.04450408140445041,0.0072682545007268255,0.015990159901599015,41.03058257855306,14.415520518841552,FALSE,0,FALSE
7318,"Artesanos de los tejidos, el cuero y materiales similares",73,Artesanos y operarios de las artes gráficas,731,"Reparadores de instrumentos de precisión, fabricantes y afinadores de instrumentos musicales, pintores de carteles, pintores decorativos y artesanos",7,Artesanos y operarios de oficios,2024,242,17883,236785.1057382334,26.530577956989248,0.20248280489850695,0.08494100542414584,0.8648437063132584,0.03483755522004138,0.8440418274338758,50.70849410054242,11.523569870827043,FALSE,0,FALSE
7127,Mecánicos de instalaciones de refrigeración y aire acondicionado,71,Operarios de la construcción (no incluye electricistas),712,Operarios de la construcción en trabajos de terminación,7,Artesanos y operarios de oficios,2024,133,17769,764877.2111565089,43.727476442197194,0.7424728459676966,0.6432551072091846,0.32348472058078676,0.0332601722100287,0.022060892565704315,40.97439360684338,12.886881647813608,FALSE,0,FALSE
1212,"Directores, gerentes y administradores de recursos humanos",12,Directores y gerentes administrativos y de servicios comerciales,121,"Directores, gerentes y administradores de finanzas, de recursos humanos, políticas empresariales y de servicios administrativos",1,"Directores, gerentes y administradores",2024,137,17762,2061985.0031419594,42.443193334084,0.9409976354014188,0.9453327328003603,0.008839094696543181,0.045828172503096495,0.5883909469654318,41.34883459069925,16.707803175318094,FALSE,0,FALSE
5245,Bomberos de gasolineras,52,Vendedores,524,Modelos y promotores y otros vendedores no clasificados previamente,5,Trabajadores de los servicios y vendedores de comercios y mercados,2024,211,17598,608184.8150349045,43.89049892033186,0.9125284738041002,0.9839754517558813,0.012387771337652006,0.003636776906466644,0.0876235935901807,39.694453915217636,12.692749176042732,FALSE,0,FALSE
2248,Terapeutas ocupacionales,22,Profesionales de la salud,224,"Dentistas, farmacéuticos, kinesiólogos, nutricionistas, fonoaudiólogos y otros profesionales de la salud",2,"Profesionales, científicos e intelectuales",2024,141,17450,1147355.1371919771,34.301661891117476,0.5941113995751711,0.8611461318051576,0.12200573065902579,0.01684813753581662,0.7334097421203438,32.1323782234957,17.09467048710602,FALSE,0,FALSE
4311,Auxiliares y ayudantes de registros de contabilidad y cálculo de costos,43,Auxiliares y ayudantes de registros contables y encargados del registro de materiales,431,Auxiliares y ayudantes de registros contables y financieros,4,Personal de apoyo administrativo,2024,140,17373,797593.1776897997,39.35658780866862,0.9020318885627122,0.9025499338053301,0.08167846658608185,0.007655557474241639,0.5058423991250791,41.040119726011625,13.835319173430035,FALSE,0,FALSE
5246,Vendedores de comida al mostrador,52,Vendedores,524,Modelos y promotores y otros vendedores no clasificados previamente,5,Trabajadores de los servicios y vendedores de comercios y mercados,2024,146,17319,444168.4892607096,33.781742594838036,0.846295975518217,0.9052485709336566,0.07818003348923148,0.008372307869969398,0.6042496679946879,29.10514463883596,13.57728506264796,FALSE,0,FALSE
2247,Tecnólogos médicos,22,Profesionales de la salud,224,"Dentistas, farmacéuticos, kinesiólogos, nutricionistas, fonoaudiólogos y otros profesionales de la salud",2,"Profesionales, científicos e intelectuales",2024,155,17182,1603002.1964243706,43.056221627284366,0.9007820707365473,0.9505296240251426,0.04592014899313235,0.003550226981725061,0.5845070422535211,34.88231870562216,17.131940402747063,FALSE,0,FALSE
2413,Analistas financieros,24,Profesionales de negocios y administración,241,"Contadores, asesores y analistas financieros y en inversiones",2,"Profesionales, científicos e intelectuales",2024,84,17091,2123387.6913835956,42.3342694985665,0.9936808846761453,0.9833830671113452,0.01661693288865485,0,0.5175238429582821,37.8249371013984,16.584986250073136,FALSE,0,FALSE
2230,Veterinarios,22,Profesionales de la salud,223,Veterinarios,2,"Profesionales, científicos e intelectuales",2024,147,16504,1399919.7956120092,38.78665533361666,0.7801644777218608,0.5828284052350945,0.2384876393601551,0.17868395540475035,0.5292656325739215,38.707283082889,17.17365487154629,FALSE,0,FALSE
2146,Ingenieros en minas y metalúrgicos,21,Profesionales de las ciencias y de la ingeniería,214,Ingenieros (excluyendo ingenieros en electrotecnología),2,"Profesionales, científicos e intelectuales",2024,175,16429,2804547.2457240247,53.09300626940167,0.970722502891229,0.9747397893967984,0.008947592671495527,0.01631261793170613,0.12289244628400998,41.370016434353886,17.27298392046152,FALSE,0,FALSE
9622,Auxiliares de mantenimiento (pequeñas reparaciones),96,Recolectores de desechos y otras ocupaciones elementales,962,Otras ocupaciones elementales,9,Ocupaciones elementales,2024,151,16361,660439.1253316487,41.09190680564071,0.7353462502292036,0.7712853737546604,0.20457184768657172,0.024142778558767803,0.03545015585844386,49.1427785587678,11.293978306944272,FALSE,0,FALSE
2245,Dietistas y nutricionistas,22,Profesionales de la salud,224,"Dentistas, farmacéuticos, kinesiólogos, nutricionistas, fonoaudiólogos y otros profesionales de la salud",2,"Profesionales, científicos e intelectuales",2024,138,16000,1316838.2010433897,40.0775625,0.841625,0.930125,0.050625,0.01925,0.839,34.8724375,16.9420625,FALSE,0,FALSE
1311,"Directores, gerentes y administradores de producción y operaciones agropecuarias y de silvicultura",13,"Directores, gerentes y administradores de producción y operaciones",131,"Directores, gerentes y administradores de producción y operaciones agropecuarias, de silvicultura, acuicultura y pesca",1,"Directores, gerentes y administradores",2024,212,15984,2365887.893021179,42.733045545545544,0.9654029029029029,0.6398273273273273,0.06938188188188188,0.2907907907907908,0.182494994994995,50.91735485485486,14.82764014014014,FALSE,0,FALSE
8183,"Operadores de máquinas de embalaje, embotellamiento y etiquetado",81,Operadores de instalaciones fijas y máquinas,818,"Operadores de máquinas de instalaciones de vidriería, cerámica y operadores de máquinas de vapor y calderas, de embotellamiento, de etiquetado y otros operadores de máquinas e instalaciones",8,"Operadores de instalaciones, máquinas y ensambladores",2024,136,15284,712762.1689063332,43.714145511646166,0.9140931693274013,0.9814839047369799,0.01851609526302015,0,0.4634912326616069,39.90087673383931,11.94667626275844,FALSE,0,FALSE
3521,Técnicos de radiodifusión y grabación audiovisual,35,Técnicos de la tecnología de la información y las comunicaciones,352,"Técnicos en radiodifusión, grabación audiovisual y técnicos de las telecomunicaciones",3,Técnicos y profesionales de nivel medio,2024,109,15243,905003.8318447148,38.01102145246998,0.6570635654816969,0.5055435281768681,0.46723086006691594,0.02722561175621597,0.12005510726234993,37.34382995473332,15.486649609656892,FALSE,0,FALSE
3359,Agentes de la administración pública para la aplicación de la ley no clasificados previamente,33,Técnicos en operaciones financieras y administrativas,335,Agentes de la administración pública para la aplicación de la ley,3,Técnicos y profesionales de nivel medio,2024,139,15193,1399677.433517913,45.352070032251696,0.846169287387086,0.9880866188376226,0,0.00401500691107747,0.23497663397617324,43.26334496149543,15.248469689988811,FALSE,0,FALSE
3122,Supervisores de industrias manufactureras,31,Técnicos de las ciencias y la ingeniería,312,"Supervisores de minas, de industrias manufactureras y de la construcción",3,Técnicos y profesionales de nivel medio,2024,148,15135,1203604.3672943509,44.526726131483315,0.9702015196564255,0.9840766435414602,0.009976874793524942,0.005946481665014866,0.2628344895936571,42.272679220350184,14.075057813016187,FALSE,0,FALSE
5132,Bármanes,51,Trabajadores de los servicios a las personas,513,Garzones de mesa y bármanes,5,Trabajadores de los servicios y vendedores de comercios y mercados,2024,138,15072,637167.9128277341,36.658717827467406,0.7100583864118896,0.9488455414012739,0.04644373673036093,0,0.3267648619957537,30.532576963906582,13.864716029723992,FALSE,0,FALSE
7214,Montadores de estructuras metálicas,72,"Operarios de la metalurgia y operarios de máquinas herramientas; mecánicos de vehículos, maquinarias, aviones y bicicletas",721,"Moldeadores, soldadores, chapistas, caldereros, montadores de estructuras metálicas, aparejadores y empalmadores de cables no eléctricos",7,Artesanos y operarios de oficios,2024,155,15015,911918.6544228917,45.1800656001071,0.7371295371295371,0.6446220446220446,0.32454212454212455,0.01984681984681985,0.013786213786213787,44.157375957375955,11.161638361638362,FALSE,0,FALSE
7119,Otros operarios de la construcción (obra gruesa) no clasificados previamente,71,Operarios de la construcción (no incluye electricistas),711,Operarios de la construcción en obra gruesa,7,Artesanos y operarios de oficios,2024,171,14965,701631.984271805,46.596592048112264,0.8051453391246242,0.8716338122285332,0.12342131640494487,0.004944871366521884,0.03728700300701637,40.278583361176075,10.859553948161544,FALSE,0,FALSE
7114,Operarios en cemento armado,71,Operarios de la construcción (no incluye electricistas),711,Operarios de la construcción en obra gruesa,7,Artesanos y operarios de oficios,2024,159,14816,616925.3994151251,44.79852313528894,0.7315064794816415,0.8717602591792657,0.11447084233261338,0.01376889848812095,0.005804535637149028,46.548326133909285,10.119667926565874,FALSE,0,FALSE
3434,Chefs,34,"Técnicos de servicios jurídicos, sociales, deportivos y culturales",343,"Fotógrafos, decoradores de interior, técnicos en galerías de arte, museos y bibliotecas, chefs y otros técnicos en actividades culturales y artísticas",3,Técnicos y profesionales de nivel medio,2024,132,14713,916364.7683495679,43.571603343981515,0.8868347719703663,0.9364507578332087,0.042615374158907086,0.020933868007884184,0.2471283898593081,36.30061850064569,14.127506286957113,FALSE,0,FALSE
4214,Cobradores,42,Empleados en trato directo con el público,421,"Cajeros de bancos y de casas de cambio; receptores de apuestas, prestamistas y cobradores",4,Personal de apoyo administrativo,2024,96,14660,894180.2003186258,40.98581173260573,0.8336971350613915,0.9867667121418827,0.013233287858117325,0,0.7334924965893588,45.39658935879945,14.037653478854024,FALSE,0,FALSE
7322,Impresores,73,Artesanos y operarios de las artes gráficas,732,"Tipógrafos, impresores y encuadernadores",7,Artesanos y operarios de oficios,2024,112,14643,565006.858688067,36.81943582316022,0.6177695827357782,0.5198388308406747,0.44813221334426007,0.010653554599467322,0.3552550706822373,43.76480229461176,12.94939561565253,FALSE,0,FALSE
2246,Fonoaudiólogos,22,Profesionales de la salud,224,"Dentistas, farmacéuticos, kinesiólogos, nutricionistas, fonoaudiólogos y otros profesionales de la salud",2,"Profesionales, científicos e intelectuales",2024,122,14490,975721.8704002243,35.54734299516908,0.772256728778468,0.8535541752933057,0.14644582470669426,0,0.8697032436162871,33.163906142167015,17.02208419599724,FALSE,0,FALSE
3411,Técnicos de los servicios jurídicos,34,"Técnicos de servicios jurídicos, sociales, deportivos y culturales",341,"Técnicos de los servicios jurídicos, sociales y religiosos",3,Técnicos y profesionales de nivel medio,2024,126,14431,1099570.5274755734,41.01409343950391,0.8659136580971519,0.9232901392834869,0.0686716097290555,0.008038250987457557,0.6514448063197283,41.08495599750537,15.014136234495185,FALSE,0,FALSE
8343,Operadores de grúas y aparatos elevadores,83,Conductores de vehículos y operadores de equipos pesados y móviles,834,"Operadores de maquinaria agrícola, forestal, máquinas de movimiento de tierras, grúas y montacargas",8,"Operadores de instalaciones, máquinas y ensambladores",2024,142,14162,881907.1958354348,48.01441249556265,0.9159017087981923,0.9572094336958057,0.042790566304194325,0,0.03749470413783364,42.353904815704,12.180191693290736,FALSE,0,FALSE
7319,Artesanos no clasificados previamente,73,Artesanos y operarios de las artes gráficas,731,"Reparadores de instrumentos de precisión, fabricantes y afinadores de instrumentos musicales, pintores de carteles, pintores decorativos y artesanos",7,Artesanos y operarios de oficios,2024,139,13918,361481.026603831,28.159233374162405,0.2698663601092111,0.05302485989366288,0.9318149159361977,0.015160224170139389,0.7888346026727978,47.02845236384538,12.905158787182067,FALSE,0,FALSE
5164,Cuidadores de animales,51,Trabajadores de los servicios a las personas,516,Otros trabajadores de servicios a las personas,5,Trabajadores de los servicios y vendedores de comercios y mercados,2024,135,13857,588719.8362306244,35.53306830502349,0.5193764884174064,0.48069567727502344,0.4620769286281302,0.05397993793750451,0.3749729378653388,42.33600346395324,12.332395179331746,FALSE,0,FALSE
9216,Obreros de pesca y acuicultura,92,"Obreros agropecuarios, pesqueros y forestales",921,"Obreros agropecuarios, de jardinería y horticultura, forestales y pesqueros",9,Ocupaciones elementales,2024,282,13831,495172.3523308382,36.91639988358556,0.4266568483063328,0.4580290651435182,0.5377774564384354,0,0.2820475742896392,43.87224351095365,9.567637914829007,FALSE,0,FALSE
2242,Químicos farmacéuticos,22,Profesionales de la salud,224,"Dentistas, farmacéuticos, kinesiólogos, nutricionistas, fonoaudiólogos y otros profesionales de la salud",2,"Profesionales, científicos e intelectuales",2024,117,13716,2068777.111233642,43.25262467191601,0.9444728948716072,0.979002624671916,0,0.02099737532808399,0.618474773986585,38.89822105570137,17.27514273166447,FALSE,0,FALSE
5151,"Supervisores de mantenimiento y limpieza en oficinas, hoteles y otros establecimientos",51,Trabajadores de los servicios a las personas,515,"Supervisores de mantenimiento y limpieza, mayordomos domésticos y conserjes",5,Trabajadores de los servicios y vendedores de comercios y mercados,2024,122,13703,825940.5266201097,44.336622085799895,0.9367291833904984,0.9970809311829526,0,0.002919068817047362,0.5663723272276144,45.979493541560245,13.19010435671021,FALSE,0,FALSE
7515,"Catadores, clasificadores y controladores de calidad de alimentos y bebidas",75,"Operarios de procesamiento de alimentos, de la confección, ebanistas y otros oficios",751,"Operarios de procesamiento, elaboración, conservación, cata y clasificación de alimentos, bebidas y tabaco",7,Artesanos y operarios de oficios,2024,131,13592,789470.7546362339,43.8212919364332,0.9338581518540318,0.9780017657445557,0.02199823425544438,0,0.539802825191289,38.10793113596233,13.361168334314302,FALSE,0,FALSE
9122,Limpiadores de vehículos,91,Auxiliares de aseo y trabajadores de casa particular,912,"Limpiadores de ropa, vehículos, ventanas y otros limpiadores manuales",9,Ocupaciones elementales,2024,131,13480,463193.8998127341,39.10643213833197,0.37091988130563797,0.5701038575667656,0.4234421364985163,0.006454005934718101,0.11899109792284866,40.00519287833828,10.571810089020772,FALSE,0,FALSE
4226,Recepcionistas (funciones generales),42,Empleados en trato directo con el público,422,Empleados de servicios de información al cliente,4,Personal de apoyo administrativo,2024,117,13388,568993.0297448286,39.90543770540783,0.7825989208633094,0.9583955781296684,0.03943830295787272,0,0.787720346579026,37.71728413504631,13.556907820599504,FALSE,0,FALSE
3512,Técnicos en asistencia al usuario de tecnología de la información y las comunicaciones,35,Técnicos de la tecnología de la información y las comunicaciones,351,"Técnicos en operaciones de tecnología de la información, las comunicaciones y asistencia al usuario; técnicos en redes y técnicos de la web",3,Técnicos y profesionales de nivel medio,2024,76,13165,1113661.0512723129,43.88879605013293,0.947604904424644,0.9829851879984808,0.01701481200151918,0,0.17349031522977593,41.75290543106723,15.062666160273452,FALSE,0,FALSE
1211,"Directores, gerentes y administradores de finanzas",12,Directores y gerentes administrativos y de servicios comerciales,121,"Directores, gerentes y administradores de finanzas, de recursos humanos, políticas empresariales y de servicios administrativos",1,"Directores, gerentes y administradores",2024,78,12809,3435115.4959121514,43.83394488250449,0.9266140994613162,1,0,0,0.42821453665391523,45.289718166913886,17.204581234256928,FALSE,0,FALSE
3121,Supervisores de minas,31,Técnicos de las ciencias y la ingeniería,312,"Supervisores de minas, de industrias manufactureras y de la construcción",3,Técnicos y profesionales de nivel medio,2024,150,12546,1813687.5698085893,55.71489089601151,0.9743918053777209,0.9691535150645624,0.01673840267814443,0.014108082257293162,0.055077315479037145,41.83715925394548,14.402757851107923,FALSE,0,FALSE
9611,Recolectores de basura y material reciclable,96,Recolectores de desechos y otras ocupaciones elementales,961,"Recolectores de basura y material reciclable, clasificadores de desechos y barrenderos de calles y parques",9,Ocupaciones elementales,2024,142,12377,470938.04245754244,38.984083380463765,0.653793326331098,0.7309525733214834,0.25951361396137995,0,0.13743233416821524,44.888906843338454,9.112680629972399,FALSE,0,FALSE
2652,"Músicos, cantantes y compositores",26,"Profesionales en derecho, ciencias sociales y culturales",265,"Artistas, actores y locutores de medios de comunicación",2,"Profesionales, científicos e intelectuales",2024,81,12278,1040454.4593147752,31.13807876091613,0.5026062876690015,0.34199381006678614,0.6580061899332139,0,0.19832220231308031,40.01343867079329,15.089916924580551,FALSE,0,FALSE
9215,Obreros forestales,92,"Obreros agropecuarios, pesqueros y forestales",921,"Obreros agropecuarios, de jardinería y horticultura, forestales y pesqueros",9,Ocupaciones elementales,2024,216,11960,419006.26089953474,36.36426262969893,0.4273079514824798,0.5810200668896321,0.3948160535117057,0.016387959866220735,0.04657190635451505,47.2561872909699,8.109364548494984,FALSE,0,FALSE
1346,"Directores, gerentes y administradores de servicios financieros",13,"Directores, gerentes y administradores de producción y operaciones",134,"Directores, gerentes y administradores de servicios de cuidados a personas, bienestar social, educación, servicios financieros y de otros servicios profesionales",1,"Directores, gerentes y administradores",2024,66,11918,3969059.118644068,43.691642893102866,0.9859875818090283,0.8905017620406108,0,0.10949823795938916,0.3211948313475415,43.941097499580465,17.101023661688203,FALSE,0,FALSE
2432,Profesionales de las relaciones públicas,24,Profesionales de negocios y administración,243,"Profesionales de la publicidad, relaciones públicas y de las ventas técnicas, médicas y de tecnología de la información y las comunicaciones",2,"Profesionales, científicos e intelectuales",2024,79,11880,1147588.1574976689,45.60767011708807,0.7203703703703703,0.6426767676767676,0.34604377104377104,0.01127946127946128,0.5472222222222223,38.07095959595959,16.535858585858588,FALSE,0,FALSE
2632,"Sociólogos, antropólogos, geógrafos y arqueólogos",26,"Profesionales en derecho, ciencias sociales y culturales",263,"Economistas, especialistas en ciencias sociales, humanidades, ciencias políticas y teología",2,"Profesionales, científicos e intelectuales",2024,83,11805,1942815.442043222,41.46869970351546,0.7978822532825074,0.8555696738670056,0.12799661160525203,0.016433714527742484,0.3689114781872088,38.414654807285046,17.90842863193562,FALSE,0,FALSE
2145,Ingenieros químicos,21,Profesionales de las ciencias y de la ingeniería,214,Ingenieros (excluyendo ingenieros en electrotecnología),2,"Profesionales, científicos e intelectuales",2024,95,11677,2111427.058641178,42.96976963261112,0.8350864991741285,0.982529759355999,0.017470240644001028,0,0.5401216065770318,39.63723559133339,17.177528474779482,FALSE,0,FALSE
8172,Operadores de instalaciones de procesamiento de la madera,81,Operadores de instalaciones fijas y máquinas,817,"Operadores de instalaciones para la preparación de papel, pasta de papel y procesamiento de la madera",8,"Operadores de instalaciones, máquinas y ensambladores",2024,182,11670,633578.9279909115,42.65597316590694,0.882604970008569,0.9251928020565553,0.05672664952870608,0.018080548414738645,0.06452442159383033,44.40214224507284,10.685618441424394,FALSE,0,FALSE
3331,Agentes de aduana,33,Técnicos en operaciones financieras y administrativas,333,"Agentes de aduana, organizadores de eventos, agentes de empleo, de bienes raíces y otros agentes de servicios comerciales",3,Técnicos y profesionales de nivel medio,2024,105,11611,1041710.2969801553,42.43562139350616,0.9456549823443287,0.9555593833433813,0.01886142451123934,0.023770562397726295,0.47902850744983205,42.51985186461115,15.045301868917406,FALSE,0,FALSE
5321,Trabajadores de los cuidados personales en instituciones,53,Trabajadores de los cuidados personales,532,Trabajadores de los cuidados personales en instituciones y a domicilio,5,Trabajadores de los servicios y vendedores de comercios y mercados,2024,111,11516,547104.1498689324,42.88893713094824,0.6961914744933613,0.9900138937130948,0.002691906912122265,0.007294199374782911,0.7520840569642236,41.8599340048628,12.64953108718305,FALSE,0,FALSE
7223,Reguladores y operarios de máquinas herramientas,72,"Operarios de la metalurgia y operarios de máquinas herramientas; mecánicos de vehículos, maquinarias, aviones y bicicletas",722,Herreros y herramentistas; reguladores y operarios de máquinas herramientas; pulidores de metales y afiladores de herramientas,7,Artesanos y operarios de oficios,2024,98,11357,715447.0899006035,42.14907105749758,0.8621114731002906,0.8140353966716563,0.135158932816765,0.05080567051157876,0.004754776789645153,47.020163775644974,12.063749229550057,FALSE,0,FALSE
9629,Otras ocupaciones elementales no clasificadas previamente,96,Recolectores de desechos y otras ocupaciones elementales,962,Otras ocupaciones elementales,9,Ocupaciones elementales,2024,111,11084,429149.83875400823,39.042042583904724,0.5289606640202094,0.7496391194514616,0.22897870804763623,0.018765788523998555,0.27111151208949835,42.8136051966799,10.821183688199206,FALSE,0,FALSE
3511,Técnicos en operaciones de tecnología de la información y las comunicaciones,35,Técnicos de la tecnología de la información y las comunicaciones,351,"Técnicos en operaciones de tecnología de la información, las comunicaciones y asistencia al usuario; técnicos en redes y técnicos de la web",3,Técnicos y profesionales de nivel medio,2024,82,11033,853857.1006562529,42.68041330553793,0.8818997552796157,0.8799963745128252,0.12000362548717484,0,0.12444484727635276,36.717030726003806,14.378501688110228,FALSE,0,FALSE
1349,"Directores, gerentes y administradores de otros servicios profesionales no clasificados previamente",13,"Directores, gerentes y administradores de producción y operaciones",134,"Directores, gerentes y administradores de servicios de cuidados a personas, bienestar social, educación, servicios financieros y de otros servicios profesionales",1,"Directores, gerentes y administradores",2024,75,10987,2968636.6906267437,43.045144261399834,0.9482934048654148,0.6646946391189588,0.0884681896787112,0.24683717120233004,0.3819058887776463,43.99981796668791,16.993992900700828,FALSE,0,FALSE
5242,Promotores de tiendas,52,Vendedores,524,Modelos y promotores y otros vendedores no clasificados previamente,5,Trabajadores de los servicios y vendedores de comercios y mercados,2024,87,10826,582586.1422113022,34.377982848620434,0.7906890818400147,0.92554960280805465,0.06539811564751524,0,0.7665804544614816,33.73120266026233,13.570940328837983,FALSE,0,FALSE
1342,"Directores, gerentes y administradores de servicios de salud",13,"Directores, gerentes y administradores de producción y operaciones",134,"Directores, gerentes y administradores de servicios de cuidados a personas, bienestar social, educación, servicios financieros y de otros servicios profesionales",1,"Directores, gerentes y administradores",2024,76,10720,3236824.7252682927,41.27919776119403,0.8487873134328359,0.8871268656716418,0,0.0871268656716418,0.6269589552238806,46.40522388059701,17.209048507462686,FALSE,0,FALSE
2513,Desarrolladores web y multimedia,25,Profesionales de tecnología de la información y las comunicaciones,251,"Analistas, desarrolladores y programadores de software, multimedia y aplicaciones",2,"Profesionales, científicos e intelectuales",2024,54,10539,1906681.4361893919,41.87437138248411,0.949425941740203,0.8674447291014328,0.11006736882057121,0.022487902077996016,0.14583926368725686,35.973526900085396,16.604990985862035,FALSE,0,FALSE
3341,Supervisores de oficina,33,Técnicos en operaciones financieras y administrativas,334,"Supervisores de oficina, secretarios administrativos y especializados",3,Técnicos y profesionales de nivel medio,2024,77,10471,1388470.346926714,43.38840607391844,0.9691528984815204,1,0,0,0.592875561073441,41.036195205806514,14.992837360328526,FALSE,0,FALSE
2412,Asesores financieros y en inversiones,24,Profesionales de negocios y administración,241,"Contadores, asesores y analistas financieros y en inversiones",2,"Profesionales, científicos e intelectuales",2024,61,10438,2506989.3903872087,38.749473079133935,0.8161525196397778,0.7896148687488025,0.18346426518490133,0.026920866066296224,0.41348917417129716,41.710864150220345,16.56974516190841,FALSE,0,FALSE
3332,Organizadores de conferencias y eventos,33,Técnicos en operaciones financieras y administrativas,333,"Agentes de aduana, organizadores de eventos, agentes de empleo, de bienes raíces y otros agentes de servicios comerciales",3,Técnicos y profesionales de nivel medio,2024,92,10418,1121577.7196194762,33.212712519319936,0.620080629679401,0.31743136878479555,0.5119024764830101,0.1706661547321943,0.44192743328853906,39.40890765981954,14.788911348541728,FALSE,0,FALSE
5152,"Amas de llaves, mayordomos domésticos y dueños/administradores de pequeños establecimientos de alojamiento",51,Trabajadores de los servicios a las personas,515,"Supervisores de mantenimiento y limpieza, mayordomos domésticos y conserjes",5,Trabajadores de los servicios y vendedores de comercios y mercados,2024,131,10112,725244.1340996169,41.217235188509875,0.6964003164556962,0.7254746835443038,0.17919303797468356,0.07446598101265822,0.38874604430379744,52.19007120253165,11.814873417721518,FALSE,0,FALSE
7543,"Clasificadores, probadores de productos e inspectores de calidad (excluyendo alimentos y bebidas)",75,"Operarios de procesamiento de alimentos, de la confección, ebanistas y otros oficios",754,"Buzos, dinamiteros, clasificadores, probadores e inspectores de calidad de productos no comestibles, fumigadores y otros oficios",7,Artesanos y operarios de oficios,2024,77,9947,878597.9700010563,44.375389564692874,0.9007741027445461,0.9918568412586709,0,0,0.4286719613953956,41.149391776415,13.206997084548105,FALSE,0,FALSE
1221,"Directores, gerentes y administradores de comercialización",12,Directores y gerentes administrativos y de servicios comerciales,122,"Directores, gerentes y administradores de comercialización, publicidad, relaciones públicas e investigación y desarrollo",1,"Directores, gerentes y administradores",2024,56,9925,3261184.5713853906,45.40040302267003,1,0.886750629722922,0.009370277078085642,0.10387909319899244,0.2653904282115869,45.53289672544081,16.890780856423174,FALSE,0,FALSE
2222,Profesionales de matronería,22,Profesionales de la salud,222,Profesionales de enfermería y matronería,2,"Profesionales, científicos e intelectuales",2024,103,9922,1519585.4209726444,40.558959887119535,0.8833904454747027,0.9406369683531546,0.055533158637371495,0.003829873009473896,0.9330780084660351,37.63606127796815,17.21265873815763,FALSE,0,FALSE
3142,Técnicos agropecuarios (incluyendo acuícolas),31,Técnicos de las ciencias y la ingeniería,314,"Técnicos en ciencias biológicas (excluyendo la medicina), agropecuarias, acuícolas y forestales",3,Técnicos y profesionales de nivel medio,2024,125,9914,971968.8622864117,44.63183377042566,0.8712799917619195,0.9482549929392778,0.04014524914262659,0.0024208190437764775,0.3557595319749849,38.97478313496066,14.126286060117007,FALSE,0,FALSE
1112,Personal directivo de la administración pública,11,"Miembros del Poder Ejecutivo y Legislativo, personal directivo de la administración pública y de otras organizaciones sociales y/o políticas, directores ejecutivos y gerentes generales",111,"Miembros del poder ejecutivo y legislativo, personal directivo de la administración pública y de otras organizaciones sociales y/o políticas",1,"Directores, gerentes y administradores",2024,91,9807,3337793.0731110433,45.307003089598354,0.9262000205570974,1,0,0,0.37218313449576834,46.74579382074029,17.55123891098195,FALSE,0,FALSE
2163,Diseñadores de productos y de vestuario,21,Profesionales de las ciencias y de la ingeniería,216,"Arquitectos, diseñadores, urbanistas, cartógrafos y agrimensores",2,"Profesionales, científicos e intelectuales",2024,67,9782,941693.1763338615,41.8333506709664,0.7098752811286035,0.46984256798200774,0.42639542015947657,0.086485381312615,0.5985483541198119,36.54099366182785,15.940809650378245,FALSE,0,FALSE
3355,Inspectores y detectives de la Policía de Investigaciones (PDI),33,Técnicos en operaciones financieras y administrativas,335,Agentes de la administración pública para la aplicación de la ley,3,Técnicos y profesionales de nivel medio,2024,75,9690,1846957.123632611,44.979477028857175,0.9372549019607843,0.9566563467492261,0.043343653250773995,0,0.3252837977296182,38.292776057791535,15.767285861713106,FALSE,0,FALSE
7421,Mecánicos y reparadores en electrónica,74,Trabajadores especializados en electricidad y electrónica,742,Instaladores y reparadores de equipos electrónicos y de telecomunicaciones,7,Artesanos y operarios de oficios,2024,84,9677,644275.7564327788,42.83000930040302,0.6626455026455026,0.6347008370362716,0.3516585718714478,0.013640591092280666,0.11790844269918363,41.39051358892219,12.954221349591815,FALSE,0,FALSE
2514,Programadores de aplicaciones,25,Profesionales de tecnología de la información y las comunicaciones,251,"Analistas, desarrolladores y programadores de software, multimedia y aplicaciones",2,"Profesionales, científicos e intelectuales",2024,59,9591,1717406.480352158,41.10673922143156,0.8694609529767491,0.8186841830883119,0.1503492857887603,0.030966531122927746,0.04817015952455427,37.14075695964967,16.29830049004275,FALSE,0,FALSE
2433,Profesionales de ventas técnicas y médicas (excluyendo las TIC),24,Profesionales de negocios y administración,243,"Profesionales de la publicidad, relaciones públicas y de las ventas técnicas, médicas y de tecnología de la información y las comunicaciones",2,"Profesionales, científicos e intelectuales",2024,64,9527,2382244.876561352,43.15965151674189,0.9419544452608376,0.9039571743465938,0.0440852314474651,0.05195759420594101,0.24939645218851686,43.58129526608586,15.773485882229453,FALSE,0,FALSE
3114,Técnicos en electrónica,31,Técnicos de las ciencias y la ingeniería,311,"Técnicos en ciencias físicas, químicas, técnicos en ingeniería y dibujantes técnicos",3,Técnicos y profesionales de nivel medio,2024,80,9464,1169425.4368611583,44.245667793744715,0.8774302620456467,0.8156170752324599,0.15120456466610313,0.03317836010143702,0.004015215553677092,43.140215553677095,14.53381234150465,FALSE,0,FALSE
7313,"Joyeros, orfebres y plateros",73,Artesanos y operarios de las artes gráficas,731,"Reparadores de instrumentos de precisión, fabricantes y afinadores de instrumentos musicales, pintores de carteles, pintores decorativos y artesanos",7,Artesanos y operarios de oficios,2024,77,9437,771428.0439499612,30.330075187969925,0.4696407756702342,0.10024372152167002,0.7731270530889054,0.11889371622337608,0.5699904630708912,43.96651478224012,13.23365476316626,FALSE,0,FALSE
8142,Operadores de máquinas para fabricar productos de material plástico,81,Operadores de instalaciones fijas y máquinas,814,"Operadores de máquinas para fabricar productos de caucho, de material plástico y de papel",8,"Operadores de instalaciones, máquinas y ensambladores",2024,54,9051,665639.4750856259,44.87316318638825,0.7891945641365595,0.9871837366036902,0.0128162633963098,0,0.14329908297425697,41.85393879129378,11.348027842227378,FALSE,0,FALSE
3423,Instructores de acondicionamiento físico y actividades recreativas,34,"Técnicos de servicios jurídicos, sociales, deportivos y culturales",342,"Deportistas, entrenadores, árbitros e instructores de actividades deportivas y recreativas",3,Técnicos y profesionales de nivel medio,2024,94,9005,783558.7880493354,30.771595063985373,0.5252637423653526,0.560799555802332,0.41787895613548026,0.021321488062187675,0.308717379233759,33.17312604108828,15.834980566352026,FALSE,0,FALSE
7132,Barnizadores y pulverizadores de productos manufacturados,71,Operarios de la construcción (no incluye electricistas),713,"Pintores, limpiadores de fachadas y deshollinadores",7,Artesanos y operarios de oficios,2024,82,8740,596554.0895111315,40.02345537757437,0.5745995423340962,0.5393592677345538,0.3948512585812357,0.06578947368421052,0,45.30011441647597,11.425514874141877,FALSE,0,FALSE
4224,Recepcionistas de hoteles,42,Empleados en trato directo con el público,422,Empleados de servicios de información al cliente,4,Personal de apoyo administrativo,2024,108,8644,586350.010856876,39.91835065996963,0.8195279962980102,0.9577741786210088,0.026260990282276724,0.015964831096714482,0.5083294770939379,34.74132346136048,13.601457658491439,FALSE,0,FALSE
2143,Ingenieros medioambientales,21,Profesionales de las ciencias y de la ingeniería,214,Ingenieros (excluyendo ingenieros en electrotecnología),2,"Profesionales, científicos e intelectuales",2024,65,8498,2035187.3551423864,41.64850553071311,0.915509531654507,0.8556130854318663,0.11332078136032007,0.031066133207813602,0.2995999058602024,39.34725817839492,17.437750058837374,FALSE,0,FALSE
3118,Delineantes y dibujantes técnicos,31,Técnicos de las ciencias y la ingeniería,311,"Técnicos en ciencias físicas, químicas, técnicos en ingeniería y dibujantes técnicos",3,Técnicos y profesionales de nivel medio,2024,70,8377,1090929.882774263,40.18258258258258,0.7885877999283754,0.8263101348931599,0.15888742986749432,0.007639966575146233,0.15697743822370777,41.1686761370419,14.880983645696551,FALSE,0,FALSE
7544,Fumigadores y otros controladores de plagas y malezas,75,"Operarios de procesamiento de alimentos, de la confección, ebanistas y otros oficios",754,"Buzos, dinamiteros, clasificadores, probadores e inspectores de calidad de productos no comestibles, fumigadores y otros oficios",7,Artesanos y operarios de oficios,2024,92,8361,699729.948170351,40.09843320177012,0.8493003229278795,0.7989474943188614,0.15536419088625764,0.045688314794880995,0.016146393972012917,41.57122353785432,12.598971414902524,FALSE,0,FALSE
6221,Trabajadores de explotaciones de acuicultura,62,"Trabajadores forestales calificados, pescadores y cazadores cuya producción se destina al mercado",622,"Trabajadores de explotaciones de acuicultura, pescadores, cazadores y tramperos",6,"Agricultores y trabajadores calificados agropecuarios, forestales y pesqueros",2024,112,8271,922075.5572482167,46.02321363801233,0.9456021322994912,0.9325353645266594,0.049328980776206025,0.018135654697134566,0.263571514931689,37.75492685285939,11.362471285213395,FALSE,0,FALSE
7541,Buzos,75,"Operarios de procesamiento de alimentos, de la confección, ebanistas y otros oficios",754,"Buzos, dinamiteros, clasificadores, probadores e inspectores de calidad de productos no comestibles, fumigadores y otros oficios",7,Artesanos y operarios de oficios,2024,141,8261,685497.3355973318,35.428502063607674,0.3469113149847095,0.4089093330105314,0.576201428398499,0.014889238590969616,0.012226122745430335,48.94891659605375,9.693407658749393,FALSE,0,FALSE
3522,Técnicos de ingeniería de las telecomunicaciones,35,Técnicos de la tecnología de la información y las comunicaciones,352,"Técnicos en radiodifusión, grabación audiovisual y técnicos de las telecomunicaciones",3,Técnicos y profesionales de nivel medio,2024,69,8251,1077280.938916495,46.03283508943886,0.9619082390166728,0.9545509635195734,0.04011634953338989,0.005332686947036723,0.06908253545024845,36.82511210762332,13.838080232699067,FALSE,0,FALSE
3342,Secretarios jurídicos,33,Técnicos en operaciones financieras y administrativas,334,"Supervisores de oficina, secretarios administrativos y especializados",3,Técnicos y profesionales de nivel medio,2024,75,8191,1074679.0229588705,41.56391161030399,0.806617018679038,0.9935294835795385,0.006470516420461482,0,0.7140764253448907,43.76022463679649,15.232572335490172,FALSE,0,FALSE
3412,Técnicos en trabajo social,34,"Técnicos de servicios jurídicos, sociales, deportivos y culturales",341,"Técnicos de los servicios jurídicos, sociales y religiosos",3,Técnicos y profesionales de nivel medio,2024,94,8069,656005.4858098897,39.56041640847689,0.7020696492750031,0.948692526955013,0.051307473044986986,0,0.8401288883380841,40.120089230387904,14.344528442186144,FALSE,0,FALSE
4221,Empleados de agencias de viajes,42,Empleados en trato directo con el público,422,Empleados de servicios de información al cliente,4,Personal de apoyo administrativo,2024,73,8040,950310.4681332496,39.57972636815921,0.9047263681592039,0.9588308457711443,0.03395522388059701,0.007213930348258706,0.9190298507462686,38.2681592039801,14.89502487562189,FALSE,0,FALSE
5413,Gendarmes,54,Personal de los servicios de protección y seguridad,541,Personal de los servicios de protección y seguridad,5,Trabajadores de los servicios y vendedores de comercios y mercados,2024,103,7918,1288392.3975751454,50.34842670759785,0.9252336448598131,1,0,0,0.16809800454660268,36.86435968678959,14.839984844657742,FALSE,0,FALSE
8350,Tripulantes de cubierta de barco,83,Conductores de vehículos y operadores de equipos pesados y móviles,835,Tripulantes de cubierta de barco,8,"Operadores de instalaciones, máquinas y ensambladores",2024,121,7915,1168197.7415173466,44.45546325878594,0.934301958307012,0.9655085281111813,0.013644977890082122,0.009475679090334808,0.018572331017056222,43.85975994946305,12.419077700568542,FALSE,0,FALSE
1120,Directores y gerentes generales de empresas,11,"Miembros del Poder Ejecutivo y Legislativo, personal directivo de la administración pública y de otras organizaciones sociales y/o políticas, directores ejecutivos y gerentes generales",112,Directores y gerentes generales de empresas,1,"Directores, gerentes y administradores",2024,59,7844,5275739.855771692,44.685364609892915,0.9882712901580826,0.4555073941866395,0.024859765425803163,0.5196328403875574,0.10402855685874554,52.99184089750128,17.43026517083121,FALSE,0,FALSE
8131,Operadores de plantas y máquinas para fabricar productos químicos,81,Operadores de instalaciones fijas y máquinas,813,Operadores de instalaciones y máquinas para fabricar productos químicos y fotográficos,8,"Operadores de instalaciones, máquinas y ensambladores",2024,50,7771,748570.6501237463,42.8056878136662,0.957920473555527,0.9782524771586668,0.018787800797838115,0.002959722043495046,0.19456955346802213,40.93179770943251,12.286706987517695,FALSE,0,FALSE
0210,Suboficiales de las Fuerzas Armadas,02,Suboficiales de las Fuerzas Armadas,021,Suboficiales de las Fuerzas Armadas,0,Ocupaciones de las fuerzas armadas,2024,114,7710,1225763.5817120622,48.26782197715636,0.9300907911802854,0.9909208819714657,0.009079118028534372,0,0.021141374837872894,39.56160830090791,13.890791180285344,FALSE,0,FALSE
3257,Inspectores de la salud y técnicos en prevención de riesgos,32,Técnicos de la salud,325,"Técnicos en odontología, ópticos, técnicos en prevención de riesgos y otros técnicos en salud",3,Técnicos y profesionales de nivel medio,2024,81,7708,1058903.0707835325,44.45949552916055,0.9254021795537104,0.9473274519979242,0.05267254800207576,0,0.44603009859885834,37.54346133886871,14.694473274519979,FALSE,0,FALSE
3212,Técnicos de laboratorios clínicos y servicios de sangre,32,Técnicos de la salud,321,"Técnicos y auxiliares paramédicos en imagenología, análisis de muestras médicas y de sangre, farmacéuticos y prótesis médicas y dentales",3,Técnicos y profesionales de nivel medio,2024,68,7549,740992.7185057624,41.35427736450585,0.939064776791628,1,0,0,0.7742747383759438,34.443899854285334,14.787653993906478,FALSE,0,FALSE
9510,Trabajadores ambulantes de servicios,95,Trabajadores ambulantes de servicios y vendedores ambulantes (excluyendo comida de consumo inmediato),951,Trabajadores ambulantes de servicios,9,Ocupaciones elementales,2024,63,7465,247313.82492664523,36.598910823689586,0.04447421299397187,0.08359008707300737,0.9003348961821835,0,0.19437374413931682,48.17521768251842,7.923777628935031,FALSE,0,FALSE
4412,Carteros y empleados de servicios de correos y encomiendas,44,Otro personal de apoyo administrativo,441,Otro personal de apoyo administrativo,4,Personal de apoyo administrativo,2024,70,7420,725882.9509152542,41.98670728330102,0.926010781671159,0.9716981132075472,0.02830188679245283,0,0.31630727762803235,43.04743935309973,13.23921832884097,FALSE,0,FALSE
6130,Productores y trabajadores calificados de explotaciones agropecuarias mixtas,61,Agricultores y trabajadores calificados de explotaciones agropecuarias cuya producción se destina al mercado,613,Productores y trabajadores calificados de explotaciones agropecuarias mixtas,6,"Agricultores y trabajadores calificados agropecuarios, forestales y pesqueros",2024,142,7381,608322.4345891839,45.018113858539394,0.31797859368649234,0.40008128979813035,0.5023709524454681,0.08630266901503861,0.08670911800569028,55.70871155669963,8.808833491396829,FALSE,0,FALSE
3255,Técnicos y asistentes fisioterapeutas,32,Técnicos de la salud,325,"Técnicos en odontología, ópticos, técnicos en prevención de riesgos y otros técnicos en salud",3,Técnicos y profesionales de nivel medio,2024,67,7301,530819.4554166667,17.201300578034683,0.350225996438844,0.21531297082591425,0.7707163402273661,0.013970688946719628,0.7724969182303794,43.079578139980825,14.248596082728394,FALSE,0,FALSE
3513,Técnicos en redes y sistemas de computadores,35,Técnicos de la tecnología de la información y las comunicaciones,351,"Técnicos en operaciones de tecnología de la información, las comunicaciones y asistencia al usuario; técnicos en redes y técnicos de la web",3,Técnicos y profesionales de nivel medio,2024,58,7225,914263.3635986159,43.24885813148789,0.8098269896193772,0.9022837370242215,0.09771626297577855,0,0.18269896193771626,40.406643598615915,14.652179930795848,FALSE,0,FALSE
0310,Otros miembros de las Fuerzas Armadas,03,Otros miembros de las Fuerzas Armadas,031,Otros miembros de las Fuerzas Armadas,0,Ocupaciones de las fuerzas armadas,2024,111,7151,1070346.6414487485,48.36274646902531,0.9574884631520068,0.9938470144035799,0.006152985596420081,0,0.1117326248077192,35.4329464410572,13.797498594716133,FALSE,0,FALSE
4415,Empleados administrativos de archivos,44,Otro personal de apoyo administrativo,441,Otro personal de apoyo administrativo,4,Personal de apoyo administrativo,2024,57,7083,651834.7479881407,40.38768883241564,0.8022024565861923,0.8270506847381053,0.17294931526189466,0,0.48228151913031203,44.761541719610335,13.509630475103439,FALSE,0,FALSE
2152,Ingenieros electrónicos,21,Profesionales de las ciencias y de la ingeniería,215,Ingenieros en electrotecnología,2,"Profesionales, científicos e intelectuales",2024,44,7013,1983236.0636000591,41.578069299871665,0.8743761585626694,0.8926279766148582,0.051333238271780976,0.0560387851133609,0.13246827320690147,44.33908455725082,16.998859261371738,FALSE,0,FALSE
7413,Instaladores y reparadores de líneas eléctricas,74,Trabajadores especializados en electricidad y electrónica,741,"Electricistas, instaladores y reparadores de equipos y líneas eléctricas",7,Artesanos y operarios de oficios,2024,78,6923,786855.0544890726,46.05604506716741,0.8423723897911833,0.9643218257980645,0.03567817420193558,0,0.002455582839809331,38.158746208291205,11.960629921259843,FALSE,0,FALSE
9612,Clasificadores de desechos,96,Recolectores de desechos y otras ocupaciones elementales,961,"Recolectores de basura y material reciclable, clasificadores de desechos y barrenderos de calles y parques",9,Ocupaciones elementales,2024,67,6897,336880.34149540885,34.11726766344181,0.2405393649412788,0.3217340872843265,0.5866318689285196,0.08641438306510077,0.2125561838480499,47.001014934029286,9.27475714078585,FALSE,0,FALSE
3253,Podólogos,32,Técnicos de la salud,325,"Técnicos en odontología, ópticos, técnicos en prevención de riesgos y otros técnicos en salud",3,Técnicos y profesionales de nivel medio,2024,68,6797,558305.6404747596,27.4496101221127,0.43063116080623803,0.2736501397675445,0.6879505664263645,0.038399293806090924,0.9304104752096514,47.795203766367514,14.454023834044431,FALSE,0,FALSE
7215,Aparejadores y empalmadores de cables no eléctricos,72,"Operarios de la metalurgia y operarios de máquinas herramientas; mecánicos de vehículos, maquinarias, aviones y bicicletas",721,"Moldeadores, soldadores, chapistas, caldereros, montadores de estructuras metálicas, aparejadores y empalmadores de cables no eléctricos",7,Artesanos y operarios de oficios,2024,63,6719,889480.6201815746,52.47551719005804,0.9337748344370861,0.9866051495758298,0.0035719601131120704,0.009822890311058194,0,37.275933918737906,12.767078434290816,FALSE,0,FALSE
3435,Tatuadores,34,"Técnicos de servicios jurídicos, sociales, deportivos y culturales",343,"Fotógrafos, decoradores de interior, técnicos en galerías de arte, museos y bibliotecas, chefs y otros técnicos en actividades culturales y artísticas",3,Técnicos y profesionales de nivel medio,2024,49,6673,676762.2608892238,30.85164094110595,0.23586206896551723,0.05964333882811329,0.9201258804136071,0.020230780758279634,0.2883260902142964,32.30406114191518,13.32429192267346,FALSE,0,FALSE
3612,Técnicos en educación diferencial,36,Técnicos en educación,361,Técnicos en educación,3,Técnicos y profesionales de nivel medio,2024,93,6650,525820.2917665867,40.46992481203007,0.9939849624060151,1,0,0,0.9760902255639098,35.35443609022556,14.450225563909774,FALSE,0,FALSE
8153,Operadores de máquinas de coser,81,Operadores de instalaciones fijas y máquinas,815,"Operadores de máquinas para fabricar productos textiles, artículos de piel y cuero y operadores de máquinas de lavanderías",8,"Operadores de instalaciones, máquinas y ensambladores",2024,57,6519,462000.44881762227,42.17203456402199,0.5381193434575855,0.6335327504218439,0.31676637521092194,0.02945236999539807,0.782942169044332,51.17564043564964,11.639361865316767,FALSE,0,FALSE
3111,Técnicos en ciencias físicas y químicas,31,Técnicos de las ciencias y la ingeniería,311,"Técnicos en ciencias físicas, químicas, técnicos en ingeniería y dibujantes técnicos",3,Técnicos y profesionales de nivel medio,2024,60,6484,812465.3055212832,43.649599012954965,0.9619607236740374,0.9545033929673041,0.04549660703269587,0,0.46807526218383716,37.94555829734732,14.589913633559531,FALSE,0,FALSE
1222,"Directores, gerentes y administradores de publicidad y relaciones públicas",12,Directores y gerentes administrativos y de servicios comerciales,122,"Directores, gerentes y administradores de comercialización, publicidad, relaciones públicas e investigación y desarrollo",1,"Directores, gerentes y administradores",2024,26,6470,4156943.1327075576,41.510355486862444,0.9712519319938177,0.7816074188562596,0,0.21839258114374033,0.4493044822256569,43.321483771251934,16.911591962905717,FALSE,0,TRUE
3431,Fotógrafos,34,"Técnicos de servicios jurídicos, sociales, deportivos y culturales",343,"Fotógrafos, decoradores de interior, técnicos en galerías de arte, museos y bibliotecas, chefs y otros técnicos en actividades culturales y artísticas",3,Técnicos y profesionales de nivel medio,2024,52,6412,1029088.9217227288,36.29449321628093,0.7057080474111042,0.26341235184029943,0.700093574547723,0.03649407361197754,0.4135995009357455,39.08016219588272,15.106674984404242,FALSE,0,FALSE
2131,"Biólogos, botánicos, zoólogos, genetistas y farmacólogos",21,Profesionales de las ciencias y de la ingeniería,213,Profesionales de las ciencias biológicas,2,"Profesionales, científicos e intelectuales",2024,57,6372,1434354.9170907896,36.85867821623356,0.7787193973634652,0.8206214689265536,0.14124293785310735,0.038135593220338986,0.4703389830508475,39.25580665411174,17.721594475831765,FALSE,0,FALSE
2424,Especialistas en formación del personal,24,Profesionales de negocios y administración,242,"Especialistas y asesores de gestión, políticas corporativas, políticas públicas y desarrollo del personal",2,"Profesionales, científicos e intelectuales",2024,42,6291,1425698.294865681,35.21649976156414,0.8316642823080591,0.9076458432681609,0.0815450643776824,0.010809092354156731,0.474964234620887,40.585757431251,16.084215591915303,FALSE,0,FALSE
6122,Avicultores y trabajadores calificados de la avicultura,61,Agricultores y trabajadores calificados de explotaciones agropecuarias cuya producción se destina al mercado,612,Trabajadores calificados de la cría de animales,6,"Agricultores y trabajadores calificados agropecuarios, forestales y pesqueros",2024,60,6245,638844.1518014411,42.711449159327465,0.8168134507606085,0.7956765412329864,0.19471577261809447,0.009607686148919135,0.13194555644515613,48.59343474779824,9.004483586869496,FALSE,0,FALSE
6114,Agricultores y trabajadores calificados de cultivos mixtos,61,Agricultores y trabajadores calificados de explotaciones agropecuarias cuya producción se destina al mercado,611,"Agricultores y trabajadores calificados de cultivos extensivos, plantaciones de árboles y arbustos, huertas, invernaderos, viveros y jardines y de cultivos mixtos",6,"Agricultores y trabajadores calificados agropecuarios, forestales y pesqueros",2024,119,6211,570383.8701898409,45.636112465464,0.3976815327644502,0.29657060054741585,0.5899211077121237,0.08452745129608759,0.14248913218483336,54.201899855095796,8.365761316872428,FALSE,0,FALSE
3311,Agentes de bolsa y otros servicios financieros,33,Técnicos en operaciones financieras y administrativas,331,"Agentes de bolsas, ejecutivos de créditos, asistentes contables y otros técnicos en finanzas y matemáticas",3,Técnicos y profesionales de nivel medio,2024,48,6188,2016441.133672298,40.720588235294116,1,0.9397220426632191,0.06027795733678087,0,0.5479961215255333,41.76664511958629,15.676147382029734,FALSE,0,FALSE
4211,Cajeros de bancos y de oficinas de correo,42,Empleados en trato directo con el público,421,"Cajeros de bancos y de casas de cambio; receptores de apuestas, prestamistas y cobradores",4,Personal de apoyo administrativo,2024,67,6187,813541.9435914013,42.446419912720216,0.9683206723775659,1,0,0,0.8446743171165346,43.11798933247131,13.490221432034913,FALSE,0,FALSE
7317,"Artesanos en madera, cestería y materiales similares",73,Artesanos y operarios de las artes gráficas,731,"Reparadores de instrumentos de precisión, fabricantes y afinadores de instrumentos musicales, pintores de carteles, pintores decorativos y artesanos",7,Artesanos y operarios de oficios,2024,92,6170,306201.047027972,30.782820097244734,0.3275526742301459,0.0880064829821718,0.8659643435980551,0.03257698541329011,0.39043760129659644,50.68282009724473,11.374716369529985,FALSE,0,FALSE
3213,Técnicos y asistentes farmacéuticos,32,Técnicos de la salud,321,"Técnicos y auxiliares paramédicos en imagenología, análisis de muestras médicas y de sangre, farmacéuticos y prótesis médicas y dentales",3,Técnicos y profesionales de nivel medio,2024,55,5967,761826.3827076609,43.55907491201609,0.9772079772079773,1,0,0,0.6338193397016927,41.574660633484164,14.319926261102731,FALSE,0,FALSE
4132,Digitadores de datos,41,Oficinistas,413,Operadores de equipo de oficina,4,Personal de apoyo administrativo,2024,57,5959,799017.5069642557,43.48632320859205,0.8511495217318342,0.995804665212284,0.00419533478771606,0,0.5524416848464507,40.33025675448901,14.526766235945628,FALSE,0,FALSE
2529,Otros especialistas en bases de datos y en redes de computadores no clasificados previamente,25,Profesionales de tecnología de la información y las comunicaciones,252,"Diseñadores y administradores de bases de datos, administradores de sistemas y profesionales en redes de computadores",2,"Profesionales, científicos e intelectuales",2024,29,5923,2078147.508188418,43.7592436265406,0.9268951544825258,0.9645449940908324,0.03545500590916765,0,0.31217288536214755,38.520513253418876,16.88924531487422,FALSE,0,TRUE
2521,Diseñadores y administradores de bases de datos,25,Profesionales de tecnología de la información y las comunicaciones,252,"Diseñadores y administradores de bases de datos, administradores de sistemas y profesionales en redes de computadores",2,"Profesionales, científicos e intelectuales",2024,30,5818,2080679.8887933998,41.88930904090753,1,1,0,0,0.08233069783430733,37.37658989343417,16.615503609487796,FALSE,0,FALSE
2651,Artistas de artes plásticas,26,"Profesionales en derecho, ciencias sociales y culturales",265,"Artistas, actores y locutores de medios de comunicación",2,"Profesionales, científicos e intelectuales",2024,50,5763,554036.7321561339,25.15422612513721,0.5611660593440916,0.09942738157209786,0.7773728960610793,0.09092486552142981,0.6833246572965469,41.46312684365782,14.604546243276072,FALSE,0,FALSE
2659,Otros artistas creativos e interpretativos no clasificados previamente,26,"Profesionales en derecho, ciencias sociales y culturales",265,"Artistas, actores y locutores de medios de comunicación",2,"Profesionales, científicos e intelectuales",2024,46,5665,637873.560282436,24.256960453981204,0.5519858781994704,0.411297440423654,0.5659311562224184,0.022771403353927626,0.4091791703442189,37.90132391879965,14.697263901147396,FALSE,0,FALSE
3333,Agentes de empleo y contratistas de personal,33,Técnicos en operaciones financieras y administrativas,333,"Agentes de aduana, organizadores de eventos, agentes de empleo, de bienes raíces y otros agentes de servicios comerciales",3,Técnicos y profesionales de nivel medio,2024,64,5641,1035982.4904874072,43.38291083141287,0.814749157950718,0.3144832476511257,0.2538556993440879,0.4316610530047864,0.17745080659457543,46.33735153341606,12.680553093423152,FALSE,0,FALSE
9311,Obreros de la minería,93,"Obreros de la minería, la construcción, la industria manufacturera y el transporte",931,Obreros de la minería y la construcción,9,Ocupaciones elementales,2024,88,5588,798530.7310307802,52.696892138939674,0.8477440230091677,0.9393342877594846,0.03775948460987831,0.02290622763063708,0.05440229062276306,42.06012884753042,10.85110952040086,FALSE,0,FALSE
3132,Operadores de incineradores y de instalaciones de tratamiento de agua,31,Técnicos de las ciencias y la ingeniería,313,"Técnicos en control de procesos en instalaciones de producción de energía, agua, productos químicos, gas natural y metales",3,Técnicos y profesionales de nivel medio,2024,78,5568,1013075.0019755748,46.233117816091955,0.9849719355422778,0.9946120689655172,0.005387931034482759,0,0.029274425287356323,46.205280172413794,12.480036463081131,FALSE,0,FALSE
4313,Empleados encargados de las nóminas o registros de remuneraciones,43,Auxiliares y ayudantes de registros contables y encargados del registro de materiales,431,Auxiliares y ayudantes de registros contables y financieros,4,Personal de apoyo administrativo,2024,59,5523,1010371.241385597,42.40557667934094,0.9418794133623031,0.9619771863117871,0.03802281368821293,0,0.761723700887199,38.994749230490676,15.199518785859707,FALSE,0,FALSE
3211,Técnicos y auxiliares paramédicos de radiología e imagenología y otros aparatos de diagnóstico y tratamiento médico,32,Técnicos de la salud,321,"Técnicos y auxiliares paramédicos en imagenología, análisis de muestras médicas y de sangre, farmacéuticos y prótesis médicas y dentales",3,Técnicos y profesionales de nivel medio,2024,45,5522,772450.6667283836,44.262767113364724,0.9476638898949656,1,0,0,0.6305686345526983,37.631836291198844,14.610105034407823,FALSE,0,FALSE
3432,Diseñadores y decoradores de interior,34,"Técnicos de servicios jurídicos, sociales, deportivos y culturales",343,"Fotógrafos, decoradores de interior, técnicos en galerías de arte, museos y bibliotecas, chefs y otros técnicos en actividades culturales y artísticas",3,Técnicos y profesionales de nivel medio,2024,36,5522,1702345.8202641353,35.281963056863454,0.8132922854038392,0.33303151032234696,0.5552336110105034,0.11173487866714958,0.9150670047084389,39.94748279608837,15.822165881926837,FALSE,0,FALSE
0110,Oficiales de las Fuerzas Armadas,01,Oficiales de las Fuerzas Armadas,011,Oficiales de las Fuerzas Armadas,0,Ocupaciones de las fuerzas armadas,2024,63,5501,1852864.4968187602,48.91401563352118,0.9825486275222687,1,0,0,0.06653335757135066,37.34993637520451,16.166333393928376,FALSE,0,FALSE
9214,Ayudantes de jardinería y horticultura,92,"Obreros agropecuarios, pesqueros y forestales",921,"Obreros agropecuarios, de jardinería y horticultura, forestales y pesqueros",9,Ocupaciones elementales,2024,59,5498,422018.45967890753,37.02691887959258,0.6511458712259003,0.8506729719898145,0.14932702801018552,0,0.27173517642779194,47.48417606402328,9.253564899451554,FALSE,0,FALSE
5411,Bomberos,54,Personal de los servicios de protección y seguridad,541,Personal de los servicios de protección y seguridad,5,Trabajadores de los servicios y vendedores de comercios y mercados,2024,86,5455,719475.8992709133,45.036093023255816,0.887762624401032,0.9824014665444546,0,0.017598533455545372,0.18001833180568286,34.23758020164986,12.517140238313473,FALSE,0,FALSE
2320,Profesores de educación media técnico profesional (especialidades) y de formación laboral,23,Profesionales de la educación,232,Profesores de educación media técnico profesional (especialidades) y de formación laboral,2,"Profesionales, científicos e intelectuales",2024,54,5373,967779.7494881817,39.29424902289224,0.957751721570817,0.9804578447794529,0.01954215522054718,0,0.4799925553694398,44.75898008561325,15.900428066257213,FALSE,0,FALSE
9129,Otro personal de limpieza no clasificado previamente,91,Auxiliares de aseo y trabajadores de casa particular,912,"Limpiadores de ropa, vehículos, ventanas y otros limpiadores manuales",9,Ocupaciones elementales,2024,54,5332,559571.7508946322,42.12903225806452,0.7584396099024756,0.6065266316579144,0.31732933233308325,0.07614403600900226,0.14084771192798198,42.576331582895726,11.261627906976743,FALSE,0,FALSE
7123,"Yeseros, estucadores y revocadores",71,Operarios de la construcción (no incluye electricistas),712,Operarios de la construcción en trabajos de terminación,7,Artesanos y operarios de oficios,2024,41,5324,718138.6368440922,43.31743050338092,0.6666040570999249,0.8476709241172051,0.1523290758827949,0,0.002629601803155522,43.03193087903832,10.364951164537942,FALSE,0,FALSE
5113,Guías de turismo,51,Trabajadores de los servicios a las personas,511,Trabajadores al servicio directo de los pasajeros,5,Trabajadores de los servicios y vendedores de comercios y mercados,2024,74,5282,920958.5822298983,37.85333077366097,0.7783036728511927,0.6035592578568724,0.28322605073835666,0.11321469140477092,0.3759939416887543,40.284551306323365,14.65051117001136,FALSE,0,FALSE
8157,Operadores de máquinas de lavanderías,81,Operadores de instalaciones fijas y máquinas,815,"Operadores de máquinas para fabricar productos textiles, artículos de piel y cuero y operadores de máquinas de lavanderías",8,"Operadores de instalaciones, máquinas y ensambladores",2024,69,5199,469648.8106357928,36.45431813810348,0.8222735141373341,0.7505289478745912,0.24273898826697443,0,0.7337949605693402,45.892864012310056,11.326985958838238,FALSE,0,FALSE
2355,Otros profesores de artes,23,Profesionales de la educación,235,"Especialistas en métodos pedagógicos, educadores para necesidades especiales y otros profesionales de la educación",2,"Profesionales, científicos e intelectuales",2024,49,5163,720822.265050505,21.68235521983343,0.4652333914390858,0.4975789269804377,0.5024210730195623,0,0.6912647685454193,43.69610691458455,15.317451094325005,FALSE,0,FALSE
8113,Perforadores y sondistas de pozos,81,Operadores de instalaciones fijas y máquinas,811,"Mineros y operadores de instalaciones mineras, perforadores de pozos y operadores de máquinas para fabricar cemento y otros productos minerales",8,"Operadores de instalaciones, máquinas y ensambladores",2024,78,5067,1179287.1391670003,58.050325636471285,0.9445431221630156,0.8731004539175055,0.12689954608249457,0,0.018156700217090982,38.432405762778764,12.662127491612393,FALSE,0,FALSE
1431,"Directores, gerentes y administradores de centros deportivos, de esparcimiento y culturales",14,"Directores, gerentes y administradores de hoteles, restaurantes, comercios y de otros servicios",143,"Directores, gerentes y administradores de centros deportivos, de esparcimiento, culturales y de otros servicios",1,"Directores, gerentes y administradores",2024,45,4974,1739388.758544431,40.87997587454765,0.8934459187776438,0.7159227985524729,0.021712907117008445,0.2623642943305187,0.2448733413751508,43.46320868516285,16.23200643345396,FALSE,0,FALSE
2622,Bibliotecarios y documentalistas de archivos,26,"Profesionales en derecho, ciencias sociales y culturales",262,"Archivistas, curadores de museo, bibliotecarios y documentalistas de archivos",2,"Profesionales, científicos e intelectuales",2024,37,4960,1081547.1947580646,41.74173387096774,0.959274193548387,1,0,0,0.8403225806451613,43.515120967741936,16.839314516129033,FALSE,0,FALSE
7314,"Alfareros (barro, arcilla y abrasivos)",73,Artesanos y operarios de las artes gráficas,731,"Reparadores de instrumentos de precisión, fabricantes y afinadores de instrumentos musicales, pintores de carteles, pintores decorativos y artesanos",7,Artesanos y operarios de oficios,2024,49,4897,327936.6910184787,31.193212575473662,0.20584031039411885,0.24647743516438636,0.7167653665509496,0.03675719828466408,0.4461915458443945,49.26444762099244,10.678782928323463,FALSE,0,FALSE
3215,Laboratoristas dentales o técnicos en prótesis dentales,32,Técnicos de la salud,321,"Técnicos y auxiliares paramédicos en imagenología, análisis de muestras médicas y de sangre, farmacéuticos y prótesis médicas y dentales",3,Técnicos y profesionales de nivel medio,2024,33,4819,989198.9342187176,40.04233243411496,0.718821332226603,0.663623158331604,0.2519194853704088,0.08445735629798713,0.46980701390329943,43.70886075949367,14.461091512761984,FALSE,0,FALSE
2114,Geólogos y geofísicos,21,Profesionales de las ciencias y de la ingeniería,211,"Físicos, astrónomos, meteorólogos, químicos, geólogos y geofísicos",2,"Profesionales, científicos e intelectuales",2024,46,4805,2802763.9467221643,46.733818938605616,0.9309053069719042,0.9577523413111342,0.013943808532778356,0.02830385015608741,0.22434963579604578,39.548178980228926,17.99021852237253,FALSE,0,FALSE
3231,Profesionales y técnicos de las terapias complementarias,32,Técnicos de la salud,323,Profesionales y técnicos de las terapias complementarias y medicina tradicional,3,Técnicos y profesionales de nivel medio,2024,25,4587,949989.6845432745,27.017004578155657,0.6533682145192936,0.18378024852844996,0.7466753869631567,0.06954436450839328,0.7623719206453019,39.08109875735775,13.68868541530412,FALSE,0,TRUE
7534,Tapiceros,75,"Operarios de procesamiento de alimentos, de la confección, ebanistas y otros oficios",753,"Sastres, modistos, patronistas de tela, costureros, tapiceros, apelambradores y zapateros",7,Artesanos y operarios de oficios,2024,41,4566,445172.8017539811,37.774481374079855,0.30420499342969776,0.29106438896189224,0.6270258431887867,0.06614104248795445,0.21813403416557162,49.09658344283837,10.836837494524747,FALSE,0,FALSE
1411,"Directores, gerentes y administradores de hoteles",14,"Directores, gerentes y administradores de hoteles, restaurantes, comercios y de otros servicios",141,"Directores, gerentes y administradores de hoteles y restaurantes",1,"Directores, gerentes y administradores",2024,71,4513,1869236.7327798968,45.84157529648691,0.7691114557943718,0.5925105251495679,0.19587857301130068,0.2116109018391314,0.47994682029692,50.074008420119654,14.806337247950365,FALSE,0,FALSE
9329,Obreros de la industria manufacturera no clasificados previamente,93,"Obreros de la minería, la construcción, la industria manufacturera y el transporte",932,Empacadores manuales y obreros de la industria manufacturera,9,Ocupaciones elementales,2024,51,4499,529351.7885312784,40.31273616359191,0.8641920426761502,0.9364303178484108,0.06356968215158924,0,0.19782173816403645,46.4460991331407,10.304289842187153,FALSE,0,FALSE
8141,Operadores de máquinas para fabricar productos de caucho,81,Operadores de instalaciones fijas y máquinas,814,"Operadores de máquinas para fabricar productos de caucho, de material plástico y de papel",8,"Operadores de instalaciones, máquinas y ensambladores",2024,53,4496,663235.1430237984,48.211298932384345,0.8196174377224199,0.6423487544483986,0.2284252669039146,0.12922597864768684,0.02891459074733096,40.69039145907473,11.437722419928825,FALSE,0,FALSE
2353,Otros profesores de idiomas,23,Profesionales de la educación,235,"Especialistas en métodos pedagógicos, educadores para necesidades especiales y otros profesionales de la educación",2,"Profesionales, científicos e intelectuales",2024,36,4491,673943.6853932585,24.94700512135382,0.5896236918281006,0.3144065909596972,0.6606546426185704,0.024938766421732355,0.6524159429971054,40.91204631485193,16.6270318414607,FALSE,0,FALSE
8143,Operadores de máquinas para fabricar productos de papel,81,Operadores de instalaciones fijas y máquinas,814,"Operadores de máquinas para fabricar productos de caucho, de material plástico y de papel",8,"Operadores de instalaciones, máquinas y ensambladores",2024,31,4445,689741.9070866142,41.74758155230596,0.8697412823397075,0.9052868391451069,0.09471316085489313,0,0.3165354330708661,37.049493813273344,12.0607424071991,FALSE,0,FALSE
3259,Otros técnicos de la salud no clasificados previamente,32,Técnicos de la salud,325,"Técnicos en odontología, ópticos, técnicos en prevención de riesgos y otros técnicos en salud",3,Técnicos y profesionales de nivel medio,2024,43,4436,615510.7161857529,40.74346257889991,0.7582568807339449,0.7833633904418394,0.11564472497745718,0.10099188458070334,0.5214156898106402,38.77141568981064,12.440261496844004,FALSE,0,FALSE
1322,"Directores, gerentes y administradores de explotaciones mineras",13,"Directores, gerentes y administradores de producción y operaciones",132,"Directores, gerentes y administradores de producción y operaciones de industrias manufactureras, de minería, de construcción, de almacenamiento y distribución",1,"Directores, gerentes y administradores",2024,41,4331,4675036.121580547,47.96467328561533,0.9547448626183329,0.8526899099515124,0,0.14731009004848764,0.10667282382821519,52.446548141306856,17.42045716924498,FALSE,0,FALSE
9623,Recolectores de dinero en máquinas expendedoras de venta automática y lectores de medidores,96,Recolectores de desechos y otras ocupaciones elementales,962,Otras ocupaciones elementales,9,Ocupaciones elementales,2024,47,4329,588867.358974359,43.13097713097713,0.9233079233079233,1,0,0,0.17001617001617,42.72164472164472,12.428967428967429,FALSE,0,FALSE
4227,"Entrevistadores de investigaciones de mercado, estudios de opinión pública y encuestadores",42,Empleados en trato directo con el público,422,Empleados de servicios de información al cliente,4,Personal de apoyo administrativo,2024,42,4237,876137.9684741488,32.59464110127827,0.29149198520345254,0.8772716544725041,0.12272834552749587,0,0.6660372905357564,42.74769884352136,14.903469435921643,FALSE,0,FALSE
7222,Herramentistas,72,"Operarios de la metalurgia y operarios de máquinas herramientas; mecánicos de vehículos, maquinarias, aviones y bicicletas",722,Herreros y herramentistas; reguladores y operarios de máquinas herramientas; pulidores de metales y afiladores de herramientas,7,Artesanos y operarios de oficios,2024,37,4188,682499.358908342,38.95081184336199,0.733046800382044,0.37774594078319007,0.5124164278892073,0.08524355300859598,0.14780324737344794,56.597182425978986,12.313514804202484,FALSE,0,FALSE
2434,Profesionales de ventas de tecnología de la información y las comunicaciones (TIC),24,Profesionales de negocios y administración,243,"Profesionales de la publicidad, relaciones públicas y de las ventas técnicas, médicas y de tecnología de la información y las comunicaciones",2,"Profesionales, científicos e intelectuales",2024,24,4171,1895956.4363462,43.80148645408775,0.9912727272727273,0.9290338048429633,0.07096619515703669,0,0.3646607528170702,43.38240230160633,16.47518580676097,FALSE,0,TRUE
4223,Telefonistas,42,Empleados en trato directo con el público,422,Empleados de servicios de información al cliente,4,Personal de apoyo administrativo,2024,36,4132,713065.2069215876,41.37729912875121,0.8257502420135527,0.9554695062923524,0.044530493707647625,0,0.8075992255566312,42.198451113262344,13.110116166505325,FALSE,0,FALSE
7232,Mecánicos y reparadores de motores de avión,72,"Operarios de la metalurgia y operarios de máquinas herramientas; mecánicos de vehículos, maquinarias, aviones y bicicletas",723,"Mecánicos de vehículos, motores de aviones, reparadores de máquinas agrícolas, industriales y bicicletas",7,Artesanos y operarios de oficios,2024,24,4108,1174409.142161636,46.00438169425511,1,1,0,0,0.10540408958130477,35.6684518013632,13.83666017526777,FALSE,0,TRUE
7523,Operadores y reguladores de máquinas para trabajar la madera,75,"Operarios de procesamiento de alimentos, de la confección, ebanistas y otros oficios",752,"Operarios del tratamiento de la madera, ebanistas y operarios de máquinas para trabajar madera",7,Artesanos y operarios de oficios,2024,59,4074,634869.7540500737,41.372361315660285,0.8625429553264605,0.833578792341679,0.16642120765832105,0,0.05817378497790869,42.87972508591065,11.209867452135493,FALSE,0,FALSE
9212,Obreros de explotaciones ganaderas,92,"Obreros agropecuarios, pesqueros y forestales",921,"Obreros agropecuarios, de jardinería y horticultura, forestales y pesqueros",9,Ocupaciones elementales,2024,70,4058,568470.6370106762,43.38640339915021,0.5662888122227698,0.6865450961064564,0.295219319862001,0.018235584031542632,0.09709216362740267,48.7799408575653,8.930754066042386,FALSE,0,FALSE
2153,Ingenieros en telecomunicaciones,21,Profesionales de las ciencias y de la ingeniería,215,Ingenieros en electrotecnología,2,"Profesionales, científicos e intelectuales",2024,22,4028,1705207.387040715,44.64373333333333,1,0.9016881827209533,0.07770605759682224,0.020605759682224428,0.10625620655412116,42.871896722939425,16.4051638530288,FALSE,0,TRUE
6123,Trabajadores calificados de la apicultura y la sericultura,61,Agricultores y trabajadores calificados de explotaciones agropecuarias cuya producción se destina al mercado,612,Trabajadores calificados de la cría de animales,6,"Agricultores y trabajadores calificados agropecuarios, forestales y pesqueros",2024,57,3825,527732.4426010168,39.602739726027394,0.3895424836601307,0.33281045751633986,0.5994771241830066,0.0677124183006536,0.15058823529411763,54.38248366013072,10.026645350386358,FALSE,0,FALSE
2354,Otros profesores de música,23,Profesionales de la educación,235,"Especialistas en métodos pedagógicos, educadores para necesidades especiales y otros profesionales de la educación",2,"Profesionales, científicos e intelectuales",2024,27,3741,704709.207690067,20.57070302058273,0.4095161721464849,0.35177759957230686,0.6311146752205292,0.01710772520716386,0.1491579791499599,36.94252873563219,15.801390002673083,FALSE,0,TRUE
7234,Reparadores de bicicletas,72,"Operarios de la metalurgia y operarios de máquinas herramientas; mecánicos de vehículos, maquinarias, aviones y bicicletas",723,"Mecánicos de vehículos, motores de aviones, reparadores de máquinas agrícolas, industriales y bicicletas",7,Artesanos y operarios de oficios,2024,33,3730,438534.93033461325,32.09626988480527,0.4552278820375335,0.12198391420911528,0.849597855227882,0.028418230563002682,0.12332439678284182,50.41474530831099,11.183914209115281,FALSE,0,FALSE
3339,Otros agentes de servicios comerciales no clasificados previamente,33,Técnicos en operaciones financieras y administrativas,333,"Agentes de aduana, organizadores de eventos, agentes de empleo, de bienes raíces y otros agentes de servicios comerciales",3,Técnicos y profesionales de nivel medio,2024,28,3626,1594340.8344848303,40.50799779371208,0.8822393822393823,0.6798124655267512,0.27661334804191945,0.043574186431329286,0.35162713734142304,40.397683397683394,15.311913954771098,FALSE,0,TRUE
3439,Otros técnicos en actividades culturales y artísticas no clasificados previamente,34,"Técnicos de servicios jurídicos, sociales, deportivos y culturales",343,"Fotógrafos, decoradores de interior, técnicos en galerías de arte, museos y bibliotecas, chefs y otros técnicos en actividades culturales y artísticas",3,Técnicos y profesionales de nivel medio,2024,24,3590,782009.2521008403,34.61949860724234,0.6086350974930362,0.7682451253481895,0.14651810584958216,0,0.39442896935933147,36.27938718662953,13.56016713091922,FALSE,0,TRUE
8122,"Operadores de máquinas de acabado de metales (pulidores, galvanizadores y recubridores de metales)",81,Operadores de instalaciones fijas y máquinas,812,"Operadores de instalaciones de procesamiento y acabado de metales (pulidores, galvanizadores y recubridores de metales)",8,"Operadores de instalaciones, máquinas y ensambladores",2024,18,3518,755174.9451392837,44.998578737919274,0.9476975554292212,1,0,0,0,43.140989198408185,11.89226833428084,FALSE,0,TRUE
8121,Operadores de instalaciones de procesamiento de metales,81,Operadores de instalaciones fijas y máquinas,812,"Operadores de instalaciones de procesamiento y acabado de metales (pulidores, galvanizadores y recubridores de metales)",8,"Operadores de instalaciones, máquinas y ensambladores",2024,33,3517,820690.5009068924,49.02388399203867,0.9783906738697754,1,0,0,0.026727324424225193,38.98606767131078,12.778220073926642,FALSE,0,FALSE
2636,Profesionales religiosos,26,"Profesionales en derecho, ciencias sociales y culturales",263,"Economistas, especialistas en ciencias sociales, humanidades, ciencias políticas y teología",2,"Profesionales, científicos e intelectuales",2024,38,3506,857897.4912056284,48.817125382262994,0.40758699372504276,0.6354820308043354,0.2529948659440958,0.040501996577296064,0.05790074158585282,57.32886480319453,14.14746149458072,FALSE,0,FALSE
2641,Autores y otros escritores,26,"Profesionales en derecho, ciencias sociales y culturales",264,"Escritores, periodistas, traductores, intérpretes de lengua de señas y lingüistas",2,"Profesionales, científicos e intelectuales",2024,18,3447,1102316.1459617256,29.290687554395127,0.6579634464751958,0.5799245720916739,0.4200754279083261,0,0.4783870031911807,44.737452857557294,16.966637655932693,FALSE,0,TRUE
8182,Operadores de máquinas de vapor y calderas,81,Operadores de instalaciones fijas y máquinas,818,"Operadores de máquinas de instalaciones de vidriería, cerámica y operadores de máquinas de vapor y calderas, de embotellamiento, de etiquetado y otros operadores de máquinas e instalaciones",8,"Operadores de instalaciones, máquinas y ensambladores",2024,42,3377,916223.9458098904,43.81166716020136,0.9911163754811964,1,0,0,0,45.5339058335801,13.039087947882736,FALSE,0,FALSE
5329,Otros trabajadores de los cuidados personales en instituciones y a domicilio no clasificados previamente,53,Trabajadores de los cuidados personales,532,Trabajadores de los cuidados personales en instituciones y a domicilio,5,Trabajadores de los servicios y vendedores de comercios y mercados,2024,28,3355,611795.7263785395,17.965722801788374,0.5397913561847988,0,1,0,0.8777943368107303,48.61847988077496,15.284053651266767,FALSE,0,TRUE
1219,"Otros directores, gerentes y administradores de servicios administrativos no clasificados previamente",12,Directores y gerentes administrativos y de servicios comerciales,121,"Directores, gerentes y administradores de finanzas, de recursos humanos, políticas empresariales y de servicios administrativos",1,"Directores, gerentes y administradores",2024,35,3326,2563188.9791538934,43.39085989176188,0.9230306674684305,0.5444978953698136,0.06885147324113049,0.3866506313890559,0.22730006013229104,48.838544798556825,15.662056524353577,FALSE,0,FALSE
2643,"Traductores, intérpretes de lengua de señas y lingüistas",26,"Profesionales en derecho, ciencias sociales y culturales",264,"Escritores, periodistas, traductores, intérpretes de lengua de señas y lingüistas",2,"Profesionales, científicos e intelectuales",2024,29,3325,1023631.3838249918,36.04494382022472,0.6036090225563909,0.595187969924812,0.3593984962406015,0.04541353383458647,0.5741353383458646,37.42616541353384,15.603308270676692,FALSE,0,TRUE
3119,Otros técnicos en ciencias físicas y en ingeniería no clasificados previamente,31,Técnicos de las ciencias y la ingeniería,311,"Técnicos en ciencias físicas, químicas, técnicos en ingeniería y dibujantes técnicos",3,Técnicos y profesionales de nivel medio,2024,40,3208,1159433.4767959313,46.01122194513716,0.9295511221945137,1,0,0,0.17549875311720697,41.28802992518703,15.226309226932669,FALSE,0,FALSE
5111,Auxiliares de servicio a bordo de aeronaves y barcos,51,Trabajadores de los servicios a las personas,511,Trabajadores al servicio directo de los pasajeros,5,Trabajadores de los servicios y vendedores de comercios y mercados,2024,19,3090,1571504.5501821795,33.49544554455446,0.7663430420711974,1,0,0,0.7242718446601941,32.14724919093851,14.640453074433657,FALSE,0,TRUE
3117,Técnicos en ingeniería de minas y metalurgia,31,Técnicos de las ciencias y la ingeniería,311,"Técnicos en ciencias físicas, químicas, técnicos en ingeniería y dibujantes técnicos",3,Técnicos y profesionales de nivel medio,2024,50,3063,1277262.5412993797,53.715311785830885,0.9866144302970944,1,0,0,0.1616062683643487,33.89552726085537,14.460312188641648,FALSE,0,FALSE
7513,Operarios de la elaboración de productos lácteos,75,"Operarios de procesamiento de alimentos, de la confección, ebanistas y otros oficios",751,"Operarios de procesamiento, elaboración, conservación, cata y clasificación de alimentos, bebidas y tabaco",7,Artesanos y operarios de oficios,2024,41,3058,421911.7565043362,36.198258539852645,0.5775016350555919,0.5153695225637671,0.3973185088293002,0.08731196860693263,0.5572269457161544,42.32210595160235,12.623937213865272,FALSE,0,FALSE
3240,Técnicos y asistentes veterinarios,32,Técnicos de la salud,324,Técnicos y asistentes veterinarios,3,Técnicos y profesionales de nivel medio,2024,37,3043,560156.8504765035,42.985540584949064,0.7279000985869208,0.9710811698981269,0.02070325336838646,0.00821557673348669,0.7035819914558002,36.910614525139664,13.904042063752875,FALSE,0,FALSE
8112,Operadores de instalaciones de procesamiento de minerales y rocas,81,Operadores de instalaciones fijas y máquinas,811,"Mineros y operadores de instalaciones mineras, perforadores de pozos y operadores de máquinas para fabricar cemento y otros productos minerales",8,"Operadores de instalaciones, máquinas y ensambladores",2024,44,3027,1292581.2778328378,52.66270234555666,0.9633300297324083,1,0,0,0.06772381896266931,41.209778658738024,11.96828543111992,FALSE,0,FALSE
5112,Revisores y cobradores de los transportes públicos,51,Trabajadores de los servicios a las personas,511,Trabajadores al servicio directo de los pasajeros,5,Trabajadores de los servicios y vendedores de comercios y mercados,2024,40,2978,671641.1232370719,43.382219110955546,0.9013269819666553,0.9882471457353929,0,0.01175285426460712,0.10443250503693755,32.23304231027535,11.595030221625251,FALSE,0,FALSE
2113,Químicos,21,Profesionales de las ciencias y de la ingeniería,211,"Físicos, astrónomos, meteorólogos, químicos, geólogos y geofísicos",2,"Profesionales, científicos e intelectuales",2024,32,2970,1714639.009275163,44.672390572390576,0.7188552188552189,0.7632996632996633,0.15084175084175083,0.08585858585858586,0.4663299663299663,44.68821548821549,17.08047138047138,FALSE,0,FALSE
1111,Miembros del poder ejecutivo y legislativo,11,"Miembros del Poder Ejecutivo y Legislativo, personal directivo de la administración pública y de otras organizaciones sociales y/o políticas, directores ejecutivos y gerentes generales",111,"Miembros del poder ejecutivo y legislativo, personal directivo de la administración pública y de otras organizaciones sociales y/o políticas",1,"Directores, gerentes y administradores",2024,34,2967,2955533.616740088,40.0428041793057,0.5877991236939669,1,0,0,0.3700707785642063,52.37344118638355,16.256150994270307,FALSE,0,FALSE
9121,Lavanderos y planchadores manuales,91,Auxiliares de aseo y trabajadores de casa particular,912,"Limpiadores de ropa, vehículos, ventanas y otros limpiadores manuales",9,Ocupaciones elementales,2024,35,2949,213321.47236351305,16.731218088986143,0.1515768056968464,0.3051881993896236,0.669379450661241,0.0254323499491353,0.8969142082061716,56.80196676839606,9.877437325905293,FALSE,0,FALSE
2120,Matemáticos y estadísticos,21,Profesionales de las ciencias y de la ingeniería,212,Matemáticos y estadísticos,2,"Profesionales, científicos e intelectuales",2024,14,2835,2213219.422574956,40.13439153439153,0.8738574040219378,1,0,0,0.4292768959435626,37.23245149911816,17.285008818342153,FALSE,0,TRUE
2654,"Directores de cine, radio y teatro",26,"Profesionales en derecho, ciencias sociales y culturales",265,"Artistas, actores y locutores de medios de comunicación",2,"Profesionales, científicos e intelectuales",2024,18,2815,1096745.8198804185,41.84689165186501,0.8365896980461812,0.7076376554174068,0.17584369449378331,0.11651865008880995,0.23197158081705152,39.37833037300177,15.752397868561278,FALSE,0,TRUE
2523,Profesionales en redes de computadores,25,Profesionales de tecnología de la información y las comunicaciones,252,"Diseñadores y administradores de bases de datos, administradores de sistemas y profesionales en redes de computadores",2,"Profesionales, científicos e intelectuales",2024,21,2755,1647002.5823397913,41.14736842105263,0.9448275862068966,0.9742286751361161,0.025771324863883848,0,0.11687840290381125,34.80907441016334,16.548457350272233,FALSE,0,TRUE
3354,Agentes de servicios de tramitación y entrega de licencias y permisos,33,Técnicos en operaciones financieras y administrativas,335,Agentes de la administración pública para la aplicación de la ley,3,Técnicos y profesionales de nivel medio,2024,31,2729,955466.3942836204,43.75925247343349,0.9296445584463173,0.9879076584829608,0.012092341517039208,0,0.4789300109930377,44.939171857823375,14.445584463173324,FALSE,0,FALSE
4212,Receptores de apuestas,42,Empleados en trato directo con el público,421,"Cajeros de bancos y de casas de cambio; receptores de apuestas, prestamistas y cobradores",4,Personal de apoyo administrativo,2024,32,2722,648913.2270389419,41.08486407053637,0.8047315058205032,0.9886113152094048,0.011388684790595151,0,0.5077149155033064,42.17854518736223,13.710874357090375,FALSE,0,FALSE
5419,Otro personal de los servicios de protección no clasificados previamente,54,Personal de los servicios de protección y seguridad,541,Personal de los servicios de protección y seguridad,5,Trabajadores de los servicios y vendedores de comercios y mercados,2024,35,2697,796144.0408006159,50.595105672969964,0.9084167593622544,0.9469781238413052,0.028550241008527995,0.024471635150166853,0.1360771227289581,37.57656655543196,12.906192065257693,FALSE,0,FALSE
4229,Otros empleados de servicios de información al cliente no clasificados previamente,42,Empleados en trato directo con el público,422,Empleados de servicios de información al cliente,4,Personal de apoyo administrativo,2024,30,2660,651405.6312030075,42.43796992481203,0.9078947368421053,0.9857142857142858,0.014285714285714285,0,0.6364661654135338,37.123684210526314,13.790977443609023,FALSE,0,FALSE
7542,Dinamiteros y pegadores,75,"Operarios de procesamiento de alimentos, de la confección, ebanistas y otros oficios",754,"Buzos, dinamiteros, clasificadores, probadores e inspectores de calidad de productos no comestibles, fumigadores y otros oficios",7,Artesanos y operarios de oficios,2024,41,2655,1015004.5167682926,60.71261770244821,0.9468926553672317,0.9468926553672317,0.01694915254237288,0.03615819209039548,0.015819209039548022,41.037664783427495,11.929190207156308,FALSE,0,FALSE
3315,Tasadores,33,Técnicos en operaciones financieras y administrativas,331,"Agentes de bolsas, ejecutivos de créditos, asistentes contables y otros técnicos en finanzas y matemáticas",3,Técnicos y profesionales de nivel medio,2024,20,2648,1238346.4554380665,41.47205438066465,0.604607250755287,0.8942598187311178,0.10574018126888217,0,0.42749244712990936,47.17598187311178,15.47809667673716,FALSE,0,TRUE
8189,Operadores de máquinas y de instalaciones fijas no clasificados previamente,81,Operadores de instalaciones fijas y máquinas,818,"Operadores de máquinas de instalaciones de vidriería, cerámica y operadores de máquinas de vapor y calderas, de embotellamiento, de etiquetado y otros operadores de máquinas e instalaciones",8,"Operadores de instalaciones, máquinas y ensambladores",2024,29,2642,717693.306964421,44.29106737320212,0.9102952308856926,1,0,0,0.13020439061317185,44.79788039364118,11.749810749432248,FALSE,0,TRUE
4411,Asistentes y ayudantes de bibliotecas,44,Otro personal de apoyo administrativo,441,Otro personal de apoyo administrativo,4,Personal de apoyo administrativo,2024,36,2635,566600.5514231499,42.371506211180126,0.9024667931688805,1,0,0,0.9480075901328273,45.94686907020873,13.173964034401877,FALSE,0,FALSE
7536,Zapateros,75,"Operarios de procesamiento de alimentos, de la confección, ebanistas y otros oficios",753,"Sastres, modistos, patronistas de tela, costureros, tapiceros, apelambradores y zapateros",7,Artesanos y operarios de oficios,2024,29,2599,343951.6318548387,40.60446325509812,0.4086186994998076,0.26779530588687955,0.7322046941131204,0,0.1623701423624471,59.92381685263563,8.312043093497499,FALSE,0,TRUE
7125,Cristaleros,71,Operarios de la construcción (no incluye electricistas),712,Operarios de la construcción en trabajos de terminación,7,Artesanos y operarios de oficios,2024,24,2578,600585.0154373928,40.595422808378586,0.7074615080931701,0.6276183087664856,0.37238169123351433,0,0.13964313421256788,47.140418929402635,11.595422808378588,FALSE,0,TRUE
2133,Profesionales de la protección medioambiental,21,Profesionales de las ciencias y de la ingeniería,213,Profesionales de las ciencias biológicas,2,"Profesionales, científicos e intelectuales",2024,17,2496,2441066.874599359,40.70753205128205,0.8886217948717948,0.6750801282051282,0.3249198717948718,0,0.5725160256410257,37.66786858974359,17.782852564102566,FALSE,0,TRUE
8114,Operadores de máquinas para fabricar cemento y otros productos minerales,81,Operadores de instalaciones fijas y máquinas,811,"Mineros y operadores de instalaciones mineras, perforadores de pozos y operadores de máquinas para fabricar cemento y otros productos minerales",8,"Operadores de instalaciones, máquinas y ensambladores",2024,19,2369,714634.3001266357,44.03799071338118,0.9704516673701984,0.9653862389193753,0.034613761080624736,0,0,42.17095821021528,10.775010552975939,FALSE,0,TRUE
3433,"Técnicos en galerías de arte, museos y bibliotecas",34,"Técnicos de servicios jurídicos, sociales, deportivos y culturales",343,"Fotógrafos, decoradores de interior, técnicos en galerías de arte, museos y bibliotecas, chefs y otros técnicos en actividades culturales y artísticas",3,Técnicos y profesionales de nivel medio,2024,26,2367,613870.0373831776,40.506450071667466,0.7820025348542459,0.884241656104774,0,0.11575834389522602,0.648077735530207,48.075200675961135,14.466835656949725,FALSE,0,TRUE
7121,Instaladores o reparadores de techos,71,Operarios de la construcción (no incluye electricistas),712,Operarios de la construcción en trabajos de terminación,7,Artesanos y operarios de oficios,2024,33,2351,490785.90492804185,38.61293066780094,0.5461505742237346,0.5886856656741812,0.33517652062951936,0.07613781369629945,0,47.87154402381965,11.781794980859209,FALSE,0,FALSE
2653,Bailarines y coreógrafos,26,"Profesionales en derecho, ciencias sociales y culturales",265,"Artistas, actores y locutores de medios de comunicación",2,"Profesionales, científicos e intelectuales",2024,14,2340,2693357.0146780303,27.634615384615383,0.5833333333333334,0.6457264957264958,0.3542735042735043,0,0.3487179487179487,38.804700854700855,15.552136752136752,FALSE,0,TRUE
7311,Mecánicos y reparadores de instrumentos de precisión,73,Artesanos y operarios de las artes gráficas,731,"Reparadores de instrumentos de precisión, fabricantes y afinadores de instrumentos musicales, pintores de carteles, pintores decorativos y artesanos",7,Artesanos y operarios de oficios,2024,17,2312,960350.4031141868,46.326557093425606,0.8832179930795848,0.7949826989619377,0.2050173010380623,0,0.09083044982698962,44.074826989619375,14.109977827050997,FALSE,0,TRUE
7323,Encuadernadores,73,Artesanos y operarios de las artes gráficas,732,"Tipógrafos, impresores y encuadernadores",7,Artesanos y operarios de oficios,2024,20,2299,434503.7614035088,31.16659417137886,0.4449760765550239,0.6037407568508047,0.3879947803392779,0,0.7485863418877773,42.3732057416268,12.434536755110917,FALSE,0,TRUE
3256,Técnicos y auxiliares paramédicos de alimentación,32,Técnicos de la salud,325,"Técnicos en odontología, ópticos, técnicos en prevención de riesgos y otros técnicos en salud",3,Técnicos y profesionales de nivel medio,2024,15,2205,624035.1981859411,41.45079365079365,0.8154195011337868,1,0,0,1,41.857142857142854,13.344671201814059,FALSE,0,TRUE
7514,"Operarios de la conservación de frutas, legumbres y verduras",75,"Operarios de procesamiento de alimentos, de la confección, ebanistas y otros oficios",751,"Operarios de procesamiento, elaboración, conservación, cata y clasificación de alimentos, bebidas y tabaco",7,Artesanos y operarios de oficios,2024,19,2196,674126.004054739,38.17622950819672,0.7144808743169399,0.4990892531876138,0.36247723132969034,0.1384335154826958,0.35792349726775957,41.692622950819676,12.885245901639344,FALSE,0,TRUE
2249,Otros profesionales de la salud no clasificados previamente,22,Profesionales de la salud,224,"Dentistas, farmacéuticos, kinesiólogos, nutricionistas, fonoaudiólogos y otros profesionales de la salud",2,"Profesionales, científicos e intelectuales",2024,8,2195,2165052.7225512527,44.67608200455581,1,1,0,0,0.4911161731207289,39.275626423690206,17.907972665148066,FALSE,0,TRUE
1344,"Directores, gerentes y administradores de servicios de bienestar social",13,"Directores, gerentes y administradores de producción y operaciones",134,"Directores, gerentes y administradores de servicios de cuidados a personas, bienestar social, educación, servicios financieros y de otros servicios profesionales",1,"Directores, gerentes y administradores",2024,18,2169,1672897.314189189,43.165514061779625,0.8358690640848317,0.8404794836330106,0.039188566159520516,0.12033195020746888,0.6445366528354081,44.53526970954357,15.925311203319502,FALSE,0,TRUE
3324,Corredores comerciales y consignatarios,33,Técnicos en operaciones financieras y administrativas,332,"Agentes de seguros, representantes comerciales, agentes de compras y consignatarios",3,Técnicos y profesionales de nivel medio,2024,19,2122,762279.2728557964,29.727615457115927,0.13147973609802074,0.09095193213949104,0.8798303487276155,0.029217719132893498,0.13807728557964186,43.263430725730444,11.59990574929312,FALSE,0,TRUE
8171,Operadores de instalaciones para la preparación de papel y de pasta para papel,81,Operadores de instalaciones fijas y máquinas,817,"Operadores de instalaciones para la preparación de papel, pasta de papel y procesamiento de la madera",8,"Operadores de instalaciones, máquinas y ensambladores",2024,21,2118,875527.1539187913,43.65061378659112,1,1,0,0,0,40.400377714825304,12.482058545797923,FALSE,0,TRUE
3314,Técnicos de servicios estadísticos y matemáticos,33,Técnicos en operaciones financieras y administrativas,331,"Agentes de bolsas, ejecutivos de créditos, asistentes contables y otros técnicos en finanzas y matemáticas",3,Técnicos y profesionales de nivel medio,2024,21,2108,1000309.9595319356,42.38956606533398,0.8956356736242884,0.9729601518026565,0.027039848197343452,0,0.6029411764705882,37.970588235294116,16.81404174573055,FALSE,0,TRUE
1114,"Dirigentes de organizaciones sociales y/o políticas (sindicatos, organizaciones sociales, partidos políticos, entre otras)",11,"Miembros del Poder Ejecutivo y Legislativo, personal directivo de la administración pública y de otras organizaciones sociales y/o políticas, directores ejecutivos y gerentes generales",111,"Miembros del poder ejecutivo y legislativo, personal directivo de la administración pública y de otras organizaciones sociales y/o políticas",1,"Directores, gerentes y administradores",2024,21,2098,1685690.094527363,37.02240228789323,0.657769304099142,0.9842707340324118,0.01572926596758818,0,0.5938989513822688,44.069590085795994,16.04003813155386,FALSE,0,TRUE
2631,Economistas,26,"Profesionales en derecho, ciencias sociales y culturales",263,"Economistas, especialistas en ciencias sociales, humanidades, ciencias políticas y teología",2,"Profesionales, científicos e intelectuales",2024,11,2084,4801567.325335893,43.520153550863725,0.9452975047984645,0.789827255278311,0.21017274472168906,0,0.5110364683301344,42.32821497120921,19.24376199616123,FALSE,0,TRUE
2655,Actores,26,"Profesionales en derecho, ciencias sociales y culturales",265,"Artistas, actores y locutores de medios de comunicación",2,"Profesionales, científicos e intelectuales",2024,16,2058,756182.5487944891,28.895043731778426,0.5014577259475219,0.5937803692905733,0.4062196307094266,0,0.37560738581146746,37.577745383867835,15.95821185617104,FALSE,0,TRUE
2134,Bioquímicos,21,Profesionales de las ciencias y de la ingeniería,213,Profesionales de las ciencias biológicas,2,"Profesionales, científicos e intelectuales",2024,15,2013,2234122.1023348235,40.751614505712865,0.8474913065077,1,0,0,0.5578738201689022,44.134624937903624,17.614505712866368,FALSE,0,TRUE
3222,Técnicos y auxiliares paramédicos de esterilización,32,Técnicos de la salud,322,"Técnicos y auxiliares paramédicos de enfermería, esterilización y ayudantes de ambulancia",3,Técnicos y profesionales de nivel medio,2024,16,1990,832351.6959798995,45.00050251256281,0.9100502512562814,0.9804020100502513,0.019597989949748745,0,0.8050251256281407,46.22964824120603,14.326633165829145,FALSE,0,TRUE
1213,"Directores, gerentes y administradores de políticas empresariales y planificación",12,Directores y gerentes administrativos y de servicios comerciales,121,"Directores, gerentes y administradores de finanzas, de recursos humanos, políticas empresariales y de servicios administrativos",1,"Directores, gerentes y administradores",2024,10,1982,3925850.24419778,44.71190716448032,0.9556004036326943,0.7719475277497477,0.18365287588294651,0.044399596367305755,0.4747729566094854,41.02875882946519,17.728557013118063,FALSE,0,TRUE
3152,Capitanes y oficiales de cubierta,31,Técnicos de las ciencias y la ingeniería,315,Técnicos y controladores en navegación marítima y aeronáutica,3,Técnicos y profesionales de nivel medio,2024,31,1957,1432268.6548438328,47.484414920797136,0.9151762902401636,0.9555442003065917,0.04445579969340828,0,0.05518650996423097,46.729688298415944,12.946346448645887,FALSE,0,FALSE
8211,Ensambladores de maquinaria mecánica,82,Ensambladores,821,"Ensambladores de maquinaria mecánica, equipos eléctricos, electrónicos y otros ensambladores",8,"Operadores de instalaciones, máquinas y ensambladores",2024,8,1952,763787.7143761874,42.98104508196721,1,1,0,0,0.03278688524590164,42.37448770491803,11.707479508196721,FALSE,0,TRUE
3351,Inspectores de aduana,33,Técnicos en operaciones financieras y administrativas,335,Agentes de la administración pública para la aplicación de la ley,3,Técnicos y profesionales de nivel medio,2024,30,1944,1599082.6646090534,46.56635802469136,0.9058641975308642,1,0,0,0.32407407407407407,45.24331275720164,15.565329218106996,FALSE,0,FALSE
2165,Cartógrafos y agrimensores,21,Profesionales de las ciencias y de la ingeniería,216,"Arquitectos, diseñadores, urbanistas, cartógrafos y agrimensores",2,"Profesionales, científicos e intelectuales",2024,6,1920,1654471.3541666667,37.96458333333333,1,0.8015625,0.1984375,0,0,52.51197916666667,16.7078125,FALSE,0,TRUE
2656,"Locutores de radio, televisión y otros medios de comunicación",26,"Profesionales en derecho, ciencias sociales y culturales",265,"Artistas, actores y locutores de medios de comunicación",2,"Profesionales, científicos e intelectuales",2024,25,1913,856098.907997909,30.923680083638263,0.5865133298484057,0.6095138525875589,0.35389440669106115,0.03659174072138003,0.12702561421850497,42.30266596968113,14.67903815995818,FALSE,0,TRUE
5165,Instructores de manejo,51,Trabajadores de los servicios a las personas,516,Otros trabajadores de servicios a las personas,5,Trabajadores de los servicios y vendedores de comercios y mercados,2024,17,1877,678005.3926478423,36.90516782099094,0.5199786893979755,0.8151305274374001,0.1848694725625999,0,0.23122003196590304,45.61640916355887,13.388385721896643,FALSE,0,TRUE
5241,"Modelos de moda, arte y publicidad",52,Vendedores,524,Modelos y promotores y otros vendedores no clasificados previamente,5,Trabajadores de los servicios y vendedores de comercios y mercados,2024,5,1876,1704104.4776119404,38.76705756929638,0.039445628997867806,0.2894456289978678,0.7105543710021321,0,0.25,32.52665245202559,15.702025586353944,FALSE,0,TRUE
7124,Instaladores de material aislante y de insonorización,71,Operarios de la construcción (no incluye electricistas),712,Operarios de la construcción en trabajos de terminación,7,Artesanos y operarios de oficios,2024,13,1814,666010.5711135612,40.757993384785,0.5979843225083986,0.5997794928335171,0.4002205071664829,0,0,38.33076074972437,13.405733186328556,FALSE,0,TRUE
2522,Administradores de sistemas,25,Profesionales de tecnología de la información y las comunicaciones,252,"Diseñadores y administradores de bases de datos, administradores de sistemas y profesionales en redes de computadores",2,"Profesionales, científicos e intelectuales",2024,11,1813,1784515.224489796,48.88858246001103,1,1,0,0,0,41.929950358521786,16.32984004412576,FALSE,0,TRUE
7113,"Tronzadores, labrantes y grabadores de piedra",71,Operarios de la construcción (no incluye electricistas),711,Operarios de la construcción en obra gruesa,7,Artesanos y operarios de oficios,2024,15,1778,603438.955568054,38.16760404949381,0.4955005624296963,0.3059617547806524,0.6940382452193475,0,0,44.03824521934758,10.419572553430822,FALSE,0,TRUE
8212,Ensambladores de equipos eléctricos y electrónicos,82,Ensambladores,821,"Ensambladores de maquinaria mecánica, equipos eléctricos, electrónicos y otros ensambladores",8,"Operadores de instalaciones, máquinas y ensambladores",2024,14,1743,729849.7654557043,38.93253012048193,0.6907630522088354,0.7429718875502008,0.2570281124497992,0,0.05679862306368331,48.77280550774527,12.214572576018359,FALSE,0,TRUE
3421,Atletas y deportistas,34,"Técnicos de servicios jurídicos, sociales, deportivos y culturales",342,"Deportistas, entrenadores, árbitros e instructores de actividades deportivas y recreativas",3,Técnicos y profesionales de nivel medio,2024,15,1740,1470170.5528735633,37.40977011494253,0.3775862068965517,0.6206896551724138,0.3793103448275862,0,0.13505747126436782,27.47471264367816,14.674137931034483,FALSE,0,TRUE
7315,"Sopladores, modeladores, laminadores, cortadores y pulidores de vidrio",73,Artesanos y operarios de las artes gráficas,731,"Reparadores de instrumentos de precisión, fabricantes y afinadores de instrumentos musicales, pintores de carteles, pintores decorativos y artesanos",7,Artesanos y operarios de oficios,2024,15,1721,718275.6240557815,39.041836141778035,0.7024985473561882,0.9000581057524695,0.0999418942475305,0,0.05229517722254503,49.314352120859965,12.937245787332946,FALSE,0,TRUE
8159,Operadores de máquinas para fabricar productos textiles y artículos de piel y cuero no clasificados previamente,81,Operadores de instalaciones fijas y máquinas,815,"Operadores de máquinas para fabricar productos textiles, artículos de piel y cuero y operadores de máquinas de lavanderías",8,"Operadores de instalaciones, máquinas y ensambladores",2024,12,1667,619330.1109778044,43.24835032993401,0.9034193161367726,1,0,0,0.5050989802039592,45.81703659268146,9.167966406718657,FALSE,0,TRUE
5163,Personal de pompas fúnebres y embalsamadores,51,Trabajadores de los servicios a las personas,516,Otros trabajadores de servicios a las personas,5,Trabajadores de los servicios y vendedores de comercios y mercados,2024,9,1593,1026674.3596986817,51.73571876961707,1,0.5831763967357187,0.04833647206528562,0.3684871311989956,0.12743251726302574,37.99309478970496,14.577526679221595,FALSE,0,TRUE
2162,Arquitectos paisajistas,21,Profesionales de las ciencias y de la ingeniería,216,"Arquitectos, diseñadores, urbanistas, cartógrafos y agrimensores",2,"Profesionales, científicos e intelectuales",2024,7,1575,2022015.8533333333,24.89142857142857,0.8857142857142857,0.4876190476190476,0.5123809523809524,0,0.33206349206349206,48.960634920634924,15.737777777777778,FALSE,0,TRUE
2633,"Filósofos, historiadores y especialistas en ciencias políticas",26,"Profesionales en derecho, ciencias sociales y culturales",263,"Economistas, especialistas en ciencias sociales, humanidades, ciencias políticas y teología",2,"Profesionales, científicos e intelectuales",2024,10,1537,2197363.2946001366,38.88288874430709,0.5959661678594665,0.7891997397527651,0.21080026024723486,0,0.3890696161353286,44.305790500975924,18.954456733897203,FALSE,0,TRUE
2612,Jueces,26,"Profesionales en derecho, ciencias sociales y culturales",261,"Abogados, jueces y otros profesionales del derecho",2,"Profesionales, científicos e intelectuales",2024,16,1528,4688565.537958115,43.30497382198953,0.9339005235602095,1,0,0,0.5575916230366492,47.646596858638745,17.994109947643977,FALSE,0,TRUE
1312,"Directores, gerentes y administradores de producción y operaciones de acuicultura y pesca",13,"Directores, gerentes y administradores de producción y operaciones",131,"Directores, gerentes y administradores de producción y operaciones agropecuarias, de silvicultura, acuicultura y pesca",1,"Directores, gerentes y administradores",2024,17,1523,3601810.6126066973,48.4005252790545,0.9553512803676953,0.7879185817465528,0,0.21208141825344715,0.08470124753775443,46.00656598818122,17.451083388049902,FALSE,0,TRUE
7549,Operarios de otros oficios no clasificados previamente,75,"Operarios de procesamiento de alimentos, de la confección, ebanistas y otros oficios",754,"Buzos, dinamiteros, clasificadores, probadores e inspectores de calidad de productos no comestibles, fumigadores y otros oficios",7,Artesanos y operarios de oficios,2024,19,1512,467137.2812920592,38.25066137566137,0.4246031746031746,0.35978835978835977,0.623015873015873,0,0.546957671957672,40.16468253968254,11.708994708994709,FALSE,0,TRUE
8152,Operadores de telares y otras máquinas tejedoras,81,Operadores de instalaciones fijas y máquinas,815,"Operadores de máquinas para fabricar productos textiles, artículos de piel y cuero y operadores de máquinas de lavanderías",8,"Operadores de instalaciones, máquinas y ensambladores",2024,14,1490,671087.9315436241,42.5993288590604,0.8859060402684564,1,0,0,0.16711409395973154,46.42013422818792,9.370469798657718,FALSE,0,TRUE
7316,"Pintores de carteles, pintores decorativos y grabadores",73,Artesanos y operarios de las artes gráficas,731,"Reparadores de instrumentos de precisión, fabricantes y afinadores de instrumentos musicales, pintores de carteles, pintores decorativos y artesanos",7,Artesanos y operarios de oficios,2024,17,1468,418167.8362989324,35.74523160762943,0.4359673024523161,0.5129427792915532,0.444141689373297,0,0.3337874659400545,51.80040871934605,10.760217983651225,FALSE,0,TRUE
8312,"Guardafrenos, guardagujas y agentes de maniobras",83,Conductores de vehículos y operadores de equipos pesados y móviles,831,"Maquinistas de locomotoras, guardafrenos y agentes de maniobras",8,"Operadores de instalaciones, máquinas y ensambladores",2024,14,1458,772382.4224965706,45.249657064471876,1,1,0,0,0.10219478737997256,40.57064471879287,10.956104252400548,FALSE,0,TRUE
2619,Otros profesionales del derecho no clasificados previamente,26,"Profesionales en derecho, ciencias sociales y culturales",261,"Abogados, jueces y otros profesionales del derecho",2,"Profesionales, científicos e intelectuales",2024,16,1450,1514899.104827586,39.8351724137931,0.7593103448275862,0.8848275862068965,0.11517241379310345,0,0.37724137931034485,36.73379310344828,16.60896551724138,FALSE,0,TRUE
4312,"Auxiliares y ayudantes de servicios estadísticos, financieros y de seguros",43,Auxiliares y ayudantes de registros contables y encargados del registro de materiales,431,Auxiliares y ayudantes de registros contables y financieros,4,Personal de apoyo administrativo,2024,14,1431,910057.2410901467,40.36058700209644,0.8852578068264343,1,0,0,0.4751921733053808,44.134171907756816,14.58909853249476,FALSE,0,TRUE
7532,Patronistas y cortadores de telas,75,"Operarios de procesamiento de alimentos, de la confección, ebanistas y otros oficios",753,"Sastres, modistos, patronistas de tela, costureros, tapiceros, apelambradores y zapateros",7,Artesanos y operarios de oficios,2024,7,1401,767618.7725631769,43.25053533190578,0.9202081526452732,0.98857958600999285,0.011420413990007138,0,0.12134189864382584,50.850107066381156,10.155603140613847,FALSE,0,TRUE
8219,Ensambladores no clasificados previamente,82,Ensambladores,821,"Ensambladores de maquinaria mecánica, equipos eléctricos, electrónicos y otros ensambladores",8,"Operadores de instalaciones, máquinas y ensambladores",2024,15,1373,514529.0043699927,37.57829570284049,0.7749453750910416,0.7268754552075747,0.27312454479242537,0,0.41951930080116534,33.82884195193008,12.210487982520029,FALSE,0,TRUE
7521,Operarios del tratamiento de la madera,75,"Operarios de procesamiento de alimentos, de la confección, ebanistas y otros oficios",752,"Operarios del tratamiento de la madera, ebanistas y operarios de máquinas para trabajar madera",7,Artesanos y operarios de oficios,2024,21,1362,541586.4867841409,45.24669603524229,0.697503671071953,0.9104258443465492,0.08957415565345081,0,0.06681350954478708,42.554331864904555,10.583700440528634,FALSE,0,TRUE
5161,Astrólogos y adivinadores,51,Trabajadores de los servicios a las personas,516,Otros trabajadores de servicios a las personas,5,Trabajadores de los servicios y vendedores de comercios y mercados,2024,11,1352,544667.1597633136,17.997041420118343,0.2588757396449704,0,1,0,0.7670118343195266,53.07396449704142,13.480029585798816,FALSE,0,TRUE
9213,Obreros de explotaciones agropecuarias,92,"Obreros agropecuarios, pesqueros y forestales",921,"Obreros agropecuarios, de jardinería y horticultura, forestales y pesqueros",9,Ocupaciones elementales,2024,24,1349,536258.4217939214,42.04744255003706,0.558932542624166,0.8354336545589326,0.16456634544106746,0,0.10896960711638251,48.04002965159377,8.986656782802076,FALSE,0,TRUE
8311,Maquinistas de locomotoras,83,Conductores de vehículos y operadores de equipos pesados y móviles,831,"Maquinistas de locomotoras, guardafrenos y agentes de maniobras",8,"Operadores de instalaciones, máquinas y ensambladores",2024,11,1239,1466036.1091065293,45.82082324455206,0.9564164648910412,1,0,0,0,42.70944309927361,13.238902340597257,FALSE,0,TRUE
3134,Operadores de instalaciones de refinación de petróleo y gas natural,31,Técnicos de las ciencias y la ingeniería,313,"Técnicos en control de procesos en instalaciones de producción de energía, agua, productos químicos, gas natural y metales",3,Técnicos y profesionales de nivel medio,2024,10,1174,1718011.7742759795,44.17120954003407,1,1,0,0,0,41.60732538330494,14.676320272572402,FALSE,0,TRUE
7312,Fabricantes y afinadores de instrumentos musicales,73,Artesanos y operarios de las artes gráficas,731,"Reparadores de instrumentos de precisión, fabricantes y afinadores de instrumentos musicales, pintores de carteles, pintores decorativos y artesanos",7,Artesanos y operarios de oficios,2024,6,1174,605059.6252129471,28.099659284497445,0.817717206132879,0.16780238500851788,0.8321976149914821,0,0,44.74872231686542,14.93611584327087,FALSE,0,TRUE
3514,Técnicos de la web,35,Técnicos de la tecnología de la información y las comunicaciones,351,"Técnicos en operaciones de tecnología de la información, las comunicaciones y asistencia al usuario; técnicos en redes y técnicos de la web",3,Técnicos y profesionales de nivel medio,2024,6,1167,1183881.7403598973,41.360754070265635,0.794344473007712,0.8508997429305912,0,0.14910025706940874,0.0676949443016281,38.93658954584404,14.637532133676093,FALSE,0,TRUE
3352,Agentes de la administración tributaria,33,Técnicos en operaciones financieras y administrativas,335,Agentes de la administración pública para la aplicación de la ley,3,Técnicos y profesionales de nivel medio,2024,13,1152,1680316.6527777778,42.88194444444444,0.8585069444444444,1,0,0,0.4401041666666667,46.248263888888886,15.90625,FALSE,0,TRUE
1223,"Directores, gerentes y administradores de investigación y desarrollo",12,Directores y gerentes administrativos y de servicios comerciales,122,"Directores, gerentes y administradores de comercialización, publicidad, relaciones públicas e investigación y desarrollo",1,"Directores, gerentes y administradores",2024,5,1095,3430375.210958904,41.56986301369863,0.9771689497716894,1,0,0,0.15707762557077626,41.83744292237443,18.428310502283104,FALSE,0,TRUE
8181,Operadores de instalaciones de vidriería y cerámica,81,Operadores de instalaciones fijas y máquinas,818,"Operadores de máquinas de instalaciones de vidriería, cerámica y operadores de máquinas de vapor y calderas, de embotellamiento, de etiquetado y otros operadores de máquinas e instalaciones",8,"Operadores de instalaciones, máquinas y ensambladores",2024,8,1071,810303.6451914099,42.03921568627451,1,1,0,0,0.22875816993464052,43.18300653594771,10.7749766573296,FALSE,0,TRUE
3116,Técnicos en química industrial,31,Técnicos de las ciencias y la ingeniería,311,"Técnicos en ciencias físicas, químicas, técnicos en ingeniería y dibujantes técnicos",3,Técnicos y profesionales de nivel medio,2024,10,1060,1286482.816037736,52.62367661212704,0.9575471698113207,0.8924528301886793,0.08773584905660377,0.01981132075471698,0.024528301886792454,41.96132075471698,15.067924528301887,FALSE,0,TRUE
9624,Acarreadores de agua y recolectores de leña,96,Recolectores de desechos y otras ocupaciones elementales,962,Otras ocupaciones elementales,9,Ocupaciones elementales,2024,15,1038,434567.2620423892,25.25619834710744,0.03275529865125241,0.2745664739884393,0.7254335260115607,0,0.011560693641618497,37.83044315992293,7.737957610789981,FALSE,0,TRUE
3353,Agentes de servicios de prestaciones sociales,33,Técnicos en operaciones financieras y administrativas,335,Agentes de la administración pública para la aplicación de la ley,3,Técnicos y profesionales de nivel medio,2024,7,1023,1313617.312805474,42.50146627565982,0.8670576735092864,0.9775171065493646,0.022482893450635387,0,0.7448680351906158,40.42033235581623,16.901270772238515,FALSE,0,TRUE
3139,Técnicos en control de procesos no clasificados previamente,31,Técnicos de las ciencias y la ingeniería,313,"Técnicos en control de procesos en instalaciones de producción de energía, agua, productos químicos, gas natural y metales",3,Técnicos y profesionales de nivel medio,2024,10,1015,743449.0748768473,42.50246305418719,0.9438423645320198,1,0,0,0.2896551724137931,43.3871921182266,11.115270935960591,FALSE,0,TRUE
3131,Operadores de instalaciones de producción de energía,31,Técnicos de las ciencias y la ingeniería,313,"Técnicos en control de procesos en instalaciones de producción de energía, agua, productos químicos, gas natural y metales",3,Técnicos y profesionales de nivel medio,2024,13,954,2256927.783018868,56.57232704402516,1,1,0,0,0,47.4748427672956,13.4958071278826,FALSE,0,TRUE
7221,Herreros y forjadores,72,"Operarios de la metalurgia y operarios de máquinas herramientas; mecánicos de vehículos, maquinarias, aviones y bicicletas",722,Herreros y herramentistas; reguladores y operarios de máquinas herramientas; pulidores de metales y afiladores de herramientas,7,Artesanos y operarios de oficios,2024,11,889,667644.7187851518,40.0933633295838,0.5433070866141733,0.5894263217097863,0.41057367829021374,0,0,40.29021372328459,11.02474690663667,FALSE,0,TRUE
3223,Ayudantes de ambulancia,32,Técnicos de la salud,322,"Técnicos y auxiliares paramédicos de enfermería, esterilización y ayudantes de ambulancia",3,Técnicos y profesionales de nivel medio,2024,8,839,674323.599523242,46.28145695364238,0.4767580452920143,1,0,0,0.635280095351609,28.28009535160906,13.137067938021454,FALSE,0,TRUE
3154,Controladores de tráfico aéreo,31,Técnicos de las ciencias y la ingeniería,315,Técnicos y controladores en navegación marítima y aeronáutica,3,Técnicos y profesionales de nivel medio,2024,12,834,2010604.634292566,48.905275779376495,1,1,0,0,0.16546762589928057,40.20263788968825,14.522781774580336,FALSE,0,TRUE
3254,Técnicos ópticos y contactólogos,32,Técnicos de la salud,325,"Técnicos en odontología, ópticos, técnicos en prevención de riesgos y otros técnicos en salud",3,Técnicos y profesionales de nivel medio,2024,5,831,815475.4187725632,33.651022864019254,1,0.6654632972322503,0.3345367027677497,0,0.6678700361010831,53.340553549939834,13.596871239470518,FALSE,0,TRUE
1343,"Directores, gerentes y administradores de servicios de cuidado de adultos mayores",13,"Directores, gerentes y administradores de producción y operaciones",134,"Directores, gerentes y administradores de servicios de cuidados a personas, bienestar social, educación, servicios financieros y de otros servicios profesionales",1,"Directores, gerentes y administradores",2024,7,816,3549824.719362745,49.34436274509804,0.758578431372549,0.7426470588235294,0,0.25735294117647056,0.5661764705882353,56.2610294117647,15.363970588235293,FALSE,0,TRUE
3252,Técnicos en documentación e información sanitaria,32,Técnicos de la salud,325,"Técnicos en odontología, ópticos, técnicos en prevención de riesgos y otros técnicos en salud",3,Técnicos y profesionales de nivel medio,2024,11,816,861757.7156862745,42.95343137254902,0.9632352941176471,1,0,0,0.6495098039215687,39.474264705882355,14.394607843137255,FALSE,0,TRUE
7321,Tipógrafos,73,Artesanos y operarios de las artes gráficas,732,"Tipógrafos, impresores y encuadernadores",7,Artesanos y operarios de oficios,2024,5,815,801813.9828220858,35.8,0.7926380368098159,0.6576687116564417,0.20736196319018405,0.13496932515337423,0.2196319018404908,57.267484662576685,12.625766871165645,FALSE,0,TRUE
2147,Ingenieros biomédicos,21,Profesionales de las ciencias y de la ingeniería,214,Ingenieros (excluyendo ingenieros en electrotecnología),2,"Profesionales, científicos e intelectuales",2024,8,739,1422151.556156969,38.234100135317995,0.8051420838971584,0.6075778078484438,0.39242219215155616,0,0.6211096075778079,32.71853856562923,18.83761840324763,FALSE,0,TRUE
2112,Meteorólogos,21,Profesionales de las ciencias y de la ingeniería,211,"Físicos, astrónomos, meteorólogos, químicos, geólogos y geofísicos",2,"Profesionales, científicos e intelectuales",2024,7,709,1783507.3794076163,43.61071932299013,0.8561354019746121,1,0,0,0.27221438645980256,46.81382228490832,15.81805359661495,FALSE,0,TRUE
3214,Técnicos de prótesis médicas,32,Técnicos de la salud,321,"Técnicos y auxiliares paramédicos en imagenología, análisis de muestras médicas y de sangre, farmacéuticos y prótesis médicas y dentales",3,Técnicos y profesionales de nivel medio,2024,4,703,945132.853485064,44,0.8961593172119487,1,0,0,0.6970128022759602,38.440967283072546,16.011379800853486,FALSE,0,TRUE
2164,Urbanistas e ingenieros de transporte y tránsito,21,Profesionales de las ciencias y de la ingeniería,216,"Arquitectos, diseñadores, urbanistas, cartógrafos y agrimensores",2,"Profesionales, científicos e intelectuales",2024,6,672,2122037.464285714,44,0.7038690476190477,1,0,0,0.35714285714285715,32.46577380952381,17.30654761904762,FALSE,0,TRUE
2111,Físicos y astrónomos,21,Profesionales de las ciencias y de la ingeniería,211,"Físicos, astrónomos, meteorólogos, químicos, geólogos y geofísicos",2,"Profesionales, científicos e intelectuales",2024,4,656,3580922.2804878047,39.894817073170735,0.3673780487804878,1,0,0,0.07317073170731707,34.611280487804876,22.3140243902439,FALSE,0,TRUE
3141,Técnicos en ciencias biológicas (excluyendo la medicina),31,Técnicos de las ciencias y la ingeniería,314,"Técnicos en ciencias biológicas (excluyendo la medicina), agropecuarias, acuícolas y forestales",3,Técnicos y profesionales de nivel medio,2024,4,625,866261.4336,43.456,1,1,0,0,1,39.4528,14.5456,FALSE,0,TRUE
3413,Técnicos de los servicios religiosos,34,"Técnicos de servicios jurídicos, sociales, deportivos y culturales",341,"Técnicos de los servicios jurídicos, sociales y religiosos",3,Técnicos y profesionales de nivel medio,2024,4,563,400325.7328990228,56.737122557726465,0.3641207815275311,0.8188277087033747,0.1811722912966252,0,0.40852575488454707,55.13143872113677,12.682060390763766,FALSE,0,TRUE
3153,Pilotos de aviación,31,Técnicos de las ciencias y la ingeniería,315,Técnicos y controladores en navegación marítima y aeronáutica,3,Técnicos y profesionales de nivel medio,2024,2,538,6927280.620817844,19.014869888475836,1,1,0,0,0.1449814126394052,32.639405204460964,15.28996282527881,FALSE,0,TRUE
9331,Conductores de vehículos accionados a pedal o a brazo (no motorizados),93,"Obreros de la minería, la construcción, la industria manufacturera y el transporte",933,Obreros del transporte y almacenamiento,9,Ocupaciones elementales,2024,4,516,384864.3410852713,45.64728682170543,0,0.2926356589147287,0.7073643410852714,0,0,41.97286821705426,11.912790697674419,FALSE,0,TRUE
6223,Pescadores de alta mar,62,"Trabajadores forestales calificados, pescadores y cazadores cuya producción se destina al mercado",622,"Trabajadores de explotaciones de acuicultura, pescadores, cazadores y tramperos",6,"Agricultores y trabajadores calificados agropecuarios, forestales y pesqueros",2024,9,476,435374.03361344535,46.28311688311688,0.22045454545454546,0.5336134453781513,0.46638655462184875,0,0,49.3109243697479,10.957983193277311,FALSE,0,TRUE
3258,Quiroprácticos y osteópatas,32,Técnicos de la salud,325,"Técnicos en odontología, ópticos, técnicos en prevención de riesgos y otros técnicos en salud",3,Técnicos y profesionales de nivel medio,2024,4,451,697117.5166297117,20.47586206896552,0.738359201773836,0,1,0,0,47.72062084257206,14.57871396895787,FALSE,0,TRUE
9123,Limpiadores de ventanas,91,Auxiliares de aseo y trabajadores de casa particular,912,"Limpiadores de ropa, vehículos, ventanas y otros limpiadores manuales",9,Ocupaciones elementales,2024,3,410,542804.8780487805,22.7390243902439,0.4317073170731707,0.4317073170731707,0.5682926829268292,0,0,52.18048780487805,8.492682926829268,FALSE,0,TRUE
3151,Oficiales maquinistas en navegación,31,Técnicos de las ciencias y la ingeniería,315,Técnicos y controladores en navegación marítima y aeronáutica,3,Técnicos y profesionales de nivel medio,2024,5,394,1699350.6700507614,47.17766497461929,1,0.7385786802030457,0.2614213197969543,0,0.3248730964467005,35.65736040609137,16.444162436548222,FALSE,0,TRUE
3143,Técnicos forestales,31,Técnicos de las ciencias y la ingeniería,314,"Técnicos en ciencias biológicas (excluyendo la medicina), agropecuarias, acuícolas y forestales",3,Técnicos y profesionales de nivel medio,2024,7,352,1012246.2755681818,41.52272727272727,0.8636363636363636,0.8778409090909091,0.12215909090909091,0,0.12215909090909091,50.53977272727273,13.96875,FALSE,0,TRUE
3232,Practicantes de la medicina tradicional,32,Técnicos de la salud,323,Profesionales y técnicos de las terapias complementarias y medicina tradicional,3,Técnicos y profesionales de nivel medio,2024,10,348,556629.3103448276,37.18103448275862,0.2672413793103448,0.31896551724137934,0.6810344827586207,0,0.6752873563218391,52.02298850574713,11.589080459770114,FALSE,0,TRUE
5169,Otros trabajadores de servicios a las personas no clasificados previamente,51,Trabajadores de los servicios a las personas,516,Otros trabajadores de servicios a las personas,5,Trabajadores de los servicios y vendedores de comercios y mercados,2024,7,337,532195.8456973294,21.78635014836795,0.12861736334405144,0.4035608308605341,0.5964391691394659,0,0.7151335311572701,42.53709198813056,9.507418397626113,FALSE,0,TRUE
8151,"Operadores de máquinas de preparación de fibras, hilado y devanado",81,Operadores de instalaciones fijas y máquinas,815,"Operadores de máquinas para fabricar productos textiles, artículos de piel y cuero y operadores de máquinas de lavanderías",8,"Operadores de instalaciones, máquinas y ensambladores",2024,4,327,564918.7828746177,44.357798165137616,0.8715596330275229,0.8715596330275229,0,0.12844036697247707,0.6605504587155964,48.015290519877674,13.5565749235474,FALSE,0,TRUE
8156,"Operadores de máquinas para la fabricación de calzado, bolsos y accesorios de talabartería",81,Operadores de instalaciones fijas y máquinas,815,"Operadores de máquinas para fabricar productos textiles, artículos de piel y cuero y operadores de máquinas de lavanderías",8,"Operadores de instalaciones, máquinas y ensambladores",2024,3,312,580641.0256410256,42.580128205128204,1,0.7467948717948718,0.2532051282051282,0,0.23076923076923078,54.50961538461539,10.461538461538462,FALSE,0,TRUE
8155,Operadores de máquinas de tratamiento de pieles y cueros,81,Operadores de instalaciones fijas y máquinas,815,"Operadores de máquinas para fabricar productos textiles, artículos de piel y cuero y operadores de máquinas de lavanderías",8,"Operadores de instalaciones, máquinas y ensambladores",2024,2,309,804072.4498381877,42.394822006472495,1,1,0,0,0,36.64724919093851,12.521035598705502,FALSE,0,TRUE
7224,Pulidores de metales y afiladores de herramientas,72,"Operarios de la metalurgia y operarios de máquinas herramientas; mecánicos de vehículos, maquinarias, aviones y bicicletas",722,Herreros y herramentistas; reguladores y operarios de máquinas herramientas; pulidores de metales y afiladores de herramientas,7,Artesanos y operarios de oficios,2024,4,307,731270.358306189,65.1400651465798,0.8990228013029316,0.8990228013029316,0.10097719869706841,0,0,39.47882736156352,12.710097719869706,FALSE,0,TRUE
2356,Instructores en tecnologías de la información,23,Profesionales de la educación,235,"Especialistas en métodos pedagógicos, educadores para necesidades especiales y otros profesionales de la educación",2,"Profesionales, científicos e intelectuales",2024,3,284,1499652.059859155,41.225352112676056,0.8063380281690141,1,0,0,0,52.193661971830984,16.580985915492956,FALSE,0,TRUE
6310,Trabajadores agrícolas de subsistencia,63,"Trabajadores agropecuarios, pescadores, cazadores y recolectores de subsistencia",631,Trabajadores agrícolas de subsistencia,6,"Agricultores y trabajadores calificados agropecuarios, forestales y pesqueros",2024,7,258,176352.05220883535,29.302325581395348,0,0,0.9302325581395349,0.03488372093023256,0.03488372093023256,56.7906976744186,10.263565891472869,FALSE,0,TRUE
2621,Archivistas y curadores de museos,26,"Profesionales en derecho, ciencias sociales y culturales",262,"Archivistas, curadores de museo, bibliotecarios y documentalistas de archivos",2,"Profesionales, científicos e intelectuales",2024,3,230,1822790.0347826087,44.291304347826085,1,1,0,0,1,57.92173913043478,17,FALSE,0,TRUE
4322,Empleados de cálculo de los insumos y materiales para la producción,43,Auxiliares y ayudantes de registros contables y encargados del registro de materiales,432,Empleados encargados del registro de materiales y de transportes,4,Personal de apoyo administrativo,2024,1,227,500000,44,1,1,0,0,1,37,12,FALSE,0,TRUE
3135,Controladores de procesos de producción de metales,31,Técnicos de las ciencias y la ingeniería,313,"Técnicos en control de procesos en instalaciones de producción de energía, agua, productos químicos, gas natural y metales",3,Técnicos y profesionales de nivel medio,2024,2,195,1932984.6153846155,45.707692307692305,1,1,0,0,0,37.292307692307695,15.056410256410256,FALSE,0,TRUE
7133,Limpiadores de fachadas y deshollinadores,71,Operarios de la construcción (no incluye electricistas),713,"Pintores, limpiadores de fachadas y deshollinadores",7,Artesanos y operarios de oficios,2024,3,187,481604.27807486634,38.588235294117645,0.9572192513368984,0.9572192513368984,0.0427807486631016,0,0,25.962566844919785,11.657754010695188,FALSE,0,TRUE
6129,Otros criadores y trabajadores calificados de la cría de animales no clasificados previamente,61,Agricultores y trabajadores calificados de explotaciones agropecuarias cuya producción se destina al mercado,612,Trabajadores calificados de la cría de animales,6,"Agricultores y trabajadores calificados agropecuarios, forestales y pesqueros",2024,2,184,459058.02173913043,44,0.3695652173913043,0.3695652173913043,0.6304347826086957,0,0,45.65217391304348,9.478260869565217,FALSE,0,TRUE
3155,Técnicos electrónicos aeronáuticos,31,Técnicos de las ciencias y la ingeniería,315,Técnicos y controladores en navegación marítima y aeronáutica,3,Técnicos y profesionales de nivel medio,2024,2,162,2341666.6666666665,35.25925925925926,1,0.6358024691358025,0.36419753086419754,0,0.6358024691358025,34.00617283950617,15.364197530864198,FALSE,0,TRUE
9332,Conductores de vehículos y máquinas de tracción animal,93,"Obreros de la minería, la construcción, la industria manufacturera y el transporte",933,Obreros del transporte y almacenamiento,9,Ocupaciones elementales,2024,2,149,401476.5100671141,33.53020134228188,0.5637583892617449,0.5637583892617449,0.436241610738255,0,0,44.81208053691275,8.073825503355705,FALSE,0,TRUE
5162,Acompañantes,51,Trabajadores de los servicios a las personas,516,Otros trabajadores de servicios a las personas,5,Trabajadores de los servicios y vendedores de comercios y mercados,2024,1,126,550000,40,1,1,0,0,0,36,14,FALSE,0,TRUE
6330,Trabajadores agropecuarios de subsistencia,63,"Trabajadores agropecuarios, pescadores, cazadores y recolectores de subsistencia",633,Trabajadores agropecuarios de subsistencia,6,"Agricultores y trabajadores calificados agropecuarios, forestales y pesqueros",2024,2,109,271070.6422018349,32.972477064220186,0,0,1,0,0.08256880733944955,61.58715596330275,6.165137614678899,FALSE,0,TRUE
7211,Moldeadores y macheros,72,"Operarios de la metalurgia y operarios de máquinas herramientas; mecánicos de vehículos, maquinarias, aviones y bicicletas",721,"Moldeadores, soldadores, chapistas, caldereros, montadores de estructuras metálicas, aparejadores y empalmadores de cables no eléctricos",7,Artesanos y operarios de oficios,2024,1,83,404167,40,1,1,0,0,1,41,10,FALSE,0,TRUE
4131,Operadores de equipo de procesamiento de texto y mecanógrafos,41,Oficinistas,413,Operadores de equipo de oficina,4,Personal de apoyo administrativo,2024,1,80,500000,40,1,1,0,0,1,35,12,FALSE,0,TRUE
4414,Escribientes públicos,44,Otro personal de apoyo administrativo,441,Otro personal de apoyo administrativo,4,Personal de apoyo administrativo,2024,1,73,864167,40,1,1,0,0,1,33,17,FALSE,0,TRUE
7535,"Apelambradores, pellejeros y curtidores",75,"Operarios de procesamiento de alimentos, de la confección, ebanistas y otros oficios",753,"Sastres, modistos, patronistas de tela, costureros, tapiceros, apelambradores y zapateros",7,Artesanos y operarios de oficios,2024,2,73,580228.2465753425,44.80821917808219,1,1,0,0,0,49.80821917808219,11.808219178082192,FALSE,0,TRUE
4413,Codificadores de datos y correctores de pruebas de imprenta,44,Otro personal de apoyo administrativo,441,Otro personal de apoyo administrativo,4,Personal de apoyo administrativo,2024,2,66,625083,28.863636363636363,0.6818181818181818,0.6818181818181818,0.3181818181818182,0,1,60.31818181818182,12,FALSE,0,TRUE
6340,"Pescadores, cazadores, tramperos y recolectores de subsistencia",63,"Trabajadores agropecuarios, pescadores, cazadores y recolectores de subsistencia",634,"Pescadores, cazadores, tramperos y recolectores de subsistencia",6,"Agricultores y trabajadores calificados agropecuarios, forestales y pesqueros",2024,1,66,500000,44,0,1,0,0,0,55,8,FALSE,0,TRUE
1341,"Directores, gerentes y administradores de servicios de cuidados infantiles",13,"Directores, gerentes y administradores de producción y operaciones",134,"Directores, gerentes y administradores de servicios de cuidados a personas, bienestar social, educación, servicios financieros y de otros servicios profesionales",1,"Directores, gerentes y administradores",2024,1,31,253333,23,0,1,0,0,1,63,12,FALSE,0,TRUE
3216,Auxiliares paramédicos de anatomía patológica,32,Técnicos de la salud,321,"Técnicos y auxiliares paramédicos en imagenología, análisis de muestras médicas y de sangre, farmacéuticos y prótesis médicas y dentales",3,Técnicos y profesionales de nivel medio,2024,1,19,1903333,72,1,1,0,0,0,64,15,FALSE,0,TRUE
3133,Controladores de instalaciones de procesamiento de productos químicos,31,Técnicos de las ciencias y la ingeniería,313,"Técnicos en control de procesos en instalaciones de producción de energía, agua, productos químicos, gas natural y metales",3,Técnicos y profesionales de nivel medio,2024,1,11,900000,44,1,1,0,0,0,29,15,FALSE,0,TRUE
5223,"Vendedores y asistentes de venta de tiendas, almacenes y puestos de mercado",52,Vendedores,522,"Comerciantes, dueños - operadores, supervisores y vendedores de tiendas, almacenes y puestos de mercado",5,Trabajadores de los servicios y vendedores de comercios y mercados,2015,5399,419079,390853.73327275406,41.58137487204083,0.6943956398580086,0.8915598252358147,0.08479308197261137,0.005958303804294656,0.5559190510619716,36.7505100470317,12.264732928719686,TRUE,1,FALSE
9111,Trabajadores de casa particular y asistentes domésticos,91,Auxiliares de aseo y trabajadores de casa particular,911,"Trabajadores de casa particular, limpiadores de oficinas, hoteles y otros establecimientos",9,Ocupaciones elementales,2015,4459,327211,236211.554276331,34.950646524719524,0.46077633096008913,0.9052140667642592,0.09372545544006772,0,0.975572337115806,47.8957461699026,9.381475031884627,TRUE,0,FALSE
9211,Obreros de explotaciones agrícolas,92,"Obreros agropecuarios, pesqueros y forestales",921,"Obreros agropecuarios, de jardinería y horticultura, forestales y pesqueros",9,Ocupaciones elementales,2015,5247,246320,263111.00396190444,43.84031747320559,0.5449233594439881,0.936432283208834,0.053329002923026954,0.004023221825267944,0.30128694381292626,42.5709483598571,8.313944362437121,TRUE,1,FALSE
5221,"Comerciantes y dueños - operadores de locales comerciales, tiendas, almacenes y mercados",52,Vendedores,522,"Comerciantes, dueños - operadores, supervisores y vendedores de tiendas, almacenes y puestos de mercado",5,Trabajadores de los servicios y vendedores de comercios y mercados,2015,3329,227252,642309.6378825393,49.710479995775614,0.8479463729780573,0.052800415397884284,0.7343433721155369,0.20545473747205745,0.5332978367627128,48.56685089680179,11.261316499759246,TRUE,0,FALSE
9112,"Auxiliares de aseo de oficinas, hoteles y otros establecimientos",91,Auxiliares de aseo y trabajadores de casa particular,911,"Trabajadores de casa particular, limpiadores de oficinas, hoteles y otros establecimientos",9,Ocupaciones elementales,2015,2959,209321,275141.6078643194,43.07148627010491,0.7825174373546887,0.9706145107275429,0.023772101222524256,0.003731111546380917,0.7124464339459491,45.61717648969764,9.653335629313933,TRUE,1,FALSE
9629,Otras ocupaciones elementales no clasificadas previamente,96,Recolectores de desechos y otras ocupaciones elementales,962,Otras ocupaciones elementales,9,Ocupaciones elementales,2015,2427,184259,349891.63380165474,46.20984049625798,0.7632148620458928,0.9751382564759388,0.02376546057451739,8.357800704443202e-4,0.09792737396816438,44.62540771414151,10.698952936566677,TRUE,0,FALSE
8322,"Conductores de automóviles, taxis y camionetas",83,Conductores de vehículos y operadores de equipos pesados y móviles,832,"Conductores de motocicletas, automóviles y camionetas",8,"Operadores de instalaciones, máquinas y ensambladores",2015,2447,183671,429519.8327927272,49.13366005064118,0.2997846255798542,0.5205067757022067,0.45766070854952606,0.021108394901753678,0.05341071807743193,46.70152065377768,11.173279687721479,TRUE,0,FALSE
4120,Secretarios generales,41,Oficinistas,412,Secretarios generales,4,Personal de apoyo administrativo,2015,2207,171284,410495.0161240931,43.600015179468016,0.8428233421046812,0.9784801849559795,0.011256159361061162,0.007928352910954905,0.9424756544686018,40.358235445225475,13.282776274494907,TRUE,0,FALSE
8332,Conductores de camiones pesados y de alto tonelaje,83,Conductores de vehículos y operadores de equipos pesados y móviles,833,"Conductores de buses, trolebuses y camiones pesados",8,"Operadores de instalaciones, máquinas y ensambladores",2015,2443,166505,517585.7838726371,49.50548031590643,0.6972650399760374,0.8569352271703552,0.12335365304345215,0.016696195309450167,0.015831356415723252,44.06014834389358,10.793603760089916,TRUE,0,FALSE
5211,Vendedores en quioscos o puestos de feria,52,Vendedores,521,Vendedores en quioscos o puestos de feria y vendedores ambulantes de comidas y bebidas de consumo inmediato (elaboración propia),5,Trabajadores de los servicios y vendedores de comercios y mercados,2015,1838,154286,285603.159638796,40.09217945892693,0.05796011276744657,0.1253775455971378,0.8106309062390625,0.041066590617424785,0.5298017966633395,46.29987166690432,9.747559637079227,TRUE,0,FALSE
5120,Cocineros,51,Trabajadores de los servicios a las personas,512,Cocineros,5,Trabajadores de los servicios y vendedores de comercios y mercados,2015,2144,147111,312290.6246873834,42.86381032009843,0.6590132348556094,0.8353828061803672,0.13773953001475076,0.021541557055556687,0.6929189523557042,40.837109393587156,11.011003461150628,TRUE,1,FALSE
2341,Profesores de educación básica,23,Profesionales de la educación,234,Profesores de educación básica y educadores de párvulos,2,"Profesionales, científicos e intelectuales",2015,1673,124932,658868.5147288444,37.6497534264122,0.8728002539912917,0.9742179745781705,0.024957576921845484,8.244484999839913e-4,0.6744228860500112,40.80751128613966,16.91757281241981,TRUE,0,FALSE
7112,Albañiles,71,Operarios de la construcción (no incluye electricistas),711,Operarios de la construcción en obra gruesa,7,Artesanos y operarios de oficios,2015,1758,123639,365729.9139481732,44.33002557710363,0.45058360643422574,0.6611586958807496,0.3153859219178415,0.02318847612808256,0.011857100105953623,44.39004682988377,9.489520751749245,TRUE,0,FALSE
5230,Vendedores de entradas (entretenciones y eventos deportivos) y cajeros de comercio,52,Vendedores,523,Vendedores de entradas (entretenciones y eventos deportivos) y cajeros de comercio,5,Trabajadores de los servicios y vendedores de comercios y mercados,2015,1534,122918,313264.651728051,39.95553132982964,0.8761048026348129,0.9862265900844466,0.009193120616996698,9.111765567288762e-4,0.854244292943263,34.62782505410111,12.637438190897464,TRUE,0,FALSE
7115,Carpinteros de obra,71,Operarios de la construcción (no incluye electricistas),711,Operarios de la construcción en obra gruesa,7,Artesanos y operarios de oficios,2015,1753,114076,361627.87195083656,44.1044391458326,0.4339733542319749,0.6451751463936323,0.32840387110347485,0.025588204354991408,0.016112065640450226,43.95662540762299,9.308778646154932,TRUE,0,FALSE
4321,Empleados encargados del control de abastecimiento e inventario,43,Auxiliares y ayudantes de registros contables y encargados del registro de materiales,432,Empleados encargados del registro de materiales y de transportes,4,Personal de apoyo administrativo,2015,1192,112296,437158.2058029385,45.304810500819265,0.901718637439539,0.98433604046448675,0.009439338890076227,0.00600199472821828,0.13823288451948423,37.47131687682553,12.06483325148444,TRUE,0,FALSE
7231,Mecánicos y reparadores de vehículos de motor,72,"Operarios de la metalurgia y operarios de máquinas herramientas; mecánicos de vehículos, maquinarias, aviones y bicicletas",723,"Mecánicos de vehículos, motores de aviones, reparadores de máquinas agrícolas, industriales y bicicletas",7,Artesanos y operarios de oficios,2015,1396,104282,439900.0827300631,46.33567633915729,0.4550247338725056,0.6654360292284383,0.29730921923246584,0.037254751539095916,0.010692161638633705,39.69585355094839,11.742356317977173,TRUE,1,FALSE
6111,Agricultores y trabajadores calificados de cultivos extensivos,61,Agricultores y trabajadores calificados de explotaciones agropecuarias cuya producción se destina al mercado,611,"Agricultores y trabajadores calificados de cultivos extensivos, plantaciones de árboles y arbustos, huertas, invernaderos, viveros y jardines y de cultivos mixtos",6,"Agricultores y trabajadores calificados agropecuarios, forestales y pesqueros",2015,2262,102449,367849.8608919903,44.619039717322764,0.3296306777982171,0.49857978115940615,0.44137082841218556,0.05308006910755596,0.1886011576491718,47.453777001239644,8.325791191821256,TRUE,0.014075296000937052,FALSE
9313,Obreros de la construcción de edificios,93,"Obreros de la minería, la construcción, la industria manufacturera y el transporte",931,Obreros de la minería y la construcción,9,Ocupaciones elementales,2015,1166,95389,332995.64940987126,45.196290976947026,0.6584529466516436,0.8950088584637642,0.09756890207466269,0.005860214490140373,0.032425122393567395,39.74196186143056,9.522639544790012,TRUE,0,FALSE
9214,Ayudantes de jardinería y horticultura,92,"Obreros agropecuarios, pesqueros y forestales",921,"Obreros agropecuarios, de jardinería y horticultura, forestales y pesqueros",9,Ocupaciones elementales,2015,1678,92410,269942.3186876716,41.40310572448869,0.45115970224018825,0.7053349204631534,0.28061898062980195,0.010420950113624067,0.20791039930743427,47.82853587274104,8.040926289313632,TRUE,0.24702954225733145,FALSE
7212,Soldadores y oxicortadores,72,"Operarios de la metalurgia y operarios de máquinas herramientas; mecánicos de vehículos, maquinarias, aviones y bicicletas",721,"Moldeadores, soldadores, chapistas, caldereros, montadores de estructuras metálicas, aparejadores y empalmadores de cables no eléctricos",7,Artesanos y operarios de oficios,2015,1089,84162,409112.95471779874,45.29036857489128,0.5881930500798758,0.76232741617357,0.21800812718328938,0.019106009838169246,0.014519616929255484,40.23508234119912,10.810674651267792,TRUE,0,FALSE
8331,Conductores de buses y trolebuses,83,Conductores de vehículos y operadores de equipos pesados y móviles,833,"Conductores de buses, trolebuses y camiones pesados",8,"Operadores de instalaciones, máquinas y ensambladores",2015,1022,81661,483149.71611602255,49.44004663721159,0.636826468212761,0.844001420506729,0.13030700089393957,0.024662935795545,0.043570370188951886,47.731083381295846,11.075456672751553,TRUE,0,FALSE
9520,Vendedores ambulantes (excluyendo comida de consumo inmediato),95,Trabajadores ambulantes de servicios y vendedores ambulantes (excluyendo comida de consumo inmediato),952,Vendedores ambulantes (excluyendo comida de consumo inmediato),9,Ocupaciones elementales,2015,964,79464,169694.98191620657,28.301219681045225,0.017190488858485665,0.025256720024161884,0.9426784455854224,0.01897714688412363,0.6485200845665962,44.714386388804996,9.132992715499798,TRUE,0,FALSE
3221,Técnicos y auxiliares paramédicos de enfermería,32,Técnicos de la salud,322,"Técnicos y auxiliares paramédicos de enfermería, esterilización y ayudantes de ambulancia",3,Técnicos y profesionales de nivel medio,2015,1042,78514,639464.4639837325,45.73507909417429,0.8432333039129155,0.9774053035127493,0.019792648444863337,0.0014010240211936725,0.848128996102606,36.0663193825305,15.349247191297481,TRUE,0.2643604962172351,FALSE
2149,Otros ingenieros no clasificados previamente,21,Profesionales de las ciencias y de la ingeniería,214,Ingenieros (excluyendo ingenieros en electrotecnología),2,"Profesionales, científicos e intelectuales",2015,757,74766,1308404.996606609,43.94883801827596,0.8843860615118383,0.8807078083620897,0.08893079742128775,0.03036139421662253,0.3071182088114919,37.81800551052618,16.988216569028705,TRUE,1,FALSE
5131,Garzones de mesa,51,Trabajadores de los servicios a las personas,513,Garzones de mesa y bármanes,5,Trabajadores de los servicios y vendedores de comercios y mercados,2015,822,72405,423798.4501049526,40.76946617738697,0.6016038757823784,0.9575858020854914,0.03347835094261446,0.006449830812789172,0.5204060493059871,31.249071196740555,12.62785609438613,TRUE,1,FALSE
3343,Secretarios administrativos y ejecutivos,33,Técnicos en operaciones financieras y administrativas,334,"Supervisores de oficina, secretarios administrativos y especializados",3,Técnicos y profesionales de nivel medio,2015,1002,71882,700347.0051287082,44.2518572104282,0.8588375723074098,0.9507526223533013,0.03873014106452241,0.010517236582176345,0.4525472301827996,41.363456776383515,14.300576184379,TRUE,1,FALSE
2342,Educadores de párvulos,23,Profesionales de la educación,234,Profesores de educación básica y educadores de párvulos,2,"Profesionales, científicos e intelectuales",2015,1048,68464,472474.497132664,40.67431058658565,0.9125411853025817,0.9852039027810237,0.012108553400327179,0.002687543818649217,0.989352068240243,35.78723124561814,15.457979750687658,TRUE,0,FALSE
7411,Electricistas de obras,74,Trabajadores especializados en electricidad y electrónica,741,"Electricistas, instaladores y reparadores de equipos y líneas eléctricas",7,Artesanos y operarios de oficios,2015,767,66290,462339.24007115036,44.63440941318449,0.6583218200239477,0.817242419671142,0.17150399758636295,0.011253582742495096,0.019097903152813397,38.342102881279224,11.967461155528737,TRUE,0,FALSE
2330,Profesores de educación media,23,Profesionales de la educación,233,Profesores de educación media,2,"Profesionales, científicos e intelectuales",2015,838,63777,703974.1944540347,36.811546482274174,0.7861606960499979,0.9683271398780124,0.030057857848440662,0.00161500227354689,0.5437540179061418,40.40737256377691,16.97472453197944,TRUE,0,FALSE
7512,"Panaderos, pasteleros y confiteros",75,"Operarios de procesamiento de alimentos, de la confección, ebanistas y otros oficios",751,"Operarios de procesamiento, elaboración, conservación, cata y clasificación de alimentos, bebidas y tabaco",7,Artesanos y operarios de oficios,2015,850,60815,296550.5642822088,40.263734276083206,0.44464586770117653,0.6081558825947546,0.35632656417002384,0.02379347200526186,0.48596563347858257,42.7840664309792,10.48146806513757,TRUE,0,FALSE
5312,Asistentes de aula e inspectores de patio,53,Trabajadores de los cuidados personales,531,"Cuidadores de niños, asistentes de aula e inspectores de patio",5,Trabajadores de los servicios y vendedores de comercios y mercados,2015,858,56746,245652.6301499973,38.82456913262609,0.5756253695133636,0.8773481831318507,0.10726747259718747,0,0.9294575829133331,41.22172487928665,11.505359661495064,TRUE,1,FALSE
2411,Contadores,24,Profesionales de negocios y administración,241,"Contadores, asesores y analistas financieros y en inversiones",2,"Profesionales, científicos e intelectuales",2015,497,55894,996033.8066797784,45.51463484452714,0.8991482560049047,0.8789136579954915,0.10410777543206784,0.016978566572440693,0.44539664364690307,40.21989837907468,16.947820307869165,TRUE,1,FALSE
2142,"Ingenieros civiles, ingenieros en construcción y constructores civiles",21,Profesionales de las ciencias y de la ingeniería,214,Ingenieros (excluyendo ingenieros en electrotecnología),2,"Profesionales, científicos e intelectuales",2015,527,55005,1786080.195449788,45.05326788473775,0.9055533199195172,0.8716843923279702,0.10039087355694937,0.02792473411508045,0.17565675847650214,38.665557676574856,17.444965978968817,TRUE,0,FALSE
5222,"Supervisores de locales comerciales, tiendas y almacenes",52,Vendedores,522,"Comerciantes, dueños - operadores, supervisores y vendedores de tiendas, almacenes y puestos de mercado",5,Trabajadores de los servicios y vendedores de comercios y mercados,2015,646,51075,362054.44184548495,40.56940848827175,0.718921830464349,0.9157709251101321,0.07559471365638766,0.0031522271169848264,0.5588448360254528,35.819030837004405,12.334143520787189,TRUE,1,FALSE
9321,Empacadores manuales,93,"Obreros de la minería, la construcción, la industria manufacturera y el transporte",932,Empacadores manuales y obreros de la industria manufacturera,9,Ocupaciones elementales,2015,675,50102,262437.7190366025,35.0918658758213,0.5693422418852422,0.8852141631072612,0.1096363418626003,0.0034130374036964593,0.5381022713664125,32.3914813779889,11.425511955610554,TRUE,0,FALSE
6112,Agricultores y trabajadores calificados de plantaciones de árboles y arbustos,61,Agricultores y trabajadores calificados de explotaciones agropecuarias cuya producción se destina al mercado,611,"Agricultores y trabajadores calificados de cultivos extensivos, plantaciones de árboles y arbustos, huertas, invernaderos, viveros y jardines y de cultivos mixtos",6,"Agricultores y trabajadores calificados agropecuarios, forestales y pesqueros",2015,977,49761,261505.79630618604,41.57100942505175,0.48552358026042236,0.837000864130544,0.12628363577902374,0.03126946805731396,0.34207511906915056,43.4284278852917,8.289769985523565,TRUE,0.018347702015634734,FALSE
5412,Carabineros,54,Personal de los servicios de protección y seguridad,541,Personal de los servicios de protección y seguridad,5,Trabajadores de los servicios y vendedores de comercios y mercados,2015,604,49378,669425.5827446204,53.73254188529406,0.9172274710098862,0.9888209323990441,0.008040017821701972,0.003139049779253919,0.14670501032848637,38.18733039005225,12.457207663331848,TRUE,0,FALSE
7131,Pintores y empapeladores de paredes,71,Operarios de la construcción (no incluye electricistas),713,"Pintores, limpiadores de fachadas y deshollinadores",7,Artesanos y operarios de oficios,2015,530,49147,348990.84525263397,42.13954151808456,0.4267058797708667,0.6124076749343805,0.36712312043461454,0.020469204631004944,0.019838443852117117,40.3729627444198,9.796238563889398,TRUE,0,FALSE
2310,Profesores de la educación superior,23,Profesionales de la educación,231,Profesores de la educación superior,2,"Profesionales, científicos e intelectuales",2015,425,48703,1207739.8216122794,34.86918670307784,0.6355421686746988,0.8447118247335893,0.15204402192883396,0.0032441533375767405,0.32006241915282424,40.404923721331336,17.54084963965259,TRUE,0,FALSE
7522,Ebanistas y mueblistas,75,"Operarios de procesamiento de alimentos, de la confección, ebanistas y otros oficios",752,"Operarios del tratamiento de la madera, ebanistas y operarios de máquinas para trabajar madera",7,Artesanos y operarios de oficios,2015,525,48360,356153.2623715164,45.1220957947315,0.3815165876777251,0.5255169561621175,0.44069478908188586,0.026344086021505377,0.040343258891645986,43.97483457402812,10.352539771430942,TRUE,0,FALSE
9621,"Mensajeros, estafetas, maleteros y repartidores de folletos y diarios a domicilio",96,Recolectores de desechos y otras ocupaciones elementales,962,Otras ocupaciones elementales,9,Ocupaciones elementales,2015,520,47209,324416.9986412164,43.416340104641066,0.6774085263511246,0.9200152513291957,0.07110932237497088,0.004511851553729162,0.1169904043720477,40.69378720159292,11.349479277364505,TRUE,0,FALSE
5311,Cuidadores de niños en instituciones y a domicilios,53,Trabajadores de los cuidados personales,531,"Cuidadores de niños, asistentes de aula e inspectores de patio",5,Trabajadores de los servicios y vendedores de comercios y mercados,2015,715,47049,260155.7225997299,38.71859125592467,0.5677006530440278,0.8820378754064911,0.11156453909753661,0,0.9055027737040107,40.313715488108144,11.615911071436162,TRUE,1,FALSE
5212,Vendedores ambulantes de productos comestibles de consumo inmediato (elaboración propia),52,Vendedores,521,Vendedores en quioscos o puestos de feria y vendedores ambulantes de comidas y bebidas de consumo inmediato (elaboración propia),5,Trabajadores de los servicios y vendedores de comercios y mercados,2015,594,45818,210526.53909483843,37.41795800776987,0.012625544298811842,0.06082762233183465,0.9137893404338906,0.007791697586101532,0.5396350779169758,45.32572351477585,8.90640846301801,TRUE,0,FALSE
4311,Auxiliares y ayudantes de registros de contabilidad y cálculo de costos,43,Auxiliares y ayudantes de registros contables y encargados del registro de materiales,431,Auxiliares y ayudantes de registros contables y financieros,4,Personal de apoyo administrativo,2015,546,45627,561482.1146427299,43.10616520919631,0.7309021414733756,0.8511407719113683,0.12106866548315691,0.027045389791132444,0.5420913055866045,41.067350472308064,12.977929734586978,TRUE,1,FALSE
9334,Reponedores de estanterías,93,"Obreros de la minería, la construcción, la industria manufacturera y el transporte",933,Obreros del transporte y almacenamiento,9,Ocupaciones elementales,2015,500,42400,283462.3280312781,41.66115566037736,0.6521854094502764,0.8609669811320755,0.12910377358490566,0.009929245283018868,0.09950471698113207,34.513301886792455,10.096627358490567,TRUE,1,FALSE
7119,Otros operarios de la construcción (obra gruesa) no clasificados previamente,71,Operarios de la construcción (no incluye electricistas),711,Operarios de la construcción en obra gruesa,7,Artesanos y operarios de oficios,2015,484,42017,481304.2081939394,46.18923292952852,0.6718147908381886,0.8321393721588881,0.15074850655686983,0.017112121284242093,0.003736582811719066,38.02432348811195,11.028964466763453,TRUE,0,FALSE
4223,Telefonistas,42,Empleados en trato directo con el público,422,Empleados de servicios de información al cliente,4,Personal de apoyo administrativo,2015,317,40885,365283.7163408796,41.92606090253149,0.8025450196026314,0.9909502262443439,0.007728995964290082,0,0.7224165341812401,32.964241164241166,13.696930414577473,TRUE,0,FALSE
3122,Supervisores de industrias manufactureras,31,Técnicos de las ciencias y la ingeniería,312,"Supervisores de minas, de industrias manufactureras y de la construcción",3,Técnicos y profesionales de nivel medio,2015,569,40070,435185.9313705584,45.862540554030446,0.8118969525204598,0.9286498627402047,0.0680059895183429,0.002820064886448715,0.20042425754928875,40.12954829049164,10.484871993793638,TRUE,1,FALSE
7533,Costureros y bordadores,75,"Operarios de procesamiento de alimentos, de la confección, ebanistas y otros oficios",753,"Sastres, modistos, patronistas de tela, costureros, tapiceros, apelambradores y zapateros",7,Artesanos y operarios de oficios,2015,445,39452,188938.25550289627,31.46306904592923,0.08128961862205134,0.1208810706681537,0.8406671398154719,0.03802088614011964,0.897039440332556,49.84122477947886,10.423928761701804,TRUE,0,FALSE
8160,"Operadores de máquinas para elaborar alimentos, bebidas y cigarrillos",81,Operadores de instalaciones fijas y máquinas,816,"Operadores de máquinas para elaborar alimentos, bebidas y cigarrillos",8,"Operadores de instalaciones, máquinas y ensambladores",2015,769,38911,355222.9349322211,44.97113926653132,0.8803707637346722,0.967952507003161,0.030197116496620494,7.966898820384981e-4,0.3706920922104289,37.877206959471614,10.755647503276709,TRUE,1,FALSE
5153,Conserjes,51,Trabajadores de los servicios a las personas,515,"Supervisores de mantenimiento y limpieza, mayordomos domésticos y conserjes",5,Trabajadores de los servicios y vendedores de comercios y mercados,2015,353,38758,354215.6324764175,44.41230197636617,0.7320391872278664,0.9995355797512772,4.644202487228443e-4,0,0.060993859332266885,49.09399349811652,10.812503225140617,TRUE,0,FALSE
4110,Trabajadores de tareas administrativas generales,41,Oficinistas,411,Trabajadores de tareas administrativas generales,4,Personal de apoyo administrativo,2015,490,38385,533967.6166894593,44.76680995180409,0.7955172192650548,0.9705614172202683,0.012140158916243324,0.013338543701966915,0.48602318614041945,41.32645564673701,13.071824931613913,TRUE,1,FALSE
6121,Criadores de ganado,61,Agricultores y trabajadores calificados de explotaciones agropecuarias cuya producción se destina al mercado,612,Trabajadores calificados de la cría de animales,6,"Agricultores y trabajadores calificados agropecuarios, forestales y pesqueros",2015,1210,37917,458657.74133247265,46.529754835985536,0.42550990245344367,0.57884326291637,0.3623440673049028,0.046839148666824905,0.12598570562017036,47.93533243663792,8.817735679797368,TRUE,0.435240129757101,FALSE
7126,Gásfiter e instaladores de tuberías,71,Operarios de la construcción (no incluye electricistas),712,Operarios de la construcción en trabajos de terminación,7,Artesanos y operarios de oficios,2015,477,37353,355233.29356880137,41.3724734291757,0.45707484005356347,0.6136856477391374,0.37260728723261854,0.01370706502824405,0.01277005862982893,46.70647605279362,10.183428142105829,TRUE,0,FALSE
9412,Ayudantes de cocina,94,Cocineros de comida rápida y ayudantes de cocina,941,Cocineros de comida rápida y ayudantes de cocina,9,Ocupaciones elementales,2015,545,37346,266301.00054451404,41.87460504471697,0.7932228469961528,0.9770256520109248,0.019680822578053876,5.087559578000322e-4,0.7017886788411075,44.46789482139988,9.577830885314572,TRUE,1,FALSE
2611,Abogados,26,"Profesionales en derecho, ciencias sociales y culturales",261,"Abogados, jueces y otros profesionales del derecho",2,"Profesionales, científicos e intelectuales",2015,366,36308,1738901.994929765,43.295251735154785,0.8255396217451976,0.7199790679740002,0.23823950644486064,0.04178142558113914,0.4492398369505343,37.250853806323676,17.384240387793323,TRUE,0,FALSE
2635,Profesionales del trabajo social,26,"Profesionales en derecho, ciencias sociales y culturales",263,"Economistas, especialistas en ciencias sociales, humanidades, ciencias políticas y teología",2,"Profesionales, científicos e intelectuales",2015,461,35707,796836.6078359678,40.98512896630913,0.6812812038534561,0.9840647492088386,0.01293863948245442,0.001148234239784916,0.8416556977623435,35.40510264093875,16.90259612961044,TRUE,0,FALSE
7111,Constructores de casas,71,Operarios de la construcción (no incluye electricistas),711,Operarios de la construcción en obra gruesa,7,Artesanos y operarios de oficios,2015,530,35334,345927.20459035446,45.59721514688402,0.36063801912747284,0.5570272259013981,0.4192562404482934,0.023376917416652515,0.009848870776023094,43.70215656308372,9.504471613743137,TRUE,0,FALSE
9411,Cocineros de comida rápida,94,Cocineros de comida rápida y ayudantes de cocina,941,Cocineros de comida rápida y ayudantes de cocina,9,Ocupaciones elementales,2015,504,32818,324173.4904763404,43.58605033822902,0.6534848081023454,0.857578158327747,0.12770430861112803,0.009994515205070388,0.7152477299043208,39.43476141142056,11.042324334206837,TRUE,1,FALSE
3322,"Representantes comerciales (excepto venta de productos y servicios industriales, farmacéuticos y de tecnologías de la información y las comunicaciones)",33,Técnicos en operaciones financieras y administrativas,332,"Agentes de seguros, representantes comerciales, agentes de compras y consignatarios",3,Técnicos y profesionales de nivel medio,2015,354,32783,971126.2063511488,43.80718665161822,0.9439378238341969,0.9288350669554343,0.04819571119177622,0.022969221852789556,0.4585913430741543,39.79407009730653,14.66733870967742,TRUE,1,FALSE
5249,Otros vendedores no clasificados previamente,52,Vendedores,524,Modelos y promotores y otros vendedores no clasificados previamente,5,Trabajadores de los servicios y vendedores de comercios y mercados,2015,435,32372,341129.4828731777,41.64685530705548,0.6544020529076569,0.8928394909180773,0.08788459162238972,0.0019152353886074385,0.5740145805016681,35.25648708760657,12.380586375751566,TRUE,1,FALSE
5141,Peluqueros,51,Trabajadores de los servicios a las personas,514,"Peluqueros, cosmetólogos y especialistas en tratamientos de belleza",5,Trabajadores de los servicios y vendedores de comercios y mercados,2015,387,32241,361566.81375849585,37.00142675475326,0.18353174603174602,0.31159083154988987,0.6251356967835985,0.06166061846716913,0.8344033993982817,42.599050897925004,12.173506186656718,TRUE,1,FALSE
8342,Operadores de máquinas de movimiento de tierras,83,Conductores de vehículos y operadores de equipos pesados y móviles,834,"Operadores de maquinaria agrícola, forestal, máquinas de movimiento de tierras, grúas y montacargas",8,"Operadores de instalaciones, máquinas y ensambladores",2015,593,31674,558082.6652602862,51.50770556140519,0.848585690515807,0.9720906737387132,0.02778303971711814,0,0.005809181031761066,40.767032897644754,10.558123381953653,TRUE,0,FALSE
2634,Psicólogos,26,"Profesionales en derecho, ciencias sociales y culturales",263,"Economistas, especialistas en ciencias sociales, humanidades, ciencias políticas y teología",2,"Profesionales, científicos e intelectuales",2015,343,31469,1057625.182760063,38.006037687883314,0.6941868692511078,0.8393021703899075,0.1321618100352728,0.028440687660872606,0.6534684928024405,35.843337888080335,17.560170326352917,TRUE,0,FALSE
7233,Mecánicos y reparadores de máquinas agrícolas e industriales,72,"Operarios de la metalurgia y operarios de máquinas herramientas; mecánicos de vehículos, maquinarias, aviones y bicicletas",723,"Mecánicos de vehículos, motores de aviones, reparadores de máquinas agrícolas, industriales y bicicletas",7,Artesanos y operarios de oficios,2015,488,31308,624624.1045976642,49.299827520122655,0.8173324742268041,0.9480643924875432,0.05072186022741791,0.0012137472850389677,0.012137472850389677,41.46438609939951,12.13156381755462,TRUE,1,FALSE
6210,Trabajadores forestales calificados,62,"Trabajadores forestales calificados, pescadores y cazadores cuya producción se destina al mercado",621,Trabajadores forestales calificados,6,"Agricultores y trabajadores calificados agropecuarios, forestales y pesqueros",2015,867,31166,408091.17157905066,42.00651350831034,0.3340598092107614,0.5729641275749214,0.37727010203426814,0.04347686581531156,0.049541166655971254,44.85140858627992,8.224022940361504,TRUE,0.03394725020856061,FALSE
3313,Técnicos y asistentes en contabilidad,33,Técnicos en operaciones financieras y administrativas,331,"Agentes de bolsas, ejecutivos de créditos, asistentes contables y otros técnicos en finanzas y matemáticas",3,Técnicos y profesionales de nivel medio,2015,275,30616,690984.5786748459,45.80941337862556,0.885256837891928,0.8939116801672328,0.08404102430101908,0.022047295531748105,0.447511105304416,38.46498562842958,14.558204860203816,TRUE,0,FALSE
1431,"Directores, gerentes y administradores de centros deportivos, de esparcimiento y culturales",14,"Directores, gerentes y administradores de hoteles, restaurantes, comercios y de otros servicios",143,"Directores, gerentes y administradores de centros deportivos, de esparcimiento, culturales y de otros servicios",1,"Directores, gerentes y administradores",2015,346,30484,1531733.5150249023,46.56806849494817,0.7489243904879431,0.3367340244062459,0.2484254034903556,0.41438131478808554,0.2556095000656082,42.48146568691773,15.18352933447211,TRUE,0,FALSE
8343,Operadores de grúas y aparatos elevadores,83,Conductores de vehículos y operadores de equipos pesados y móviles,834,"Operadores de maquinaria agrícola, forestal, máquinas de movimiento de tierras, grúas y montacargas",8,"Operadores de instalaciones, máquinas y ensambladores",2015,392,28793,490460.20747531735,48.43604348279096,0.8823385995708991,0.975063383461258,0.024936616538742056,0,0.013788073490084396,40.26700934254853,11.22481158614941,TRUE,0,FALSE
1346,"Directores, gerentes y administradores de servicios financieros",13,"Directores, gerentes y administradores de producción y operaciones",134,"Directores, gerentes y administradores de servicios de cuidados a personas, bienestar social, educación, servicios financieros y de otros servicios profesionales",1,"Directores, gerentes y administradores",2015,285,28689,2294553.637952559,45.95900867928474,0.8156587891381678,0.31754330928230334,0.1936979330056816,0.48875875771201505,0.2400223082017498,46.82829655965701,15.943915786538394,TRUE,0,FALSE
2166,Diseñadores gráficos y de multimedia,21,Profesionales de las ciencias y de la ingeniería,216,"Arquitectos, diseñadores, urbanistas, cartógrafos y agrimensores",2,"Profesionales, científicos e intelectuales",2015,291,28660,774821.781441306,39.11500348918353,0.8729181891611216,0.5701325889741801,0.39577808792742497,0.03408932309839498,0.3511514305652477,35.594417306350316,15.133391486392185,TRUE,1,FALSE
2141,Ingenieros industriales y de producción,21,Profesionales de las ciencias y de la ingeniería,214,Ingenieros (excluyendo ingenieros en electrotecnología),2,"Profesionales, científicos e intelectuales",2015,302,28600,1238185.5199733688,44.498776223776225,0.8754918935935778,0.9138111888111888,0.06825174825174825,0.017937062937062938,0.2687762237762238,36.778601398601396,16.923444807820797,TRUE,1,FALSE
7543,"Clasificadores, probadores de productos e inspectores de calidad (excluyendo alimentos y bebidas)",75,"Operarios de procesamiento de alimentos, de la confección, ebanistas y otros oficios",754,"Buzos, dinamiteros, clasificadores, probadores e inspectores de calidad de productos no comestibles, fumigadores y otros oficios",7,Artesanos y operarios de oficios,2015,387,27859,765623.2726943811,44.74826806418034,0.8329418928322895,0.9937183674934491,0.004738145662084066,0.0015434868444667792,0.32301949100829175,37.038156430596935,14.329660073943788,TRUE,0,FALSE
7214,Montadores de estructuras metálicas,72,"Operarios de la metalurgia y operarios de máquinas herramientas; mecánicos de vehículos, maquinarias, aviones y bicicletas",721,"Moldeadores, soldadores, chapistas, caldereros, montadores de estructuras metálicas, aparejadores y empalmadores de cables no eléctricos",7,Artesanos y operarios de oficios,2015,319,27679,467190.80272633745,45.357888652046675,0.6476250734396891,0.7823982080277466,0.2028975035225261,0.01470428844972723,0.006575382058600383,39.50933921023158,10.925683731348675,TRUE,0,FALSE
9333,Obreros de carga,93,"Obreros de la minería, la construcción, la industria manufacturera y el transporte",933,Obreros del transporte y almacenamiento,9,Ocupaciones elementales,2015,325,27322,309246.6156748478,43.33961642632311,0.5812910052910053,0.8800600248883683,0.10533635897811287,0.013395798257814215,0.0678940048312715,36.70316960691018,9.730437010467755,TRUE,1,FALSE
3512,Técnicos en asistencia al usuario de tecnología de la información y las comunicaciones,35,Técnicos de la tecnología de la información y las comunicaciones,351,"Técnicos en operaciones de tecnología de la información, las comunicaciones y asistencia al usuario; técnicos en redes y técnicos de la web",3,Técnicos y profesionales de nivel medio,2015,246,26948,741886.2532067236,42.96426450942556,0.9084205619358393,0.8365370342882589,0.14242244322398695,0.01996437583494137,0.09729850081638712,35.44964375834942,14.6935950719905,TRUE,0,FALSE
2431,Profesionales de la publicidad y la comercialización,24,Profesionales de negocios y administración,243,"Profesionales de la publicidad, relaciones públicas y de las ventas técnicas, médicas y de tecnología de la información y las comunicaciones",2,"Profesionales, científicos e intelectuales",2015,273,26833,1164936.1234238967,43.091044609249806,0.8139319135204904,0.8513770357395744,0.10792680654418067,0.03682033317184064,0.5375097827302202,37.37237729661238,17.048112398911787,TRUE,1,FALSE
3311,Agentes de bolsa y otros servicios financieros,33,Técnicos en operaciones financieras y administrativas,331,"Agentes de bolsas, ejecutivos de créditos, asistentes contables y otros técnicos en finanzas y matemáticas",3,Técnicos y profesionales de nivel medio,2015,257,26816,948479.558341805,44.2900880071599,0.9347640583667548,0.9737097255369929,0.017153937947494032,0.009136336515513127,0.6586366348448688,38.886560262529834,14.759807577565633,TRUE,0,FALSE
3121,Supervisores de minas,31,Técnicos de las ciencias y la ingeniería,312,"Supervisores de minas, de industrias manufactureras y de la construcción",3,Técnicos y profesionales de nivel medio,2015,545,26532,691538.8162170389,55.192748379315546,0.8250663196356174,0.9163651439770842,0.06690034675109302,0.016734509271822705,0.010025629428614503,41.696932006633496,11.233217679891386,TRUE,0,FALSE
8341,Operadores de maquinaria agrícola y forestal móvil,83,Conductores de vehículos y operadores de equipos pesados y móviles,834,"Operadores de maquinaria agrícola, forestal, máquinas de movimiento de tierras, grúas y montacargas",8,"Operadores de instalaciones, máquinas y ensambladores",2015,520,25916,376902.8535797665,47.20288624787776,0.7848923980549805,0.9580953850902917,0.030367340638987498,0.01153727427072079,0.027048927303596235,44.816136749498376,8.9414607740788,TRUE,0,FALSE
5321,Trabajadores de los cuidados personales en instituciones,53,Trabajadores de los cuidados personales,532,Trabajadores de los cuidados personales en instituciones y a domicilio,5,Trabajadores de los servicios y vendedores de comercios y mercados,2015,327,25004,394521.5533400605,46.22864341705327,0.7901614506888879,0.9678451447768357,0.022996320588705807,0.002399616061430171,0.8327467605183171,43.01823708206687,11.748819755477545,TRUE,1,FALSE
5322,Trabajadores de los cuidados personales a domicilio,53,Trabajadores de los cuidados personales,532,Trabajadores de los cuidados personales en instituciones y a domicilio,5,Trabajadores de los servicios y vendedores de comercios y mercados,2015,333,24660,272346.322254926,40.31354420113544,0.3877918165843862,0.7506082725060828,0.24249797242497972,0,0.9493511759935117,49.522303325223035,10.352523531321,TRUE,0,FALSE
1412,"Directores, gerentes y administradores de restaurantes",14,"Directores, gerentes y administradores de hoteles, restaurantes, comercios y de otros servicios",141,"Directores, gerentes y administradores de hoteles y restaurantes",1,"Directores, gerentes y administradores",2015,438,24020,671610.9756450652,46.4951290591174,0.7568212380167441,0.25174854288093257,0.418526228143214,0.3253955037468776,0.5032056619483763,46.054163197335555,13.053841349156777,TRUE,1,FALSE
2352,Educadores para necesidades especiales,23,Profesionales de la educación,235,"Especialistas en métodos pedagógicos, educadores para necesidades especiales y otros profesionales de la educación",2,"Profesionales, científicos e intelectuales",2015,330,23913,552821.9298704587,40.4019989127253,0.8879295256986174,0.9706854012461841,0.027892777986869066,0.001421820766946849,0.9552544640990256,34.707899468908124,16.215949483544517,TRUE,0,FALSE
4225,"Empleados de informaciones, reclamos o sugerencias",42,Empleados en trato directo con el público,422,Empleados de servicios de información al cliente,4,Personal de apoyo administrativo,2015,294,23894,406647.27380799106,43.74190173265255,0.8333079616379967,0.9719594877375073,0.017033564911693312,0.008495856700426886,0.7017661337574287,38.66698752824977,12.803130493010798,TRUE,1,FALSE
5142,Cosmetólogos y especialistas en tratamientos de belleza,51,Trabajadores de los servicios a las personas,514,"Peluqueros, cosmetólogos y especialistas en tratamientos de belleza",5,Trabajadores de los servicios y vendedores de comercios y mercados,2015,277,23251,328181.62870229007,36.631585738247814,0.19766881381183998,0.344759365188594,0.5792869123908649,0.06176078448238785,0.8138574684959786,40.15616532622253,12.186981026545627,TRUE,1,FALSE
3321,Agentes de seguros y ejecutivos de fondos de pensiones,33,Técnicos en operaciones financieras y administrativas,332,"Agentes de seguros, representantes comerciales, agentes de compras y consignatarios",3,Técnicos y profesionales de nivel medio,2015,230,22826,799309.4546508517,42.47857706124595,0.8906801538380485,0.8895995794269692,0.1030403925348287,0.00736002803820205,0.6547796372557609,43.162139665293964,14.594716551301147,TRUE,0,FALSE
2161,Arquitectos,21,Profesionales de las ciencias y de la ingeniería,216,"Arquitectos, diseñadores, urbanistas, cartógrafos y agrimensores",2,"Profesionales, científicos e intelectuales",2015,230,22270,1407392.6194686254,41.386708576560395,0.7483108108108109,0.7057476425684778,0.27310282891782667,0.018949259092950158,0.26286484059272563,37.41670408621464,17.709968567579704,TRUE,1,FALSE
2354,Otros profesores de música,23,Profesionales de la educación,235,"Especialistas en métodos pedagógicos, educadores para necesidades especiales y otros profesionales de la educación",2,"Profesionales, científicos e intelectuales",2015,277,21605,681407.3246869833,32.21272853506133,0.8638803057407709,0.7168248090719741,0.27984262902105994,0.00333256190696598,0.5512149965285813,41.252117565378384,16.92446193010877,TRUE,0,FALSE
3255,Técnicos y asistentes fisioterapeutas,32,Técnicos de la salud,325,"Técnicos en odontología, ópticos, técnicos en prevención de riesgos y otros técnicos en salud",3,Técnicos y profesionales de nivel medio,2015,238,21600,789279.3079943899,36.66833333333334,0.7308656540333284,0.6352777777777778,0.34935185185185186,0.015370370370370371,0.6421296296296296,37.02560185185185,16.01222222222222,TRUE,1,FALSE
3411,Técnicos de los servicios jurídicos,34,"Técnicos de servicios jurídicos, sociales, deportivos y culturales",341,"Técnicos de los servicios jurídicos, sociales y religiosos",3,Técnicos y profesionales de nivel medio,2015,204,21445,852776.1402462121,51.92755516163642,0.7819419870248244,0.9534157146187923,0.0426672884122173,0.0011191419911401258,0.36227558871531823,36.33821403590581,14.732684843099658,TRUE,0.32138027512240613,FALSE
7422,Instaladores y reparadores en tecnología de la información y las comunicaciones,74,Trabajadores especializados en electricidad y electrónica,742,Instaladores y reparadores de equipos electrónicos y de telecomunicaciones,7,Artesanos y operarios de oficios,2015,216,21088,421314.47414498054,42.76474772382397,0.6894504748982361,0.8340288315629742,0.1633156297420334,0.002655538694992413,0.036134294385432475,37.8181904400607,12.24720220030349,TRUE,0.7306525037936267,FALSE
7531,"Sastres, modistos, peleteros y sombrereros",75,"Operarios de procesamiento de alimentos, de la confección, ebanistas y otros oficios",753,"Sastres, modistos, patronistas de tela, costureros, tapiceros, apelambradores y zapateros",7,Artesanos y operarios de oficios,2015,284,20090,231853.71378600824,33.80262174151423,0.12533210709176373,0.22603285216525634,0.7325535092085614,0.03414634146341464,0.8792931806869089,49.83071179691389,11.224838227974116,TRUE,0,FALSE
5165,Instructores de manejo,51,Trabajadores de los servicios a las personas,516,Otros trabajadores de servicios a las personas,5,Trabajadores de los servicios y vendedores de comercios y mercados,2015,286,19857,442355.48796895216,35.87646673717077,0.6561304971319312,0.7972503399305031,0.17797250339930504,0.008712292894193483,0.5820617414513773,39.61383894848164,13.941440532633916,TRUE,0,FALSE
4322,Empleados de cálculo de los insumos y materiales para la producción,43,Auxiliares y ayudantes de registros contables y encargados del registro de materiales,432,Empleados encargados del registro de materiales y de transportes,4,Personal de apoyo administrativo,2015,241,19697,724238.710238873,46.58196679697416,0.889599261798049,0.9391785551099152,0.03553840686398944,0.02142458242371935,0.19084124485962328,40.698685078946035,12.755851144844392,TRUE,0,FALSE
3253,Podólogos,32,Técnicos de la salud,325,"Técnicos en odontología, ópticos, técnicos en prevención de riesgos y otros técnicos en salud",3,Técnicos y profesionales de nivel medio,2015,235,18456,494294.8507008584,46.77736237537928,0.8039279023192712,0.9885674035543996,0.009156913740788903,0.0022756827048114434,0.7544971824880797,38.5670784568704,14.637028608582575,TRUE,1,FALSE
1323,"Directores, gerentes y administradores de empresas de construcción",13,"Directores, gerentes y administradores de producción y operaciones",132,"Directores, gerentes y administradores de producción y operaciones de industrias manufactureras, de minería, de construcción, de almacenamiento y distribución",1,"Directores, gerentes y administradores",2015,201,18136,1685896.7745344152,49.60129025143361,0.7689980017128176,0.18135200705778562,0.25871195412439346,0.559936038817821,0.05067269519188355,47.71950816056462,14.105455350226846,TRUE,0.04041685046316718,FALSE
7511,Carniceros y pescaderos,75,"Operarios de procesamiento de alimentos, de la confección, ebanistas y otros oficios",751,"Operarios de procesamiento, elaboración, conservación, cata y clasificación de alimentos, bebidas y tabaco",7,Artesanos y operarios de oficios,2015,247,17927,341535.87120359956,47.69102471132928,0.7206840390879479,0.8861493836113126,0.10375411390639817,0.007140068053773638,0.18129079042784627,40.62559268143025,10.3471282366758,TRUE,0,FALSE
2511,Analistas de sistemas,25,Profesionales de tecnología de la información y las comunicaciones,251,"Analistas, desarrolladores y programadores de software, multimedia y aplicaciones",2,"Profesionales, científicos e intelectuales",2015,93,17776,1256940.0422479748,44.53639738973897,0.9052269849882438,0.951957695769577,0.024246174617461747,0.023796129612961296,0.14637713771377137,33.413591359135914,17.219003150315032,TRUE,1,FALSE
0310,Otros miembros de las Fuerzas Armadas,03,Otros miembros de las Fuerzas Armadas,031,Otros miembros de las Fuerzas Armadas,0,Ocupaciones de las fuerzas armadas,2015,253,17665,896908.6851195242,47.50070761392584,0.8883587786259542,1,0,0,0.08955561845457119,36.17922445513728,14.140900084913671,TRUE,1,FALSE
3332,Organizadores de conferencias y eventos,33,Técnicos en operaciones financieras y administrativas,333,"Agentes de aduana, organizadores de eventos, agentes de empleo, de bienes raíces y otros agentes de servicios comerciales",3,Técnicos y profesionales de nivel medio,2015,257,17499,611347.8099547512,44.9490828047317,0.8188064829337516,0.9474255671752672,0.03234470541173781,0.02022972741299503,0.5604891708097606,40.251100062860736,14.538487913595063,TRUE,0,FALSE
9215,Obreros forestales,92,"Obreros agropecuarios, pesqueros y forestales",921,"Obreros agropecuarios, de jardinería y horticultura, forestales y pesqueros",9,Ocupaciones elementales,2015,391,17485,288046.06155639753,43.37266228195596,0.5908499284133802,0.8979696883042608,0.09568201315413212,0.0050328853302830994,0.05661995996568487,43.311238204175005,7.948214285714286,TRUE,0,FALSE
5245,Bomberos de gasolineras,52,Vendedores,524,Modelos y promotores y otros vendedores no clasificados previamente,5,Trabajadores de los servicios y vendedores de comercios y mercados,2015,230,17125,333228.7733423545,40.48256934306569,0.6711027887380459,0.8625985401459854,0.11632116788321167,0.009401459854014598,0.5436496350364963,38.01570802919708,12.574797606476594,TRUE,1,FALSE
4222,Empleados de centros de llamadas de informaciones,42,Empleados en trato directo con el público,422,Empleados de servicios de información al cliente,4,Personal de apoyo administrativo,2015,202,16976,402882.6157017387,43.47861687087653,0.8071600056489197,0.9651861451460886,0.029276625824693685,0.00235626767200754,0.6483859566446748,39.149033930254475,12.63430725730443,TRUE,1,FALSE
3113,Técnicos en electricidad,31,Técnicos de las ciencias y la ingeniería,311,"Técnicos en ciencias físicas, químicas, técnicos en ingeniería y dibujantes técnicos",3,Técnicos y profesionales de nivel medio,2015,188,16756,649415.8777221452,45.90504893769396,0.9218869765173159,0.7351993315827167,0.2393172594891382,0.025483408928145143,0.0083552160420148,40.852172356170925,14.342265457149677,TRUE,0,FALSE
9312,Obreros de obras públicas,93,"Obreros de la minería, la construcción, la industria manufacturera y el transporte",931,Obreros de la minería y la construcción,9,Ocupaciones elementales,2015,347,16528,358782.95478707156,45.22991287512101,0.7729489699352114,0.9373789932236205,0.060503388189738626,0.0021176185866408517,0.03321636011616651,42.46823572120039,9.309595837366892,TRUE,0,FALSE
7413,Instaladores y reparadores de líneas eléctricas,74,Trabajadores especializados en electricidad y electrónica,741,"Electricistas, instaladores y reparadores de equipos y líneas eléctricas",7,Artesanos y operarios de oficios,2015,215,16512,393773.66266395716,45.389716569767444,0.7147748418310383,0.8462936046511628,0.14092781007751937,0.01277858527131783,0.007873062015503876,38.83690649224806,11.603466036478217,TRUE,0,FALSE
2132,Agrónomos y profesionales del ámbito forestal y pesquero,21,Profesionales de las ciencias y de la ingeniería,213,Profesionales de las ciencias biológicas,2,"Profesionales, científicos e intelectuales",2015,256,16422,1075047.6324566244,45.10534648642066,0.7981838659721244,0.7958226768968457,0.1535744732675679,0.046462063086104004,0.25289246133235904,39.408598221897456,16.467805116905375,TRUE,0,FALSE
3334,Agentes inmobiliarios,33,Técnicos en operaciones financieras y administrativas,333,"Agentes de aduana, organizadores de eventos, agentes de empleo, de bienes raíces y otros agentes de servicios comerciales",3,Técnicos y profesionales de nivel medio,2015,170,16323,836829.0243018004,41.80463150156221,0.8895366676894753,0.5119157017705078,0.456288672425412,0.02628193346811248,0.42277767567236413,44.94498560313668,14.378239294247381,TRUE,0,FALSE
3115,Técnicos en ingeniería mecánica,31,Técnicos de las ciencias y la ingeniería,311,"Técnicos en ciencias físicas, químicas, técnicos en ingeniería y dibujantes técnicos",3,Técnicos y profesionales de nivel medio,2015,168,16283,671202.8645905566,44.94736842105263,0.8667844522968198,0.8006509856905976,0.13928637229011853,0.060062642019283914,0.05932567708653196,39.30461217220414,14.763557084075416,TRUE,0,FALSE
3344,Secretarios médicos,33,Técnicos en operaciones financieras y administrativas,334,"Supervisores de oficina, secretarios administrativos y especializados",3,Técnicos y profesionales de nivel medio,2015,193,16283,613005.9132096407,45.858354329257054,0.9022803738317757,0.9676349567033102,0.02763618497819812,0.004728858318491678,0.5547503531290303,39.944236320088436,14.350488239267948,TRUE,1,FALSE
8183,"Operadores de máquinas de embalaje, embotellamiento y etiquetado",81,Operadores de instalaciones fijas y máquinas,818,"Operadores de máquinas de instalaciones de vidriería, cerámica y operadores de máquinas de vapor y calderas, de embotellamiento, de etiquetado y otros operadores de máquinas e instalaciones",8,"Operadores de instalaciones, máquinas y ensambladores",2015,188,15953,422531.51275875536,46.44198583338557,0.877211155378486,0.9857707014354666,0.014229298564533317,0,0.2813890804237448,40.596878330094654,11.250172381370275,TRUE,1,FALSE
2212,Médicos especialistas,22,Profesionales de la salud,221,Médicos generales y especialistas,2,"Profesionales, científicos e intelectuales",2015,180,15894,2347666.741546808,44.11186611299862,0.7239942715792215,0.9058764313577451,0.043915943123191144,0.0502076255190638,0.4567132251163961,43.70057883478042,18.60223983893293,TRUE,0.8699509248773122,FALSE
6310,Trabajadores agrícolas de subsistencia,63,"Trabajadores agropecuarios, pescadores, cazadores y recolectores de subsistencia",631,Trabajadores agrícolas de subsistencia,6,"Agricultores y trabajadores calificados agropecuarios, forestales y pesqueros",2015,437,15718,284766.84491061413,43.86728591423845,0.07289279348102877,0.043580608219875305,0.8268227509861306,0.09816770581498918,0.2119862577936124,51.81956991983713,7.767082325995673,TRUE,1,FALSE
4419,Otro personal de apoyo administrativo no clasificado previamente,44,Otro personal de apoyo administrativo,441,Otro personal de apoyo administrativo,4,Personal de apoyo administrativo,2015,190,15638,533296.1213486037,44.4245427804067,0.7720234515935057,0.9959713518352731,0.0040286481647269475,0,0.4723749840133009,40.96610819797928,13.268640491111395,TRUE,1,FALSE
7318,"Artesanos de los tejidos, el cuero y materiales similares",73,Artesanos y operarios de las artes gráficas,731,"Reparadores de instrumentos de precisión, fabricantes y afinadores de instrumentos musicales, pintores de carteles, pintores decorativos y artesanos",7,Artesanos y operarios de oficios,2015,298,15233,161887.8341212164,33.720015755268165,0.12645066076339975,0.13884330072868115,0.8196021794787632,0.03413641436355281,0.7609794525044312,50.96717652465043,9.846798127019719,TRUE,0.17422700715551762,FALSE
4226,Recepcionistas (funciones generales),42,Empleados en trato directo con el público,422,Empleados de servicios de información al cliente,4,Personal de apoyo administrativo,2015,183,14431,399870.37390555476,43.03409327142956,0.7651844691477364,0.9557203243018502,0.018779017393112052,0.025500658305037765,0.6110456655810408,39.72108654978865,12.576675213082947,TRUE,1,FALSE
3522,Técnicos de ingeniería de las telecomunicaciones,35,Técnicos de la tecnología de la información y las comunicaciones,352,"Técnicos en radiodifusión, grabación audiovisual y técnicos de las telecomunicaciones",3,Técnicos y profesionales de nivel medio,2015,138,14286,594248.4565690611,43.46693288496567,0.9039275927924936,0.876802463950721,0.12039759204815903,0.0027999440011199778,0.09533809323813523,36.405361892762144,13.70887582248355,TRUE,0,FALSE
8344,Operadores de autoelevadoras y montacargas,83,Conductores de vehículos y operadores de equipos pesados y móviles,834,"Operadores de maquinaria agrícola, forestal, máquinas de movimiento de tierras, grúas y montacargas",8,"Operadores de instalaciones, máquinas y ensambladores",2015,150,14044,406530.66516934044,46.10801765878667,0.9634557721139431,0.9971518086015381,0,0.0028481913984619764,0.009256622045001424,37.514810595272,10.882805202270605,TRUE,0,FALSE
2512,Desarrolladores de software,25,Profesionales de tecnología de la información y las comunicaciones,251,"Analistas, desarrolladores y programadores de software, multimedia y aplicaciones",2,"Profesionales, científicos e intelectuales",2015,78,13991,1165120.6862268602,44.87384747337574,0.9807200759512159,0.9700521763991137,0.029947823600886284,0,0.05010363805303409,39.66785790865556,16.948180973482952,TRUE,1,FALSE
7213,Chapistas y caldereros,72,"Operarios de la metalurgia y operarios de máquinas herramientas; mecánicos de vehículos, maquinarias, aviones y bicicletas",721,"Moldeadores, soldadores, chapistas, caldereros, montadores de estructuras metálicas, aparejadores y empalmadores de cables no eléctricos",7,Artesanos y operarios de oficios,2015,166,13762,342940.1745534087,43.837814271181514,0.48912613681296957,0.7000435983141985,0.28484231943031535,0.015114082255486121,0.012207527975584944,41.1146635663421,10.131012934166545,TRUE,0,FALSE
7412,Mecánicos y ajustadores electricistas,74,Trabajadores especializados en electricidad y electrónica,741,"Electricistas, instaladores y reparadores de equipos y líneas eléctricas",7,Artesanos y operarios de oficios,2015,168,13619,569868.3120382119,46.46442470078567,0.614764751754614,0.7601145458550554,0.21543431970041854,0.01688817093766062,0.037374256553344594,38.960936926352886,12.108729281767955,TRUE,0,FALSE
5132,Bármanes,51,Trabajadores de los servicios a las personas,513,Garzones de mesa y bármanes,5,Trabajadores de los servicios y vendedores de comercios y mercados,2015,143,13612,501554.72711636254,38.92513958272113,0.6683009039374904,0.9543050249779607,0.031736702909197764,0.01395827211284161,0.379811930649427,33.91580957978255,12.885321774904495,TRUE,1,FALSE
2211,Médicos generales,22,Profesionales de la salud,221,Médicos generales y especialistas,2,"Profesionales, científicos e intelectuales",2015,156,13516,2963071.7623541653,43.76901450133175,0.7616113379034122,0.808227286179343,0.1597366084640426,0.032036105356614386,0.3929416987274342,43.3591299200947,18.78514353358982,TRUE,1,FALSE
2351,Especialistas en métodos pedagógicos,23,Profesionales de la educación,235,"Especialistas en métodos pedagógicos, educadores para necesidades especiales y otros profesionales de la educación",2,"Profesionales, científicos e intelectuales",2015,200,13333,756792.7148891236,40.70156753918848,0.8478574371652245,0.9531238280957024,0.0349508737718443,0.011925298132453311,0.613515337883447,40.66834170854271,16.457256910446638,TRUE,0,FALSE
4313,Empleados encargados de las nóminas o registros de remuneraciones,43,Auxiliares y ayudantes de registros contables y encargados del registro de materiales,431,Auxiliares y ayudantes de registros contables y financieros,4,Personal de apoyo administrativo,2015,162,13291,473397.0521405462,42.16183883831164,0.7895491619611007,0.9199458280039124,0.07734557219170868,0.0027085998043789032,0.6633059965390113,38.100443909412384,12.915431494996614,TRUE,1,FALSE
2514,Programadores de aplicaciones,25,Profesionales de tecnología de la información y las comunicaciones,251,"Analistas, desarrolladores y programadores de software, multimedia y aplicaciones",2,"Profesionales, científicos e intelectuales",2015,102,13140,989302.8885583524,44.62808219178082,0.8374728063814358,0.9437595129375951,0.05319634703196347,0.0030441400304414,0.17336377473363776,33.85951293759513,16.462785388127855,TRUE,0,FALSE
2221,Enfermeros profesionales,22,Profesionales de la salud,222,Profesionales de enfermería y matronería,2,"Profesionales, científicos e intelectuales",2015,140,12740,1215635.4923780488,44.74891944990177,0.7883757034737047,0.9614599686028258,0.020172684458398746,0.018367346938775512,0.8400313971742543,37.62401883830455,17.08877551020408,TRUE,1,FALSE
3251,Técnicos y auxiliares paramédicos en odontología,32,Técnicos de la salud,325,"Técnicos en odontología, ópticos, técnicos en prevención de riesgos y otros técnicos en salud",3,Técnicos y profesionales de nivel medio,2015,174,12699,361540.31188078935,39.06024096385542,0.7206481481481481,0.9529096779273959,0.04709032207260414,0,0.869281045751634,35.16056382392314,14.185920151193008,TRUE,0,FALSE
3434,Chefs,34,"Técnicos de servicios jurídicos, sociales, deportivos y culturales",343,"Fotógrafos, decoradores de interior, técnicos en galerías de arte, museos y bibliotecas, chefs y otros técnicos en actividades culturales y artísticas",3,Técnicos y profesionales de nivel medio,2015,199,12606,291698.3050251658,43.064493098524515,0.7137060414788098,0.8787878787878788,0.11074091702363954,0.0063461843566555605,0.7509915913057275,39.36593685546565,11.170236395367285,TRUE,1,FALSE
4415,Empleados administrativos de archivos,44,Otro personal de apoyo administrativo,441,Otro personal de apoyo administrativo,4,Personal de apoyo administrativo,2015,100,12549,573408.1166626823,40.807873137301776,0.8818529130850048,0.9931468642919754,0.006853135708024544,0,0.42744441788190296,40.328313012989085,14.576300900470157,TRUE,1,FALSE
7122,"Instaladores de parqué, cerámicas, baldosas y alfombras",71,Operarios de la construcción (no incluye electricistas),712,Operarios de la construcción en trabajos de terminación,7,Artesanos y operarios de oficios,2015,138,12360,334871.0773251473,43.54377022653722,0.48117690058479534,0.7103559870550162,0.2760517799352751,0.013592233009708738,0.027912621359223302,43.902831715210354,10.276375404530745,TRUE,0,FALSE
2151,Ingenieros eléctricos,21,Profesionales de las ciencias y de la ingeniería,215,Ingenieros en electrotecnología,2,"Profesionales, científicos e intelectuales",2015,115,12249,1518569.2388391022,45.208670095518,0.9201364590622814,0.8261898930524941,0.1336435627398155,0.040166544207690426,0.019430157563882767,43.176259286472366,17.106865866601357,TRUE,0,FALSE
2652,"Músicos, cantantes y compositores",26,"Profesionales en derecho, ciencias sociales y culturales",265,"Artistas, actores y locutores de medios de comunicación",2,"Profesionales, científicos e intelectuales",2015,136,12092,546653.3478187637,26.554333443599074,0.8786004744154524,0.2729904068805822,0.6467085676480318,0.08030102547138604,0.24197816738339398,36.82476017201456,13.68161100522085,TRUE,0.8002811776381078,FALSE
2144,Ingenieros mecánicos,21,Profesionales de las ciencias y de la ingeniería,214,Ingenieros (excluyendo ingenieros en electrotecnología),2,"Profesionales, científicos e intelectuales",2015,137,12071,1346145.9550619835,49.69232043741198,0.8099464018979,0.8663739541048795,0.1067848562670864,0.026841189628034133,0.014580399304117305,44.34479330627123,16.734736144478504,TRUE,0,FALSE
2422,Especialistas en políticas de administración,24,Profesionales de negocios y administración,242,"Especialistas y asesores de gestión, políticas corporativas, políticas públicas y desarrollo del personal",2,"Profesionales, científicos e intelectuales",2015,130,12039,1307450.9679589309,47.10075587673395,0.9147544092546938,0.8492399700971841,0.14228756541240967,0.0063958800564830965,0.4407342802558352,38.21804136556192,16.87822908879475,TRUE,1,FALSE
7114,Operarios en cemento armado,71,Operarios de la construcción (no incluye electricistas),711,Operarios de la construcción en obra gruesa,7,Artesanos y operarios de oficios,2015,135,11890,384101.0085992908,47.012615643397815,0.8518175074183977,0.9666947014297729,0.033305298570227085,0,0.0018502943650126156,39.08191757779647,9.774095878889824,TRUE,0,FALSE
9611,Recolectores de basura y material reciclable,96,Recolectores de desechos y otras ocupaciones elementales,961,"Recolectores de basura y material reciclable, clasificadores de desechos y barrenderos de calles y parques",9,Ocupaciones elementales,2015,145,11792,305125.71543241845,43.66595997286296,0.7420711974110032,0.8736431478968792,0.12635685210312075,0,0.13627883310719133,41.44793080054274,8.325474898236092,TRUE,0,FALSE
5242,Promotores de tiendas,52,Vendedores,524,Modelos y promotores y otros vendedores no clasificados previamente,5,Trabajadores de los servicios y vendedores de comercios y mercados,2015,145,11775,334712.6205467372,40.0856050955414,0.6854746473503622,0.9004670912951168,0.08084925690021232,0.01129511677282378,0.5581316348195329,36.69375796178344,12.359660297239914,TRUE,1,FALSE
2421,Especialistas y asesores de gestión,24,Profesionales de negocios y administración,242,"Especialistas y asesores de gestión, políticas corporativas, políticas públicas y desarrollo del personal",2,"Profesionales, científicos e intelectuales",2015,109,11746,1543500.350465295,42.40515920313298,0.9218134034165572,0.8568023156819343,0.13928145751745274,0.0039162268006129744,0.39043078494806743,38.793802145411206,17.09850161757194,TRUE,1,FALSE
4323,Empleados de servicios de transporte,43,Auxiliares y ayudantes de registros contables y encargados del registro de materiales,432,Empleados encargados del registro de materiales y de transportes,4,Personal de apoyo administrativo,2015,161,11654,497301.82331908954,47.902865968766086,0.8348623853211009,0.9776900634975115,0.014244036382357989,0.005834906469881586,0.18963446027115152,39.033550712201816,12.571134374463703,TRUE,0,FALSE
4132,Digitadores de datos,41,Oficinistas,413,Operadores de equipo de oficina,4,Personal de apoyo administrativo,2015,106,11645,410281.2746223832,41.619579218548736,0.7966277024930175,0.9348218119364534,0.06517818806354658,0,0.6288535852297124,31.83366251610133,13.416487762988407,TRUE,0.017003005581794763,FALSE
4416,Empleados y asistentes de recursos humanos,44,Otro personal de apoyo administrativo,441,Otro personal de apoyo administrativo,4,Personal de apoyo administrativo,2015,144,11488,550739.2700970356,44.67339832869081,0.7295166266712376,0.9521239554317549,0.017409470752089137,0.00826949860724234,0.3839658774373259,41.64510793871866,13.161908077994429,TRUE,1,FALSE
7541,Buzos,75,"Operarios de procesamiento de alimentos, de la confección, ebanistas y otros oficios",754,"Buzos, dinamiteros, clasificadores, probadores e inspectores de calidad de productos no comestibles, fumigadores y otros oficios",7,Artesanos y operarios de oficios,2015,368,11341,408747.8747336648,39.10034388501896,0.19878881091992695,0.4348822855127414,0.5257913764218323,0.039326338065426326,0.02495370778590953,43.21911648002822,8.669429503571113,TRUE,0.29741645357552243,FALSE
4214,Cobradores,42,Empleados en trato directo con el público,421,"Cajeros de bancos y de casas de cambio; receptores de apuestas, prestamistas y cobradores",4,Personal de apoyo administrativo,2015,113,11331,504104.29918728233,42.80866649015974,0.8961133309117326,0.947047921630924,0.013238019592268996,0.027888094607713354,0.6256288059306327,38.98587944576825,13.28761803900803,TRUE,0,FALSE
2261,NA,NA,NA,NA,NA,NA,NA,2015,145,11232,2273503.389767357,37.373842592592595,0.6260549470281918,0.6732549857549858,0.2613960113960114,0.06534900284900284,0.47480413105413105,39.65500356125356,17.8999197217019,TRUE,0,FALSE
3422,"Entrenadores, instructores y árbitros de actividades deportivas",34,"Técnicos de servicios jurídicos, sociales, deportivos y culturales",342,"Deportistas, entrenadores, árbitros e instructores de actividades deportivas y recreativas",3,Técnicos y profesionales de nivel medio,2015,102,11018,441656.7483702738,31.71237974223997,0.6235873659808752,0.6788890905790524,0.271555636231621,0.018242875294971865,0.16863314576148122,35.663369032492284,14.048538384482288,TRUE,1,FALSE
3118,Delineantes y dibujantes técnicos,31,Técnicos de las ciencias y la ingeniería,311,"Técnicos en ciencias físicas, químicas, técnicos en ingeniería y dibujantes técnicos",3,Técnicos y profesionales de nivel medio,2015,107,11001,708599.0686833395,42.972184346877555,0.8261742720071404,0.8128351968002909,0.18007453867830198,0.007090264521407145,0.1451686210344514,39.23197891100809,14.313789655485865,TRUE,0,FALSE
4312,"Auxiliares y ayudantes de servicios estadísticos, financieros y de seguros",43,Auxiliares y ayudantes de registros contables y encargados del registro de materiales,431,Auxiliares y ayudantes de registros contables y financieros,4,Personal de apoyo administrativo,2015,127,10947,673827.4096682464,49.516579884899976,0.7450906816760475,0.9466520507901708,0.018361194847903536,0.012058098109070978,0.44112542249017994,37.69452818123687,14.142504795834475,TRUE,0,FALSE
2632,"Sociólogos, antropólogos, geógrafos y arqueólogos",26,"Profesionales en derecho, ciencias sociales y culturales",263,"Economistas, especialistas en ciencias sociales, humanidades, ciencias políticas y teología",2,"Profesionales, científicos e intelectuales",2015,74,10894,1107599.4556831012,41.083624013218284,0.2730234578627281,0.9372131448503763,0.06177712502294841,0.001009730126675234,0.6626583440425923,32.928951716541214,17.855425004589684,TRUE,0,FALSE
1321,"Directores, gerentes y administradores de industrias manufactureras",13,"Directores, gerentes y administradores de producción y operaciones",132,"Directores, gerentes y administradores de producción y operaciones de industrias manufactureras, de minería, de construcción, de almacenamiento y distribución",1,"Directores, gerentes y administradores",2015,112,10370,1589356.617008383,44.04879459980714,0.744408945686901,0.30106075216972034,0.24136933461909355,0.4575699132111861,0.38081002892960464,49.21890067502411,14.340019286403086,TRUE,1,FALSE
5413,Gendarmes,54,Personal de los servicios de protección y seguridad,541,Personal de los servicios de protección y seguridad,5,Trabajadores de los servicios y vendedores de comercios y mercados,2015,134,10291,763491.4686619376,50.542318530755026,0.9783512850591873,1,0,0,0.21902633368963173,34.38723156155864,13.673112428335438,TRUE,0,FALSE
5244,Vendedores por internet y otros medios de comunicación,52,Vendedores,524,Modelos y promotores y otros vendedores no clasificados previamente,5,Trabajadores de los servicios y vendedores de comercios y mercados,2015,137,10203,206307.70867871767,28.528766049201217,0.1247245041073933,0.11800450847789866,0.8258355385670881,0.056159952955013234,0.7505635597373321,40.87082230716456,11.940801724982848,TRUE,1,FALSE
3112,Técnicos en construcción y topógrafos,31,Técnicos de las ciencias y la ingeniería,311,"Técnicos en ciencias físicas, químicas, técnicos en ingeniería y dibujantes técnicos",3,Técnicos y profesionales de nivel medio,2015,125,10014,814604.7620740121,48.91761533852606,0.8612877583465819,0.914519672458558,0.03934491711603755,0.046135410425404436,0.17825044937088078,36.60465348512083,15.070800878769722,TRUE,0.48831635710005994,FALSE
6222,Pescadores en agua dulce y en aguas costeras,62,"Trabajadores forestales calificados, pescadores y cazadores cuya producción se destina al mercado",622,"Trabajadores de explotaciones de acuicultura, pescadores, cazadores y tramperos",6,"Agricultores y trabajadores calificados agropecuarios, forestales y pesqueros",2015,257,9848,425251.2967853664,42.3751015434606,0.21995882544154297,0.3605808285946385,0.5116774979691308,0.12774167343623072,0.0985987002437043,43.432676685621445,9.420378279438681,TRUE,1,FALSE
7223,Reguladores y operarios de máquinas herramientas,72,"Operarios de la metalurgia y operarios de máquinas herramientas; mecánicos de vehículos, maquinarias, aviones y bicicletas",722,Herreros y herramentistas; reguladores y operarios de máquinas herramientas; pulidores de metales y afiladores de herramientas,7,Artesanos y operarios de oficios,2015,112,9826,475880.02246384247,45.31294524730308,0.6726380368098159,0.8874414817830246,0.09352737634846327,0.01903114186851211,0.0710360268674944,43.79747608385915,11.63704310433091,TRUE,0.28170160797883165,FALSE
3333,Agentes de empleo y contratistas de personal,33,Técnicos en operaciones financieras y administrativas,333,"Agentes de aduana, organizadores de eventos, agentes de empleo, de bienes raíces y otros agentes de servicios comerciales",3,Técnicos y profesionales de nivel medio,2015,120,9700,884759.4312713002,46.467525773195874,0.8771929824561403,0.5896907216494846,0.2934020618556701,0.11690721649484537,0.16298969072164948,43.00144329896907,13.45044578063446,TRUE,0,FALSE
2433,Profesionales de ventas técnicas y médicas (excluyendo las TIC),24,Profesionales de negocios y administración,243,"Profesionales de la publicidad, relaciones públicas y de las ventas técnicas, médicas y de tecnología de la información y las comunicaciones",2,"Profesionales, científicos e intelectuales",2015,107,9566,1000367.847305705,43.88699560945014,0.9641906605371401,0.9158477942713777,0.0841522057286222,0,0.3878319046623458,38.99529583943132,14.542860129625758,TRUE,1,FALSE
0110,Oficiales de las Fuerzas Armadas,01,Oficiales de las Fuerzas Armadas,011,Oficiales de las Fuerzas Armadas,0,Ocupaciones de las fuerzas armadas,2015,95,8914,1094955.8911824096,48.158402512901056,0.8219877467665079,1,0,0,0.015369082342382769,40.455351133049135,14.854498541619924,TRUE,1,FALSE
3359,Agentes de la administración pública para la aplicación de la ley no clasificados previamente,33,Técnicos en operaciones financieras y administrativas,335,Agentes de la administración pública para la aplicación de la ley,3,Técnicos y profesionales de nivel medio,2015,104,8714,759330.4403584313,43.170415423456504,0.6682679823422487,0.958228138627496,0.035345421161349554,0.006426440211154464,0.40945604773927013,37.78207482212532,14.940555428046821,TRUE,0.4983933899472114,FALSE
2113,Químicos,21,Profesionales de las ciencias y de la ingeniería,211,"Físicos, astrónomos, meteorólogos, químicos, geólogos y geofísicos",2,"Profesionales, científicos e intelectuales",2015,75,8692,1190469.639088174,44.839737689829725,0.935653063835231,0.9979291302346985,0,0.0020708697653014268,0.6711919005982513,37.09687068568799,17.227565577542567,TRUE,0,FALSE
8142,Operadores de máquinas para fabricar productos de material plástico,81,Operadores de instalaciones fijas y máquinas,814,"Operadores de máquinas para fabricar productos de caucho, de material plástico y de papel",8,"Operadores de instalaciones, máquinas y ensambladores",2015,71,8519,356783.92153087014,45.96126305904449,0.9295274955652314,1,0,0,0.18922408733419416,44.39969479985914,9.922408733419415,TRUE,0,FALSE
2250,NA,NA,NA,NA,NA,NA,NA,2015,104,8448,768050.2615273775,40.542850378787875,0.6084162017948096,0.6705729166666666,0.2705965909090909,0.058830492424242424,0.44389204545454547,35.30149147727273,16.855232007575758,TRUE,0,FALSE
6221,Trabajadores de explotaciones de acuicultura,62,"Trabajadores forestales calificados, pescadores y cazadores cuya producción se destina al mercado",622,"Trabajadores de explotaciones de acuicultura, pescadores, cazadores y tramperos",6,"Agricultores y trabajadores calificados agropecuarios, forestales y pesqueros",2015,216,8399,386559.6383853034,42.818649748623415,0.7177258478198917,0.9164186212644363,0.06762709846410286,0.01273961185855459,0.248720085724491,37.73901654958924,10.204429098702226,TRUE,0.0045243481366829385,FALSE
3323,Agentes responsables de adquisiciones,33,Técnicos en operaciones financieras y administrativas,332,"Agentes de seguros, representantes comerciales, agentes de compras y consignatarios",3,Técnicos y profesionales de nivel medio,2015,66,8193,944539.9525204443,44.030880019528865,0.9283134947171325,1,0,0,0.3131941901623337,41.447088978396195,14.193579885267912,TRUE,0,FALSE
2423,Especialistas en políticas y servicios de personal,24,Profesionales de negocios y administración,242,"Especialistas y asesores de gestión, políticas corporativas, políticas públicas y desarrollo del personal",2,"Profesionales, científicos e intelectuales",2015,79,8139,1292061.7651477833,42.51738542818528,0.7441706412294647,0.9789900479174346,0.007863373878854897,0.01314657820371053,0.5080476717041406,39.43531146332473,16.536017217369288,TRUE,1,FALSE
3431,Fotógrafos,34,"Técnicos de servicios jurídicos, sociales, deportivos y culturales",343,"Fotógrafos, decoradores de interior, técnicos en galerías de arte, museos y bibliotecas, chefs y otros técnicos en actividades culturales y artísticas",3,Técnicos y profesionales de nivel medio,2015,93,8036,626376.4031694535,37.77302140368342,0.7572788353863382,0.5257590841214534,0.45420607267297164,0.02003484320557491,0.26294176207068193,39.9294425087108,13.922100547536088,TRUE,0,FALSE
7127,Mecánicos de instalaciones de refrigeración y aire acondicionado,71,Operarios de la construcción (no incluye electricistas),712,Operarios de la construcción en trabajos de terminación,7,Artesanos y operarios de oficios,2015,108,8018,752673.689107413,50.795460214517334,0.8940628637951106,0.9629583437266152,0.03704165627338488,0,0.009229234222998255,40.161386879521075,12.425417809927662,TRUE,1,FALSE
2432,Profesionales de las relaciones públicas,24,Profesionales de negocios y administración,243,"Profesionales de la publicidad, relaciones públicas y de las ventas técnicas, médicas y de tecnología de la información y las comunicaciones",2,"Profesionales, científicos e intelectuales",2015,75,7999,1434449.5096008084,44.991748968621074,0.836499410454605,0.8382297787223403,0.1467683460432554,0.015001875234404301,0.44655581947743467,39.63745468183523,17.11139112903226,TRUE,1,FALSE
2655,Actores,26,"Profesionales en derecho, ciencias sociales y culturales",265,"Artistas, actores y locutores de medios de comunicación",2,"Profesionales, científicos e intelectuales",2015,66,7551,704387.0908728577,34.64031254138525,0.622393137109895,0.6429611971924248,0.2863196927559264,0.07071911005164878,0.5726393855118528,35.02913521387896,16.41385246987154,TRUE,0,FALSE
5419,Otro personal de los servicios de protección no clasificados previamente,54,Personal de los servicios de protección y seguridad,541,Personal de los servicios de protección y seguridad,5,Trabajadores de los servicios y vendedores de comercios y mercados,2015,110,7503,408637.8434192673,46.82247101159536,0.7879276952872821,0.967479674796748,0,0.01479408236705318,0.10755697720911635,41.69345595095295,11.852858856457416,TRUE,0,FALSE
8350,Tripulantes de cubierta de barco,83,Conductores de vehículos y operadores de equipos pesados y móviles,835,Tripulantes de cubierta de barco,8,"Operadores de instalaciones, máquinas y ensambladores",2015,140,7455,603683.568080808,50.518578135479544,0.8502264019505399,0.9526492287055668,0.014084507042253521,0.033266264252179746,0.004560697518443998,42.86465459423206,11.4878604963112,TRUE,0,FALSE
2263,NA,NA,NA,NA,NA,NA,NA,2015,88,7432,1209896.8699557767,40.02099031216362,0.8061784538184099,0.9278794402583423,0.039424111948331536,0.03269644779332616,0.7949407965554359,33.86046824542519,17.314585575888053,TRUE,1,FALSE
5111,Auxiliares de servicio a bordo de aeronaves y barcos,51,Trabajadores de los servicios a las personas,511,Trabajadores al servicio directo de los pasajeros,5,Trabajadores de los servicios y vendedores de comercios y mercados,2015,72,7389,1153970.957091946,43.27080795777507,0.7971566759489961,0.8994451211259981,0.09852483421301936,0.0020300446609825416,0.714846393287319,33.55460820138043,14.171200433076194,TRUE,0,FALSE
9613,Barrenderos,96,Recolectores de desechos y otras ocupaciones elementales,961,"Recolectores de basura y material reciclable, clasificadores de desechos y barrenderos de calles y parques",9,Ocupaciones elementales,2015,133,7368,217651.41259500541,38.20453311617807,0.5686392310003003,0.8851791530944625,0.11482084690553745,0,0.2761943539630836,48.34934853420195,7.6615213461271034,TRUE,1,FALSE
5112,Revisores y cobradores de los transportes públicos,51,Trabajadores de los servicios a las personas,511,Trabajadores al servicio directo de los pasajeros,5,Trabajadores de los servicios y vendedores de comercios y mercados,2015,95,7311,376263.45616438356,46.147722609766106,0.7754157380421738,0.9939816714539734,0.0060183285460265355,0,0.21830118998768977,37.74709342087266,12.22144713445493,TRUE,0,FALSE
0210,Suboficiales de las Fuerzas Armadas,02,Suboficiales de las Fuerzas Armadas,021,Suboficiales de las Fuerzas Armadas,0,Ocupaciones de las fuerzas armadas,2015,114,7235,1045435.391015895,48.19336558396683,0.9397536726517287,0.9911541119557705,0,0.008845888044229441,0.031928127159640635,35.90200414651002,13.624049758120249,TRUE,1,FALSE
9311,Obreros de la minería,93,"Obreros de la minería, la construcción, la industria manufacturera y el transporte",931,Obreros de la minería y la construcción,9,Ocupaciones elementales,2015,141,7209,450901.2213523132,50.4896656956582,0.6819666775563541,0.8020529893189069,0.19350811485642946,0.004438895824663615,0.006658343736995423,42.263975586072966,9.664724649743377,TRUE,0,FALSE
8153,Operadores de máquinas de coser,81,Operadores de instalaciones fijas y máquinas,815,"Operadores de máquinas para fabricar productos textiles, artículos de piel y cuero y operadores de máquinas de lavanderías",8,"Operadores de instalaciones, máquinas y ensambladores",2015,57,7125,378403.0499367,43.974456140350874,0.591282375236892,0.9275789473684211,0.06343859649122807,0.008982456140350877,0.8369122807017544,43.552701754385964,11.290526315789474,TRUE,0,FALSE
9216,Obreros de pesca y acuicultura,92,"Obreros agropecuarios, pesqueros y forestales",921,"Obreros agropecuarios, de jardinería y horticultura, forestales y pesqueros",9,Ocupaciones elementales,2015,138,7083,323546.42549189815,44.884935761682904,0.40733309011309743,0.736269942114923,0.2552590710151066,0.00847098686997035,0.1709727516589016,42.672172808132146,9.46872794013836,TRUE,0,FALSE
9122,Limpiadores de vehículos,91,Auxiliares de aseo y trabajadores de casa particular,912,"Limpiadores de ropa, vehículos, ventanas y otros limpiadores manuales",9,Ocupaciones elementales,2015,73,7058,246815.9399334202,39.77018985548314,0.28835430938346346,0.5895437801076793,0.39954661377160666,0,0.16803627089827147,41.078209124397844,9.672145083593087,TRUE,1,FALSE
1112,Personal directivo de la administración pública,11,"Miembros del Poder Ejecutivo y Legislativo, personal directivo de la administración pública y de otras organizaciones sociales y/o políticas, directores ejecutivos y gerentes generales",111,"Miembros del poder ejecutivo y legislativo, personal directivo de la administración pública y de otras organizaciones sociales y/o políticas",1,"Directores, gerentes y administradores",2015,40,7025,1252851.3659786477,45.625622775800714,0.8146701388888888,0.9554448398576513,0.044555160142348754,0,0.7931672597864768,34.59444839857651,18.435056565945867,TRUE,0,FALSE
9623,Recolectores de dinero en máquinas expendedoras de venta automática y lectores de medidores,96,Recolectores de desechos y otras ocupaciones elementales,962,Otras ocupaciones elementales,9,Ocupaciones elementales,2015,88,7012,292824.25025506486,42.486023958927554,0.7320985612700512,0.8987450085567599,0.10125499144324016,0,0.24543639475185397,37.49529378208785,11.26782658300057,TRUE,0,FALSE
1330,"Directores, gerentes y administradores de servicios de tecnología de la información y las comunicaciones",13,"Directores, gerentes y administradores de producción y operaciones",133,"Directores, gerentes y administradores de servicios de tecnología de la información y las comunicaciones",1,"Directores, gerentes y administradores",2015,81,7011,1550178.5051919445,45.80259592069605,0.7721592560302237,0.3025246041934104,0.29496505491370706,0.4025103408928826,0.201825702467551,45.532306375695335,14.844957923263443,TRUE,0.9254029382399087,FALSE
7521,Operarios del tratamiento de la madera,75,"Operarios de procesamiento de alimentos, de la confección, ebanistas y otros oficios",752,"Operarios del tratamiento de la madera, ebanistas y operarios de máquinas para trabajar madera",7,Artesanos y operarios de oficios,2015,138,6938,347011.64746166446,44.178869991351974,0.6821397756686799,0.8838281925626982,0.10247910060536178,0.007350821562409917,0.030556356298645143,43.5319976938599,9.065292591524935,TRUE,0,FALSE
4412,Carteros y empleados de servicios de correos y encomiendas,44,Otro personal de apoyo administrativo,441,Otro personal de apoyo administrativo,4,Personal de apoyo administrativo,2015,68,6778,349592.18170823884,43.36323399232812,0.7718012866333095,0.9371496016524048,0.06285039834759516,0,0.3549719681321924,39.563293006786665,11.880790793744467,TRUE,0,FALSE
2133,Profesionales de la protección medioambiental,21,Profesionales de las ciencias y de la ingeniería,213,Profesionales de las ciencias biológicas,2,"Profesionales, científicos e intelectuales",2015,67,6692,1190446.1643753736,43.218768679019725,0.7056298497606076,0.8906156604901375,0.10938433950986252,0,0.41721458457860133,38.36521219366408,17.360943168077387,TRUE,0,FALSE
6340,"Pescadores, cazadores, tramperos y recolectores de subsistencia",63,"Trabajadores agropecuarios, pescadores, cazadores y recolectores de subsistencia",634,"Pescadores, cazadores, tramperos y recolectores de subsistencia",6,"Agricultores y trabajadores calificados agropecuarios, forestales y pesqueros",2015,207,6654,238806.54659469757,43.66035467388037,0.06951051097130581,0.039374812143071834,0.8334836188758642,0.09993988578298768,0.19416892094980462,48.97279831680192,7.900210399759543,TRUE,1,FALSE
5164,Cuidadores de animales,51,Trabajadores de los servicios a las personas,516,Otros trabajadores de servicios a las personas,5,Trabajadores de los servicios y vendedores de comercios y mercados,2015,129,6651,275196.44703715073,43.32671778679898,0.3813961092038581,0.6985415726958352,0.2796571944068561,0.0043602465794617355,0.38715982559013684,42.32987520673583,9.680048113065704,TRUE,1,FALSE
7536,Zapateros,75,"Operarios de procesamiento de alimentos, de la confección, ebanistas y otros oficios",753,"Sastres, modistos, patronistas de tela, costureros, tapiceros, apelambradores y zapateros",7,Artesanos y operarios de oficios,2015,89,6642,239988.47718223583,40.4671785606745,0.32812978267523724,0.5283047274917194,0.4415838602830473,0.030111412225233364,0.17088226437819934,56.38843721770551,8.7196072319202,TRUE,0,FALSE
8157,Operadores de máquinas de lavanderías,81,Operadores de instalaciones fijas y máquinas,815,"Operadores de máquinas para fabricar productos textiles, artículos de piel y cuero y operadores de máquinas de lavanderías",8,"Operadores de instalaciones, máquinas y ensambladores",2015,75,6629,305871.35696784075,43.68049479559511,0.6167760525052025,0.7857897118720772,0.20712022929551968,0.0016593754714134862,0.5341680494795595,42.6601297329914,10.995625282848092,TRUE,1,FALSE
3324,Corredores comerciales y consignatarios,33,Técnicos en operaciones financieras y administrativas,332,"Agentes de seguros, representantes comerciales, agentes de compras y consignatarios",3,Técnicos y profesionales de nivel medio,2015,63,6612,1003050.0387174834,43.2870538415003,0.9374576271186441,0.9174228675136116,0.07244404113732607,0.01013309134906231,0.29204476709013916,40.866152450090745,14.846339987900786,TRUE,0,FALSE
2269,NA,NA,NA,NA,NA,NA,NA,2015,70,6576,863194.4692848411,39.63138686131387,0.8530836293186955,0.9225973236009732,0.06934306569343066,0.008059610705596108,0.7115267639902676,36.60006082725061,16.57760736196319,TRUE,1,FALSE
3132,Operadores de incineradores y de instalaciones de tratamiento de agua,31,Técnicos de las ciencias y la ingeniería,313,"Técnicos en control de procesos en instalaciones de producción de energía, agua, productos químicos, gas natural y metales",3,Técnicos y profesionales de nivel medio,2015,109,6520,370800.91503067483,44.941564417177915,0.8177611674675209,0.9915644171779141,0.00843558282208589,0,0.06702453987730062,44.153527607361966,10.680674846625767,TRUE,0,FALSE
1324,"Directores, gerentes y administradores de empresas de abastecimiento, almacenamiento y distribución",13,"Directores, gerentes y administradores de producción y operaciones",132,"Directores, gerentes y administradores de producción y operaciones de industrias manufactureras, de minería, de construcción, de almacenamiento y distribución",1,"Directores, gerentes y administradores",2015,90,6435,1546686.465,44.8965034965035,0.7015740443302281,0.42035742035742035,0.11313131313131314,0.4665112665112665,0.19254079254079254,44.83807303807304,14.012898212898213,TRUE,0.8520590520590521,FALSE
3256,Técnicos y auxiliares paramédicos de alimentación,32,Técnicos de la salud,325,"Técnicos en odontología, ópticos, técnicos en prevención de riesgos y otros técnicos en salud",3,Técnicos y profesionales de nivel medio,2015,89,6388,516121.82670632435,43.69834063869756,0.7993311036789298,0.9771446462116469,0.022855353788353162,0,0.7775516593613024,40.67110206637445,14.34737006887915,TRUE,1,FALSE
4224,Recepcionistas de hoteles,42,Empleados en trato directo con el público,422,Empleados de servicios de información al cliente,4,Personal de apoyo administrativo,2015,83,6306,371351.4147324307,44.36584205518554,0.834468524251806,0.9508404693942277,0.032984459245163335,0.016175071360608945,0.6849032667300983,41.92530922930543,12.83824928639391,TRUE,1,FALSE
7124,Instaladores de material aislante y de insonorización,71,Operarios de la construcción (no incluye electricistas),712,Operarios de la construcción en trabajos de terminación,7,Artesanos y operarios de oficios,2015,56,6279,546777.1267717789,45.18681318681319,0.6220806794055201,0.7674788979136805,0.17343526039178214,0.059085841694537344,0.03615225354355789,39.15384615384615,11.247969421882466,TRUE,0,FALSE
4221,Empleados de agencias de viajes,42,Empleados en trato directo con el público,422,Empleados de servicios de información al cliente,4,Personal de apoyo administrativo,2015,79,6241,633889.1885915719,44.80628104470438,0.8599931200550396,0.9649094696362762,0.014901458099663515,0.020189072264060248,0.596539016183304,36.28617208780644,14.85370934145169,TRUE,0,FALSE
6130,Productores y trabajadores calificados de explotaciones agropecuarias mixtas,61,Agricultores y trabajadores calificados de explotaciones agropecuarias cuya producción se destina al mercado,613,Productores y trabajadores calificados de explotaciones agropecuarias mixtas,6,"Agricultores y trabajadores calificados agropecuarios, forestales y pesqueros",2015,125,6139,338333.43452176894,48.24238475321714,0.6169724770642202,0.8459032415702883,0.056198077862844115,0.07493077048379215,0.2862029646522235,44.575989574849324,9.619319107346474,TRUE,0.0895911386219254,FALSE
8141,Operadores de máquinas para fabricar productos de caucho,81,Operadores de instalaciones fijas y máquinas,814,"Operadores de máquinas para fabricar productos de caucho, de material plástico y de papel",8,"Operadores de instalaciones, máquinas y ensambladores",2015,73,5997,403580.75648535567,48.654493913623476,0.458049214349244,0.8012339503084875,0.1375687843921961,0.06119726529931632,0.002834750708687677,42.09488077372019,10.626655348047539,TRUE,0,FALSE
2656,"Locutores de radio, televisión y otros medios de comunicación",26,"Profesionales en derecho, ciencias sociales y culturales",265,"Artistas, actores y locutores de medios de comunicación",2,"Profesionales, científicos e intelectuales",2015,91,5980,727621.4221541603,36.503010033444816,0.5720426088581574,0.6963210702341137,0.25769230769230766,0.04598662207357859,0.2408026755852843,37.702341137123746,13.781939799331104,TRUE,0,FALSE
2146,Ingenieros en minas y metalúrgicos,21,Profesionales de las ciencias y de la ingeniería,214,Ingenieros (excluyendo ingenieros en electrotecnología),2,"Profesionales, científicos e intelectuales",2015,88,5900,1896292.7269250825,51.02169491525424,0.9274326553051127,0.8833898305084745,0.07440677966101696,0.042203389830508475,0.045932203389830506,44.32932203389831,17.12542372881356,TRUE,0,FALSE
7322,Impresores,73,Artesanos y operarios de las artes gráficas,732,"Tipógrafos, impresores y encuadernadores",7,Artesanos y operarios de oficios,2015,52,5868,413437.88247639034,44.05453306066803,0.6813031161473088,0.8127130197682345,0.17893660531697342,0.008350374914792093,0.14468302658486706,43.90985003408316,11.061520109066121,TRUE,0.49880708929788686,FALSE
9622,Auxiliares de mantenimiento (pequeñas reparaciones),96,Recolectores de desechos y otras ocupaciones elementales,962,Otras ocupaciones elementales,9,Ocupaciones elementales,2015,107,5855,241102.7967841259,39.45448334756618,0.6707294205887868,0.9465414175918019,0.05345858240819812,0,0.2964987190435525,47.964816396242526,7.899914602903501,TRUE,1,FALSE
9212,Obreros de explotaciones ganaderas,92,"Obreros agropecuarios, pesqueros y forestales",921,"Obreros agropecuarios, de jardinería y horticultura, forestales y pesqueros",9,Ocupaciones elementales,2015,119,5813,269007.88825008983,42.81111302253569,0.4351356338807898,0.8991914674006537,0.08154137278513676,0,0.3548942026492345,41.76397729227593,8.98296920694994,TRUE,1,FALSE
5329,Otros trabajadores de los cuidados personales en instituciones y a domicilio no clasificados previamente,53,Trabajadores de los cuidados personales,532,Trabajadores de los cuidados personales en instituciones y a domicilio,5,Trabajadores de los servicios y vendedores de comercios y mercados,2015,76,5784,370824.0876556017,44.22631396957123,0.7778898527335082,0.9386237897648686,0.061376210235131394,0,0.7743775933609959,41.71265560165975,12.044432918395573,TRUE,1,FALSE
7123,"Yeseros, estucadores y revocadores",71,Operarios de la construcción (no incluye electricistas),712,Operarios de la construcción en trabajos de terminación,7,Artesanos y operarios de oficios,2015,47,5772,444150.753984754,42.547470547470546,0.6967635539064111,0.9033264033264033,0.09476784476784476,0.0019057519057519058,0.05076230076230076,40.038288288288285,10.501039501039502,TRUE,0,FALSE
2413,Analistas financieros,24,Profesionales de negocios y administración,241,"Contadores, asesores y analistas financieros y en inversiones",2,"Profesionales, científicos e intelectuales",2015,67,5729,1142853.717410478,46.396055157968235,0.9043525969275786,0.9235468668179438,0.06406004538313842,0.012393087798917787,0.46116250654564495,36.06196543899459,17.123058125327283,TRUE,1,FALSE
8112,Operadores de instalaciones de procesamiento de minerales y rocas,81,Operadores de instalaciones fijas y máquinas,811,"Mineros y operadores de instalaciones mineras, perforadores de pozos y operadores de máquinas para fabricar cemento y otros productos minerales",8,"Operadores de instalaciones, máquinas y ensambladores",2015,99,5702,640855.855489302,57.00052613118204,0.9225524952277065,0.9759733426867766,0.0073658365485794455,0.016660820764643983,0.013679410733076113,40.242020343739036,11.613118204138898,TRUE,0,FALSE
3511,Técnicos en operaciones de tecnología de la información y las comunicaciones,35,Técnicos de la tecnología de la información y las comunicaciones,351,"Técnicos en operaciones de tecnología de la información, las comunicaciones y asistencia al usuario; técnicos en redes y técnicos de la web",3,Técnicos y profesionales de nivel medio,2015,65,5655,556012.3205956225,42.756498673740055,0.9043090062111802,0.7718832891246684,0.21750663129973474,0.010610079575596816,0.07020335985853227,35.4396109637489,15.15738284703802,TRUE,0,FALSE
2143,Ingenieros medioambientales,21,Profesionales de las ciencias y de la ingeniería,214,Ingenieros (excluyendo ingenieros en electrotecnología),2,"Profesionales, científicos e intelectuales",2015,67,5589,1538773.3864088198,44.463410270173554,0.8845618915159944,0.9364823760959027,0.053497942386831275,0,0.2819824655573448,38.1222043299338,16.832170334585793,TRUE,1,FALSE
7534,Tapiceros,75,"Operarios de procesamiento de alimentos, de la confección, ebanistas y otros oficios",753,"Sastres, modistos, patronistas de tela, costureros, tapiceros, apelambradores y zapateros",7,Artesanos y operarios de oficios,2015,46,5585,298077.4494180842,41.74127126230976,0.37384558551902475,0.5058191584601611,0.4386750223813787,0.05550581915846016,0.13536257833482543,48.12515666965085,9.33822739480752,TRUE,0,FALSE
6223,Pescadores de alta mar,62,"Trabajadores forestales calificados, pescadores y cazadores cuya producción se destina al mercado",622,"Trabajadores de explotaciones de acuicultura, pescadores, cazadores y tramperos",6,"Agricultores y trabajadores calificados agropecuarios, forestales y pesqueros",2015,119,5527,360026.54767504975,45.349194861588565,0.12851726202354818,0.38031481816537,0.5786140763524517,0.0410711054821784,0.033110186357879504,43.869549484349555,8.843857427175683,TRUE,0.0016283698208793198,FALSE
1219,"Otros directores, gerentes y administradores de servicios administrativos no clasificados previamente",12,Directores y gerentes administrativos y de servicios comerciales,121,"Directores, gerentes y administradores de finanzas, de recursos humanos, políticas empresariales y de servicios administrativos",1,"Directores, gerentes y administradores",2015,77,5495,1489296.9096713616,42.51483166515013,0.8320176243803928,0.29426751592356687,0.3142857142857143,0.39144676979071885,0.44367606915377616,44.49444949954504,15.124112829845314,TRUE,0.18962693357597815,FALSE
7132,Barnizadores y pulverizadores de productos manufacturados,71,Operarios de la construcción (no incluye electricistas),713,"Pintores, limpiadores de fachadas y deshollinadores",7,Artesanos y operarios de oficios,2015,72,5454,333155.5472338726,48.186651998533186,0.3251300520208083,0.5555555555555556,0.3525852585258526,0.09185918591859187,0.011917858452511918,43.612761276127614,9.637880454712137,TRUE,0,FALSE
8121,Operadores de instalaciones de procesamiento de metales,81,Operadores de instalaciones fijas y máquinas,812,"Operadores de instalaciones de procesamiento y acabado de metales (pulidores, galvanizadores y recubridores de metales)",8,"Operadores de instalaciones, máquinas y ensambladores",2015,63,5433,572548.6263574453,49.69041045462912,0.8947649572649573,0.9348426283821093,0.06515737161789067,0,0.05006442113013068,41.32136940916621,11.622714681440444,TRUE,1,FALSE
3341,Supervisores de oficina,33,Técnicos en operaciones financieras y administrativas,334,"Supervisores de oficina, secretarios administrativos y especializados",3,Técnicos y profesionales de nivel medio,2015,95,5399,599765.6841410522,43.286349323948876,0.9200676165177494,0.9242452305982589,0.05908501574365623,0.01389146138173736,0.4424893498796073,38.68753472865345,14.160818164758867,TRUE,1,FALSE
2412,Asesores financieros y en inversiones,24,Profesionales de negocios y administración,241,"Contadores, asesores y analistas financieros y en inversiones",2,"Profesionales, científicos e intelectuales",2015,51,5295,1134365.3488196412,46.1918791312559,0.76206645646374,0.8929178470254957,0.09631728045325778,0.01076487252124646,0.4813975448536355,39.45250236071766,16.699527856468368,TRUE,1,FALSE
7523,Operadores y reguladores de máquinas para trabajar la madera,75,"Operarios de procesamiento de alimentos, de la confección, ebanistas y otros oficios",752,"Operarios del tratamiento de la madera, ebanistas y operarios de máquinas para trabajar madera",7,Artesanos y operarios de oficios,2015,115,5266,405909.1596848578,44.48233953665021,0.7208206265594677,0.9175845043676415,0.06304595518420053,0.019369540448157994,0.03380174705658944,41.79092290163312,10.116597037599696,TRUE,0.2688947968097227,FALSE
9121,Lavanderos y planchadores manuales,91,Auxiliares de aseo y trabajadores de casa particular,912,"Limpiadores de ropa, vehículos, ventanas y otros limpiadores manuales",9,Ocupaciones elementales,2015,72,5190,294918.09834775765,34.90963391136802,0.5235726643598616,0.7333333333333333,0.26666666666666666,0,0.8356454720616571,45.06204238921002,10.244197386385801,TRUE,0,FALSE
5243,Representantes de ventas de puerta a puerta (venta a hogares),52,Vendedores,524,Modelos y promotores y otros vendedores no clasificados previamente,5,Trabajadores de los servicios y vendedores de comercios y mercados,2015,53,5182,192532.44416081684,23.411231184870708,0.09397915862601312,0.130451563103049,0.8695484368969509,0,0.8882670783481281,37.9978772674643,11.685642609031262,TRUE,1,FALSE
6330,Trabajadores agropecuarios de subsistencia,63,"Trabajadores agropecuarios, pescadores, cazadores y recolectores de subsistencia",633,Trabajadores agropecuarios de subsistencia,6,"Agricultores y trabajadores calificados agropecuarios, forestales y pesqueros",2015,133,5083,328830.9746557573,44.284674404879006,0.12104430379746836,0.1707652960849892,0.7397206374188471,0.05823332677552626,0.14459964587841825,50.323627778870744,7.670273460554791,TRUE,1,FALSE
2165,Cartógrafos y agrimensores,21,Profesionales de las ciencias y de la ingeniería,216,"Arquitectos, diseñadores, urbanistas, cartógrafos y agrimensores",2,"Profesionales, científicos e intelectuales",2015,59,5064,1075329.438850347,45.59498420221169,0.8193224592220828,0.9255529225908373,0.03593996840442338,0.03850710900473934,0.11848341232227488,40.382701421800945,16.528830963665087,TRUE,0,FALSE
8143,Operadores de máquinas para fabricar productos de papel,81,Operadores de instalaciones fijas y máquinas,814,"Operadores de máquinas para fabricar productos de caucho, de material plástico y de papel",8,"Operadores de instalaciones, máquinas y ensambladores",2015,41,5001,350045.4671862182,43.838632273545294,0.687254699442264,0.8622275544891022,0.13777244551089782,0,0.1227754449110178,41.08538292341532,11.412684808227985,TRUE,0,FALSE
6122,Avicultores y trabajadores calificados de la avicultura,61,Agricultores y trabajadores calificados de explotaciones agropecuarias cuya producción se destina al mercado,612,Trabajadores calificados de la cría de animales,6,"Agricultores y trabajadores calificados agropecuarios, forestales y pesqueros",2015,125,4856,392215.5521155831,47.725806451612904,0.45937888198757765,0.6816309719934102,0.3060131795716639,0.010090609555189456,0.22652388797364087,46.05374794069193,10.218080724876442,TRUE,0.7236408566721582,FALSE
7317,"Artesanos en madera, cestería y materiales similares",73,Artesanos y operarios de las artes gráficas,731,"Reparadores de instrumentos de precisión, fabricantes y afinadores de instrumentos musicales, pintores de carteles, pintores decorativos y artesanos",7,Artesanos y operarios de oficios,2015,85,4618,244084.9142078983,43.94954525768731,0.16847119965352966,0.2169770463404071,0.7187093980077955,0.05262018189692508,0.2472932005197055,45.91251624079688,10.274361195322651,TRUE,0.7791251624079688,FALSE
3412,Técnicos en trabajo social,34,"Técnicos de servicios jurídicos, sociales, deportivos y culturales",341,"Técnicos de los servicios jurídicos, sociales y religiosos",3,Técnicos y profesionales de nivel medio,2015,81,4571,561663.9415322581,41.478013563771604,0.6092750533049041,0.9706847516954714,0.02537737912929337,0.003937869175235178,0.7674469481513891,35.44651061036972,14.838984904834827,TRUE,0,FALSE
7319,Artesanos no clasificados previamente,73,Artesanos y operarios de las artes gráficas,731,"Reparadores de instrumentos de precisión, fabricantes y afinadores de instrumentos musicales, pintores de carteles, pintores decorativos y artesanos",7,Artesanos y operarios de oficios,2015,93,4564,153637.89005586592,37.086765994741455,0.08150744960560911,0.14000876424189307,0.829535495179667,0.030455740578439965,0.2852760736196319,46.5260736196319,10.643514460999123,TRUE,1,FALSE
3312,Ejecutivos de préstamos y créditos,33,Técnicos en operaciones financieras y administrativas,331,"Agentes de bolsas, ejecutivos de créditos, asistentes contables y otros técnicos en finanzas y matemáticas",3,Técnicos y profesionales de nivel medio,2015,54,4550,1073167.5957636565,42.70263736263736,1,0.8452747252747252,0.15472527472527473,0,0.35934065934065934,40.004835164835164,14.782637362637363,TRUE,0,FALSE
2521,Diseñadores y administradores de bases de datos,25,Profesionales de tecnología de la información y las comunicaciones,252,"Diseñadores y administradores de bases de datos, administradores de sistemas y profesionales en redes de computadores",2,"Profesionales, científicos e intelectuales",2015,18,4545,1629684.99119912,45.95753575357536,0.9676484789956543,0.9766776677667767,0.023322332233223324,0,0.009020902090209022,35.7014301430143,17.1975797579758,TRUE,1,TRUE
6123,Trabajadores calificados de la apicultura y la sericultura,61,Agricultores y trabajadores calificados de explotaciones agropecuarias cuya producción se destina al mercado,612,Trabajadores calificados de la cría de animales,6,"Agricultores y trabajadores calificados agropecuarios, forestales y pesqueros",2015,116,4412,403862.68623853213,44.55938349954669,0.4858851674641148,0.6439256572982774,0.30643699002719854,0.0414777878513146,0.18495013599274707,41.54215775158658,10.284451495920218,TRUE,0.4728014505893019,FALSE
2651,Artistas de artes plásticas,26,"Profesionales en derecho, ciencias sociales y culturales",265,"Artistas, actores y locutores de medios de comunicación",2,"Profesionales, científicos e intelectuales",2015,48,4399,996605.5113244707,29.05705842236872,0.8755956859794332,0.3628097294839736,0.624232780177313,0.012957490338713344,0.5671743578085928,41.26210502386906,16.365310297794952,TRUE,0,FALSE
8131,Operadores de plantas y máquinas para fabricar productos químicos,81,Operadores de instalaciones fijas y máquinas,813,Operadores de instalaciones y máquinas para fabricar productos químicos y fotográficos,8,"Operadores de instalaciones, máquinas y ensambladores",2015,51,4391,433082.5404235937,48.85720792530175,0.7921965317919075,0.9956729674333865,0.0043270325666135276,0,0.23069915736734228,41.64996583921658,11.30539740378046,TRUE,0.8005010248235026,FALSE
3352,Agentes de la administración tributaria,33,Técnicos en operaciones financieras y administrativas,335,Agentes de la administración pública para la aplicación de la ley,3,Técnicos y profesionales de nivel medio,2015,61,4375,803817.3434721573,46.208,0.7770228536133416,1,0,0,0.3129142857142857,46.67862857142857,14.834057142857143,TRUE,0,FALSE
4411,Asistentes y ayudantes de bibliotecas,44,Otro personal de apoyo administrativo,441,Otro personal de apoyo administrativo,4,Personal de apoyo administrativo,2015,58,4342,404863.49489559163,44.306310456011055,0.921090803597331,1,0,0,0.6397973284200829,40.10432980193459,13.777291570704744,TRUE,1,FALSE
3119,Otros técnicos en ciencias físicas y en ingeniería no clasificados previamente,31,Técnicos de las ciencias y la ingeniería,311,"Técnicos en ciencias físicas, químicas, técnicos en ingeniería y dibujantes técnicos",3,Técnicos y profesionales de nivel medio,2015,61,4303,576316.6736714976,45.80385777364629,0.8846911957950065,0.9323727631884732,0.04973274459679294,0.017894492214733906,0.28422031141064374,36.72089240065071,14.589356263072276,TRUE,0,FALSE
2153,Ingenieros en telecomunicaciones,21,Profesionales de las ciencias y de la ingeniería,215,Ingenieros en electrotecnología,2,"Profesionales, científicos e intelectuales",2015,38,4251,1011953.6864267231,45.02893436838391,0.9275521405049396,0.9016701952481769,0.07339449541284404,0.024935309338979063,0.07998118089861209,37.306516113855565,16.994824747118326,TRUE,1,FALSE
8189,Operadores de máquinas y de instalaciones fijas no clasificados previamente,81,Operadores de instalaciones fijas y máquinas,818,"Operadores de máquinas de instalaciones de vidriería, cerámica y operadores de máquinas de vapor y calderas, de embotellamiento, de etiquetado y otros operadores de máquinas e instalaciones",8,"Operadores de instalaciones, máquinas y ensambladores",2015,53,4239,518255.4957366177,44.52370842179759,0.8175589951788886,1,0,0,0.18353385232366123,42.03302665723048,10.828646329837941,TRUE,1,FALSE
7313,"Joyeros, orfebres y plateros",73,Artesanos y operarios de las artes gráficas,731,"Reparadores de instrumentos de precisión, fabricantes y afinadores de instrumentos musicales, pintores de carteles, pintores decorativos y artesanos",7,Artesanos y operarios de oficios,2015,63,4225,363106.99606202316,36.9010650887574,0.15668639053254438,0.2937278106508876,0.642130177514793,0.04260355029585799,0.4549112426035503,43.83715976331361,11.696331360946745,TRUE,0,FALSE
3339,Otros agentes de servicios comerciales no clasificados previamente,33,Técnicos en operaciones financieras y administrativas,333,"Agentes de aduana, organizadores de eventos, agentes de empleo, de bienes raíces y otros agentes de servicios comerciales",3,Técnicos y profesionales de nivel medio,2015,41,4213,821250.0940806406,43.65131735105626,0.9392295170916983,0.7089959648706385,0.2615713268454783,0.014716354141941609,0.6240208877284595,40.430334678376454,14.302159981011156,TRUE,0,FALSE
2163,Diseñadores de productos y de vestuario,21,Profesionales de las ciencias y de la ingeniería,216,"Arquitectos, diseñadores, urbanistas, cartógrafos y agrimensores",2,"Profesionales, científicos e intelectuales",2015,47,4183,600644.1396127181,38.896485775759025,0.7133434804667681,0.43987568730576143,0.4867320105187664,0.07339230217547214,0.4324647382261535,35.19555343055224,14.543389911546736,TRUE,1,FALSE
3413,Técnicos de los servicios religiosos,34,"Técnicos de servicios jurídicos, sociales, deportivos y culturales",341,"Técnicos de los servicios jurídicos, sociales y religiosos",3,Técnicos y profesionales de nivel medio,2015,56,4138,431416.79028259794,43.13001449975834,0.5350410826486225,0.5584823586273562,0.38859352344127596,0.027791203479942,0.4654422426292895,43.703721604639924,12.556065732237796,TRUE,0,FALSE
7421,Mecánicos y reparadores en electrónica,74,Trabajadores especializados en electricidad y electrónica,742,Instaladores y reparadores de equipos electrónicos y de telecomunicaciones,7,Artesanos y operarios de oficios,2015,37,4048,518079.6952887538,41.137351778656125,0.6213364595545134,0.6872529644268774,0.31274703557312256,0,0.1566205533596838,36.67712450592885,12.910326086956522,TRUE,1,FALSE
8172,Operadores de instalaciones de procesamiento de la madera,81,Operadores de instalaciones fijas y máquinas,817,"Operadores de instalaciones para la preparación de papel, pasta de papel y procesamiento de la madera",8,"Operadores de instalaciones, máquinas y ensambladores",2015,82,4027,345218.96994740795,45.40327787434815,0.7175355450236967,0.9471070275639434,0.04792649615098088,0.004966476285075739,0.045691581822696795,43.94983858952074,10.674199155699032,TRUE,0,FALSE
7222,Herramentistas,72,"Operarios de la metalurgia y operarios de máquinas herramientas; mecánicos de vehículos, maquinarias, aviones y bicicletas",722,Herreros y herramentistas; reguladores y operarios de máquinas herramientas; pulidores de metales y afiladores de herramientas,7,Artesanos y operarios de oficios,2015,49,3942,392227.5747185261,45.137493658041606,0.6876385809312638,0.7595129375951294,0.2295788939624556,0.010908168442415017,0.0365296803652968,47.445712836123796,11.035768645357686,TRUE,0,FALSE
3342,Secretarios jurídicos,33,Técnicos en operaciones financieras y administrativas,334,"Supervisores de oficina, secretarios administrativos y especializados",3,Técnicos y profesionales de nivel medio,2015,56,3883,629314.2132505176,44.69121813031161,0.8580968280467446,0.893123873293845,0.07751738346639196,0.02935874323976307,0.5364408962142673,41.3878444501674,13.785732680916817,TRUE,1,FALSE
8113,Perforadores y sondistas de pozos,81,Operadores de instalaciones fijas y máquinas,811,"Mineros y operadores de instalaciones mineras, perforadores de pozos y operadores de máquinas para fabricar cemento y otros productos minerales",8,"Operadores de instalaciones, máquinas y ensambladores",2015,94,3843,644008.4696851418,60.22872755659641,0.9252100840336135,0.9734582357533177,0.004423627374447047,0.022118136872235232,0,40.32136351808483,11.040593286494925,TRUE,0,FALSE
6113,"Agricultores y trabajadores calificados de huertas, invernaderos, viveros y jardines",61,Agricultores y trabajadores calificados de explotaciones agropecuarias cuya producción se destina al mercado,611,"Agricultores y trabajadores calificados de cultivos extensivos, plantaciones de árboles y arbustos, huertas, invernaderos, viveros y jardines y de cultivos mixtos",6,"Agricultores y trabajadores calificados agropecuarios, forestales y pesqueros",2015,58,3823,1294030.6911331369,45.78655506147005,0.7663303239511418,0.48574417996337954,0.04577556892492807,0.4674339523934083,0.05571540674862673,47.76850640857965,14.15929897985875,TRUE,1,FALSE
3314,Técnicos de servicios estadísticos y matemáticos,33,Técnicos en operaciones financieras y administrativas,331,"Agentes de bolsas, ejecutivos de créditos, asistentes contables y otros técnicos en finanzas y matemáticas",3,Técnicos y profesionales de nivel medio,2015,56,3733,649566.6051433163,42.11465309402625,0.8116415958142577,0.9140101794803107,0.07714974551299224,0.008840075006697026,0.5853201178676668,39.89043664612912,14.413876238949907,TRUE,0,FALSE
2636,Profesionales religiosos,26,"Profesionales en derecho, ciencias sociales y culturales",263,"Economistas, especialistas en ciencias sociales, humanidades, ciencias políticas y teología",2,"Profesionales, científicos e intelectuales",2015,34,3656,490504.2770586615,45.24781181619256,0.2849557522123894,0.8708971553610503,0.12226477024070022,0,0.08916849015317287,44.67204595185996,15.358041575492342,TRUE,0,FALSE
2643,"Traductores, intérpretes de lengua de señas y lingüistas",26,"Profesionales en derecho, ciencias sociales y culturales",264,"Escritores, periodistas, traductores, intérpretes de lengua de señas y lingüistas",2,"Profesionales, científicos e intelectuales",2015,37,3619,687023.4832826748,32.01105277701022,0.5727114716106605,0.6750483558994197,0.30422768720641064,0.02072395689416966,0.7093119646311136,34.258082343188725,16.660956065211384,TRUE,0,FALSE
7221,Herreros y forjadores,72,"Operarios de la metalurgia y operarios de máquinas herramientas; mecánicos de vehículos, maquinarias, aviones y bicicletas",722,Herreros y herramentistas; reguladores y operarios de máquinas herramientas; pulidores de metales y afiladores de herramientas,7,Artesanos y operarios de oficios,2015,54,3616,337212.8713968958,45.851216814159294,0.4771822358346095,0.634679203539823,0.3343473451327434,0.030973451327433628,0,38.39684734513274,10.438606194690266,TRUE,0,FALSE
2145,Ingenieros químicos,21,Profesionales de las ciencias y de la ingeniería,214,Ingenieros (excluyendo ingenieros en electrotecnología),2,"Profesionales, científicos e intelectuales",2015,37,3583,1142017.6285235835,42.391292213229136,0.8152474638794959,0.9667876081495953,0.024002232765838682,0.009210159084566006,0.43985487022048564,38.57409991627128,17.525537259279933,TRUE,0,FALSE
5151,"Supervisores de mantenimiento y limpieza en oficinas, hoteles y otros establecimientos",51,Trabajadores de los servicios a las personas,515,"Supervisores de mantenimiento y limpieza, mayordomos domésticos y conserjes",5,Trabajadores de los servicios y vendedores de comercios y mercados,2015,39,3573,524233.46175478067,40.1712846347607,0.43373493975903615,0.6842989084802686,0.3053456479149174,0.00559753708368318,0.2779177162048699,52.2879932829555,11.148894486425972,TRUE,1,FALSE
3142,Técnicos agropecuarios (incluyendo acuícolas),31,Técnicos de las ciencias y la ingeniería,314,"Técnicos en ciencias biológicas (excluyendo la medicina), agropecuarias, acuícolas y forestales",3,Técnicos y profesionales de nivel medio,2015,63,3568,707197.5855937311,43.5344730941704,0.8002088409328229,0.9419843049327354,0.03391255605381166,0.024103139013452915,0.22673766816143498,35.61883408071749,14.633127802690582,TRUE,1,FALSE
1411,"Directores, gerentes y administradores de hoteles",14,"Directores, gerentes y administradores de hoteles, restaurantes, comercios y de otros servicios",141,"Directores, gerentes y administradores de hoteles y restaurantes",1,"Directores, gerentes y administradores",2015,75,3488,483796.6493696863,45.71301605504587,0.8664176960643494,0.24025229357798164,0.5229357798165137,0.2368119266055046,0.5140481651376146,44.15567660550459,12.93262614678899,TRUE,1,FALSE
3117,Técnicos en ingeniería de minas y metalurgia,31,Técnicos de las ciencias y la ingeniería,311,"Técnicos en ciencias físicas, químicas, técnicos en ingeniería y dibujantes técnicos",3,Técnicos y profesionales de nivel medio,2015,48,3487,1291145.3081127733,49.145683969027814,0.8968067226890756,0.8930312589618583,0.02810438772583883,0.07886435331230283,0.031545741324921134,38.86722110696874,14.361915686836822,TRUE,0,FALSE
2114,Geólogos y geofísicos,21,Profesionales de las ciencias y de la ingeniería,211,"Físicos, astrónomos, meteorólogos, químicos, geólogos y geofísicos",2,"Profesionales, científicos e intelectuales",2015,37,3404,3837859.279670975,52.05141010575793,0.7522097819681791,0.9788484136310224,0.021151586368977675,0,0.35663924794359575,41.110458284371326,18.14982373678026,TRUE,0,FALSE
3252,Técnicos en documentación e información sanitaria,32,Técnicos de la salud,325,"Técnicos en odontología, ópticos, técnicos en prevención de riesgos y otros técnicos en salud",3,Técnicos y profesionales de nivel medio,2015,55,3312,397901.81360585726,39.53894927536232,0.48231611893583726,0.9438405797101449,0.05615942028985507,0,0.7421497584541062,39.34299516908212,13.666062801932368,TRUE,1,FALSE
5113,Guías de turismo,51,Trabajadores de los servicios a las personas,511,Trabajadores al servicio directo de los pasajeros,5,Trabajadores de los servicios y vendedores de comercios y mercados,2015,57,3241,472689.56055900623,41.13407476058079,0.6057106191851139,0.8179574205492132,0.1820425794507868,0,0.3708731872878741,35.17432891082999,13.855291576673865,TRUE,0,FALSE
3432,Diseñadores y decoradores de interior,34,"Técnicos de servicios jurídicos, sociales, deportivos y culturales",343,"Fotógrafos, decoradores de interior, técnicos en galerías de arte, museos y bibliotecas, chefs y otros técnicos en actividades culturales y artísticas",3,Técnicos y profesionales de nivel medio,2015,31,3226,673493.5396776194,41.47024178549287,0.9365357643758766,0.39336639801611906,0.5911345319280843,0.015499070055796652,0.3853068815871048,35.27805331680099,15.007439553626783,TRUE,1,FALSE
2434,Profesionales de ventas de tecnología de la información y las comunicaciones (TIC),24,Profesionales de negocios y administración,243,"Profesionales de la publicidad, relaciones públicas y de las ventas técnicas, médicas y de tecnología de la información y las comunicaciones",2,"Profesionales, científicos e intelectuales",2015,24,3209,1028648.5456528513,45.21938298535369,0.9813634134379597,0.8990339669679027,0.07884076036148333,0.0221252726706139,0.49579308195699595,35.88376441258959,14.974135244624494,TRUE,1,TRUE
9510,Trabajadores ambulantes de servicios,95,Trabajadores ambulantes de servicios y vendedores ambulantes (excluyendo comida de consumo inmediato),951,Trabajadores ambulantes de servicios,9,Ocupaciones elementales,2015,33,3207,177258.34144059868,38.101340816962896,0.13539712320200126,0.22419706891175553,0.7658247583411287,0.009978172747115684,0.02962270034299969,49.468974119114435,8.001247271593389,TRUE,0,FALSE
7515,"Catadores, clasificadores y controladores de calidad de alimentos y bebidas",75,"Operarios de procesamiento de alimentos, de la confección, ebanistas y otros oficios",751,"Operarios de procesamiento, elaboración, conservación, cata y clasificación de alimentos, bebidas y tabaco",7,Artesanos y operarios de oficios,2015,43,3175,417740.57338551857,44.44755905511811,0.9159259259259259,0.9867716535433071,0,0.013228346456692913,0.4056692913385827,35.74740157480315,11.948031496062992,TRUE,0,FALSE
1120,Directores y gerentes generales de empresas,11,"Miembros del Poder Ejecutivo y Legislativo, personal directivo de la administración pública y de otras organizaciones sociales y/o políticas, directores ejecutivos y gerentes generales",112,Directores y gerentes generales de empresas,1,"Directores, gerentes y administradores",2015,40,3151,3421978.8172008884,44.234211361472546,0.9068752273554019,0.7108854331958109,0.05395112662646779,0.23516344017772137,0.14503332275468106,51.36147254839734,16.616947000952077,TRUE,0,FALSE
1439,"Directores, gerentes y administradores de otros servicios no clasificados previamente",14,"Directores, gerentes y administradores de hoteles, restaurantes, comercios y de otros servicios",143,"Directores, gerentes y administradores de centros deportivos, de esparcimiento, culturales y de otros servicios",1,"Directores, gerentes y administradores",2015,34,3151,1302993.2519834973,43.28847984766741,0.851705565529623,0.8863852745160267,0,0.11361472548397335,0.5766423357664233,42.92922881624881,16.968898762297684,TRUE,1,FALSE
7125,Cristaleros,71,Operarios de la construcción (no incluye electricistas),712,Operarios de la construcción en trabajos de terminación,7,Artesanos y operarios de oficios,2015,43,3117,371056.0878444084,45.55245428296439,0.7215146299483649,0.8110362528071864,0.1889637471928136,0,0.013474494706448507,44.52807186397177,9.645171639396857,TRUE,0,FALSE
3213,Técnicos y asistentes farmacéuticos,32,Técnicos de la salud,321,"Técnicos y auxiliares paramédicos en imagenología, análisis de muestras médicas y de sangre, farmacéuticos y prótesis médicas y dentales",3,Técnicos y profesionales de nivel medio,2015,48,3092,501313.28136378684,45.01487710219922,0.8102025506376594,1,0,0,0.5772962483829237,39.59411384217335,13.722986247544204,TRUE,0,FALSE
3355,Inspectores y detectives de la Policía de Investigaciones (PDI),33,Técnicos en operaciones financieras y administrativas,335,Agentes de la administración pública para la aplicación de la ley,3,Técnicos y profesionales de nivel medio,2015,27,3016,1049353.5047233468,48.599137931034484,0.9261527377521613,0.9870689655172413,0.01293103448275862,0,0.39754641909814326,36.062002652519894,15.277519893899203,TRUE,1,TRUE
8122,"Operadores de máquinas de acabado de metales (pulidores, galvanizadores y recubridores de metales)",81,Operadores de instalaciones fijas y máquinas,812,"Operadores de instalaciones de procesamiento y acabado de metales (pulidores, galvanizadores y recubridores de metales)",8,"Operadores de instalaciones, máquinas y ensambladores",2015,20,2998,552776.0570380253,45.79753168779186,0.9468621163536418,1,0,0,0,50.02701801200801,11.364242828552369,TRUE,0,TRUE
1212,"Directores, gerentes y administradores de recursos humanos",12,Directores y gerentes administrativos y de servicios comerciales,121,"Directores, gerentes y administradores de finanzas, de recursos humanos, políticas empresariales y de servicios administrativos",1,"Directores, gerentes y administradores",2015,24,2983,1736600.0965471002,47.41770030170969,0.9709634843818742,0.9818974187060007,0,0.018102581293999328,0.5179349648005364,39.86322494133423,16.095541401273884,TRUE,0,TRUE
3212,Técnicos de laboratorios clínicos y servicios de sangre,32,Técnicos de la salud,321,"Técnicos y auxiliares paramédicos en imagenología, análisis de muestras médicas y de sangre, farmacéuticos y prótesis médicas y dentales",3,Técnicos y profesionales de nivel medio,2015,37,2975,712902.5824064711,47.13579831932773,0.9269102990033222,1,0,0,0.373109243697479,39.56873949579832,15.16470588235294,TRUE,1,FALSE
2266,NA,NA,NA,NA,NA,NA,NA,2015,44,2924,607649.2099827883,35.987004103967166,0.8757273482959268,0.7387140902872777,0.2612859097127223,0,0.8419972640218878,36.15355677154583,16.2171682626539,TRUE,0,FALSE
7234,Reparadores de bicicletas,72,"Operarios de la metalurgia y operarios de máquinas herramientas; mecánicos de vehículos, maquinarias, aviones y bicicletas",723,"Mecánicos de vehículos, motores de aviones, reparadores de máquinas agrícolas, industriales y bicicletas",7,Artesanos y operarios de oficios,2015,35,2882,470874.6165857044,44.53747397640527,0.6247077162899455,0.7473976405274115,0.2369882026370576,0.015614156835530881,0,38.41047883414296,11.891394864677308,TRUE,1,FALSE
4227,"Entrevistadores de investigaciones de mercado, estudios de opinión pública y encuestadores",42,Empleados en trato directo con el público,422,Empleados de servicios de información al cliente,4,Personal de apoyo administrativo,2015,35,2871,499184.2697016067,46.68652037617555,0.9567047504509922,1,0,0,0.4994775339602926,41.41065830721003,13.39045628700801,TRUE,1,FALSE
5152,"Amas de llaves, mayordomos domésticos y dueños/administradores de pequeños establecimientos de alojamiento",51,Trabajadores de los servicios a las personas,515,"Supervisores de mantenimiento y limpieza, mayordomos domésticos y conserjes",5,Trabajadores de los servicios y vendedores de comercios y mercados,2015,34,2847,411796.72356866876,45.17843343870741,0.7188851513695339,0.9855988760098349,0.0028099754127151387,0.011591148577449948,0.3256059009483667,45.34632946961714,12.043554618897085,TRUE,1,FALSE
2659,Otros artistas creativos e interpretativos no clasificados previamente,26,"Profesionales en derecho, ciencias sociales y culturales",265,"Artistas, actores y locutores de medios de comunicación",2,"Profesionales, científicos e intelectuales",2015,29,2807,271881.6743854649,28.843605272532955,0.7243222604047347,0.38867117919487,0.6002850017812611,0.0110438190238689,0.3762023512646954,26.936230851442822,12.742429640185252,TRUE,0,TRUE
7316,"Pintores de carteles, pintores decorativos y grabadores",73,Artesanos y operarios de las artes gráficas,731,"Reparadores de instrumentos de precisión, fabricantes y afinadores de instrumentos musicales, pintores de carteles, pintores decorativos y artesanos",7,Artesanos y operarios de oficios,2015,26,2807,258465.04886769963,32.304595653722835,0.29782082324455206,0.380121125757036,0.5557534734592091,0.0641254007837549,0.39437121482009263,37.848592803705024,12.613466334164588,TRUE,0,TRUE
5411,Bomberos,54,Personal de los servicios de protección y seguridad,541,Personal de los servicios de protección y seguridad,5,Trabajadores de los servicios y vendedores de comercios y mercados,2015,61,2792,384406.91269538697,47.92442693409742,0.7797374897456932,1,0,0,0.12822349570200572,36.73424068767908,10.318051575931232,TRUE,0,FALSE
2424,Especialistas en formación del personal,24,Profesionales de negocios y administración,242,"Especialistas y asesores de gestión, políticas corporativas, políticas públicas y desarrollo del personal",2,"Profesionales, científicos e intelectuales",2015,21,2773,1115342.8763072484,44.86837360259646,0.9525691699604744,1,0,0,0.6339704291381175,37.0580598629643,17.562206996033176,TRUE,1,TRUE
7121,Instaladores o reparadores de techos,71,Operarios de la construcción (no incluye electricistas),712,Operarios de la construcción en trabajos de terminación,7,Artesanos y operarios de oficios,2015,37,2724,282746.90236094437,39.58810572687225,0.22870778267254038,0.6336270190895742,0.3604992657856094,0.005873715124816446,0.0855359765051395,41.09214390602056,10.802863436123348,TRUE,0,FALSE
2152,Ingenieros electrónicos,21,Profesionales de las ciencias y de la ingeniería,215,Ingenieros en electrotecnología,2,"Profesionales, científicos e intelectuales",2015,24,2708,1318332.8767563228,43.91248153618907,0.9611388995767602,0.8973412112259971,0.08567208271787297,0.016986706056129987,0.15768094534711966,36.543205317577545,16.673559822747414,TRUE,1,TRUE
1342,"Directores, gerentes y administradores de servicios de salud",13,"Directores, gerentes y administradores de producción y operaciones",134,"Directores, gerentes y administradores de servicios de cuidados a personas, bienestar social, educación, servicios financieros y de otros servicios profesionales",1,"Directores, gerentes y administradores",2015,34,2704,1175221.7984467456,46.52514792899408,0.9429126213592233,0.8868343195266272,0,0.11316568047337278,0.6105769230769231,41.44637573964497,17.04844674556213,TRUE,1,FALSE
7514,"Operarios de la conservación de frutas, legumbres y verduras",75,"Operarios de procesamiento de alimentos, de la confección, ebanistas y otros oficios",751,"Operarios de procesamiento, elaboración, conservación, cata y clasificación de alimentos, bebidas y tabaco",7,Artesanos y operarios de oficios,2015,38,2703,268079.59748427675,45.58046614872364,0.7835437120149603,0.9200887902330743,0.07991120976692564,0,0.43211246762856087,37.96078431372549,9.701812800591934,TRUE,0,FALSE
2619,Otros profesionales del derecho no clasificados previamente,26,"Profesionales en derecho, ciencias sociales y culturales",261,"Abogados, jueces y otros profesionales del derecho",2,"Profesionales, científicos e intelectuales",2015,34,2702,935767.5548733692,34.44041450777202,0.7963800904977375,0.8789785344189489,0.06809770540340489,0.05292376017764619,0.3982235381199112,38.81754256106588,16.914137675795708,TRUE,0,FALSE
2265,NA,NA,NA,NA,NA,NA,NA,2015,36,2698,756761.4796145293,38.87620459599704,0.8550420168067226,0.9629355077835434,0.037064492216456635,0,0.9458858413639734,33.995552260934026,15.95774647887324,TRUE,0,FALSE
1213,"Directores, gerentes y administradores de políticas empresariales y planificación",12,Directores y gerentes administrativos y de servicios comerciales,121,"Directores, gerentes y administradores de finanzas, de recursos humanos, políticas empresariales y de servicios administrativos",1,"Directores, gerentes y administradores",2015,46,2664,1494638.054054054,45.56981981981982,0.8577219294689907,0.8933933933933934,0.020645645645645645,0.08596096096096097,0.3554804804804805,46.71096096096096,16.570195195195197,TRUE,0.033783783783783786,FALSE
7314,"Alfareros (barro, arcilla y abrasivos)",73,Artesanos y operarios de las artes gráficas,731,"Reparadores de instrumentos de precisión, fabricantes y afinadores de instrumentos musicales, pintores de carteles, pintores decorativos y artesanos",7,Artesanos y operarios de oficios,2015,46,2591,326724.0335777692,45.50829795445774,0.05711775043936731,0.5943651099961405,0.4010034735623311,0.004631416441528367,0.2153608645310691,47.13045156310305,8.343110768043227,TRUE,0,FALSE
1211,"Directores, gerentes y administradores de finanzas",12,Directores y gerentes administrativos y de servicios comerciales,121,"Directores, gerentes y administradores de finanzas, de recursos humanos, políticas empresariales y de servicios administrativos",1,"Directores, gerentes y administradores",2015,21,2588,2347540.3195517776,36.28400309119011,0.9487696651875757,1,0,0,0.22952086553323028,40.77125193199382,17.616306027820713,TRUE,1,TRUE
8181,Operadores de instalaciones de vidriería y cerámica,81,Operadores de instalaciones fijas y máquinas,818,"Operadores de máquinas de instalaciones de vidriería, cerámica y operadores de máquinas de vapor y calderas, de embotellamiento, de etiquetado y otros operadores de máquinas e instalaciones",8,"Operadores de instalaciones, máquinas y ensambladores",2015,29,2489,420037.1783848935,40.11811972679791,0.5880773361976369,0.7569304941743672,0.24306950582563278,0,0.07874648453194054,46.75934110084371,9.386500602651667,TRUE,0,TRUE
2120,Matemáticos y estadísticos,21,Profesionales de las ciencias y de la ingeniería,212,Matemáticos y estadísticos,2,"Profesionales, científicos e intelectuales",2015,19,2410,1720797.6908713693,43.126141078838174,0.7775933609958506,0.9813278008298755,0.01867219917012448,0,0.37219917012448134,37.717427385892115,17.22655601659751,TRUE,0,TRUE
7323,Encuadernadores,73,Artesanos y operarios de las artes gráficas,732,"Tipógrafos, impresores y encuadernadores",7,Artesanos y operarios de oficios,2015,30,2404,437627.1031613977,42.672628951747086,0.5348017621145374,0.8040765391014975,0.12687188019966722,0.06905158069883527,0.27579034941763725,40.98044925124792,11.512033978291647,TRUE,0.012895174708818636,FALSE
9612,Clasificadores de desechos,96,Recolectores de desechos y otras ocupaciones elementales,961,"Recolectores de basura y material reciclable, clasificadores de desechos y barrenderos de calles y parques",9,Ocupaciones elementales,2015,29,2397,397805.7209011264,53.47350855235711,0.7322461862177801,0.9169795577805591,0.03963287442636629,0.04338756779307468,0.13350020859407594,38.13016270337923,10.828535669586984,TRUE,1,TRUE
3353,Agentes de servicios de prestaciones sociales,33,Técnicos en operaciones financieras y administrativas,335,Agentes de la administración pública para la aplicación de la ley,3,Técnicos y profesionales de nivel medio,2015,34,2376,685189.1656963726,44.50042087542087,0.8668831168831169,0.9928451178451179,0,0.007154882154882155,0.48358585858585856,42.64983164983165,14.59638047138047,TRUE,0,FALSE
7321,Tipógrafos,73,Artesanos y operarios de las artes gráficas,732,"Tipógrafos, impresores y encuadernadores",7,Artesanos y operarios de oficios,2015,28,2265,277751.4238410596,38.973951434878586,0.5672227674190383,0.6423841059602649,0.30375275938189844,0.053863134657836646,0.11081677704194261,46.28079470198676,12.150993377483443,TRUE,0,TRUE
3240,Técnicos y asistentes veterinarios,32,Técnicos de la salud,324,Técnicos y asistentes veterinarios,3,Técnicos y profesionales de nivel medio,2015,32,2244,324592.1488413547,38.78119429590018,0.846963175514108,0.8319964349376114,0.1680035650623886,0,0.6287878787878788,33.086898395721924,13.851158645276293,TRUE,0,FALSE
1322,"Directores, gerentes y administradores de explotaciones mineras",13,"Directores, gerentes y administradores de producción y operaciones",132,"Directores, gerentes y administradores de producción y operaciones de industrias manufactureras, de minería, de construcción, de almacenamiento y distribución",1,"Directores, gerentes y administradores",2015,27,2152,1420745.3325559702,51.47490706319702,0.662639405204461,0.1737918215613383,0.22815985130111524,0.5980483271375465,0.10223048327137546,48.50697026022305,14.468401486988848,TRUE,1,TRUE
3152,Capitanes y oficiales de cubierta,31,Técnicos de las ciencias y la ingeniería,315,Técnicos y controladores en navegación marítima y aeronáutica,3,Técnicos y profesionales de nivel medio,2015,23,2151,953462.2863784287,51.4700139470014,0.700735294117647,1,0,0,0.0032543003254300326,44.119479311947934,14.98698279869828,TRUE,0,TRUE
8182,Operadores de máquinas de vapor y calderas,81,Operadores de instalaciones fijas y máquinas,818,"Operadores de máquinas de instalaciones de vidriería, cerámica y operadores de máquinas de vapor y calderas, de embotellamiento, de etiquetado y otros operadores de máquinas e instalaciones",8,"Operadores de instalaciones, máquinas y ensambladores",2015,28,2124,508902.34387159534,47.06026365348399,0.9177612792689891,0.9425612052730696,0.05743879472693032,0,0,45.81120527306968,11.845103578154426,TRUE,0,TRUE
5241,"Modelos de moda, arte y publicidad",52,Vendedores,524,Modelos y promotores y otros vendedores no clasificados previamente,5,Trabajadores de los servicios y vendedores de comercios y mercados,2015,18,2122,423525.4971724788,38.236098020735156,0.5692225772097976,0.7012252591894439,0.2987747408105561,0,0.14514608859566447,35.9048067860509,12.20923656927427,TRUE,0,TRUE
9129,Otro personal de limpieza no clasificado previamente,91,Auxiliares de aseo y trabajadores de casa particular,912,"Limpiadores de ropa, vehículos, ventanas y otros limpiadores manuales",9,Ocupaciones elementales,2015,22,2107,227092.53406383994,44.29520645467489,0.11492281303602059,0.4290460370194589,0.570953962980541,0,0.026103464641670623,46.222116753678215,8.856668248694827,TRUE,1,TRUE
3116,Técnicos en química industrial,31,Técnicos de las ciencias y la ingeniería,311,"Técnicos en ciencias físicas, químicas, técnicos en ingeniería y dibujantes técnicos",3,Técnicos y profesionales de nivel medio,2015,21,2072,839625.736003861,49.04826254826255,1,0.9435328185328186,0.056467181467181465,0,0.5,36.91023166023166,13.819980694980694,TRUE,0,TRUE
8311,Maquinistas de locomotoras,83,Conductores de vehículos y operadores de equipos pesados y móviles,831,"Maquinistas de locomotoras, guardafrenos y agentes de maniobras",8,"Operadores de instalaciones, máquinas y ensambladores",2015,22,2070,733725.136231884,44.957971014492756,0.8860319666435025,1,0,0,0.0323671497584541,36.17101449275362,13.61256038647343,TRUE,0,TRUE
1345,"Directores, gerentes y administradores de servicios de educación",13,"Directores, gerentes y administradores de producción y operaciones",134,"Directores, gerentes y administradores de servicios de cuidados a personas, bienestar social, educación, servicios financieros y de otros servicios profesionales",1,"Directores, gerentes y administradores",2015,38,1996,1794662.852705411,46.05511022044088,0.7946058091286307,0.8687374749498998,0,0.1312625250501002,0.47645290581162325,49.237975951903806,17.311623246492985,TRUE,1,FALSE
7311,Mecánicos y reparadores de instrumentos de precisión,73,Artesanos y operarios de las artes gráficas,731,"Reparadores de instrumentos de precisión, fabricantes y afinadores de instrumentos musicales, pintores de carteles, pintores decorativos y artesanos",7,Artesanos y operarios de oficios,2015,24,1956,475203.96114519425,48.08640081799591,0.7612612612612613,0.8205521472392638,0.15286298568507156,0.026584867075664622,0.2367075664621677,37.84509202453988,12.894683026584866,TRUE,1,TRUE
1349,"Directores, gerentes y administradores de otros servicios profesionales no clasificados previamente",13,"Directores, gerentes y administradores de producción y operaciones",134,"Directores, gerentes y administradores de servicios de cuidados a personas, bienestar social, educación, servicios financieros y de otros servicios profesionales",1,"Directores, gerentes y administradores",2015,20,1942,2804323.445417096,48.196704428424304,0.9019189765458422,0.9402677651905252,0.014933058702368692,0.04479917610710608,0.31668383110195675,45.29042224510813,17.468074150360454,TRUE,1,TRUE
2653,Bailarines y coreógrafos,26,"Profesionales en derecho, ciencias sociales y culturales",265,"Artistas, actores y locutores de medios de comunicación",2,"Profesionales, científicos e intelectuales",2015,21,1939,507069.3243940175,24.47653429602888,0.8883720930232558,0.3104693140794224,0.6895306859205776,0,0.3042805569881382,34.191335740072205,14.709128416709644,TRUE,0.6704486848891181,TRUE
7513,Operarios de la elaboración de productos lácteos,75,"Operarios de procesamiento de alimentos, de la confección, ebanistas y otros oficios",751,"Operarios de procesamiento, elaboración, conservación, cata y clasificación de alimentos, bebidas y tabaco",7,Artesanos y operarios de oficios,2015,20,1911,323371.77080062794,45.423861852433284,0.8358974358974359,0.902145473574045,0.0837257980115123,0.0141287284144427,0.6336996336996337,35.06122448979592,10.634746206174778,TRUE,0,TRUE
4414,Escribientes públicos,44,Otro personal de apoyo administrativo,441,Otro personal de apoyo administrativo,4,Personal de apoyo administrativo,2015,11,1851,1093176.452728255,40.501350621285795,0.8267857142857142,0.7007023230686116,0.050783360345759046,0.2485143165856294,0.5807671528903295,37.62236628849271,14.699081577525662,TRUE,0,TRUE
3315,Tasadores,33,Técnicos en operaciones financieras y administrativas,331,"Agentes de bolsas, ejecutivos de créditos, asistentes contables y otros técnicos en finanzas y matemáticas",3,Técnicos y profesionales de nivel medio,2015,11,1841,681936.2498642042,45.39109179793591,0.8071700162954916,0.8316132536664856,0.11135252580119501,0.057034220532319393,0.08636610537751223,39.177077675176534,14.872895165670831,TRUE,0,TRUE
6114,Agricultores y trabajadores calificados de cultivos mixtos,61,Agricultores y trabajadores calificados de explotaciones agropecuarias cuya producción se destina al mercado,611,"Agricultores y trabajadores calificados de cultivos extensivos, plantaciones de árboles y arbustos, huertas, invernaderos, viveros y jardines y de cultivos mixtos",6,"Agricultores y trabajadores calificados agropecuarios, forestales y pesqueros",2015,50,1787,323433.90647058823,41.22160044767767,0.27855477855477856,0.32064913262451034,0.5260212646894236,0.15332960268606602,0.18746502518186905,56.18914381645215,7.686625629546726,TRUE,0.15332960268606602,FALSE
2230,Veterinarios,22,Profesionales de la salud,223,Veterinarios,2,"Profesionales, científicos e intelectuales",2015,25,1775,201472.02988643156,14.874366197183098,0.7531380753138075,0.28112676056338026,0.6907042253521126,0.028169014084507043,0.8225352112676056,45.779718309859156,12.444507042253521,TRUE,1,TRUE
2631,Economistas,26,"Profesionales en derecho, ciencias sociales y culturales",263,"Economistas, especialistas en ciencias sociales, humanidades, ciencias políticas y teología",2,"Profesionales, científicos e intelectuales",2015,23,1774,2378931.225479143,59.66234498308906,0.8675310033821871,0.7733934611048479,0.09244644870349493,0.13416009019165728,0.4069898534385569,40.844419391206316,17.61273957158963,TRUE,0,TRUE
3154,Controladores de tráfico aéreo,31,Técnicos de las ciencias y la ingeniería,315,Técnicos y controladores en navegación marítima y aeronáutica,3,Técnicos y profesionales de nivel medio,2015,15,1769,1175665.492933861,47.70265686828717,0.8395649218218899,1,0,0,0.07235726399095534,39.38778971170153,13.452232899943471,TRUE,0,TRUE
7232,Mecánicos y reparadores de motores de avión,72,"Operarios de la metalurgia y operarios de máquinas herramientas; mecánicos de vehículos, maquinarias, aviones y bicicletas",723,"Mecánicos de vehículos, motores de aviones, reparadores de máquinas agrícolas, industriales y bicicletas",7,Artesanos y operarios de oficios,2015,29,1748,557769.7337423313,42.00286041189931,0.6587859424920128,0.7025171624713958,0.23684210526315788,0.004004576659038902,0.18421052631578946,39.19050343249428,12.75228832951945,TRUE,0,TRUE
8321,Conductores de motocicletas,83,Conductores de vehículos y operadores de equipos pesados y móviles,832,"Conductores de motocicletas, automóviles y camionetas",8,"Operadores de instalaciones, máquinas y ensambladores",2015,21,1742,326533.9718714122,32.669345579793344,0.5391355140186916,0.8972445464982779,0.10275545350172216,0,0.07520091848450057,35.47187141216992,12.244546498277842,TRUE,0,TRUE
8114,Operadores de máquinas para fabricar cemento y otros productos minerales,81,Operadores de instalaciones fijas y máquinas,811,"Mineros y operadores de instalaciones mineras, perforadores de pozos y operadores de máquinas para fabricar cemento y otros productos minerales",8,"Operadores de instalaciones, máquinas y ensambladores",2015,24,1663,465701.29224293446,45.437161755862896,0.6914285714285714,0.9969933854479855,0.003006614552014432,0,0,49.60733613950691,11.28743235117258,TRUE,0,TRUE
3351,Inspectores de aduana,33,Técnicos en operaciones financieras y administrativas,335,Agentes de la administración pública para la aplicación de la ley,3,Técnicos y profesionales de nivel medio,2015,24,1591,643900.384035198,43.6825895663105,0.7237728585178056,0.9409176618478944,0.0590823381521056,0,0.24638592080452545,46.853551225644246,13.774355751099938,TRUE,0,TRUE
3331,Agentes de aduana,33,Técnicos en operaciones financieras y administrativas,333,"Agentes de aduana, organizadores de eventos, agentes de empleo, de bienes raíces y otros agentes de servicios comerciales",3,Técnicos y profesionales de nivel medio,2015,10,1572,1224734.445292621,50.37213740458015,0.9721030042918455,0.5776081424936387,0.21692111959287533,0.205470737913486,0.07760814249363868,42.30788804071247,13.94910941475827,TRUE,0,TRUE
5169,Otros trabajadores de servicios a las personas no clasificados previamente,51,Trabajadores de los servicios a las personas,516,Otros trabajadores de servicios a las personas,5,Trabajadores de los servicios y vendedores de comercios y mercados,2015,32,1544,314676.4546632124,30.028497409326423,0.1955958549222798,0.586139896373057,0.40025906735751293,0.013601036269430052,0.6515544041450777,36.193652849740936,12.169689119170984,TRUE,0,FALSE
2222,Profesionales de matronería,22,Profesionales de la salud,222,Profesionales de enfermería y matronería,2,"Profesionales, científicos e intelectuales",2015,21,1537,1027669.9093655589,37.48926480156148,0.9146953405017921,0.8614183474300585,0.13858165256994145,0,0.9401431359791802,42.24202992843201,17.001301236174367,TRUE,1,TRUE
4229,Otros empleados de servicios de información al cliente no clasificados previamente,42,Empleados en trato directo con el público,422,Empleados de servicios de información al cliente,4,Personal de apoyo administrativo,2015,14,1528,384613.6537958115,43.7336387434555,0.6941823899371069,1,0,0,0.6308900523560209,50.02552356020942,12.436518324607329,TRUE,1,TRUE
3153,Pilotos de aviación,31,Técnicos de las ciencias y la ingeniería,315,Técnicos y controladores en navegación marítima y aeronáutica,3,Técnicos y profesionales de nivel medio,2015,18,1521,2566672.0322156474,40.166337935568706,0.8382642998027613,1,0,0,0.09335963182117028,34.5180802103879,16.587113740959897,TRUE,0,TRUE
1222,"Directores, gerentes y administradores de publicidad y relaciones públicas",12,Directores y gerentes administrativos y de servicios comerciales,122,"Directores, gerentes y administradores de comercialización, publicidad, relaciones públicas e investigación y desarrollo",1,"Directores, gerentes y administradores",2015,16,1489,1955402.132975151,40.18132975151108,0.8744123572867697,0.931497649429147,0.018132975151108125,0.050369375419744795,0.6574882471457354,41.18804566823371,17.166554734721288,TRUE,0,TRUE
2164,Urbanistas e ingenieros de transporte y tránsito,21,Profesionales de las ciencias y de la ingeniería,216,"Arquitectos, diseñadores, urbanistas, cartógrafos y agrimensores",2,"Profesionales, científicos e intelectuales",2015,13,1459,1433398.1302261823,41.80260452364633,0.8396161754626457,0.7676490747087046,0.23235092529129542,0,0.26799177518848527,38.1631254283756,17.779300891021247,TRUE,1,TRUE
8159,Operadores de máquinas para fabricar productos textiles y artículos de piel y cuero no clasificados previamente,81,Operadores de instalaciones fijas y máquinas,815,"Operadores de máquinas para fabricar productos textiles, artículos de piel y cuero y operadores de máquinas de lavanderías",8,"Operadores de instalaciones, máquinas y ensambladores",2015,17,1446,557208.7192254495,42.52074688796681,0.7689030883919062,1,0,0,0.27316735822959887,48.88312586445367,11.112033195020746,TRUE,0,TRUE
3111,Técnicos en ciencias físicas y químicas,31,Técnicos de las ciencias y la ingeniería,311,"Técnicos en ciencias físicas, químicas, técnicos en ingeniería y dibujantes técnicos",3,Técnicos y profesionales de nivel medio,2015,20,1436,815895.6984679665,48.67688022284123,0.8846447669977082,1,0,0,0.21866295264623956,39.830779944289695,14.418523676880223,TRUE,0,TRUE
4212,Receptores de apuestas,42,Empleados en trato directo con el público,421,"Cajeros de bancos y de casas de cambio; receptores de apuestas, prestamistas y cobradores",4,Personal de apoyo administrativo,2015,20,1411,467231.36782423814,42.588235294117645,0.7397129186602871,0.8561304039688165,0.14386959603118354,0,0.3437278525868179,29.857547838412472,13.316796598157335,TRUE,0,TRUE
4211,Cajeros de bancos y de oficinas de correo,42,Empleados en trato directo con el público,421,"Cajeros de bancos y de casas de cambio; receptores de apuestas, prestamistas y cobradores",4,Personal de apoyo administrativo,2015,25,1385,377198.15667870035,42.92490974729242,0.9056806002143623,1,0,0,0.5335740072202166,35.984115523465704,12.711913357400721,TRUE,0,TRUE
7532,Patronistas y cortadores de telas,75,"Operarios de procesamiento de alimentos, de la confección, ebanistas y otros oficios",753,"Sastres, modistos, patronistas de tela, costureros, tapiceros, apelambradores y zapateros",7,Artesanos y operarios de oficios,2015,12,1384,528147.9931402439,46.74638728323699,0.5744500846023689,0.7998554913294798,0.20014450867052022,0,0.40101156069364163,48.49277456647399,12.177023121387283,TRUE,0,TRUE
8132,Operadores de máquinas para fabricar productos fotográficos,81,Operadores de instalaciones fijas y máquinas,813,Operadores de instalaciones y máquinas para fabricar productos químicos y fotográficos,8,"Operadores de instalaciones, máquinas y ensambladores",2015,15,1336,398316.975724354,45.95583832335329,0.5516467065868264,0.6264970059880239,0.32934131736526945,0,0.31736526946107785,38.91467065868263,11.86002994011976,TRUE,0,TRUE
2622,Bibliotecarios y documentalistas de archivos,26,"Profesionales en derecho, ciencias sociales y culturales",262,"Archivistas, curadores de museo, bibliotecarios y documentalistas de archivos",2,"Profesionales, científicos e intelectuales",2015,24,1322,655638.1081694403,42.09077155824508,0.8568608094768015,1,0,0,0.7397881996974282,43.42965204236006,17.158850226928895,TRUE,0,TRUE
1111,Miembros del poder ejecutivo y legislativo,11,"Miembros del Poder Ejecutivo y Legislativo, personal directivo de la administración pública y de otras organizaciones sociales y/o políticas, directores ejecutivos y gerentes generales",111,"Miembros del poder ejecutivo y legislativo, personal directivo de la administración pública y de otras organizaciones sociales y/o políticas",1,"Directores, gerentes y administradores",2015,29,1315,2340823.2015209123,48.006083650190114,0.38126540673788,1,0,0,0.264638783269962,56.62509505703422,13.314068441064638,TRUE,0,TRUE
1114,"Dirigentes de organizaciones sociales y/o políticas (sindicatos, organizaciones sociales, partidos políticos, entre otras)",11,"Miembros del Poder Ejecutivo y Legislativo, personal directivo de la administración pública y de otras organizaciones sociales y/o políticas, directores ejecutivos y gerentes generales",111,"Miembros del poder ejecutivo y legislativo, personal directivo de la administración pública y de otras organizaciones sociales y/o políticas",1,"Directores, gerentes y administradores",2015,19,1282,1303300.8507936508,39.201248049922,0.8334786399302528,0.8229329173166927,0.15990639625585024,0,0.48829953198127923,53.060842433697346,14.383775351014041,TRUE,0,TRUE
5163,Personal de pompas fúnebres y embalsamadores,51,Trabajadores de los servicios a las personas,516,Otros trabajadores de servicios a las personas,5,Trabajadores de los servicios y vendedores de comercios y mercados,2015,11,1249,305305.22818254604,44.283426741393114,0.7630597014925373,0.9239391513210569,0.07606084867894315,0,0.12489991993594876,45.98718975180144,10.539631705364291,TRUE,0,TRUE
8211,Ensambladores de maquinaria mecánica,82,Ensambladores,821,"Ensambladores de maquinaria mecánica, equipos eléctricos, electrónicos y otros ensambladores",8,"Operadores de instalaciones, máquinas y ensambladores",2015,13,1217,408831.4375,55.29663105998357,0.3055162659123055,0.9827444535743632,0.01725554642563681,0,0,44.33442892358258,8.246507806080526,TRUE,0,TRUE
3421,Atletas y deportistas,34,"Técnicos de servicios jurídicos, sociales, deportivos y culturales",342,"Deportistas, entrenadores, árbitros e instructores de actividades deportivas y recreativas",3,Técnicos y profesionales de nivel medio,2015,15,1199,395781.77648040035,30.968306922435364,0.7510766580534023,0.7431192660550459,0.25688073394495414,0,0.1884904086738949,34.94745621351126,14.680567139282736,TRUE,1,TRUE
7224,Pulidores de metales y afiladores de herramientas,72,"Operarios de la metalurgia y operarios de máquinas herramientas; mecánicos de vehículos, maquinarias, aviones y bicicletas",722,Herreros y herramentistas; reguladores y operarios de máquinas herramientas; pulidores de metales y afiladores de herramientas,7,Artesanos y operarios de oficios,2015,18,1177,806106.9588516747,43.60322854715378,0.6163113994439295,0.7145284621920136,0.19541206457094307,0.09005947323704333,0,44.174171622769755,9.644859813084112,TRUE,0,TRUE
9213,Obreros de explotaciones agropecuarias,92,"Obreros agropecuarios, pesqueros y forestales",921,"Obreros agropecuarios, de jardinería y horticultura, forestales y pesqueros",9,Ocupaciones elementales,2015,22,1161,285053.711469534,45.3161068044789,0.4858156028368794,0.9569336778639104,0.04306632213608958,0,0.3273040482342808,38.56072351421189,9.652885443583118,TRUE,1,TRUE
3131,Operadores de instalaciones de producción de energía,31,Técnicos de las ciencias y la ingeniería,313,"Técnicos en control de procesos en instalaciones de producción de energía, agua, productos químicos, gas natural y metales",3,Técnicos y profesionales de nivel medio,2015,22,1138,663313.2961335677,46.64850615114236,0.9045383411580594,1,0,0,0,41.00702987697715,11.962214411247803,TRUE,0,TRUE
2162,Arquitectos paisajistas,21,Profesionales de las ciencias y de la ingeniería,216,"Arquitectos, diseñadores, urbanistas, cartógrafos y agrimensores",2,"Profesionales, científicos e intelectuales",2015,10,1123,1049126.0106856634,45.57791629563669,0.5860507246376812,0.8958147818343722,0.07747105966162066,0.026714158504007122,0.38201246660730187,41.32413178984862,17.163846838824576,TRUE,1,TRUE
3211,Técnicos y auxiliares paramédicos de radiología e imagenología y otros aparatos de diagnóstico y tratamiento médico,32,Técnicos de la salud,321,"Técnicos y auxiliares paramédicos en imagenología, análisis de muestras médicas y de sangre, farmacéuticos y prótesis médicas y dentales",3,Técnicos y profesionales de nivel medio,2015,15,1079,520788.23127962084,42.53475440222428,0.6992592592592592,1,0,0,0.8387395736793327,32.78962001853568,14.435588507877664,TRUE,0,TRUE
5161,Astrólogos y adivinadores,51,Trabajadores de los servicios a las personas,516,Otros trabajadores de servicios a las personas,5,Trabajadores de los servicios y vendedores de comercios y mercados,2015,13,1072,385646.59624876606,36.23414179104478,0.4281716417910448,0.47201492537313433,0.5279850746268657,0,0.6277985074626866,38.899253731343286,13.091417910447761,TRUE,0,TRUE
9329,Obreros de la industria manufacturera no clasificados previamente,93,"Obreros de la minería, la construcción, la industria manufacturera y el transporte",932,Empacadores manuales y obreros de la industria manufacturera,9,Ocupaciones elementales,2015,14,1054,320471.0388994307,42.6280834914611,1,1,0,0,0.19165085388994307,37.46015180265655,10.357685009487666,TRUE,1,TRUE
2633,"Filósofos, historiadores y especialistas en ciencias políticas",26,"Profesionales en derecho, ciencias sociales y culturales",263,"Economistas, especialistas en ciencias sociales, humanidades, ciencias políticas y teología",2,"Profesionales, científicos e intelectuales",2015,14,1019,625470.0854700855,35.707556427870465,0.42162162162162165,0.8321884200196271,0.1678115799803729,0,0.2787046123650638,37,18.22963689892051,TRUE,0,TRUE
2641,Autores y otros escritores,26,"Profesionales en derecho, ciencias sociales y culturales",264,"Escritores, periodistas, traductores, intérpretes de lengua de señas y lingüistas",2,"Profesionales, científicos e intelectuales",2015,11,1011,991935.7899441341,44.52126607319486,0.875,1,0,0,0.8001978239366964,39.85163204747774,17.26706231454006,TRUE,1,TRUE
8312,"Guardafrenos, guardagujas y agentes de maniobras",83,Conductores de vehículos y operadores de equipos pesados y móviles,831,"Maquinistas de locomotoras, guardafrenos y agentes de maniobras",8,"Operadores de instalaciones, máquinas y ensambladores",2015,19,1009,398403.8017839445,47.29633300297324,0.8714448236632537,0.8374628344895937,0.02576808721506442,0.13676907829534193,0,43.37462834489594,11.572844400396432,TRUE,0,TRUE
2519,Otros desarrolladores y analistas de software y multimedia no clasificados previamente,25,Profesionales de tecnología de la información y las comunicaciones,251,"Analistas, desarrolladores y programadores de software, multimedia y aplicaciones",2,"Profesionales, científicos e intelectuales",2015,10,996,952601.1445783132,43.95783132530121,0.7344398340248963,1,0,0,0.4598393574297189,37.911646586345384,17.221887550200805,TRUE,1,TRUE
7211,Moldeadores y macheros,72,"Operarios de la metalurgia y operarios de máquinas herramientas; mecánicos de vehículos, maquinarias, aviones y bicicletas",721,"Moldeadores, soldadores, chapistas, caldereros, montadores de estructuras metálicas, aparejadores y empalmadores de cables no eléctricos",7,Artesanos y operarios de oficios,2015,20,966,282619.98210526316,40.210144927536234,0.6083052749719416,0.8322981366459627,0.16770186335403728,0,0.06935817805383022,33.53002070393375,9.851966873706004,TRUE,0,TRUE
8151,"Operadores de máquinas de preparación de fibras, hilado y devanado",81,Operadores de instalaciones fijas y máquinas,815,"Operadores de máquinas para fabricar productos textiles, artículos de piel y cuero y operadores de máquinas de lavanderías",8,"Operadores de instalaciones, máquinas y ensambladores",2015,7,959,382816.7455683003,49.94681960375391,0.962378640776699,0.9676746611053181,0,0.03232533889468196,0.397288842544317,43.42022940563086,10.751824817518248,TRUE,0,TRUE
2513,Desarrolladores web y multimedia,25,Profesionales de tecnología de la información y las comunicaciones,251,"Analistas, desarrolladores y programadores de software, multimedia y aplicaciones",2,"Profesionales, científicos e intelectuales",2015,10,955,849703.8586387434,45.606282722513086,0.8043478260869565,1,0,0,0.22303664921465968,34.192670157068065,16.813612565445027,TRUE,1,TRUE
1221,"Directores, gerentes y administradores de comercialización",12,Directores y gerentes administrativos y de servicios comerciales,122,"Directores, gerentes y administradores de comercialización, publicidad, relaciones públicas e investigación y desarrollo",1,"Directores, gerentes y administradores",2015,14,942,2559051.6220806795,46.84288747346072,0.7473460721868365,1,0,0,0.37048832271762205,40.452229299363054,15.895966029723992,TRUE,0,TRUE
3222,Técnicos y auxiliares paramédicos de esterilización,32,Técnicos de la salud,322,"Técnicos y auxiliares paramédicos de enfermería, esterilización y ayudantes de ambulancia",3,Técnicos y profesionales de nivel medio,2015,9,934,1094911.1670235547,53.7847965738758,0.9036402569593148,1,0,0,1,30.23019271948608,16.599571734475376,TRUE,0.73875802997858675,TRUE
2262,NA,NA,NA,NA,NA,NA,NA,2015,16,927,1249185.1769147788,44.94390507011866,0.7343532684283728,0.9935275080906149,0,0.006472491909385114,0.6806903991370011,38.929881337648325,17.20064724919094,TRUE,0,TRUE
3354,Agentes de servicios de tramitación y entrega de licencias y permisos,33,Técnicos en operaciones financieras y administrativas,335,Agentes de la administración pública para la aplicación de la ley,3,Técnicos y profesionales de nivel medio,2015,20,866,937335.6004618937,43.92147806004619,0.7084468664850136,1,0,0,0.5993071593533488,40.8891454965358,14.907621247113164,TRUE,0,TRUE
8171,Operadores de instalaciones para la preparación de papel y de pasta para papel,81,Operadores de instalaciones fijas y máquinas,817,"Operadores de instalaciones para la preparación de papel, pasta de papel y procesamiento de la madera",8,"Operadores de instalaciones, máquinas y ensambladores",2015,7,845,496566.7668639053,48.74556213017752,0.7089655172413794,0.7502958579881657,0.24970414201183433,0,0,52.55029585798817,9.863905325443787,TRUE,1,TRUE
1223,"Directores, gerentes y administradores de investigación y desarrollo",12,Directores y gerentes administrativos y de servicios comerciales,122,"Directores, gerentes y administradores de comercialización, publicidad, relaciones públicas e investigación y desarrollo",1,"Directores, gerentes y administradores",2015,8,834,2382461.170263789,36.52158273381295,0.3597122302158273,0.829736211031175,0.1079136690647482,0.06235011990407674,0.1342925659472422,46.09592326139089,17.691846522781773,TRUE,0,TRUE
4413,Codificadores de datos y correctores de pruebas de imprenta,44,Otro personal de apoyo administrativo,441,Otro personal de apoyo administrativo,4,Personal de apoyo administrativo,2015,16,803,274586.1348897536,37.96513075965131,0.5568760611205433,1,0,0,0.821917808219178,39.40846824408468,12.854296388542965,TRUE,1,TRUE
3134,Operadores de instalaciones de refinación de petróleo y gas natural,31,Técnicos de las ciencias y la ingeniería,313,"Técnicos en control de procesos en instalaciones de producción de energía, agua, productos químicos, gas natural y metales",3,Técnicos y profesionales de nivel medio,2015,12,762,922092.7900262467,54.460629921259844,0.8026706231454006,0.8254593175853019,0.17454068241469817,0,0,47.47769028871391,13.02230971128609,TRUE,0,TRUE
3257,Inspectores de la salud y técnicos en prevención de riesgos,32,Técnicos de la salud,325,"Técnicos en odontología, ópticos, técnicos en prevención de riesgos y otros técnicos en salud",3,Técnicos y profesionales de nivel medio,2015,11,750,463246.38933333335,48.654666666666664,0.8711755233494364,1,0,0,0.236,37.601333333333336,12.985333333333333,TRUE,1,TRUE
2522,Administradores de sistemas,25,Profesionales de tecnología de la información y las comunicaciones,252,"Diseñadores y administradores de bases de datos, administradores de sistemas y profesionales en redes de computadores",2,"Profesionales, científicos e intelectuales",2015,10,737,2145306.4138398916,44.00271370420624,0.9408450704225352,0.9402985074626866,0.05970149253731343,0,0.13568521031207598,40.103120759837175,17.401628222523744,TRUE,1,TRUE
9624,Acarreadores de agua y recolectores de leña,96,Recolectores de desechos y otras ocupaciones elementales,962,Otras ocupaciones elementales,9,Ocupaciones elementales,2015,20,723,224984.69014084508,43.69432918395574,0.8316100443131462,1,0,0,0.12448132780082988,49.81881051175657,6.698478561549101,TRUE,1,TRUE
7542,Dinamiteros y pegadores,75,"Operarios de procesamiento de alimentos, de la confección, ebanistas y otros oficios",754,"Buzos, dinamiteros, clasificadores, probadores e inspectores de calidad de productos no comestibles, fumigadores y otros oficios",7,Artesanos y operarios de oficios,2015,14,679,574140.3608247422,47.326951399116346,0.9947460595446584,0.9955817378497791,0,0.004418262150220913,0,37.134020618556704,9.83357879234168,TRUE,0,TRUE
3155,Técnicos electrónicos aeronáuticos,31,Técnicos de las ciencias y la ingeniería,315,Técnicos y controladores en navegación marítima y aeronáutica,3,Técnicos y profesionales de nivel medio,2015,6,674,717816.3278931751,50.519287833827896,0.9821958456973294,0.9243323442136498,0.07566765578635015,0,0,46.11275964391692,13.578635014836795,TRUE,0,TRUE
2612,Jueces,26,"Profesionales en derecho, ciencias sociales y culturales",261,"Abogados, jueces y otros profesionales del derecho",2,"Profesionales, científicos e intelectuales",2015,7,669,1442488.3064275037,44.303437967115094,1,1,0,0,0.8236173393124065,49.639760837070256,17.300448430493272,TRUE,0,TRUE
7315,"Sopladores, modeladores, laminadores, cortadores y pulidores de vidrio",73,Artesanos y operarios de las artes gráficas,731,"Reparadores de instrumentos de precisión, fabricantes y afinadores de instrumentos musicales, pintores de carteles, pintores decorativos y artesanos",7,Artesanos y operarios de oficios,2015,9,654,370942.92813455657,46.174311926605505,0.46083788706739526,0.6972477064220184,0.30275229357798167,0,0,40.403669724770644,10.759938837920489,TRUE,1,TRUE
3254,Técnicos ópticos y contactólogos,32,Técnicos de la salud,325,"Técnicos en odontología, ópticos, técnicos en prevención de riesgos y otros técnicos en salud",3,Técnicos y profesionales de nivel medio,2015,7,601,370965.2462562396,49.19800332778702,0.9650582362728786,0.8935108153078203,0,0.1064891846921797,0.08818635607321132,33.43094841930117,14.1630615640599,TRUE,1,TRUE
7113,"Tronzadores, labrantes y grabadores de piedra",71,Operarios de la construcción (no incluye electricistas),711,Operarios de la construcción en obra gruesa,7,Artesanos y operarios de oficios,2015,15,601,561150.4708818636,46.04991680532446,0.594704684317719,0.8452579034941764,0.15474209650582363,0,0,40.95341098169717,10.633943427620633,TRUE,0,TRUE
3139,Técnicos en control de procesos no clasificados previamente,31,Técnicos de las ciencias y la ingeniería,313,"Técnicos en control de procesos en instalaciones de producción de energía, agua, productos químicos, gas natural y metales",3,Técnicos y profesionales de nivel medio,2015,9,599,594222.9065108515,46.37061769616027,1,1,0,0,0.1318864774624374,43.230383973288816,12.821368948247079,TRUE,0.4974958263772955,TRUE
2621,Archivistas y curadores de museos,26,"Profesionales en derecho, ciencias sociales y culturales",262,"Archivistas, curadores de museo, bibliotecarios y documentalistas de archivos",2,"Profesionales, científicos e intelectuales",2015,7,597,841409.7249070632,42.59966499162479,0.8982725527831094,0.8877721943048577,0,0.11222780569514237,0.4288107202680067,35.48743718592965,17.26465661641541,TRUE,0,TRUE
3214,Técnicos de prótesis médicas,32,Técnicos de la salud,321,"Técnicos y auxiliares paramédicos en imagenología, análisis de muestras médicas y de sangre, farmacéuticos y prótesis médicas y dentales",3,Técnicos y profesionales de nivel medio,2015,5,596,494821.74832214764,47.2248322147651,1,1,0,0,0.21140939597315436,38.94463087248322,13.734899328859061,TRUE,1,TRUE
8155,Operadores de máquinas de tratamiento de pieles y cueros,81,Operadores de instalaciones fijas y máquinas,815,"Operadores de máquinas para fabricar productos textiles, artículos de piel y cuero y operadores de máquinas de lavanderías",8,"Operadores de instalaciones, máquinas y ensambladores",2015,5,558,370329.29390681005,45.284946236559136,0.7911547911547911,1,0,0,0.482078853046595,45.795698924731184,10.758064516129032,TRUE,0,TRUE
7516,Elaboradores de tabaco y sus productos,75,"Operarios de procesamiento de alimentos, de la confección, ebanistas y otros oficios",751,"Operarios de procesamiento, elaboración, conservación, cata y clasificación de alimentos, bebidas y tabaco",7,Artesanos y operarios de oficios,2015,7,510,480272.0093240093,46.93529411764706,0.6647058823529411,0.9333333333333333,0.06666666666666667,0,0,33.82941176470588,12.25686274509804,TRUE,0,TRUE
2523,Profesionales en redes de computadores,25,Profesionales de tecnología de la información y las comunicaciones,252,"Diseñadores y administradores de bases de datos, administradores de sistemas y profesionales en redes de computadores",2,"Profesionales, científicos e intelectuales",2015,8,502,651172.5310492505,42.800796812749006,1,0.8466135458167331,0.15338645418326693,0,0.20318725099601595,36.03187250996016,16.378486055776893,TRUE,1,TRUE
2111,Físicos y astrónomos,21,Profesionales de las ciencias y de la ingeniería,211,"Físicos, astrónomos, meteorólogos, químicos, geólogos y geofísicos",2,"Profesionales, científicos e intelectuales",2015,4,494,1569389.4331983805,45.39473684210526,0.2874493927125506,1,0,0,0.7793522267206477,34.378542510121456,20.4331983805668,TRUE,0,TRUE
2529,Otros especialistas en bases de datos y en redes de computadores no clasificados previamente,25,Profesionales de tecnología de la información y las comunicaciones,252,"Diseñadores y administradores de bases de datos, administradores de sistemas y profesionales en redes de computadores",2,"Profesionales, científicos e intelectuales",2015,5,443,1370208.645598194,41.88487584650113,0.9555555555555556,0.6997742663656885,0.3002257336343115,0,0.510158013544018,37.45372460496614,17.48758465011287,TRUE,1,TRUE
8152,Operadores de telares y otras máquinas tejedoras,81,Operadores de instalaciones fijas y máquinas,815,"Operadores de máquinas para fabricar productos textiles, artículos de piel y cuero y operadores de máquinas de lavanderías",8,"Operadores de instalaciones, máquinas y ensambladores",2015,5,442,114871.76244343891,32.703619909502265,0,0,1,0,0.8257918552036199,63.10180995475113,7.787330316742081,TRUE,1,TRUE
3123,Supervisores de la construcción,31,Técnicos de las ciencias y la ingeniería,312,"Supervisores de minas, de industrias manufactureras y de la construcción",3,Técnicos y profesionales de nivel medio,2015,4,439,2931663.6628701594,44.86104783599089,0.8174273858921162,1,0,0,0.13895216400911162,49.097949886104786,14.984054669703873,TRUE,1,TRUE
8219,Ensambladores no clasificados previamente,82,Ensambladores,821,"Ensambladores de maquinaria mecánica, equipos eléctricos, electrónicos y otros ensambladores",8,"Operadores de instalaciones, máquinas y ensambladores",2015,8,434,277206.20276497694,29.74884792626728,0.3135802469135803,0.47465437788018433,0.5253456221198156,0,0,49.79723502304147,9.013824884792626,TRUE,1,TRUE
3151,Oficiales maquinistas en navegación,31,Técnicos de las ciencias y la ingeniería,315,Técnicos y controladores en navegación marítima y aeronáutica,3,Técnicos y profesionales de nivel medio,2015,5,430,621230.7093023256,48.27906976744186,0.8666666666666667,0.8953488372093024,0.10465116279069768,0,0,32.009302325581395,13.509302325581395,TRUE,0,TRUE
1344,"Directores, gerentes y administradores de servicios de bienestar social",13,"Directores, gerentes y administradores de producción y operaciones",134,"Directores, gerentes y administradores de servicios de cuidados a personas, bienestar social, educación, servicios financieros y de otros servicios profesionales",1,"Directores, gerentes y administradores",2015,4,404,2005863.8391089109,42.08168316831683,1,1,0,0,0.7079207920792079,45.725247524752476,16.866336633663366,TRUE,1,TRUE
6320,Criadores de subsistencia,63,"Trabajadores agropecuarios, pescadores, cazadores y recolectores de subsistencia",632,Criadores de subsistencia,6,"Agricultores y trabajadores calificados agropecuarios, forestales y pesqueros",2015,11,343,190357.19512195123,34.09037900874635,0.0694006309148265,0.0641399416909621,0.6530612244897959,0.282798833819242,0.3819241982507289,51.04373177842566,6.518950437317784,TRUE,1,TRUE
3435,Tatuadores,34,"Técnicos de servicios jurídicos, sociales, deportivos y culturales",343,"Fotógrafos, decoradores de interior, técnicos en galerías de arte, museos y bibliotecas, chefs y otros técnicos en actividades culturales y artísticas",3,Técnicos y profesionales de nivel medio,2015,7,338,1002501.0710059172,53.19822485207101,0.8024691358024691,1,0,0,0.7396449704142012,44.46153846153846,17.266272189349113,TRUE,1,TRUE
3143,Técnicos forestales,31,Técnicos de las ciencias y la ingeniería,314,"Técnicos en ciencias biológicas (excluyendo la medicina), agropecuarias, acuícolas y forestales",3,Técnicos y profesionales de nivel medio,2015,8,325,892102.5815384615,55.83076923076923,0.76,0.7753846153846153,0.1723076923076923,0.052307692307692305,0.009230769230769232,37.784615384615385,15.018461538461539,TRUE,1,TRUE
1420,"Directores, gerentes y administradores de comercios al por mayor y al por menor",14,"Directores, gerentes y administradores de hoteles, restaurantes, comercios y de otros servicios",142,"Directores, gerentes y administradores de comercios al por mayor y al por menor",1,"Directores, gerentes y administradores",2015,4,318,3652680.7358490564,43.977987421383645,1,1,0,0,0.7547169811320755,43.57232704402516,17.572327044025158,TRUE,0,TRUE
2654,"Directores de cine, radio y teatro",26,"Profesionales en derecho, ciencias sociales y culturales",265,"Artistas, actores y locutores de medios de comunicación",2,"Profesionales, científicos e intelectuales",2015,6,314,1908036.3152866242,47.089171974522294,0.7818791946308725,1,0,0,0.4140127388535032,51.17834394904459,18.085987261146496,TRUE,1,TRUE
8156,"Operadores de máquinas para la fabricación de calzado, bolsos y accesorios de talabartería",81,Operadores de instalaciones fijas y máquinas,815,"Operadores de máquinas para fabricar productos textiles, artículos de piel y cuero y operadores de máquinas de lavanderías",8,"Operadores de instalaciones, máquinas y ensambladores",2015,3,296,595457.5168918918,45,1,1,0,0,0.05405405405405406,32.560810810810814,11.929054054054054,TRUE,0,TRUE
1311,"Directores, gerentes y administradores de producción y operaciones agropecuarias y de silvicultura",13,"Directores, gerentes y administradores de producción y operaciones",131,"Directores, gerentes y administradores de producción y operaciones agropecuarias, de silvicultura, acuicultura y pesca",1,"Directores, gerentes y administradores",2015,4,291,1337436.2130584193,45,0.8142292490118577,1,0,0,0.13058419243986255,44.47766323024055,17.11340206185567,TRUE,1,TRUE
3258,Quiroprácticos y osteópatas,32,Técnicos de la salud,325,"Técnicos en odontología, ópticos, técnicos en prevención de riesgos y otros técnicos en salud",3,Técnicos y profesionales de nivel medio,2015,7,287,458037.0662020906,31.56445993031359,0.45993031358885017,0.45993031358885017,0.5400696864111498,0,0.45993031358885017,38.87108013937282,14.94425087108014,TRUE,1,TRUE
7312,Fabricantes y afinadores de instrumentos musicales,73,Artesanos y operarios de las artes gráficas,731,"Reparadores de instrumentos de precisión, fabricantes y afinadores de instrumentos musicales, pintores de carteles, pintores decorativos y artesanos",7,Artesanos y operarios de oficios,2015,5,285,368947.36842105264,35.72982456140351,0.24561403508771928,0.7017543859649122,0.2982456140350877,0,0.19649122807017544,44.64561403508772,11.164912280701754,TRUE,0,TRUE
4131,Operadores de equipo de procesamiento de texto y mecanógrafos,41,Oficinistas,413,Operadores de equipo de oficina,4,Personal de apoyo administrativo,2015,3,275,475831.7636363636,45,0.44782608695652176,1,0,0,0.16363636363636364,32.99636363636364,14.97090909090909,TRUE,1,TRUE
9123,Limpiadores de ventanas,91,Auxiliares de aseo y trabajadores de casa particular,912,"Limpiadores de ropa, vehículos, ventanas y otros limpiadores manuales",9,Ocupaciones elementales,2015,3,261,89655.1724137931,36.015325670498086,0,0,1,0,0,49.39846743295019,6.394636015325671,TRUE,1,TRUE
5162,Acompañantes,51,Trabajadores de los servicios a las personas,516,Otros trabajadores de servicios a las personas,5,Trabajadores de los servicios y vendedores de comercios y mercados,2015,2,243,487914.7489711934,36.008230452674894,1,1,0,0,0.39094650205761317,36.617283950617285,15.390946502057613,TRUE,0,TRUE
9331,Conductores de vehículos accionados a pedal o a brazo (no motorizados),93,"Obreros de la minería, la construcción, la industria manufacturera y el transporte",933,Obreros del transporte y almacenamiento,9,Ocupaciones elementales,2015,5,241,183423.2365145228,44.98755186721991,0.3900414937759336,0.3900414937759336,0.6099585062240664,0,0.3029045643153527,49.77593360995851,6.796680497925311,TRUE,0,TRUE
7549,Operarios de otros oficios no clasificados previamente,75,"Operarios de procesamiento de alimentos, de la confección, ebanistas y otros oficios",754,"Buzos, dinamiteros, clasificadores, probadores e inspectores de calidad de productos no comestibles, fumigadores y otros oficios",7,Artesanos y operarios de oficios,2015,3,237,293053.7974683544,53.050632911392405,1,1,0,0,0,60.869198312236286,11.79746835443038,TRUE,1,TRUE
1343,"Directores, gerentes y administradores de servicios de cuidado de adultos mayores",13,"Directores, gerentes y administradores de producción y operaciones",134,"Directores, gerentes y administradores de servicios de cuidados a personas, bienestar social, educación, servicios financieros y de otros servicios profesionales",1,"Directores, gerentes y administradores",2015,2,210,735083.3333333334,45,1,1,0,0,1,39.733333333333334,17,TRUE,1,TRUE
3141,Técnicos en ciencias biológicas (excluyendo la medicina),31,Técnicos de las ciencias y la ingeniería,314,"Técnicos en ciencias biológicas (excluyendo la medicina), agropecuarias, acuícolas y forestales",3,Técnicos y profesionales de nivel medio,2015,1,203,498583,44,1,1,0,0,0,50,17,TRUE,1,TRUE
1113,Jefes de comunidades indígenas,11,"Miembros del Poder Ejecutivo y Legislativo, personal directivo de la administración pública y de otras organizaciones sociales y/o políticas, directores ejecutivos y gerentes generales",111,"Miembros del poder ejecutivo y legislativo, personal directivo de la administración pública y de otras organizaciones sociales y/o políticas",1,"Directores, gerentes y administradores",2015,6,202,938128.6549707602,44.366336633663366,0.09333333333333334,0.9306930693069307,0.06930693069306931,0,0.41089108910891087,41.45049504950495,14.990099009900991,TRUE,0,TRUE
3135,Controladores de procesos de producción de metales,31,Técnicos de las ciencias y la ingeniería,313,"Técnicos en control de procesos en instalaciones de producción de energía, agua, productos químicos, gas natural y metales",3,Técnicos y profesionales de nivel medio,2015,4,136,1000049.25,39.088235294117645,0.6911764705882353,0.8823529411764706,0.11764705882352941,0,0,41.661764705882355,11.279411764705882,TRUE,1,TRUE
8154,"Operadores de máquinas de blanqueamiento, teñido y limpieza de tejidos",81,Operadores de instalaciones fijas y máquinas,815,"Operadores de máquinas para fabricar productos textiles, artículos de piel y cuero y operadores de máquinas de lavanderías",8,"Operadores de instalaciones, máquinas y ensambladores",2015,3,114,275234,36.40350877192982,0,0.41228070175438597,0.5877192982456141,0,1,44.21052631578947,11.75438596491228,TRUE,1,TRUE
7544,Fumigadores y otros controladores de plagas y malezas,75,"Operarios de procesamiento de alimentos, de la confección, ebanistas y otros oficios",754,"Buzos, dinamiteros, clasificadores, probadores e inspectores de calidad de productos no comestibles, fumigadores y otros oficios",7,Artesanos y operarios de oficios,2015,2,100,190000,27,0,0.5,0.5,0,0.5,66.5,8.5,TRUE,1,TRUE
2112,Meteorólogos,21,Profesionales de las ciencias y de la ingeniería,211,"Físicos, astrónomos, meteorólogos, químicos, geólogos y geofísicos",2,"Profesionales, científicos e intelectuales",2015,2,87,2121791.264367816,48.44827586206897,1,1,0,0,0,52.01149425287356,16.770114942528735,TRUE,0,TRUE
9332,Conductores de vehículos y máquinas de tracción animal,93,"Obreros de la minería, la construcción, la industria manufacturera y el transporte",933,Obreros del transporte y almacenamiento,9,Ocupaciones elementales,2015,2,55,324600,54,0,1,0,0,0,44.8,5.4,TRUE,0,TRUE
4213,Empleados de casa de empeño y prestamistas,42,Empleados en trato directo con el público,421,"Cajeros de bancos y de casas de cambio; receptores de apuestas, prestamistas y cobradores",4,Personal de apoyo administrativo,2015,1,53,350000,45,1,1,0,0,0,42,12,TRUE,0,TRUE
7133,Limpiadores de fachadas y deshollinadores,71,Operarios de la construcción (no incluye electricistas),713,"Pintores, limpiadores de fachadas y deshollinadores",7,Artesanos y operarios de oficios,2015,1,26,400000,40,1,1,0,0,0,22,12,TRUE,1,TRUE
6129,Otros criadores y trabajadores calificados de la cría de animales no clasificados previamente,61,Agricultores y trabajadores calificados de explotaciones agropecuarias cuya producción se destina al mercado,612,Trabajadores calificados de la cría de animales,6,"Agricultores y trabajadores calificados agropecuarios, forestales y pesqueros",2015,1,8,600000,45,1,1,0,0,0,34,12,TRUE,1,TRUE
6224,Cazadores y tramperos,62,"Trabajadores forestales calificados, pescadores y cazadores cuya producción se destina al mercado",622,"Trabajadores de explotaciones de acuicultura, pescadores, cazadores y tramperos",6,"Agricultores y trabajadores calificados agropecuarios, forestales y pesqueros",2015,1,8,NA,56,0,0,1,0,0,46,9,TRUE,0,TRUE
5223,"Vendedores y asistentes de venta de tiendas, almacenes y puestos de mercado",52,Vendedores,522,"Comerciantes, dueños - operadores, supervisores y vendedores de tiendas, almacenes y puestos de mercado",5,Trabajadores de los servicios y vendedores de comercios y mercados,2017,4017,393437,379198.6316573666,42.46588606742201,0.5916452243279331,0.7845245871638915,0.18065662355091158,0.009350925306974178,0.5774012103589647,38.16488789818955,12.366851513636503,TRUE,1,FALSE
9111,Trabajadores de casa particular y asistentes domésticos,91,Auxiliares de aseo y trabajadores de casa particular,911,"Trabajadores de casa particular, limpiadores de oficinas, hoteles y otros establecimientos",9,Ocupaciones elementales,2017,3741,342117,280378.7946141871,34.7192217288345,0.47098861194062724,0.8841361288681943,0.11002084082346097,0.003963556327221389,0.9339787265759959,48.292692266096104,9.637563343971777,TRUE,0,FALSE
9211,Obreros de explotaciones agrícolas,92,"Obreros agropecuarios, pesqueros y forestales",921,"Obreros agropecuarios, de jardinería y horticultura, forestales y pesqueros",9,Ocupaciones elementales,2017,5096,336407,282368.6697168664,43.64241110456921,0.5812077077606259,0.921806026628459,0.06885706896705479,0.0033411908789056114,0.326054451899039,42.35679994768242,8.539687711096898,TRUE,1,FALSE
9112,"Auxiliares de aseo de oficinas, hoteles y otros establecimientos",91,Auxiliares de aseo y trabajadores de casa particular,911,"Trabajadores de casa particular, limpiadores de oficinas, hoteles y otros establecimientos",9,Ocupaciones elementales,2017,2347,213182,303025.8139433427,41.562115909666645,0.8234190782422294,0.9778358397988574,0.019523224287228753,0.0023547954330102915,0.7168288129391788,44.54238631779418,10.316089228616637,TRUE,1,FALSE
8322,"Conductores de automóviles, taxis y camionetas",83,Conductores de vehículos y operadores de equipos pesados y móviles,832,"Conductores de motocicletas, automóviles y camionetas",8,"Operadores de instalaciones, máquinas y ensambladores",2017,2082,207430,435728.32061915915,48.42364957446398,0.2589888761672671,0.5025502579183339,0.4827025984669527,0.012650050619486092,0.06096032396471099,46.406305741695995,11.459204250203591,TRUE,0,FALSE
5221,"Comerciantes y dueños - operadores de locales comerciales, tiendas, almacenes y mercados",52,Vendedores,522,"Comerciantes, dueños - operadores, supervisores y vendedores de tiendas, almacenes y puestos de mercado",5,Trabajadores de los servicios y vendedores de comercios y mercados,2017,2265,201429,735507.6352765093,49.50709859518876,0.8814738340332976,0.07090339524100303,0.7640955373853815,0.16226064767238083,0.47650536913751246,48.86079958695123,11.74398393718721,TRUE,0,FALSE
5211,Vendedores en quioscos o puestos de feria,52,Vendedores,521,Vendedores en quioscos o puestos de feria y vendedores ambulantes de comidas y bebidas de consumo inmediato (elaboración propia),5,Trabajadores de los servicios y vendedores de comercios y mercados,2017,1420,171389,237941.79327173426,33.88815850979292,0.01645189761694616,0.0843344672061801,0.8760480544258966,0.016815548255722363,0.5801014067413894,45.29063125404781,9.617580612035326,TRUE,0,FALSE
9629,Otras ocupaciones elementales no clasificadas previamente,96,Recolectores de desechos y otras ocupaciones elementales,962,Otras ocupaciones elementales,9,Ocupaciones elementales,2017,1754,166771,404870.848093541,46.5518682649812,0.8160305177427893,0.9751515551264908,0.022935642287927757,0.001708930209688735,0.10516216848252993,44.51284695780441,10.933590234533078,TRUE,0,FALSE
5120,Cocineros,51,Trabajadores de los servicios a las personas,512,Cocineros,5,Trabajadores de los servicios y vendedores de comercios y mercados,2017,1821,165223,358867.186898766,42.97590018473093,0.6157597553416838,0.792589409464784,0.1872257494416637,0.011463295061825533,0.6642477136960351,39.76981412999401,11.660038345658723,TRUE,1,FALSE
8332,Conductores de camiones pesados y de alto tonelaje,83,Conductores de vehículos y operadores de equipos pesados y móviles,833,"Conductores de buses, trolebuses y camiones pesados",8,"Operadores de instalaciones, máquinas y ensambladores",2017,1920,164535,565036.8181717683,48.8882159795695,0.6493477426780918,0.8285592731029872,0.1540037074178746,0.01743701947913818,0.00895858024128605,45.24207615400979,10.915938744257273,TRUE,0,FALSE
7115,Carpinteros de obra,71,Operarios de la construcción (no incluye electricistas),711,Operarios de la construcción en obra gruesa,7,Artesanos y operarios de oficios,2017,1604,129028,387581.69408667414,44.508581710447736,0.45370092368555837,0.6320023560777506,0.35380692562854577,0.01339244195058437,0.008610534147626872,45.12055522832254,9.361222429325878,TRUE,0,FALSE
4120,Secretarios generales,41,Oficinistas,412,Secretarios generales,4,Personal de apoyo administrativo,2017,1456,128087,419946.2784842219,43.072265334990114,0.8125012539373633,0.978701976000687,0.014474536838242756,0.00417684854825236,0.872375807068633,40.66051980294643,13.07052431319434,TRUE,0,FALSE
5230,Vendedores de entradas (entretenciones y eventos deportivos) y cajeros de comercio,52,Vendedores,523,Vendedores de entradas (entretenciones y eventos deportivos) y cajeros de comercio,5,Trabajadores de los servicios y vendedores de comercios y mercados,2017,1224,123501,332331.2017355182,39.91058537573425,0.8633193187762773,0.9830041862009214,0.008850130768171918,0.002696334442636092,0.8252969611582093,34.78967781637396,12.548602912239275,TRUE,0,FALSE
9313,Obreros de la construcción de edificios,93,"Obreros de la minería, la construcción, la industria manufacturera y el transporte",931,Obreros de la minería y la construcción,9,Ocupaciones elementales,2017,1322,120145,334717.92947493104,43.83256693490612,0.6474049977820494,0.878846393940655,0.1182571059969204,3.828706979066961e-4,0.030613009280452786,39.29823130384119,9.694904031514541,TRUE,0,FALSE
2341,Profesores de educación básica,23,Profesionales de la educación,234,Profesores de educación básica y educadores de párvulos,2,"Profesionales, científicos e intelectuales",2017,1491,119764,754229.5125575854,39.348797580961765,0.8972552063750046,0.9813299488995023,0.017075247987709163,0.001594803112788484,0.7092364984469457,41.10574129120604,16.806201095789422,TRUE,0,FALSE
7231,Mecánicos y reparadores de vehículos de motor,72,"Operarios de la metalurgia y operarios de máquinas herramientas; mecánicos de vehículos, maquinarias, aviones y bicicletas",723,"Mecánicos de vehículos, motores de aviones, reparadores de máquinas agrícolas, industriales y bicicletas",7,Artesanos y operarios de oficios,2017,1381,118781,475678.1893099567,45.25965873183063,0.4553769482581717,0.6386964245123379,0.3122553270304173,0.04603429841472963,0.013747989998400418,39.773036091630814,11.778899315242201,TRUE,1,FALSE
9214,Ayudantes de jardinería y horticultura,92,"Obreros agropecuarios, pesqueros y forestales",921,"Obreros agropecuarios, de jardinería y horticultura, forestales y pesqueros",9,Ocupaciones elementales,2017,1541,114281,302189.45675105485,40.83191085200067,0.42528919101629986,0.6710826821606392,0.31629054698506315,0.009021622141913354,0.1989657073354276,48.18227876899922,8.217079628114803,TRUE,0.26946736552882805,FALSE
4321,Empleados encargados del control de abastecimiento e inventario,43,Auxiliares y ayudantes de registros contables y encargados del registro de materiales,432,Empleados encargados del registro de materiales y de transportes,4,Personal de apoyo administrativo,2017,969,103213,453305.89849946304,45.11842500460213,0.8425144268326488,0.9956207066939242,0.003216649065524692,0.0011626442405510934,0.1629930338232587,38.228217375718174,12.236739382258174,TRUE,0,FALSE
9334,Reponedores de estanterías,93,"Obreros de la minería, la construcción, la industria manufacturera y el transporte",933,Obreros del transporte y almacenamiento,9,Ocupaciones elementales,2017,950,97041,316165.3027846832,42.03974608670562,0.7870240119386919,0.9331313568491668,0.06142764398553189,0.004462031512453499,0.22201955874321164,35.63766861429705,11.003258583713327,TRUE,1,FALSE
3221,Técnicos y auxiliares paramédicos de enfermería,32,Técnicos de la salud,322,"Técnicos y auxiliares paramédicos de enfermería, esterilización y ayudantes de ambulancia",3,Técnicos y profesionales de nivel medio,2017,989,93500,717192.9629814257,46.00939037433155,0.8445410738579293,0.9778930481283422,0.019326203208556148,0.0027807486631016044,0.8401818181818181,36.659743315508024,15.373181442391315,TRUE,0.2771229946524064,FALSE
7112,Albañiles,71,Operarios de la construcción (no incluye electricistas),711,Operarios de la construcción en obra gruesa,7,Artesanos y operarios de oficios,2017,953,85676,370245.37354824255,43.23755777580653,0.4182274570380382,0.6123651897847705,0.37453896073579535,0.013095849479434147,0.0054507680097110045,45.40181614454456,9.378140289800527,TRUE,0,FALSE
7212,Soldadores y oxicortadores,72,"Operarios de la metalurgia y operarios de máquinas herramientas; mecánicos de vehículos, maquinarias, aviones y bicicletas",721,"Moldeadores, soldadores, chapistas, caldereros, montadores de estructuras metálicas, aparejadores y empalmadores de cables no eléctricos",7,Artesanos y operarios de oficios,2017,892,83532,461851.1828973721,43.70697618619159,0.5337168605557366,0.695805200402241,0.28489680601446155,0.018376191160273905,0.01021165541349423,42.64275966096825,10.87397710652597,TRUE,0,FALSE
5131,Garzones de mesa,51,Trabajadores de los servicios a las personas,513,Garzones de mesa y bármanes,5,Trabajadores de los servicios y vendedores de comercios y mercados,2017,786,81749,493967.69229797344,38.910341195777306,0.6222135420174293,0.9422622906702223,0.0462268651604301,0.005529119622258377,0.548667261984856,31.436311147536973,12.746485484867202,TRUE,1,FALSE
2342,Educadores de párvulos,23,Profesionales de la educación,234,Profesores de educación básica y educadores de párvulos,2,"Profesionales, científicos e intelectuales",2017,1067,81138,496914.9718370884,41.71878662275021,0.910175129095687,0.9857033695678966,0.013618772954719121,6.778574773842097e-4,0.9902635016884813,36.67451748872292,15.227364684563925,TRUE,0,FALSE
8331,Conductores de buses y trolebuses,83,Conductores de vehículos y operadores de equipos pesados y móviles,833,"Conductores de buses, trolebuses y camiones pesados",8,"Operadores de instalaciones, máquinas y ensambladores",2017,922,80198,537076.7383084951,49.46644693309362,0.6017029472911826,0.7944462455422828,0.18506695927579242,0.019302226988204194,0.051447667024115316,48.30720217461782,11.241094754823152,TRUE,0,FALSE
7119,Otros operarios de la construcción (obra gruesa) no clasificados previamente,71,Operarios de la construcción (no incluye electricistas),711,Operarios de la construcción en obra gruesa,7,Artesanos y operarios de oficios,2017,823,77598,552030.3739214055,45.27006913274519,0.5349291192191494,0.6718729864171757,0.2823526379545865,0.04577437562823784,0.02940797443233073,44.467898657181884,11.092152833771166,TRUE,0,FALSE
3343,Secretarios administrativos y ejecutivos,33,Técnicos en operaciones financieras y administrativas,334,"Supervisores de oficina, secretarios administrativos y especializados",3,Técnicos y profesionales de nivel medio,2017,826,76562,687256.1083375202,44.99917713748334,0.8153106705694518,0.9535539823933544,0.03273164232909276,0.012238447271492385,0.6291632924949714,42.63325148245866,14.595846687332529,TRUE,1,FALSE
2330,Profesores de educación media,23,Profesionales de la educación,233,Profesores de educación media,2,"Profesionales, científicos e intelectuales",2017,790,76005,787944.279677564,38.27925040881996,0.9011740331491712,0.9290967699493454,0.06804815472666272,0.002855075323991843,0.5317413328070522,41.17710676929149,17.09151025580106,TRUE,0,FALSE
7512,"Panaderos, pasteleros y confiteros",75,"Operarios de procesamiento de alimentos, de la confección, ebanistas y otros oficios",751,"Operarios de procesamiento, elaboración, conservación, cata y clasificación de alimentos, bebidas y tabaco",7,Artesanos y operarios de oficios,2017,840,69430,321320.88846307504,39.80718426441323,0.4279114655022387,0.5565749675932594,0.41387008497767536,0.019530462336165923,0.5213884487973498,41.997781938643236,10.963742278176403,TRUE,0,FALSE
5312,Asistentes de aula e inspectores de patio,53,Trabajadores de los cuidados personales,531,"Cuidadores de niños, asistentes de aula e inspectores de patio",5,Trabajadores de los servicios y vendedores de comercios y mercados,2017,789,65707,282462.9871948227,38.51310096886235,0.5689351843787559,0.8390582434139437,0.1554933264340177,0.00133927892005418,0.9179691661466814,42.8385864519762,11.32807222256341,TRUE,1,FALSE
2411,Contadores,24,Profesionales de negocios y administración,241,"Contadores, asesores y analistas financieros y en inversiones",2,"Profesionales, científicos e intelectuales",2017,536,62671,1174569.8243605045,44.72250252270434,0.896994009606217,0.8330009095115763,0.15704233217915783,0.009956758309265849,0.4290341625313143,41.87384914872908,16.487340053355485,TRUE,1,FALSE
9333,Obreros de carga,93,"Obreros de la minería, la construcción, la industria manufacturera y el transporte",933,Obreros del transporte y almacenamiento,9,Ocupaciones elementales,2017,640,61264,322777.8836864721,41.24619678767302,0.7465508526928621,0.9147296944371899,0.07640702533298512,0.007165709062418386,0.22412836249673543,35.50656176547401,11.149584895773634,TRUE,1,FALSE
2142,"Ingenieros civiles, ingenieros en construcción y constructores civiles",21,Profesionales de las ciencias y de la ingeniería,214,Ingenieros (excluyendo ingenieros en electrotecnología),2,"Profesionales, científicos e intelectuales",2017,441,55547,1849789.5064440698,45.05435036995697,0.8635461959244194,0.9039732118746286,0.07179505643869157,0.024231731686679747,0.19185554575404612,39.70102795830558,17.246220458235612,TRUE,0,FALSE
7411,Electricistas de obras,74,Trabajadores especializados en electricidad y electrónica,741,"Electricistas, instaladores y reparadores de equipos y líneas eléctricas",7,Artesanos y operarios de oficios,2017,562,55011,467881.4914027811,44.614040828198,0.5631663900697933,0.7519041646216211,0.21733835051171585,0.030321208485575613,0.01666939339404846,39.80792932322626,12.153745096250342,TRUE,0,FALSE
9621,"Mensajeros, estafetas, maleteros y repartidores de folletos y diarios a domicilio",96,Recolectores de desechos y otras ocupaciones elementales,962,Otras ocupaciones elementales,9,Ocupaciones elementales,2017,464,54173,355845.0997082353,41.87886735994385,0.7092300865320612,0.925368726118177,0.06298340501725952,0.011647868864563527,0.14018053273771067,39.93546600705148,11.326873312854882,TRUE,0,FALSE
7131,Pintores y empapeladores de paredes,71,Operarios de la construcción (no incluye electricistas),713,"Pintores, limpiadores de fachadas y deshollinadores",7,Artesanos y operarios de oficios,2017,443,53969,359911.7887517913,41.06185032148085,0.47257618870881274,0.645203728066112,0.3529248272156238,0.0018714447182641887,0.009709277548222128,43.23202208675351,9.557743490480002,TRUE,0,FALSE
5311,Cuidadores de niños en instituciones y a domicilios,53,Trabajadores de los cuidados personales,531,"Cuidadores de niños, asistentes de aula e inspectores de patio",5,Trabajadores de los servicios y vendedores de comercios y mercados,2017,619,53271,292467.26318017393,39.14084586360308,0.5364984131124734,0.8263595577331005,0.16389780556024855,0.004317546132041824,0.9049576692759663,41.99684631412964,11.894859857124008,TRUE,1,FALSE
5212,Vendedores ambulantes de productos comestibles de consumo inmediato (elaboración propia),52,Vendedores,521,Vendedores en quioscos o puestos de feria y vendedores ambulantes de comidas y bebidas de consumo inmediato (elaboración propia),5,Trabajadores de los servicios y vendedores de comercios y mercados,2017,573,51782,233754.6882288229,35.84180114020678,0.017678335791352945,0.06162373025375613,0.9107025607353907,0.013576146151172221,0.5287358541578154,46.10343362558418,9.295058704610838,TRUE,0,FALSE
2310,Profesores de la educación superior,23,Profesionales de la educación,231,Profesores de la educación superior,2,"Profesionales, científicos e intelectuales",2017,449,51089,1409111.2565082868,36.95691831901192,0.5827008976972115,0.9612245297422146,0.03877547025778543,0,0.3614672434379221,43.65333046252618,18.139687462722176,TRUE,0,FALSE
3332,Organizadores de conferencias y eventos,33,Técnicos en operaciones financieras y administrativas,333,"Agentes de aduana, organizadores de eventos, agentes de empleo, de bienes raíces y otros agentes de servicios comerciales",3,Técnicos y profesionales de nivel medio,2017,562,50079,714532.6120087731,45.78786108537126,0.8679264982250992,0.9077657301463687,0.060304718544699376,0.026078795503105094,0.42263224105912656,42.02657800674934,13.855729959157523,TRUE,0,FALSE
5141,Peluqueros,51,Trabajadores de los servicios a las personas,514,"Peluqueros, cosmetólogos y especialistas en tratamientos de belleza",5,Trabajadores de los servicios y vendedores de comercios y mercados,2017,444,48986,344397.5087875463,35.6746553595936,0.10241102662393431,0.37588290531988733,0.6040501367737721,0.020066957906340586,0.8807210223329115,38.93098028008002,12.278462074477897,TRUE,1,FALSE
2431,Profesionales de la publicidad y la comercialización,24,Profesionales de negocios y administración,243,"Profesionales de la publicidad, relaciones públicas y de las ventas técnicas, médicas y de tecnología de la información y las comunicaciones",2,"Profesionales, científicos e intelectuales",2017,385,48726,1266914.5785893835,43.38102860895621,0.8223000426515815,0.8747896400279112,0.10815581003981448,0.01594631203053811,0.42882649919960597,38.550322209908465,16.79928692139648,TRUE,1,FALSE
5153,Conserjes,51,Trabajadores de los servicios a las personas,515,"Supervisores de mantenimiento y limpieza, mayordomos domésticos y conserjes",5,Trabajadores de los servicios y vendedores de comercios y mercados,2017,319,47774,361864.33322139847,44.63736055965211,0.7842217381938295,0.9880478921589149,0.010947377234479005,0.0010047306066061038,0.06306777745217064,50.04709674718466,11.942157439301017,TRUE,0,FALSE
9520,Vendedores ambulantes (excluyendo comida de consumo inmediato),95,Trabajadores ambulantes de servicios y vendedores ambulantes (excluyendo comida de consumo inmediato),952,Vendedores ambulantes (excluyendo comida de consumo inmediato),9,Ocupaciones elementales,2017,537,47261,212086.57922515934,33.567677366115824,0.006374163391054924,0.019085503903853072,0.9692558346205117,0.008315524428175451,0.561181523878039,44.727365057870124,9.950978723404255,TRUE,0,FALSE
7543,"Clasificadores, probadores de productos e inspectores de calidad (excluyendo alimentos y bebidas)",75,"Operarios de procesamiento de alimentos, de la confección, ebanistas y otros oficios",754,"Buzos, dinamiteros, clasificadores, probadores e inspectores de calidad de productos no comestibles, fumigadores y otros oficios",7,Artesanos y operarios de oficios,2017,421,45824,895859.424781681,48.952608705147526,0.8586261980830671,0.97996682960893855,0.020033170391061454,0,0.2904155027932961,33.778042074022345,15.53303300019682,TRUE,0,FALSE
7522,Ebanistas y mueblistas,75,"Operarios de procesamiento de alimentos, de la confección, ebanistas y otros oficios",752,"Operarios del tratamiento de la madera, ebanistas y operarios de máquinas para trabajar madera",7,Artesanos y operarios de oficios,2017,435,44312,388053.30085858225,43.41737402925772,0.3227639250713311,0.48636938075464886,0.46709694890774506,0.037077992417403866,0.04154630799783354,46.34076548113378,10.490930993726703,TRUE,0,FALSE
9321,Empacadores manuales,93,"Obreros de la minería, la construcción, la industria manufacturera y el transporte",932,Empacadores manuales y obreros de la industria manufacturera,9,Ocupaciones elementales,2017,436,44122,283757.6311717967,34.90188568061285,0.49133318539339693,0.8696568605230951,0.1266261728842754,0.002243778613843434,0.5554598612936857,31.80066633425502,12.205420794898075,TRUE,0,FALSE
5222,"Supervisores de locales comerciales, tiendas y almacenes",52,Vendedores,522,"Comerciantes, dueños - operadores, supervisores y vendedores de tiendas, almacenes y puestos de mercado",5,Trabajadores de los servicios y vendedores de comercios y mercados,2017,453,43943,418540.1447968143,43.00833048042907,0.5805675542675925,0.7744578203581913,0.17823089001661244,0.01185626834763216,0.6371435723550963,38.203377102155066,12.218210470209264,TRUE,1,FALSE
2611,Abogados,26,"Profesionales en derecho, ciencias sociales y culturales",261,"Abogados, jueces y otros profesionales del derecho",2,"Profesionales, científicos e intelectuales",2017,389,43464,2136750.7522905683,41.0734170808025,0.7868892172775503,0.6890990244800295,0.2688661881097,0.04010215350635008,0.39405024848150194,39.475635008282715,17.508005990093306,TRUE,0,FALSE
6111,Agricultores y trabajadores calificados de cultivos extensivos,61,Agricultores y trabajadores calificados de explotaciones agropecuarias cuya producción se destina al mercado,611,"Agricultores y trabajadores calificados de cultivos extensivos, plantaciones de árboles y arbustos, huertas, invernaderos, viveros y jardines y de cultivos mixtos",6,"Agricultores y trabajadores calificados agropecuarios, forestales y pesqueros",2017,846,41995,434152.17514138186,46.9916485719058,0.16051824745326873,0.20581021550184544,0.7032027622335992,0.07950946541254911,0.12827717585426837,51.27658054530301,8.356795709736886,TRUE,0.04362424098106917,FALSE
7533,Costureros y bordadores,75,"Operarios de procesamiento de alimentos, de la confección, ebanistas y otros oficios",753,"Sastres, modistos, patronistas de tela, costureros, tapiceros, apelambradores y zapateros",7,Artesanos y operarios de oficios,2017,415,40072,158605.17013555343,28.081852665202636,0.06678342978982638,0.14426532241964463,0.8347474545817528,0.015247554402076263,0.9332202036334598,51.50237073268117,10.663052796127275,TRUE,0,FALSE
7233,Mecánicos y reparadores de máquinas agrícolas e industriales,72,"Operarios de la metalurgia y operarios de máquinas herramientas; mecánicos de vehículos, maquinarias, aviones y bicicletas",723,"Mecánicos de vehículos, motores de aviones, reparadores de máquinas agrícolas, industriales y bicicletas",7,Artesanos y operarios de oficios,2017,458,39202,674263.8169900909,47.060405081373396,0.7564933901766202,0.8713841130554564,0.10509667874088056,0.02351920820366308,0.027090454568644458,41.47191469822968,12.749807682445253,TRUE,1,FALSE
9412,Ayudantes de cocina,94,Cocineros de comida rápida y ayudantes de cocina,941,Cocineros de comida rápida y ayudantes de cocina,9,Ocupaciones elementales,2017,432,38617,290117.3354033942,41.64413235560853,0.8074962776314283,0.9720848331045913,0.01600331460237719,0.007923971307973173,0.7000025895331072,45.6848538208561,10.08332253130428,TRUE,1,FALSE
3313,Técnicos y asistentes en contabilidad,33,Técnicos en operaciones financieras y administrativas,331,"Agentes de bolsas, ejecutivos de créditos, asistentes contables y otros técnicos en finanzas y matemáticas",3,Técnicos y profesionales de nivel medio,2017,375,38118,662771.8312367864,43.383316704300796,0.8730132060889143,0.8381866834566346,0.14386903824964584,0.015976703919408152,0.5756860275985098,42.30848942756703,14.21636674110075,TRUE,0,FALSE
2149,Otros ingenieros no clasificados previamente,21,Profesionales de las ciencias y de la ingeniería,214,Ingenieros (excluyendo ingenieros en electrotecnología),2,"Profesionales, científicos e intelectuales",2017,338,38076,1672988.390411866,44.9252022271247,0.9348856623237232,0.9471583149490492,0.03978884336589978,0.01305284168505095,0.373883811324719,37.144552999264626,16.94986123959297,TRUE,1,FALSE
9411,Cocineros de comida rápida,94,Cocineros de comida rápida y ayudantes de cocina,941,Cocineros de comida rápida y ayudantes de cocina,9,Ocupaciones elementales,2017,459,37642,338910.7150371798,41.95584719196642,0.622109090909091,0.7929174857871526,0.19000053132139633,0.010892088624408904,0.6929227990011158,39.788640348546835,11.23790290436585,TRUE,1,FALSE
2634,Psicólogos,26,"Profesionales en derecho, ciencias sociales y culturales",263,"Economistas, especialistas en ciencias sociales, humanidades, ciencias políticas y teología",2,"Profesionales, científicos e intelectuales",2017,366,37517,1226380.448331366,37.71852760082096,0.743172696822475,0.826931790921449,0.14233547458485488,0.030732734493696193,0.6981901537969454,35.48170162859504,17.432607352901684,TRUE,0,FALSE
7126,Gásfiter e instaladores de tuberías,71,Operarios de la construcción (no incluye electricistas),712,Operarios de la construcción en trabajos de terminación,7,Artesanos y operarios de oficios,2017,395,36897,423859.2247899738,41.29555248394178,0.49397666550731967,0.6211887145296365,0.35371439412418354,0.025096891346179907,0.010624169986719787,45.171179228663576,10.364525523380406,TRUE,0,FALSE
5419,Otro personal de los servicios de protección no clasificados previamente,54,Personal de los servicios de protección y seguridad,541,Personal de los servicios de protección y seguridad,5,Trabajadores de los servicios y vendedores de comercios y mercados,2017,453,36625,438491.7301477696,45.97695563139932,0.8621684373460916,0.9904982935153583,0.0071262798634812285,0.0023754266211604095,0.13187713310580204,44.05329692832765,11.667131566713156,TRUE,0,FALSE
5322,Trabajadores de los cuidados personales a domicilio,53,Trabajadores de los cuidados personales,532,Trabajadores de los cuidados personales en instituciones y a domicilio,5,Trabajadores de los servicios y vendedores de comercios y mercados,2017,320,35458,337821.7109996793,46.840233515708725,0.2505190311418685,0.8049805403576061,0.18980201929042811,0.0015229285351683682,0.9484178464662417,45.812369563991204,11.723532747377375,TRUE,0,FALSE
3322,"Representantes comerciales (excepto venta de productos y servicios industriales, farmacéuticos y de tecnologías de la información y las comunicaciones)",33,Técnicos en operaciones financieras y administrativas,332,"Agentes de seguros, representantes comerciales, agentes de compras y consignatarios",3,Técnicos y profesionales de nivel medio,2017,286,35322,978528.0441329781,43.74726799161996,0.8946950845685023,0.9415095407961044,0.041050903119868636,0.01743955608402695,0.43782911499915067,39.32251854368382,14.975639602720625,TRUE,1,FALSE
5249,Otros vendedores no clasificados previamente,52,Vendedores,524,Modelos y promotores y otros vendedores no clasificados previamente,5,Trabajadores de los servicios y vendedores de comercios y mercados,2017,338,33876,462910.7777508996,42.12835045459913,0.5054192229038855,0.7025918054079584,0.268626756405715,0.01381509032943677,0.5068189868933758,39.618609044751445,12.085018437016771,TRUE,1,FALSE
4110,Trabajadores de tareas administrativas generales,41,Oficinistas,411,Trabajadores de tareas administrativas generales,4,Personal de apoyo administrativo,2017,351,33327,533528.1477911404,44.888108740660726,0.8164920581277458,0.9804362828937498,0.01596303297626549,0.003600684129984697,0.5072763825126774,42.48129144537462,13.112789435600579,TRUE,1,FALSE
4311,Auxiliares y ayudantes de registros de contabilidad y cálculo de costos,43,Auxiliares y ayudantes de registros contables y encargados del registro de materiales,431,Auxiliares y ayudantes de registros contables y financieros,4,Personal de apoyo administrativo,2017,299,33206,486480.6869720549,42.33873396374149,0.74749825459623,0.9000481840631211,0.08311750888393664,0.01683430705294224,0.7066192856712642,39.87604649762091,13.109372635656568,TRUE,1,FALSE
5321,Trabajadores de los cuidados personales en instituciones,53,Trabajadores de los cuidados personales,532,Trabajadores de los cuidados personales en instituciones y a domicilio,5,Trabajadores de los servicios y vendedores de comercios y mercados,2017,340,32914,420755.3434006547,46.10816066111685,0.7824347700735188,0.9599562496202224,0.03861578659536975,0.0014279637844078507,0.7516558303457496,40.24615665066537,12.817580541924473,TRUE,1,FALSE
5412,Carabineros,54,Personal de los servicios de protección y seguridad,541,Personal de los servicios de protección y seguridad,5,Trabajadores de los servicios y vendedores de comercios y mercados,2017,357,32539,793807.9666553981,57.27628339283516,0.9669343256299778,1,0,0,0.1451796305971296,35.6451949967731,13.045972410395368,TRUE,0,FALSE
3255,Técnicos y asistentes fisioterapeutas,32,Técnicos de la salud,325,"Técnicos en odontología, ópticos, técnicos en prevención de riesgos y otros técnicos en salud",3,Técnicos y profesionales de nivel medio,2017,290,32411,733634.3298499968,34.301101477893305,0.8016049632476904,0.5978217271913856,0.3955138687482645,0.006664404060349881,0.6931905834438925,35.77276233377557,16.159587397550563,TRUE,1,FALSE
3122,Supervisores de industrias manufactureras,31,Técnicos de las ciencias y la ingeniería,312,"Supervisores de minas, de industrias manufactureras y de la construcción",3,Técnicos y profesionales de nivel medio,2017,303,32339,412048.6866171591,45.256501437892325,0.7660987936093903,0.9051300287578465,0.09248894523640187,0,0.1399548532731377,40.730263768205575,10.989383105828459,TRUE,1,FALSE
8342,Operadores de máquinas de movimiento de tierras,83,Conductores de vehículos y operadores de equipos pesados y móviles,834,"Operadores de maquinaria agrícola, forestal, máquinas de movimiento de tierras, grúas y montacargas",8,"Operadores de instalaciones, máquinas y ensambladores",2017,450,32163,631712.5338725024,50.6205266921618,0.8649693981638898,0.9421073904797438,0.05223393340173491,0.005658676118521282,0.015576905139445946,41.9067562105525,10.849414791803948,TRUE,0,FALSE
3312,Ejecutivos de préstamos y créditos,33,Técnicos en operaciones financieras y administrativas,331,"Agentes de bolsas, ejecutivos de créditos, asistentes contables y otros técnicos en finanzas y matemáticas",3,Técnicos y profesionales de nivel medio,2017,259,31793,924951.4166693066,42.466140345359044,0.9469210630133056,0.944893530022332,0.047148743434089264,0.007957726543578776,0.53993017330859,38.81624885981191,15.199653870358716,TRUE,0,FALSE
4322,Empleados de cálculo de los insumos y materiales para la producción,43,Auxiliares y ayudantes de registros contables y encargados del registro de materiales,432,Empleados encargados del registro de materiales y de transportes,4,Personal de apoyo administrativo,2017,272,31286,612347.6421100353,44.79633062711756,0.8305756424398415,0.9434571373777408,0.027008885763600332,0.0168765582049479,0.30480086939845297,40.71568752796778,12.595146625688308,TRUE,0,FALSE
1346,"Directores, gerentes y administradores de servicios financieros",13,"Directores, gerentes y administradores de producción y operaciones",134,"Directores, gerentes y administradores de servicios de cuidados a personas, bienestar social, educación, servicios financieros y de otros servicios profesionales",1,"Directores, gerentes y administradores",2017,229,30365,2061757.6281010974,45.244179911626986,0.827078017993823,0.35096328009221145,0.3112135682529228,0.3378231516548658,0.20833196113946978,44.25829079532356,16.581590647126625,TRUE,0,FALSE
2635,Profesionales del trabajo social,26,"Profesionales en derecho, ciencias sociales y culturales",263,"Economistas, especialistas en ciencias sociales, humanidades, ciencias políticas y teología",2,"Profesionales, científicos e intelectuales",2017,361,30121,914380.1834129716,43.09846950632449,0.6815815567674764,0.9868862255569204,0.011951794429135819,0.0011619800139437602,0.8200258955545965,36.94087181700475,17.020657714990172,TRUE,0,FALSE
7214,Montadores de estructuras metálicas,72,"Operarios de la metalurgia y operarios de máquinas herramientas; mecánicos de vehículos, maquinarias, aviones y bicicletas",721,"Moldeadores, soldadores, chapistas, caldereros, montadores de estructuras metálicas, aparejadores y empalmadores de cables no eléctricos",7,Artesanos y operarios de oficios,2017,259,28990,599571.4081646822,44.69417040358744,0.6961703210483905,0.8411521214211797,0.14777509486029666,0.011072783718523629,0.016833390824422215,40.25605381165919,10.912245601931701,TRUE,0,FALSE
1412,"Directores, gerentes y administradores de restaurantes",14,"Directores, gerentes y administradores de hoteles, restaurantes, comercios y de otros servicios",141,"Directores, gerentes y administradores de hoteles y restaurantes",1,"Directores, gerentes y administradores",2017,392,28339,1162518.2127974578,51.235628731936544,0.831126531190257,0.101485585235894,0.5355164261265394,0.35936342143336036,0.5087335474081655,48.3595045696743,13.093416307191854,TRUE,1,FALSE
2421,Especialistas y asesores de gestión,24,Profesionales de negocios y administración,242,"Especialistas y asesores de gestión, políticas corporativas, políticas públicas y desarrollo del personal",2,"Profesionales, científicos e intelectuales",2017,203,27726,1349570.7783332118,45.49386857101637,0.8749417430480038,0.8234148452715863,0.16966024669984853,0.0053018827093702665,0.314217701796148,40.50421986582991,16.512978315172138,TRUE,1,FALSE
8183,"Operadores de máquinas de embalaje, embotellamiento y etiquetado",81,Operadores de instalaciones fijas y máquinas,818,"Operadores de máquinas de instalaciones de vidriería, cerámica y operadores de máquinas de vapor y calderas, de embotellamiento, de etiquetado y otros operadores de máquinas e instalaciones",8,"Operadores de instalaciones, máquinas y ensambladores",2017,211,27051,406896.55072302144,47.001330819563044,0.949427214305672,1,0,0,0.4696684041255407,37.343721119367125,11.056042290488337,TRUE,1,FALSE
1431,"Directores, gerentes y administradores de centros deportivos, de esparcimiento y culturales",14,"Directores, gerentes y administradores de hoteles, restaurantes, comercios y de otros servicios",143,"Directores, gerentes y administradores de centros deportivos, de esparcimiento, culturales y de otros servicios",1,"Directores, gerentes y administradores",2017,299,26513,1558627.8601934237,43.042195527349655,0.8205015923566878,0.27209293554105535,0.39953984837626827,0.3278014558895636,0.3090559348244257,44.55067325462981,15.111727144113486,TRUE,0,FALSE
3512,Técnicos en asistencia al usuario de tecnología de la información y las comunicaciones,35,Técnicos de la tecnología de la información y las comunicaciones,351,"Técnicos en operaciones de tecnología de la información, las comunicaciones y asistencia al usuario; técnicos en redes y técnicos de la web",3,Técnicos y profesionales de nivel medio,2017,183,26223,854763.2198874727,43.82271288563475,0.914804714989444,0.8916981275979102,0.10738664531136788,9.152270907218854e-4,0.09762422301033444,36.380200587270714,14.971475422339168,TRUE,0,FALSE
7412,Mecánicos y ajustadores electricistas,74,Trabajadores especializados en electricidad y electrónica,741,"Electricistas, instaladores y reparadores de equipos y líneas eléctricas",7,Artesanos y operarios de oficios,2017,266,25855,585951.4934560566,46.79466254109457,0.6619482990671555,0.8348095146006576,0.15664281570295882,0.008547669696383679,0.008044865596596402,39.40344227422162,12.601892793421767,TRUE,0,FALSE
2422,Especialistas en políticas de administración,24,Profesionales de negocios y administración,242,"Especialistas y asesores de gestión, políticas corporativas, políticas públicas y desarrollo del personal",2,"Profesionales, científicos e intelectuales",2017,245,25815,1366303.4621921135,43.673406933953125,0.8594416355242911,0.8871586287042417,0.08801084640712764,0.02149912841371296,0.4326554328878559,40.199961262831685,16.510668951016275,TRUE,1,FALSE
8343,Operadores de grúas y aparatos elevadores,83,Conductores de vehículos y operadores de equipos pesados y móviles,834,"Operadores de maquinaria agrícola, forestal, máquinas de movimiento de tierras, grúas y montacargas",8,"Operadores de instalaciones, máquinas y ensambladores",2017,308,25493,496971.9891075333,46.366885027262384,0.848243283141423,0.9737575020593888,0.026242497940611148,0,0.004903306790099243,41.394068960106694,11.207630112253709,TRUE,0,FALSE
2166,Diseñadores gráficos y de multimedia,21,Profesionales de las ciencias y de la ingeniería,216,"Arquitectos, diseñadores, urbanistas, cartógrafos y agrimensores",2,"Profesionales, científicos e intelectuales",2017,206,25296,783361.2296917627,40.65520240354206,0.8418647166361974,0.6040085388994307,0.37836021505376344,0.01763124604680582,0.45659392789373815,34.48667773561037,15.916868763169404,TRUE,1,FALSE
7511,Carniceros y pescaderos,75,"Operarios de procesamiento de alimentos, de la confección, ebanistas y otros oficios",751,"Operarios de procesamiento, elaboración, conservación, cata y clasificación de alimentos, bebidas y tabaco",7,Artesanos y operarios de oficios,2017,315,25250,399508.57456193597,45.97176237623762,0.8307457125113458,0.9402376237623762,0.043247524752475244,0.007564356435643564,0.29425742574257424,40.63390099009901,10.053862678017344,TRUE,0,FALSE
6210,Trabajadores forestales calificados,62,"Trabajadores forestales calificados, pescadores y cazadores cuya producción se destina al mercado",621,Trabajadores forestales calificados,6,"Agricultores y trabajadores calificados agropecuarios, forestales y pesqueros",2017,506,25175,445526.67261687916,42.6580527173697,0.4191735975933463,0.6171996027805362,0.3458192651439921,0.030228401191658393,0.029990069513406156,44.80977159880834,8.213848477621433,TRUE,0.021132075471698115,FALSE
6121,Criadores de ganado,61,Agricultores y trabajadores calificados de explotaciones agropecuarias cuya producción se destina al mercado,612,Trabajadores calificados de la cría de animales,6,"Agricultores y trabajadores calificados agropecuarios, forestales y pesqueros",2017,539,24982,393595.8104418972,46.95436714434393,0.3018505884359543,0.44452005443919623,0.517572652309663,0.03010167320470739,0.12801216876150828,50.00308221919782,8.254503242334481,TRUE,0.17032263229525257,FALSE
4223,Telefonistas,42,Empleados en trato directo con el público,422,Empleados de servicios de información al cliente,4,Personal de apoyo administrativo,2017,179,24806,395113.21532876487,43.3612895256917,0.7922436203512123,0.992542126904781,0.007457873095218899,0,0.7205514794807708,34.13279045392244,13.600943320164477,TRUE,0,FALSE
5142,Cosmetólogos y especialistas en tratamientos de belleza,51,Trabajadores de los servicios a las personas,514,"Peluqueros, cosmetólogos y especialistas en tratamientos de belleza",5,Trabajadores de los servicios y vendedores de comercios y mercados,2017,260,24586,362484.4028267087,33.93242857725068,0.08594038295953094,0.23078174570894006,0.7435532416822582,0.025665012608801756,0.8041161636703815,40.30586512649475,12.311315382738144,TRUE,1,FALSE
4225,"Empleados de informaciones, reclamos o sugerencias",42,Empleados en trato directo con el público,422,Empleados de servicios de información al cliente,4,Personal de apoyo administrativo,2017,218,24523,421868.47152067674,43.09929453981976,0.8116494572411967,0.9745952779023773,0.024099824654406066,0.0013048974432165721,0.7905639603637402,39.40406964890103,13.189454797537007,TRUE,1,FALSE
2161,Arquitectos,21,Profesionales de las ciencias y de la ingeniería,216,"Arquitectos, diseñadores, urbanistas, cartógrafos y agrimensores",2,"Profesionales, científicos e intelectuales",2017,208,24307,1453663.2329362126,42.37799810754104,0.8052175474832742,0.5792570041551817,0.35948492203891885,0.06125807380589954,0.36841239149216276,38.81750113136134,17.818447360842555,TRUE,1,FALSE
8160,"Operadores de máquinas para elaborar alimentos, bebidas y cigarrillos",81,Operadores de instalaciones fijas y máquinas,816,"Operadores de máquinas para elaborar alimentos, bebidas y cigarrillos",8,"Operadores de instalaciones, máquinas y ensambladores",2017,259,23523,481303.9351911305,45.10062492029078,0.8790220210828412,0.9874590826000085,0.012540917399991497,0,0.2523062534540662,39.89155294817838,11.397775694562808,TRUE,1,FALSE
2352,Educadores para necesidades especiales,23,Profesionales de la educación,235,"Especialistas en métodos pedagógicos, educadores para necesidades especiales y otros profesionales de la educación",2,"Profesionales, científicos e intelectuales",2017,294,23436,649468.5401469262,40.3399897593446,0.9157164105106594,0.97793992148830855,0.012630141662399726,0.009429936849291687,0.9481566820276498,35.39810547875064,16.48715415019763,TRUE,0,FALSE
3321,Agentes de seguros y ejecutivos de fondos de pensiones,33,Técnicos en operaciones financieras y administrativas,332,"Agentes de seguros, representantes comerciales, agentes de compras y consignatarios",3,Técnicos y profesionales de nivel medio,2017,229,22836,851743.5993634285,41.83718689788054,0.8950886982155077,0.8837362059905413,0.10825013137151865,0.008013662637940094,0.6412243825538623,43.84844105797863,14.33797007328097,TRUE,0,FALSE
8341,Operadores de maquinaria agrícola y forestal móvil,83,Conductores de vehículos y operadores de equipos pesados y móviles,834,"Operadores de maquinaria agrícola, forestal, máquinas de movimiento de tierras, grúas y montacargas",8,"Operadores de instalaciones, máquinas y ensambladores",2017,378,22673,388804.953043092,45.66021258765933,0.7843370883882149,0.9698319587174172,0.02319940016760023,0.006968641114982578,0.005733692056631236,45.065893353327745,8.753216322560679,TRUE,0,FALSE
8344,Operadores de autoelevadoras y montacargas,83,Conductores de vehículos y operadores de equipos pesados y móviles,834,"Operadores de maquinaria agrícola, forestal, máquinas de movimiento de tierras, grúas y montacargas",8,"Operadores de instalaciones, máquinas y ensambladores",2017,170,22627,475563.9216198563,45.97569275644142,0.9005779636005903,0.995005966323419,0.004994033676581076,0,0.01281654660361515,38.663587749149244,11.206802416648019,TRUE,0,FALSE
2514,Programadores de aplicaciones,25,Profesionales de tecnología de la información y las comunicaciones,251,"Analistas, desarrolladores y programadores de software, multimedia y aplicaciones",2,"Profesionales, científicos e intelectuales",2017,124,22390,1111180.4852980848,43.67204108977222,0.9516320474777448,0.9422510049129076,0.05774899508709245,0,0.1682447521214828,34.89727556945065,16.629924073246986,TRUE,0,FALSE
3121,Supervisores de minas,31,Técnicos de las ciencias y la ingeniería,312,"Supervisores de minas, de industrias manufactureras y de la construcción",3,Técnicos y profesionales de nivel medio,2017,331,22280,787724.8122057143,52.49268623024831,0.8010217800484001,0.8767504488330341,0.1033213644524237,0.01992818671454219,0.029398563734290842,43.200583482944346,11.594761450814834,TRUE,0,FALSE
7531,"Sastres, modistos, peleteros y sombrereros",75,"Operarios de procesamiento de alimentos, de la confección, ebanistas y otros oficios",753,"Sastres, modistos, patronistas de tela, costureros, tapiceros, apelambradores y zapateros",7,Artesanos y operarios de oficios,2017,250,21758,239822.65923701375,35.68903172107648,0.07093082283446397,0.11843919477893189,0.8495725710083647,0.01907344425039066,0.8532034194319331,48.79221435793731,11.626830288662669,TRUE,0,FALSE
5132,Bármanes,51,Trabajadores de los servicios a las personas,513,Garzones de mesa y bármanes,5,Trabajadores de los servicios y vendedores de comercios y mercados,2017,132,21399,679961.0585785805,39.215196971821115,0.798507824233322,0.9556988644329174,0.044301135567082574,0,0.3286602177671854,29.675265199308377,12.550280636108512,TRUE,1,FALSE
3344,Secretarios médicos,33,Técnicos en operaciones financieras y administrativas,334,"Supervisores de oficina, secretarios administrativos y especializados",3,Técnicos y profesionales de nivel medio,2017,237,21318,591251.7690240452,44.718078619007414,0.8296296296296296,0.9310910967257716,0.04104512618444507,0.01871657754010695,0.6839759827375926,43.109719485880476,14.168313051777618,TRUE,1,FALSE
2212,Médicos especialistas,22,Profesionales de la salud,221,Médicos generales y especialistas,2,"Profesionales, científicos e intelectuales",2017,159,21018,2859864.9050252694,43.751736606718055,0.8002826427093322,0.8683509372918451,0.11399752593015511,0.01765153677799981,0.4359596536302217,41.952992672947,19.052124352331607,TRUE,0.9172138167285184,FALSE
2211,Médicos generales,22,Profesionales de la salud,221,Médicos generales y especialistas,2,"Profesionales, científicos e intelectuales",2017,155,20949,2973302.9088033736,46.193231180485945,0.6905379607420823,0.8923098954604038,0.09737934984963482,0.010310754689961335,0.47978423791111746,42.59754642226359,19.439238932976384,TRUE,1,FALSE
3334,Agentes inmobiliarios,33,Técnicos en operaciones financieras y administrativas,333,"Agentes de aduana, organizadores de eventos, agentes de empleo, de bienes raíces y otros agentes de servicios comerciales",3,Técnicos y profesionales de nivel medio,2017,206,20216,1243338.9246085952,37.65042540561931,0.8685003561448688,0.39602295211713495,0.5742975860704392,0.0296794618124258,0.5914127423822715,46.71013058963197,14.83562524732885,TRUE,0,FALSE
6222,Pescadores en agua dulce y en aguas costeras,62,"Trabajadores forestales calificados, pescadores y cazadores cuya producción se destina al mercado",622,"Trabajadores de explotaciones de acuicultura, pescadores, cazadores y tramperos",6,"Agricultores y trabajadores calificados agropecuarios, forestales y pesqueros",2017,405,20175,389218.7123766135,40.61803819618038,0.1728395061728395,0.2407434944237918,0.7133581164807931,0.04589838909541512,0.061561338289962825,45.82830235439901,9.009353784259492,TRUE,1,FALSE
3422,"Entrenadores, instructores y árbitros de actividades deportivas",34,"Técnicos de servicios jurídicos, sociales, deportivos y culturales",342,"Deportistas, entrenadores, árbitros e instructores de actividades deportivas y recreativas",3,Técnicos y profesionales de nivel medio,2017,169,19853,565228.3568288616,28.645897345489345,0.7600249001400633,0.521482899309928,0.45020903641766985,0.028308064272402157,0.31939757215534176,34.12834332342719,14.853336066413856,TRUE,1,FALSE
2511,Analistas de sistemas,25,Profesionales de tecnología de la información y las comunicaciones,251,"Analistas, desarrolladores y programadores de software, multimedia y aplicaciones",2,"Profesionales, científicos e intelectuales",2017,111,19699,1465503.8403758307,44.554342860043654,0.9022457067371202,0.8762881364536271,0.12041220366516067,0.003299659881212244,0.20026397279049699,38.17300370577187,16.797959287273464,TRUE,1,FALSE
5244,Vendedores por internet y otros medios de comunicación,52,Vendedores,524,Modelos y promotores y otros vendedores no clasificados previamente,5,Trabajadores de los servicios y vendedores de comercios y mercados,2017,211,19551,226150.65375805678,28.331747736688662,0.08149946062567422,0.16694798220039897,0.8287555623753261,0.004296455424274973,0.8289601554907677,40.90276712188635,11.566052346290848,TRUE,1,FALSE
2351,Especialistas en métodos pedagógicos,23,Profesionales de la educación,235,"Especialistas en métodos pedagógicos, educadores para necesidades especiales y otros profesionales de la educación",2,"Profesionales, científicos e intelectuales",2017,212,19445,919571.4722036513,40.56497814348162,0.7977136484037363,0.9576754949858576,0.03944458729750579,0.0028799177166366676,0.7699665723836462,40.614553869889434,16.910930545492185,TRUE,0,FALSE
9215,Obreros forestales,92,"Obreros agropecuarios, pesqueros y forestales",921,"Obreros agropecuarios, de jardinería y horticultura, forestales y pesqueros",9,Ocupaciones elementales,2017,333,18453,280523.2446260636,41.286457486587544,0.5509049773755657,0.7557578713488322,0.21622500406437978,0,0.10123015227876227,45.05419173034195,7.764103397821493,TRUE,0,FALSE
5164,Cuidadores de animales,51,Trabajadores de los servicios a las personas,516,Otros trabajadores de servicios a las personas,5,Trabajadores de los servicios y vendedores de comercios y mercados,2017,189,18048,379430.78218377894,42.72877881205674,0.5765360335020939,0.80646054964539,0.16384086879432624,0.018894060283687942,0.5791777482269503,41.209773936170215,11.325520833333334,TRUE,1,FALSE
4214,Cobradores,42,Empleados en trato directo con el público,421,"Cajeros de bancos y de casas de cambio; receptores de apuestas, prestamistas y cobradores",4,Personal de apoyo administrativo,2017,121,18006,475684.1719982228,43.29801177385316,0.7716695299078556,0.9754526269021437,0.02454737309785627,0,0.5129956681106298,40.51677218704876,12.825835832500278,TRUE,0,FALSE
7422,Instaladores y reparadores en tecnología de la información y las comunicaciones,74,Trabajadores especializados en electricidad y electrónica,742,Instaladores y reparadores de equipos electrónicos y de telecomunicaciones,7,Artesanos y operarios de oficios,2017,173,17864,513217.90225520654,42.53627407075683,0.5919132687849448,0.7450179131213615,0.2549820868786386,0,0.022615315718763993,37.00688535602329,12.527254374158815,TRUE,0.6922861621137483,FALSE
1323,"Directores, gerentes y administradores de empresas de construcción",13,"Directores, gerentes y administradores de producción y operaciones",132,"Directores, gerentes y administradores de producción y operaciones de industrias manufactureras, de minería, de construcción, de almacenamiento y distribución",1,"Directores, gerentes y administradores",2017,160,17340,1453575.053091122,50.190369088812,0.7471604353999054,0.2325836216839677,0.2765282583621684,0.4908881199538639,0.06880046136101499,47.61234140715109,14.846712802768167,TRUE,0.027854671280276817,FALSE
2423,Especialistas en políticas y servicios de personal,24,Profesionales de negocios y administración,242,"Especialistas y asesores de gestión, políticas corporativas, políticas públicas y desarrollo del personal",2,"Profesionales, científicos e intelectuales",2017,143,17184,1576226.5322628606,45.29067737430167,0.940363787836712,0.9340083798882681,0.05412011173184358,0,0.5165270018621974,40.04207402234637,16.26024208566108,TRUE,1,FALSE
2221,Enfermeros profesionales,22,Profesionales de la salud,222,Profesionales de enfermería y matronería,2,"Profesionales, científicos e intelectuales",2017,151,17146,1344250.6045141723,46.882188265484665,0.8115693012600229,1,0,0,0.8527936544966757,36.51732182433221,17.02869213166696,TRUE,1,FALSE
4222,Empleados de centros de llamadas de informaciones,42,Empleados en trato directo con el público,422,Empleados de servicios de información al cliente,4,Personal de apoyo administrativo,2017,188,17038,408543.2419896796,42.81623277182236,0.7943707160565845,0.9695386782486207,0.0282897053644794,0.002171616386899871,0.702782016668623,37.63000352154009,12.996905682832491,TRUE,1,FALSE
0310,Otros miembros de las Fuerzas Armadas,03,Otros miembros de las Fuerzas Armadas,031,Otros miembros de las Fuerzas Armadas,0,Ocupaciones de las fuerzas armadas,2017,243,16804,862619.2971853296,47.449178766960245,0.8872786843929179,0.9970245179719115,0.0029754820280885504,0,0.07426803142109022,36.02541061651988,14.02013942680093,TRUE,1,FALSE
5245,Bomberos de gasolineras,52,Vendedores,524,Modelos y promotores y otros vendedores no clasificados previamente,5,Trabajadores de los servicios y vendedores de comercios y mercados,2017,180,16663,483837.79692345863,42.145351977435034,0.6641472461333893,0.7978155194142711,0.17493848646702276,0.0041409110004200925,0.4939686731080838,37.909980195643044,12.392426333793434,TRUE,1,FALSE
7413,Instaladores y reparadores de líneas eléctricas,74,Trabajadores especializados en electricidad y electrónica,741,"Electricistas, instaladores y reparadores de equipos y líneas eléctricas",7,Artesanos y operarios de oficios,2017,182,16663,505389.9701789264,46.56952529556502,0.7747832200609327,0.8965372381924023,0.08419852367520854,0.019264238132389127,0.013382944247734502,37.15867490847987,12.218448058572886,TRUE,0,FALSE
6112,Agricultores y trabajadores calificados de plantaciones de árboles y arbustos,61,Agricultores y trabajadores calificados de explotaciones agropecuarias cuya producción se destina al mercado,611,"Agricultores y trabajadores calificados de cultivos extensivos, plantaciones de árboles y arbustos, huertas, invernaderos, viveros y jardines y de cultivos mixtos",6,"Agricultores y trabajadores calificados agropecuarios, forestales y pesqueros",2017,244,16535,537178.9075422788,47.61965527668582,0.47958415977019353,0.5158149380102812,0.36746295736316903,0.11672210462654975,0.16776534623525854,49.2226186876323,9.710009239297813,TRUE,0.09603870577562745,FALSE
3253,Podólogos,32,Técnicos de la salud,325,"Técnicos en odontología, ópticos, técnicos en prevención de riesgos y otros técnicos en salud",3,Técnicos y profesionales de nivel medio,2017,207,16449,509172.54556507996,45.00536650811075,0.8435138761386908,0.9668064927959147,0.03319350720408536,0,0.6987658824244635,37.703750987902,14.551388632304946,TRUE,1,FALSE
9312,Obreros de obras públicas,93,"Obreros de la minería, la construcción, la industria manufacturera y el transporte",931,Obreros de la minería y la construcción,9,Ocupaciones elementales,2017,233,16321,356720.8097040392,45.25745971447828,0.8140094907571358,0.9682004779118927,0.02695913240610257,0.0048403896820047795,0.0697873904785246,41.55738006249617,8.87007299270073,TRUE,0,FALSE
2413,Analistas financieros,24,Profesionales de negocios y administración,241,"Contadores, asesores y analistas financieros y en inversiones",2,"Profesionales, científicos e intelectuales",2017,115,16122,1277358.6174659452,45.17638647102711,0.926862059693466,0.818446842823471,0.16350328743332093,0.01804986974320804,0.3461109043542985,36.49516189058429,16.785634536657984,TRUE,1,FALSE
3434,Chefs,34,"Técnicos de servicios jurídicos, sociales, deportivos y culturales",343,"Fotógrafos, decoradores de interior, técnicos en galerías de arte, museos y bibliotecas, chefs y otros técnicos en actividades culturales y artísticas",3,Técnicos y profesionales de nivel medio,2017,182,15864,386129.68163005414,41.74650824748783,0.573309661192484,0.7418683812405447,0.23827534039334342,0.0132375189107413,0.7580055471507816,39.35262228946041,11.285993444276349,TRUE,1,FALSE
2151,Ingenieros eléctricos,21,Profesionales de las ciencias y de la ingeniería,215,Ingenieros en electrotecnología,2,"Profesionales, científicos e intelectuales",2017,115,15623,1560949.8944871796,46.384177174678356,0.9563517005377471,0.8589899507136913,0.12641618127120272,0.014593868015105933,0.01657812199961595,38.896946809191576,17.208095451921228,TRUE,0,FALSE
2141,Ingenieros industriales y de producción,21,Profesionales de las ciencias y de la ingeniería,214,Ingenieros (excluyendo ingenieros en electrotecnología),2,"Profesionales, científicos e intelectuales",2017,124,15050,1666349.6883899234,45.09016611295681,0.9305100608329434,0.9774086378737542,0.022591362126245847,0,0.31169435215946845,37.89860465116279,17.089169435215947,TRUE,1,FALSE
4323,Empleados de servicios de transporte,43,Auxiliares y ayudantes de registros contables y encargados del registro de materiales,432,Empleados encargados del registro de materiales y de transportes,4,Personal de apoyo administrativo,2017,151,14971,587428.5994343053,43.938815042415335,0.801999642920907,0.9095584797274732,0.0794202124106606,0.011021307861866276,0.22804087903279674,39.50804889452942,12.811635829269921,TRUE,0,FALSE
7318,"Artesanos de los tejidos, el cuero y materiales similares",73,Artesanos y operarios de las artes gráficas,731,"Reparadores de instrumentos de precisión, fabricantes y afinadores de instrumentos musicales, pintores de carteles, pintores decorativos y artesanos",7,Artesanos y operarios de oficios,2017,228,14851,208422.97620578777,32.98686957107265,0.15118924508790071,0.19884182883307522,0.7709918524005117,0.022557403541849035,0.6617062824052252,48.045586155814426,9.695191138727543,TRUE,0.4200390546091172,FALSE
2132,Agrónomos y profesionales del ámbito forestal y pesquero,21,Profesionales de las ciencias y de la ingeniería,213,Profesionales de las ciencias biológicas,2,"Profesionales, científicos e intelectuales",2017,176,14823,1222115.880680639,45.593941847129464,0.7972951966423131,0.8263509411050395,0.15739054172569655,0.01625851716926398,0.21169803683464886,40.572960939081156,16.67563920933684,TRUE,0,FALSE
7122,"Instaladores de parqué, cerámicas, baldosas y alfombras",71,Operarios de la construcción (no incluye electricistas),712,Operarios de la construcción en trabajos de terminación,7,Artesanos y operarios de oficios,2017,107,14630,411341.99901422334,44.60786056049214,0.3612347451543431,0.5129186602870813,0.48578263841421737,0.0012987012987012987,0,41.44825700615174,10.30179226644087,TRUE,0,FALSE
2261,NA,NA,NA,NA,NA,NA,NA,2017,149,14361,2698000.126614987,37.85307429844718,0.7270088495575221,0.6584499686651347,0.2849383747649885,0.056611656569876746,0.562843813104937,37.01887055218996,18.169664730174283,TRUE,0,FALSE
7515,"Catadores, clasificadores y controladores de calidad de alimentos y bebidas",75,"Operarios de procesamiento de alimentos, de la confección, ebanistas y otros oficios",751,"Operarios de procesamiento, elaboración, conservación, cata y clasificación de alimentos, bebidas y tabaco",7,Artesanos y operarios de oficios,2017,217,14332,337112.59175551886,45.24846497348591,0.7425663220325399,0.9801144292492325,0.019885570750767512,0,0.5085821936924365,38.31342450460508,10.397774979009236,TRUE,0,FALSE
2144,Ingenieros mecánicos,21,Profesionales de las ciencias y de la ingeniería,214,Ingenieros (excluyendo ingenieros en electrotecnología),2,"Profesionales, científicos e intelectuales",2017,121,14157,1473086.1209136331,46.00861008610086,0.8843328207756705,0.8814720632902451,0.06223069859433496,0.05629723811541994,0.016670198488380306,38.456240728968,17.286251152237114,TRUE,0,FALSE
7114,Operarios en cemento armado,71,Operarios de la construcción (no incluye electricistas),711,Operarios de la construcción en obra gruesa,7,Artesanos y operarios de oficios,2017,139,14118,412838.2763336914,43.581668791613545,0.5552474924569845,0.7839637342399773,0.20179912168862446,0.014237144071398216,0.008145629692591019,42.15660858478538,9.7722694478177,TRUE,0,FALSE
4226,Recepcionistas (funciones generales),42,Empleados en trato directo con el público,422,Empleados de servicios de información al cliente,4,Personal de apoyo administrativo,2017,141,13580,450285.15779748705,43.763917525773195,0.8629708980539189,0.972680412371134,0.005007363770250369,0.0093519882179676,0.7173784977908689,38.900368188512516,13.444427856982907,TRUE,1,FALSE
7124,Instaladores de material aislante y de insonorización,71,Operarios de la construcción (no incluye electricistas),712,Operarios de la construcción en trabajos de terminación,7,Artesanos y operarios de oficios,2017,100,13561,454556.0493326451,43.50984440675467,0.6997549019607843,0.8618096010618685,0.13546198657916084,0.0027284123589705776,0.05132364869847356,38.97905759162304,11.588157215544577,TRUE,0,FALSE
3411,Técnicos de los servicios jurídicos,34,"Técnicos de servicios jurídicos, sociales, deportivos y culturales",341,"Técnicos de los servicios jurídicos, sociales y religiosos",3,Técnicos y profesionales de nivel medio,2017,152,13440,761492.728197457,44.82440476190476,0.8075146562444484,0.9642857142857143,0.029166666666666667,0.006547619047619048,0.47559523809523807,38.99203869047619,15.094270833333333,TRUE,0.25818452380952384,FALSE
1221,"Directores, gerentes y administradores de comercialización",12,Directores y gerentes administrativos y de servicios comerciales,122,"Directores, gerentes y administradores de comercialización, publicidad, relaciones públicas e investigación y desarrollo",1,"Directores, gerentes y administradores",2017,42,13341,1837146.7327786523,49.27426729630462,0.9851846281116041,0.9967768533093472,0.0032231466906528744,0,0.7422981785473353,40.13109961771981,15.75901356719886,TRUE,0,FALSE
9216,Obreros de pesca y acuicultura,92,"Obreros agropecuarios, pesqueros y forestales",921,"Obreros agropecuarios, de jardinería y horticultura, forestales y pesqueros",9,Ocupaciones elementales,2017,232,13311,295353.7135428442,38.833987229786906,0.4374694675134343,0.6143790849673203,0.38562091503267976,0,0.1663286004056795,41.51926977687627,8.980615126306953,TRUE,0,FALSE
2652,"Músicos, cantantes y compositores",26,"Profesionales en derecho, ciencias sociales y culturales",265,"Artistas, actores y locutores de medios de comunicación",2,"Profesionales, científicos e intelectuales",2017,106,12772,514488.0702045329,27.140854995302224,0.8091793264207058,0.33925775133103664,0.6116504854368932,0.04494206075790792,0.14445662386470404,37.81075790792358,14.565941101152369,TRUE,0.4886470404008769,FALSE
9611,Recolectores de basura y material reciclable,96,Recolectores de desechos y otras ocupaciones elementales,961,"Recolectores de basura y material reciclable, clasificadores de desechos y barrenderos de calles y parques",9,Ocupaciones elementales,2017,138,12662,265725.9376494977,40.36913599747275,0.4906655142610199,0.601405781077239,0.39859421892276103,0,0.14681724845995894,45.73163797188438,7.533479070520606,TRUE,0,FALSE
3251,Técnicos y auxiliares paramédicos en odontología,32,Técnicos de la salud,325,"Técnicos en odontología, ópticos, técnicos en prevención de riesgos y otros técnicos en salud",3,Técnicos y profesionales de nivel medio,2017,120,12660,482662.8976472471,41.79862156381209,0.849364592462752,0.9503949447077409,0.04960505529225909,0,0.7954976303317536,34.90916271721959,14.553421177964756,TRUE,0,FALSE
3311,Agentes de bolsa y otros servicios financieros,33,Técnicos en operaciones financieras y administrativas,331,"Agentes de bolsas, ejecutivos de créditos, asistentes contables y otros técnicos en finanzas y matemáticas",3,Técnicos y profesionales de nivel medio,2017,124,12418,1107002.358656958,43.75954259945241,0.9602092284700168,0.9679497503623772,0.032050249637622805,0,0.5308423256563054,39.45055564503141,15.306364004864207,TRUE,0,FALSE
3431,Fotógrafos,34,"Técnicos de servicios jurídicos, sociales, deportivos y culturales",343,"Fotógrafos, decoradores de interior, técnicos en galerías de arte, museos y bibliotecas, chefs y otros técnicos en actividades culturales y artísticas",3,Técnicos y profesionales de nivel medio,2017,108,12205,547532.9501928559,35.69749692244563,0.7584689471936233,0.40639082343301924,0.5909053666530111,0.0027038099139696844,0.17714051618189267,36.91913150348218,14.689717328963539,TRUE,0,FALSE
2432,Profesionales de las relaciones públicas,24,Profesionales de negocios y administración,243,"Profesionales de la publicidad, relaciones públicas y de las ventas técnicas, médicas y de tecnología de la información y las comunicaciones",2,"Profesionales, científicos e intelectuales",2017,116,12000,1490965.2458684654,45.99857537920054,0.9077948528050361,0.8388333333333333,0.14633333333333334,0.014833333333333334,0.4503333333333333,38.733916666666666,16.865045747204338,TRUE,1,FALSE
2354,Otros profesores de música,23,Profesionales de la educación,235,"Especialistas en métodos pedagógicos, educadores para necesidades especiales y otros profesionales de la educación",2,"Profesionales, científicos e intelectuales",2017,115,11937,724710.8773535565,35.41953589679149,0.7352804390289276,0.8002848286839239,0.19351595878361397,0.006199212532462093,0.49752869230124824,39.420457401357126,16.076780758556893,TRUE,0,FALSE
6130,Productores y trabajadores calificados de explotaciones agropecuarias mixtas,61,Agricultores y trabajadores calificados de explotaciones agropecuarias cuya producción se destina al mercado,613,Productores y trabajadores calificados de explotaciones agropecuarias mixtas,6,"Agricultores y trabajadores calificados agropecuarios, forestales y pesqueros",2017,251,11859,476735.1139715284,44.628619957537154,0.16370880115900036,0.22177249346487898,0.72409140736993,0.04570368496500548,0.15734884897546167,50.02175562863648,9.325491188127161,TRUE,0.018972931950417403,FALSE
2512,Desarrolladores de software,25,Profesionales de tecnología de la información y las comunicaciones,251,"Analistas, desarrolladores y programadores de software, multimedia y aplicaciones",2,"Profesionales, científicos e intelectuales",2017,73,11725,1514661.6995543127,44.147377398720685,0.9213548763869963,0.9177825159914712,0.08221748400852878,0,0.10840085287846482,37.10234541577825,16.784733475479744,TRUE,1,FALSE
4312,"Auxiliares y ayudantes de servicios estadísticos, financieros y de seguros",43,Auxiliares y ayudantes de registros contables y encargados del registro de materiales,431,Auxiliares y ayudantes de registros contables y financieros,4,Personal de apoyo administrativo,2017,93,11298,514192.56531030184,39.72711984422022,0.6339448557021778,0.9426447158789166,0.056735705434590195,6.195786864931846e-4,0.6885289431757833,40.276774650380595,14.084324516243564,TRUE,0,FALSE
4132,Digitadores de datos,41,Oficinistas,413,Operadores de equipo de oficina,4,Personal de apoyo administrativo,2017,98,11293,407909.1919928826,42.85398034180466,0.7289052890528905,0.9711325599929159,0.028867440007084036,0,0.5784999557247853,33.46772336845834,13.515788540003548,TRUE,0.0015939077304524926,FALSE
3522,Técnicos de ingeniería de las telecomunicaciones,35,Técnicos de la tecnología de la información y las comunicaciones,352,"Técnicos en radiodifusión, grabación audiovisual y técnicos de las telecomunicaciones",3,Técnicos y profesionales de nivel medio,2017,105,11289,636139.3768312534,45.66392063070246,0.8583665806148791,0.8679245283018868,0.12419169102666312,0.007883780671450085,0.05438922845247586,37.581893878997256,14.249134026112444,TRUE,0,FALSE
5243,Representantes de ventas de puerta a puerta (venta a hogares),52,Vendedores,524,Modelos y promotores y otros vendedores no clasificados previamente,5,Trabajadores de los servicios y vendedores de comercios y mercados,2017,116,10788,271033.30601552996,28.943826473859843,0.05971299239140904,0.13793103448275862,0.8446421950315165,0.017426770485724878,0.7789210233592881,41.516129032258064,11.964882943143813,TRUE,1,FALSE
2250,NA,NA,NA,NA,NA,NA,NA,2017,105,10499,1131114.395177889,44.46252024002286,0.6760141875415651,0.6645394799504715,0.29583769882845984,0.03962282122106867,0.5108105533860368,36.08524621392514,17.554814744261357,TRUE,0,FALSE
8142,Operadores de máquinas para fabricar productos de material plástico,81,Operadores de instalaciones fijas y máquinas,814,"Operadores de máquinas para fabricar productos de caucho, de material plástico y de papel",8,"Operadores de instalaciones, máquinas y ensambladores",2017,67,10423,404621.33368511946,46.33867408615562,0.798754192620987,0.9592247913268732,0.04077520867312674,0,0.09584572579871438,44.73884678115706,10.963254341360452,TRUE,0,FALSE
9613,Barrenderos,96,Recolectores de desechos y otras ocupaciones elementales,961,"Recolectores de basura y material reciclable, clasificadores de desechos y barrenderos de calles y parques",9,Ocupaciones elementales,2017,171,10355,254967.03986546642,40.390439401255435,0.7077352472089314,0.834379526798648,0.14949299855142442,0.016127474649927573,0.410912602607436,48.0625784645099,8.28908322688415,TRUE,1,FALSE
3112,Técnicos en construcción y topógrafos,31,Técnicos de las ciencias y la ingeniería,311,"Técnicos en ciencias físicas, químicas, técnicos en ingeniería y dibujantes técnicos",3,Técnicos y profesionales de nivel medio,2017,107,10352,787017.9313088192,45.11253171969549,0.8740113623705024,0.8671754250386399,0.11128284389489954,0.02154173106646059,0.09350850077279753,38.337229520865534,14.793773936953746,TRUE,0.37239180834621327,FALSE
3118,Delineantes y dibujantes técnicos,31,Técnicos de las ciencias y la ingeniería,311,"Técnicos en ciencias físicas, químicas, técnicos en ingeniería y dibujantes técnicos",3,Técnicos y profesionales de nivel medio,2017,87,10308,705462.2912564002,42.21381451299961,0.780373831775701,0.7100310438494374,0.2171129220023283,0.07285603414823438,0.14309274350019402,37.15822662010089,15.20775896022056,TRUE,0,FALSE
6310,Trabajadores agrícolas de subsistencia,63,"Trabajadores agropecuarios, pescadores, cazadores y recolectores de subsistencia",631,Trabajadores agrícolas de subsistencia,6,"Agricultores y trabajadores calificados agropecuarios, forestales y pesqueros",2017,215,10156,260290.72863520408,41.69003544702639,0.027783290335384004,0.06577392674281213,0.9133517132729421,0.010043324143363529,0.18708152816069318,51.94702638834187,7.4686976239771274,TRUE,1,FALSE
4419,Otro personal de apoyo administrativo no clasificado previamente,44,Otro personal de apoyo administrativo,441,Otro personal de apoyo administrativo,4,Personal de apoyo administrativo,2017,117,10046,530016.176234444,44.13657176985865,0.7203503042897432,0.944654588891101,0.05534541110889907,0,0.4081226358749751,40.9491339836751,13.321919171809675,TRUE,1,FALSE
3359,Agentes de la administración pública para la aplicación de la ley no clasificados previamente,33,Técnicos en operaciones financieras y administrativas,335,Agentes de la administración pública para la aplicación de la ley,3,Técnicos y profesionales de nivel medio,2017,119,9666,990447.2467411546,46.54769294434099,0.812128418549346,0.8988206083178151,0.056797020484171325,0.04438237119801366,0.45313469894475483,41.602007034967926,15.12445685909373,TRUE,0.2302917442582247,FALSE
7213,Chapistas y caldereros,72,"Operarios de la metalurgia y operarios de máquinas herramientas; mecánicos de vehículos, maquinarias, aviones y bicicletas",721,"Moldeadores, soldadores, chapistas, caldereros, montadores de estructuras metálicas, aparejadores y empalmadores de cables no eléctricos",7,Artesanos y operarios de oficios,2017,95,9590,444067.7176225235,45.55036496350365,0.563193952279707,0.7363920750782065,0.24629822732012513,0.017309697601668405,0.024608967674661104,44.400938477580816,10.400617152585657,TRUE,0,FALSE
2655,Actores,26,"Profesionales en derecho, ciencias sociales y culturales",265,"Artistas, actores y locutores de medios de comunicación",2,"Profesionales, científicos e intelectuales",2017,68,9336,1202570.1206192216,34.50674807197944,0.7662798194713089,0.4856469580119966,0.5004284490145673,0.013924592973436161,0.2943444730077121,36.09950728363325,16.222258168877385,TRUE,0,FALSE
1321,"Directores, gerentes y administradores de industrias manufactureras",13,"Directores, gerentes y administradores de producción y operaciones",132,"Directores, gerentes y administradores de producción y operaciones de industrias manufactureras, de minería, de construcción, de almacenamiento y distribución",1,"Directores, gerentes y administradores",2017,83,9244,1705775.3384787473,45.06458243184768,0.7494493392070485,0.37591951536131546,0.2604932929467763,0.3635871916919083,0.237559498052791,50.645391605365646,15.03807875378624,TRUE,1,FALSE
2266,NA,NA,NA,NA,NA,NA,NA,2017,80,9034,805046.9558335178,38.64290458268763,0.7438332511100147,0.7592428603055125,0.2361080363072836,0.0046491033872038965,0.8409342483949525,34.8286473323002,16.249723267655522,TRUE,0,FALSE
5165,Instructores de manejo,51,Trabajadores de los servicios a las personas,516,Otros trabajadores de servicios a las personas,5,Trabajadores de los servicios y vendedores de comercios y mercados,2017,110,8942,419145.5743670886,29.40818608812346,0.6380926130099228,0.7806978304629837,0.19850145381346454,0.02080071572355178,0.5667635875643033,39.97617982554238,13.914013821230316,TRUE,0,FALSE
3341,Supervisores de oficina,33,Técnicos en operaciones financieras y administrativas,334,"Supervisores de oficina, secretarios administrativos y especializados",3,Técnicos y profesionales de nivel medio,2017,100,8866,563667.9261222648,46.44428152492669,0.9099870717517776,0.9646965937288517,0.013083690503045342,0.022219715768102864,0.6171892623505527,38.25265057523122,13.747342230264646,TRUE,1,FALSE
2433,Profesionales de ventas técnicas y médicas (excluyendo las TIC),24,Profesionales de negocios y administración,243,"Profesionales de la publicidad, relaciones públicas y de las ventas técnicas, médicas y de tecnología de la información y las comunicaciones",2,"Profesionales, científicos e intelectuales",2017,87,8858,1030730.4831790472,43.384736960939264,0.8774044626827392,0.8899300067735381,0.07112214946940619,0.03894784375705577,0.3864303454504403,43.2208173402574,14.457665387220592,TRUE,1,FALSE
5242,Promotores de tiendas,52,Vendedores,524,Modelos y promotores y otros vendedores no clasificados previamente,5,Trabajadores de los servicios y vendedores de comercios y mercados,2017,85,8851,381574.3385733,49.53056151847249,0.6381423856671381,0.7053440289232855,0.23985990283583775,0.00689187662411027,0.4408541407750537,39.33035815162128,11.971908187735526,TRUE,1,FALSE
2265,NA,NA,NA,NA,NA,NA,NA,2017,90,8813,849665.1080222399,40.00340406218087,0.7992540295723991,0.8802904799727675,0.1197095200272325,0,0.8290026097810054,35.52104845115171,16.815159423578805,TRUE,0,FALSE
9122,Limpiadores de vehículos,91,Auxiliares de aseo y trabajadores de casa particular,912,"Limpiadores de ropa, vehículos, ventanas y otros limpiadores manuales",9,Ocupaciones elementales,2017,83,8796,300085.8122637051,42.26068667576171,0.26933718272585105,0.3830150068212824,0.6169849931787176,0,0.0538881309686221,36.88392451114143,10.257201411818285,TRUE,1,FALSE
2632,"Sociólogos, antropólogos, geógrafos y arqueólogos",26,"Profesionales en derecho, ciencias sociales y culturales",263,"Economistas, especialistas en ciencias sociales, humanidades, ciencias políticas y teología",2,"Profesionales, científicos e intelectuales",2017,75,8742,1540347.666437886,43.32967284374285,0.7027188170760792,0.8852665293983071,0.08201784488675361,0.03271562571493937,0.42850606268588426,37.52974147792267,17.382978723404257,TRUE,0,FALSE
4416,Empleados y asistentes de recursos humanos,44,Otro personal de apoyo administrativo,441,Otro personal de apoyo administrativo,4,Personal de apoyo administrativo,2017,121,8644,564384.5193197593,45.1105969458584,0.8101453574606942,0.9767468764460898,0.017931513188338733,0.005321610365571495,0.566635816751504,41.82658491439148,13.275219805645534,TRUE,1,FALSE
0210,Suboficiales de las Fuerzas Armadas,02,Suboficiales de las Fuerzas Armadas,021,Suboficiales de las Fuerzas Armadas,0,Ocupaciones de las fuerzas armadas,2017,120,8615,835397.2501465932,47.293317702227434,0.9677584442169908,1,0,0,0.10133488102147417,36.67092280905398,14.152482269503546,TRUE,1,FALSE
7127,Mecánicos de instalaciones de refrigeración y aire acondicionado,71,Operarios de la construcción (no incluye electricistas),712,Operarios de la construcción en trabajos de terminación,7,Artesanos y operarios de oficios,2017,91,8614,581764.907920908,47.27536568377061,0.8127808287568647,0.9463663803111214,0.04794520547945205,0.005688414209426515,0,39.67007197585326,12.54736475504992,TRUE,1,FALSE
3323,Agentes responsables de adquisiciones,33,Técnicos en operaciones financieras y administrativas,332,"Agentes de seguros, representantes comerciales, agentes de compras y consignatarios",3,Técnicos y profesionales de nivel medio,2017,74,8533,930438.5292572248,43.43607172155162,0.841384655127874,0.8944099378881988,0.09117543654048986,0,0.298371030118364,40.75823274346654,14.995312316887379,TRUE,0,FALSE
1219,"Otros directores, gerentes y administradores de servicios administrativos no clasificados previamente",12,Directores y gerentes administrativos y de servicios comerciales,121,"Directores, gerentes y administradores de finanzas, de recursos humanos, políticas empresariales y de servicios administrativos",1,"Directores, gerentes y administradores",2017,86,8481,1682473.614713368,43.357858743072754,0.7669217890456829,0.3450064850843061,0.13595094918052117,0.5190425657351727,0.3670557717250324,49.36186770428016,16.26351992409867,TRUE,0.4702275675038321,FALSE
5112,Revisores y cobradores de los transportes públicos,51,Trabajadores de los servicios a las personas,511,Trabajadores al servicio directo de los pasajeros,5,Trabajadores de los servicios y vendedores de comercios y mercados,2017,101,8442,360156.434569963,44.33357100415924,0.7695865070729053,0.9570007107320541,0.04299928926794598,0,0.2859511963989576,36.95735607675906,11.362117981520967,TRUE,0,FALSE
5329,Otros trabajadores de los cuidados personales en instituciones y a domicilio no clasificados previamente,53,Trabajadores de los cuidados personales,532,Trabajadores de los cuidados personales en instituciones y a domicilio,5,Trabajadores de los servicios y vendedores de comercios y mercados,2017,96,8408,372237.48908243375,39.67649857278782,0.6491181186531266,0.94624167459562325,0.045313986679353,0.008444338725023787,0.9050903901046622,38.86857754519505,11.990604186489058,TRUE,1,FALSE
3333,Agentes de empleo y contratistas de personal,33,Técnicos en operaciones financieras y administrativas,333,"Agentes de aduana, organizadores de eventos, agentes de empleo, de bienes raíces y otros agentes de servicios comerciales",3,Técnicos y profesionales de nivel medio,2017,97,8310,1578267.5691969735,46.68098676293622,0.8174944596532395,0.43465703971119135,0.2821901323706378,0.28315282791817087,0.18507821901323707,44.75451263537906,13.424669073405536,TRUE,0,FALSE
6221,Trabajadores de explotaciones de acuicultura,62,"Trabajadores forestales calificados, pescadores y cazadores cuya producción se destina al mercado",622,"Trabajadores de explotaciones de acuicultura, pescadores, cazadores y tramperos",6,"Agricultores y trabajadores calificados agropecuarios, forestales y pesqueros",2017,155,8240,542654.3240976105,45.62415048543689,0.9123638086215063,0.9722087378640777,0.013470873786407767,0.014320388349514563,0.2684466019417476,40.34259708737864,10.849271844660194,TRUE,0.032524271844660196,FALSE
2656,"Locutores de radio, televisión y otros medios de comunicación",26,"Profesionales en derecho, ciencias sociales y culturales",265,"Artistas, actores y locutores de medios de comunicación",2,"Profesionales, científicos e intelectuales",2017,77,8198,526782.7843376433,30.169031462060456,0.6648740012292563,0.8098316662600634,0.1552817760429373,0.03488655769699927,0.37228592339595024,36.185289094901194,13.682605513539889,TRUE,0,FALSE
5113,Guías de turismo,51,Trabajadores de los servicios a las personas,511,Trabajadores al servicio directo de los pasajeros,5,Trabajadores de los servicios y vendedores de comercios y mercados,2017,81,8148,442270.23854581674,36.99374079528719,0.16871681988864431,0.7423907707412862,0.23932253313696614,0.012272950417280314,0.4020618556701031,32.748159057437405,14.379963122311002,TRUE,0,FALSE
4313,Empleados encargados de las nóminas o registros de remuneraciones,43,Auxiliares y ayudantes de registros contables y encargados del registro de materiales,431,Auxiliares y ayudantes de registros contables y financieros,4,Personal de apoyo administrativo,2017,68,8125,526262.0644421803,43.104615384615386,0.7417827298050139,0.9186461538461539,0.07421538461538461,0.007138461538461539,0.4073846153846154,37.8064,13.474461538461538,TRUE,1,FALSE
8189,Operadores de máquinas y de instalaciones fijas no clasificados previamente,81,Operadores de instalaciones fijas y máquinas,818,"Operadores de máquinas de instalaciones de vidriería, cerámica y operadores de máquinas de vapor y calderas, de embotellamiento, de etiquetado y otros operadores de máquinas e instalaciones",8,"Operadores de instalaciones, máquinas y ensambladores",2017,56,8085,402380.14607297466,45.3400123685838,0.9473019880088356,0.9948051948051948,0.005194805194805195,0,0.5161410018552876,38.370191713048854,11.0152133580705,TRUE,1,FALSE
2146,Ingenieros en minas y metalúrgicos,21,Profesionales de las ciencias y de la ingeniería,214,Ingenieros (excluyendo ingenieros en electrotecnología),2,"Profesionales, científicos e intelectuales",2017,72,8017,1637868.2865161533,48.14007733566172,0.840199572344975,0.9560933017338157,0.03542472246476238,0.008481975801421978,0.22664338281152552,39.972184108768865,17.164560130146416,TRUE,0,FALSE
9622,Auxiliares de mantenimiento (pequeñas reparaciones),96,Recolectores de desechos y otras ocupaciones elementales,962,Otras ocupaciones elementales,9,Ocupaciones elementales,2017,119,7946,324747.58501862694,41.475173720783324,0.7376917945296865,0.8759124087591241,0.12408759124087591,0,0.26466146488799397,48.51661213189026,7.233576642335766,TRUE,1,FALSE
1324,"Directores, gerentes y administradores de empresas de abastecimiento, almacenamiento y distribución",13,"Directores, gerentes y administradores de producción y operaciones",132,"Directores, gerentes y administradores de producción y operaciones de industrias manufactureras, de minería, de construcción, de almacenamiento y distribución",1,"Directores, gerentes y administradores",2017,85,7920,2700839.6136632883,45.95037878787879,0.7712850343733474,0.32095959595959594,0.2053030303030303,0.47373737373737373,0.2724747474747475,50.66388888888889,14.729040404040404,TRUE,0.8087121212121212,FALSE
3412,Técnicos en trabajo social,34,"Técnicos de servicios jurídicos, sociales, deportivos y culturales",341,"Técnicos de los servicios jurídicos, sociales y religiosos",3,Técnicos y profesionales de nivel medio,2017,84,7898,729758.4199306536,41.13193213471765,0.6481481481481481,0.9915168397062547,0.008483160293745252,0,0.6300329197265131,34.72790579893644,16.007251908396945,TRUE,0,FALSE
3511,Técnicos en operaciones de tecnología de la información y las comunicaciones,35,Técnicos de la tecnología de la información y las comunicaciones,351,"Técnicos en operaciones de tecnología de la información, las comunicaciones y asistencia al usuario; técnicos en redes y técnicos de la web",3,Técnicos y profesionales de nivel medio,2017,53,7703,671102.9266692903,42.695832792418535,0.8809454333236066,0.9222380890562119,0.06854472283525899,0.009217188108529145,0.08775801635726341,34.48993898481111,14.540840060199754,TRUE,0,FALSE
7111,Constructores de casas,71,Operarios de la construcción (no incluye electricistas),711,Operarios de la construcción en obra gruesa,7,Artesanos y operarios de oficios,2017,93,7699,403568.38219412614,42.64761657358098,0.36051010173377274,0.49837641252110665,0.46512534095337055,0.0364982465255228,0.06871022210676711,43.14911027406156,10.77711391089752,TRUE,0,FALSE
9212,Obreros de explotaciones ganaderas,92,"Obreros agropecuarios, pesqueros y forestales",921,"Obreros agropecuarios, de jardinería y horticultura, forestales y pesqueros",9,Ocupaciones elementales,2017,106,7669,321613.40852304274,43.341895944712476,0.594776748104465,0.8890337723301603,0.10418568261833355,0,0.3218150997522493,40.535271873777546,8.613406795224977,TRUE,1,FALSE
5413,Gendarmes,54,Personal de los servicios de protección y seguridad,541,Personal de los servicios de protección y seguridad,5,Trabajadores de los servicios y vendedores de comercios y mercados,2017,102,7608,792391.7869348055,47.76590431125131,0.9327599687255669,1,0,0,0.14879074658254468,34.8972134595163,13.879451686601262,TRUE,0,FALSE
3113,Técnicos en electricidad,31,Técnicos de las ciencias y la ingeniería,311,"Técnicos en ciencias físicas, químicas, técnicos en ingeniería y dibujantes técnicos",3,Técnicos y profesionales de nivel medio,2017,78,7514,802701.7959128434,44.16595688048975,0.8063481885219622,0.8412297045515038,0.14213468192706946,0.01663561352142667,0,40.14892201224381,14.39073729039127,TRUE,0,FALSE
9623,Recolectores de dinero en máquinas expendedoras de venta automática y lectores de medidores,96,Recolectores de desechos y otras ocupaciones elementales,962,Otras ocupaciones elementales,9,Ocupaciones elementales,2017,70,7198,377830.57487216947,46.13795498749653,0.7383561643835617,0.9590163934426229,0.040983606557377046,0,0.16963045290358433,40.400944706863015,10.553665107046648,TRUE,0,FALSE
7323,Encuadernadores,73,Artesanos y operarios de las artes gráficas,732,"Tipógrafos, impresores y encuadernadores",7,Artesanos y operarios de oficios,2017,18,7185,289527.49241475295,43.61363952679193,0.8976461655277145,0.930410577592206,0.06958942240779402,0,0.12414752957550453,36.66207376478775,13.49992868349736,TRUE,0.0232428670842032,TRUE
4412,Carteros y empleados de servicios de correos y encomiendas,44,Otro personal de apoyo administrativo,441,Otro personal de apoyo administrativo,4,Personal de apoyo administrativo,2017,63,7162,419332.3159731919,45.0814018430606,0.8255834991858151,0.9218095504049149,0.07819044959508517,0,0.2753420832169785,45.3547891650377,11.789150606709493,TRUE,0,FALSE
2412,Asesores financieros y en inversiones,24,Profesionales de negocios y administración,241,"Contadores, asesores y analistas financieros y en inversiones",2,"Profesionales, científicos e intelectuales",2017,62,7147,1088346.8942213517,45.29061144536169,0.8525601480567551,0.8080313418217434,0.1750384776829439,0.016930180495312717,0.3924723660277039,41.9749545263747,16.64250734573947,TRUE,1,FALSE
7541,Buzos,75,"Operarios de procesamiento de alimentos, de la confección, ebanistas y otros oficios",754,"Buzos, dinamiteros, clasificadores, probadores e inspectores de calidad de productos no comestibles, fumigadores y otros oficios",7,Artesanos y operarios de oficios,2017,152,7079,406920.66533352376,37.78624535315985,0.08307045215562565,0.2699533832462212,0.7091397089984461,0.01582144370673824,0.05707020765644865,44.65998022319537,9.20470282746682,TRUE,0.9535245091114565,FALSE
7132,Barnizadores y pulverizadores de productos manufacturados,71,Operarios de la construcción (no incluye electricistas),713,"Pintores, limpiadores de fachadas y deshollinadores",7,Artesanos y operarios de oficios,2017,65,7049,404243.1058306143,44.128812597531564,0.26639223757718317,0.41566179599943254,0.5698680663923961,0.014470137608171372,0.018016739963115334,42.89558802667045,10.807278979796532,TRUE,0,FALSE
0110,Oficiales de las Fuerzas Armadas,01,Oficiales de las Fuerzas Armadas,011,Oficiales de las Fuerzas Armadas,0,Ocupaciones de las fuerzas armadas,2017,90,7026,754302.5147569445,46.491460290350126,0.9427505676289328,1,0,0,0.03785937944776544,35.06945630515229,13.891403358952463,TRUE,1,FALSE
2651,Artistas de artes plásticas,26,"Profesionales en derecho, ciencias sociales y culturales",265,"Artistas, actores y locutores de medios de comunicación",2,"Profesionales, científicos e intelectuales",2017,57,6949,609735.9820378318,37.43099726579364,0.9226600263659,0.10001439055979278,0.8732191682256439,0.026766441214563248,0.46121744135846887,44.01482227658656,15.476471434738812,TRUE,0,FALSE
2163,Diseñadores de productos y de vestuario,21,Profesionales de las ciencias y de la ingeniería,216,"Arquitectos, diseñadores, urbanistas, cartógrafos y agrimensores",2,"Profesionales, científicos e intelectuales",2017,52,6948,720941.8553284672,39.87679907887162,0.7635839076775124,0.5941278065630398,0.39248704663212436,0.013385146804835924,0.47725964306275187,35.467328727691424,16.27230857800806,TRUE,1,FALSE
7223,Reguladores y operarios de máquinas herramientas,72,"Operarios de la metalurgia y operarios de máquinas herramientas; mecánicos de vehículos, maquinarias, aviones y bicicletas",722,Herreros y herramentistas; reguladores y operarios de máquinas herramientas; pulidores de metales y afiladores de herramientas,7,Artesanos y operarios de oficios,2017,60,6888,652836.049122807,48.26437282229965,0.6382434448944788,0.9111498257839721,0.08260743321718932,0.00624274099883856,0,41.93786295005807,12.19178281068525,TRUE,0.5262775842044135,FALSE
7421,Mecánicos y reparadores en electrónica,74,Trabajadores especializados en electricidad y electrónica,742,Instaladores y reparadores de equipos electrónicos y de telecomunicaciones,7,Artesanos y operarios de oficios,2017,56,6822,529228.8389067524,43.943271767810025,0.38790206433029284,0.5058633831720903,0.44268542949281736,0.051451187335092345,0,40.694371152154794,12.735414834359425,TRUE,1,FALSE
2113,Químicos,21,Profesionales de las ciencias y de la ingeniería,211,"Físicos, astrónomos, meteorólogos, químicos, geólogos y geofísicos",2,"Profesionales, científicos e intelectuales",2017,49,6751,1252778.9063842394,43.60107414590482,0.8960561497326203,0.9611909346763442,0.03466153162494445,0.004147533698711302,0.39638572063398014,39.40631017627018,17.01101629169899,TRUE,0,FALSE
7322,Impresores,73,Artesanos y operarios de las artes gráficas,732,"Tipógrafos, impresores y encuadernadores",7,Artesanos y operarios de oficios,2017,52,6714,358734.0009453285,42.41480488531427,0.4940377608479629,0.6753053321417932,0.317098599940423,0.007596067917783735,0.23949955317247543,42.090110217456065,11.925258892390815,TRUE,0.4626154304438487,FALSE
1112,Personal directivo de la administración pública,11,"Miembros del Poder Ejecutivo y Legislativo, personal directivo de la administración pública y de otras organizaciones sociales y/o políticas, directores ejecutivos y gerentes generales",111,"Miembros del poder ejecutivo y legislativo, personal directivo de la administración pública y de otras organizaciones sociales y/o políticas",1,"Directores, gerentes y administradores",2017,64,6538,2648642.0022942796,45.04925053533191,0.6670880075841366,0.9548791679412665,0.006271030896298563,0.03884980116243499,0.2797491587641481,44.56393392474763,17.306668706026308,TRUE,0,FALSE
3212,Técnicos de laboratorios clínicos y servicios de sangre,32,Técnicos de la salud,321,"Técnicos y auxiliares paramédicos en imagenología, análisis de muestras médicas y de sangre, farmacéuticos y prótesis médicas y dentales",3,Técnicos y profesionales de nivel medio,2017,71,6460,1040313.9688522037,43.916408668730654,0.8078991284999073,0.9992260061919505,0.00077399380804953565,0,0.5761609907120743,36.671826625387,15.608668730650155,TRUE,1,FALSE
9121,Lavanderos y planchadores manuales,91,Auxiliares de aseo y trabajadores de casa particular,912,"Limpiadores de ropa, vehículos, ventanas y otros limpiadores manuales",9,Ocupaciones elementales,2017,82,6328,236228.31506849316,30.95448798988622,0.23227575401488446,0.5369785082174463,0.44516434892541085,0.017857142857142856,0.8324905183312263,47.76848925410872,9.07890914958851,TRUE,0,FALSE
7319,Artesanos no clasificados previamente,73,Artesanos y operarios de las artes gráficas,731,"Reparadores de instrumentos de precisión, fabricantes y afinadores de instrumentos musicales, pintores de carteles, pintores decorativos y artesanos",7,Artesanos y operarios de oficios,2017,79,6156,208851.08930407953,37.8866146848603,0.0804093567251462,0.13304093567251463,0.8295971410006497,0,0.35510071474983756,48.451429499675115,9.89350605652759,TRUE,1,FALSE
3256,Técnicos y auxiliares paramédicos de alimentación,32,Técnicos de la salud,325,"Técnicos en odontología, ópticos, técnicos en prevención de riesgos y otros técnicos en salud",3,Técnicos y profesionales de nivel medio,2017,79,6058,539200.2737365369,44.94057444701222,0.9249080704470679,0.9617035325189832,0.03829646748101684,0,0.8071970947507429,36.450478705843516,14.569164740838561,TRUE,1,FALSE
4221,Empleados de agencias de viajes,42,Empleados en trato directo con el público,422,Empleados de servicios de información al cliente,4,Personal de apoyo administrativo,2017,69,5895,677423.7502628812,45.42849872773537,0.8524793388429752,0.8542832909245123,0.13536895674300253,0.010347752332485157,0.542832909245123,39.080916030534354,14.783667867558759,TRUE,0,FALSE
8350,Tripulantes de cubierta de barco,83,Conductores de vehículos y operadores de equipos pesados y móviles,835,Tripulantes de cubierta de barco,8,"Operadores de instalaciones, máquinas y ensambladores",2017,90,5738,664760.7467758801,54.414753811109165,0.8494279176201373,0.9344719414430115,0.0655280585569885,0,0.04200069710700593,45.6131056117114,11.71000348553503,TRUE,0,FALSE
3115,Técnicos en ingeniería mecánica,31,Técnicos de las ciencias y la ingeniería,311,"Técnicos en ciencias físicas, químicas, técnicos en ingeniería y dibujantes técnicos",3,Técnicos y profesionales de nivel medio,2017,58,5647,805703.9377888376,45.34584735257659,0.9549132947976878,0.7701434389941562,0.21037719142907738,0.019479369576766426,0.01239596245794227,43.689746768195505,13.403888481291268,TRUE,0,FALSE
6340,"Pescadores, cazadores, tramperos y recolectores de subsistencia",63,"Trabajadores agropecuarios, pescadores, cazadores y recolectores de subsistencia",634,"Pescadores, cazadores, tramperos y recolectores de subsistencia",6,"Agricultores y trabajadores calificados agropecuarios, forestales y pesqueros",2017,112,5588,207084.11093161014,37.32265569076593,0.007516105941302791,0.05565497494631353,0.9443450250536864,0,0.24284180386542592,49.69613457408733,7.742483894058697,TRUE,1,FALSE
3314,Técnicos de servicios estadísticos y matemáticos,33,Técnicos en operaciones financieras y administrativas,331,"Agentes de bolsas, ejecutivos de créditos, asistentes contables y otros técnicos en finanzas y matemáticas",3,Técnicos y profesionales de nivel medio,2017,69,5411,721297.6554793251,44.32119756052486,0.864638783269962,0.9099981519127703,0.07004250600628349,0.01995934208094622,0.5860284605433377,41.6503418961375,14.055812234337461,TRUE,0,FALSE
7123,"Yeseros, estucadores y revocadores",71,Operarios de la construcción (no incluye electricistas),712,Operarios de la construcción en trabajos de terminación,7,Artesanos y operarios de oficios,2017,36,5392,410979.2275593472,45.791357566765576,0.5499583680266444,0.7316394658753709,0.2594584569732938,0.008902077151335312,0.021698813056379822,44.393545994065285,9.636313056379821,TRUE,0,FALSE
4224,Recepcionistas de hoteles,42,Empleados en trato directo con el público,422,Empleados de servicios de información al cliente,4,Personal de apoyo administrativo,2017,51,5391,469670.09107772214,45.047672046002596,0.8923366243535495,0.9890558337970692,0.010944166202930811,0,0.5993322203672788,37.826377295492485,12.927286217770359,TRUE,1,FALSE
8113,Perforadores y sondistas de pozos,81,Operadores de instalaciones fijas y máquinas,811,"Mineros y operadores de instalaciones mineras, perforadores de pozos y operadores de máquinas para fabricar cemento y otros productos minerales",8,"Operadores de instalaciones, máquinas y ensambladores",2017,77,5386,695078.6622725584,56.26791682138879,0.8739837398373984,0.9636093575937617,0.01968065354623097,0.01670998886000743,0.008726327515781656,41.14574823616784,11.508401792382374,TRUE,0,FALSE
3324,Corredores comerciales y consignatarios,33,Técnicos en operaciones financieras y administrativas,332,"Agentes de seguros, representantes comerciales, agentes de compras y consignatarios",3,Técnicos y profesionales de nivel medio,2017,44,5303,736796.4338390628,45.57307184612483,0.9754055468341183,0.8847821987554214,0.11521780124457855,0,0.34923628135017915,41.57212898359419,13.622854987742787,TRUE,0,FALSE
2133,Profesionales de la protección medioambiental,21,Profesionales de las ciencias y de la ingeniería,213,Profesionales de las ciencias biológicas,2,"Profesionales, científicos e intelectuales",2017,55,5281,1231868.8861957963,39.684150729028595,0.7420330309374273,0.8795682635864419,0.12043173641355803,0,0.577920848324181,37.61295209240674,17.321526418786693,TRUE,0,FALSE
7125,Cristaleros,71,Operarios de la construcción (no incluye electricistas),712,Operarios de la construcción en trabajos de terminación,7,Artesanos y operarios de oficios,2017,48,5277,365490.61720674625,42.672351714989574,0.5068437180796731,0.7210536289558461,0.2694712905059693,0.009475080538184575,0.053060451013833616,39.80860337312867,10.732211910286157,TRUE,0,FALSE
1411,"Directores, gerentes y administradores de hoteles",14,"Directores, gerentes y administradores de hoteles, restaurantes, comercios y de otros servicios",141,"Directores, gerentes y administradores de hoteles y restaurantes",1,"Directores, gerentes y administradores",2017,52,5213,779785.2185392176,47.55342413197775,0.7204955900881982,0.12238634183771341,0.5789372722041051,0.290427776712066,0.4168425091118358,45.763092269326684,13.501246882793017,TRUE,1,FALSE
6122,Avicultores y trabajadores calificados de la avicultura,61,Agricultores y trabajadores calificados de explotaciones agropecuarias cuya producción se destina al mercado,612,Trabajadores calificados de la cría de animales,6,"Agricultores y trabajadores calificados agropecuarios, forestales y pesqueros",2017,84,5129,421245.86470009835,44.448625463053226,0.6766425064297404,0.7588223825307078,0.2318190680444531,0.00935854942483915,0.2906999415090661,44.93312536556834,9.572383949645948,TRUE,0.11542210957301619,FALSE
1330,"Directores, gerentes y administradores de servicios de tecnología de la información y las comunicaciones",13,"Directores, gerentes y administradores de producción y operaciones",133,"Directores, gerentes y administradores de servicios de tecnología de la información y las comunicaciones",1,"Directores, gerentes y administradores",2017,52,5045,2187082.6638255697,45.19108027750248,0.7151635282457879,0.34985133795837464,0.26798810703667,0.3821605550049554,0.18513379583746284,48.85986124876115,14.574430128840437,TRUE,0.7452923686818632,FALSE
9311,Obreros de la minería,93,"Obreros de la minería, la construcción, la industria manufacturera y el transporte",931,Obreros de la minería y la construcción,9,Ocupaciones elementales,2017,101,5044,542080.8154242665,51.04500396510706,0.7630402384500745,0.9278350515463918,0.061855670103092786,0.010309278350515464,0.059278350515463915,42.51764472640761,11.04796974522293,TRUE,0,FALSE
2165,Cartógrafos y agrimensores,21,Profesionales de las ciencias y de la ingeniería,216,"Arquitectos, diseñadores, urbanistas, cartógrafos y agrimensores",2,"Profesionales, científicos e intelectuales",2017,56,4983,1073784.9951050377,46.3144691952639,0.7910065237651445,0.7828617298815974,0.21713827011840256,0,0.11539233393538029,40.756170981336545,16.328115593016257,TRUE,0,FALSE
2631,Economistas,26,"Profesionales en derecho, ciencias sociales y culturales",263,"Economistas, especialistas en ciencias sociales, humanidades, ciencias políticas y teología",2,"Profesionales, científicos e intelectuales",2017,46,4966,2083275.2776882802,43.360853805879984,0.9314673801193661,0.8733387031816351,0.11055175191300846,0.016109544905356425,0.42589609343536045,39.32480869915425,18.290777285541683,TRUE,0,FALSE
7313,"Joyeros, orfebres y plateros",73,Artesanos y operarios de las artes gráficas,731,"Reparadores de instrumentos de precisión, fabricantes y afinadores de instrumentos musicales, pintores de carteles, pintores decorativos y artesanos",7,Artesanos y operarios de oficios,2017,55,4934,355430.7030226168,44.89096068098905,0.17044993919740575,0.17186866639643292,0.7798946088366437,0.04823672476692339,0.30320226996351846,49.00385083096879,11.327660446996104,TRUE,0,FALSE
7536,Zapateros,75,"Operarios de procesamiento de alimentos, de la confección, ebanistas y otros oficios",753,"Sastres, modistos, patronistas de tela, costureros, tapiceros, apelambradores y zapateros",7,Artesanos y operarios de oficios,2017,59,4911,218173.6373764978,39.53390348197923,0.1316450397655923,0.21767460802280594,0.7774384035837915,0.004886988393402566,0.1140297291793932,60.14131541437589,8.050091631032377,TRUE,0,FALSE
8153,Operadores de máquinas de coser,81,Operadores de instalaciones fijas y máquinas,815,"Operadores de máquinas para fabricar productos textiles, artículos de piel y cuero y operadores de máquinas de lavanderías",8,"Operadores de instalaciones, máquinas y ensambladores",2017,38,4846,348415.14300453983,44.430045398266614,0.39216670851117247,0.7546430045398267,0.22657862154354105,0,0.8728848534874123,49.93726784977301,10.19170449855551,TRUE,0,FALSE
3152,Capitanes y oficiales de cubierta,31,Técnicos de las ciencias y la ingeniería,315,Técnicos y controladores en navegación marítima y aeronáutica,3,Técnicos y profesionales de nivel medio,2017,66,4721,1082632.0328919266,53.90348067478112,0.9437751004016064,0.9322177504765939,0.06778224952340606,0,0.036856598178352046,43.875238296970984,12.733521248915872,TRUE,0,FALSE
4415,Empleados administrativos de archivos,44,Otro personal de apoyo administrativo,441,Otro personal de apoyo administrativo,4,Personal de apoyo administrativo,2017,60,4701,440636.9332057009,44.07785577536694,0.8585669781931464,1,0,0,0.68325888108913,43.812805786002976,13.120612635609445,TRUE,1,FALSE
1211,"Directores, gerentes y administradores de finanzas",12,Directores y gerentes administrativos y de servicios comerciales,121,"Directores, gerentes y administradores de finanzas, de recursos humanos, políticas empresariales y de servicios administrativos",1,"Directores, gerentes y administradores",2017,45,4677,3893658.978466839,44.74684626897584,0.9289295836058425,0.9328629463331195,0.0029933718195424416,0.06414368184733804,0.2971990592259996,46.08809065640368,17.16231056446299,TRUE,1,FALSE
7311,Mecánicos y reparadores de instrumentos de precisión,73,Artesanos y operarios de las artes gráficas,731,"Reparadores de instrumentos de precisión, fabricantes y afinadores de instrumentos musicales, pintores de carteles, pintores decorativos y artesanos",7,Artesanos y operarios de oficios,2017,42,4668,526082.8077336198,37.01156812339332,0.5525301823786283,0.6988003427592117,0.29841473864610113,0.002784918594687232,0.37853470437017994,42.22000856898029,13.123179091688089,TRUE,1,FALSE
8182,Operadores de máquinas de vapor y calderas,81,Operadores de instalaciones fijas y máquinas,818,"Operadores de máquinas de instalaciones de vidriería, cerámica y operadores de máquinas de vapor y calderas, de embotellamiento, de etiquetado y otros operadores de máquinas e instalaciones",8,"Operadores de instalaciones, máquinas y ensambladores",2017,68,4636,641743.5452976704,46.65962036238136,0.8976055450535602,1,0,0,0,46.49309749784297,11.584124245038826,TRUE,0,FALSE
6123,Trabajadores calificados de la apicultura y la sericultura,61,Agricultores y trabajadores calificados de explotaciones agropecuarias cuya producción se destina al mercado,612,Trabajadores calificados de la cría de animales,6,"Agricultores y trabajadores calificados agropecuarios, forestales y pesqueros",2017,83,4624,322682.5114804286,46.05428200692042,0.09252990295644324,0.26751730103806226,0.6751730103806228,0.057309688581314876,0.20220588235294118,47.647923875432525,9.53603309383845,TRUE,0.1448961937716263,FALSE
8131,Operadores de plantas y máquinas para fabricar productos químicos,81,Operadores de instalaciones fijas y máquinas,813,Operadores de instalaciones y máquinas para fabricar productos químicos y fotográficos,8,"Operadores de instalaciones, máquinas y ensambladores",2017,39,4598,455765.6718138321,46.00500217485863,0.8556193601312552,0.9338842975206612,0.06611570247933884,0,0.16289691170073944,41.22292301000435,10.534362766420182,TRUE,0.9504132231404959,FALSE
6330,Trabajadores agropecuarios de subsistencia,63,"Trabajadores agropecuarios, pescadores, cazadores y recolectores de subsistencia",633,Trabajadores agropecuarios de subsistencia,6,"Agricultores y trabajadores calificados agropecuarios, forestales y pesqueros",2017,87,4549,247189.46769440037,42.31105737524731,0.001329198050509526,0.06045284677951198,0.9248186414596614,0,0.3064409760386898,48.94174543855792,7.603402562969509,TRUE,1,FALSE
8172,Operadores de instalaciones de procesamiento de la madera,81,Operadores de instalaciones fijas y máquinas,817,"Operadores de instalaciones para la preparación de papel, pasta de papel y procesamiento de la madera",8,"Operadores de instalaciones, máquinas y ensambladores",2017,70,4534,386313.13003581023,45.4962505513895,0.8040082522841143,0.9664755183061314,0.03352448169386855,0,0.014997794441993825,42.25297750330834,9.593956771063079,TRUE,0,FALSE
3142,Técnicos agropecuarios (incluyendo acuícolas),31,Técnicos de las ciencias y la ingeniería,314,"Técnicos en ciencias biológicas (excluyendo la medicina), agropecuarias, acuícolas y forestales",3,Técnicos y profesionales de nivel medio,2017,60,4517,655922.9405405405,43.1631613903033,0.8750761730652041,0.9178658401593979,0.07527119769758689,0.006862962143015275,0.1651538631835289,37.27540402922293,13.523798981624973,TRUE,1,FALSE
1345,"Directores, gerentes y administradores de servicios de educación",13,"Directores, gerentes y administradores de producción y operaciones",134,"Directores, gerentes y administradores de servicios de cuidados a personas, bienestar social, educación, servicios financieros y de otros servicios profesionales",1,"Directores, gerentes y administradores",2017,50,4440,1512465.9909440796,45.68963963963964,0.8879258816497311,0.9414414414414415,0.05855855855855856,0,0.6954954954954955,44.11058558558558,17.469700434484334,TRUE,1,FALSE
7523,Operadores y reguladores de máquinas para trabajar la madera,75,"Operarios de procesamiento de alimentos, de la confección, ebanistas y otros oficios",752,"Operarios del tratamiento de la madera, ebanistas y operarios de máquinas para trabajar madera",7,Artesanos y operarios de oficios,2017,52,4391,403474.70219146484,45.289227966294696,0.8527185134205093,0.9842860396265087,0,0.015713960373491234,0.05830107037121385,45.140059212024596,10.519016169437485,TRUE,0.38487815987246643,FALSE
7317,"Artesanos en madera, cestería y materiales similares",73,Artesanos y operarios de las artes gráficas,731,"Reparadores de instrumentos de precisión, fabricantes y afinadores de instrumentos musicales, pintores de carteles, pintores decorativos y artesanos",7,Artesanos y operarios de oficios,2017,64,4359,222363.36454927604,40.572608396421195,0.024525126232267373,0.10300527643955036,0.8683184216563432,0.011011699931176875,0.516173434273916,49.14796971782519,11.364074328974535,TRUE,0.8261069052534985,FALSE
8143,Operadores de máquinas para fabricar productos de papel,81,Operadores de instalaciones fijas y máquinas,814,"Operadores de máquinas para fabricar productos de caucho, de material plástico y de papel",8,"Operadores de instalaciones, máquinas y ensambladores",2017,28,4333,440124.3108700669,45.903069466882066,0.9521293130245571,0.9644588045234249,0.035541195476575124,0,0.054696515116547426,39.694668820678515,12.190521103513323,TRUE,0,TRUE
3132,Operadores de incineradores y de instalaciones de tratamiento de agua,31,Técnicos de las ciencias y la ingeniería,313,"Técnicos en control de procesos en instalaciones de producción de energía, agua, productos químicos, gas natural y metales",3,Técnicos y profesionales de nivel medio,2017,60,4262,476512.31739023793,45.4099014547161,0.6530612244897959,0.9035664007508212,0.09643359924917878,0,0.04692632566870014,42.568747067104646,11.763491318629752,TRUE,0,FALSE
2424,Especialistas en formación del personal,24,Profesionales de negocios y administración,242,"Especialistas y asesores de gestión, políticas corporativas, políticas públicas y desarrollo del personal",2,"Profesionales, científicos e intelectuales",2017,29,4057,916180.3081094405,45.60069016514666,0.9165269862554475,0.9677101306384027,0.0251417303426177,0.007148139018979541,0.38871087010105987,38.73650480650727,16.10426423465615,TRUE,1,TRUE
5151,"Supervisores de mantenimiento y limpieza en oficinas, hoteles y otros establecimientos",51,Trabajadores de los servicios a las personas,515,"Supervisores de mantenimiento y limpieza, mayordomos domésticos y conserjes",5,Trabajadores de los servicios y vendedores de comercios y mercados,2017,44,3944,476082.9406599255,47.782961460446245,0.521692266235516,0.813894523326572,0.125,0.013945233265720081,0.21120689655172414,52.875,11.679513184584179,TRUE,1,FALSE
2262,NA,NA,NA,NA,NA,NA,NA,2017,43,3937,1807706.1795783592,43.93319786639573,0.9290211791642816,0.9705359410718821,0.02286004572009144,0.006604013208026416,0.5090170180340361,40.183896367792734,16.886715773431547,TRUE,0,FALSE
4212,Receptores de apuestas,42,Empleados en trato directo con el público,421,"Cajeros de bancos y de casas de cambio; receptores de apuestas, prestamistas y cobradores",4,Personal de apoyo administrativo,2017,46,3934,432301.97076766647,39.582613116420944,0.7795031055900621,0.9822064056939501,0.017793594306049824,0,0.5142348754448398,36.08769700050839,13.24707676664972,TRUE,0,FALSE
2521,Diseñadores y administradores de bases de datos,25,Profesionales de tecnología de la información y las comunicaciones,252,"Diseñadores y administradores de bases de datos, administradores de sistemas y profesionales en redes de computadores",2,"Profesionales, científicos e intelectuales",2017,20,3921,1442405.6819688855,44.64473348635552,0.982028241335045,0.9390461616934456,0.049477174190257586,0.011476664116296864,0.3463402193318031,36.50930884978322,17.656975261412907,TRUE,1,TRUE
2152,Ingenieros electrónicos,21,Profesionales de las ciencias y de la ingeniería,215,Ingenieros en electrotecnología,2,"Profesionales, científicos e intelectuales",2017,27,3872,1451567.1840287372,46.42252066115702,0.7534910230834996,0.9346590909090909,0.06534090909090909,0,0.04855371900826446,38.77970041322314,17.611725663716815,TRUE,1,TRUE
1322,"Directores, gerentes y administradores de explotaciones mineras",13,"Directores, gerentes y administradores de producción y operaciones",132,"Directores, gerentes y administradores de producción y operaciones de industrias manufactureras, de minería, de construcción, de almacenamiento y distribución",1,"Directores, gerentes y administradores",2017,20,3849,1750220.0345544298,49.16445830085737,0.7677318784099766,0.2883865939204988,0.15796310730059757,0.5536502987789036,0.1322421408157963,46.012470771629,16.005196154845414,TRUE,1,TRUE
2619,Otros profesionales del derecho no clasificados previamente,26,"Profesionales en derecho, ciencias sociales y culturales",261,"Abogados, jueces y otros profesionales del derecho",2,"Profesionales, científicos e intelectuales",2017,52,3794,1161785.4356879282,38.69741697416974,0.7859969558599695,0.7619926199261993,0.1805482340537691,0.05745914602003163,0.525830258302583,40.117817606747494,16.50790722192936,TRUE,0,FALSE
3119,Otros técnicos en ciencias físicas y en ingeniería no clasificados previamente,31,Técnicos de las ciencias y la ingeniería,311,"Técnicos en ciencias físicas, químicas, técnicos en ingeniería y dibujantes técnicos",3,Técnicos y profesionales de nivel medio,2017,41,3782,751476.9992067689,46.64727657324167,0.9719887955182073,0.9317821258593337,0.06821787414066631,0,0.07615018508725542,37.64489687995769,14.659439450026442,TRUE,0,FALSE
2643,"Traductores, intérpretes de lengua de señas y lingüistas",26,"Profesionales en derecho, ciencias sociales y culturales",264,"Escritores, periodistas, traductores, intérpretes de lengua de señas y lingüistas",2,"Profesionales, científicos e intelectuales",2017,41,3730,658074.6099195711,38.20348525469169,0.8438590923516344,0.5769436997319035,0.4131367292225201,0.009919571045576408,0.7407506702412868,35.16756032171582,15.9313672922252,TRUE,0,FALSE
7222,Herramentistas,72,"Operarios de la metalurgia y operarios de máquinas herramientas; mecánicos de vehículos, maquinarias, aviones y bicicletas",722,Herreros y herramentistas; reguladores y operarios de máquinas herramientas; pulidores de metales y afiladores de herramientas,7,Artesanos y operarios de oficios,2017,35,3730,825693.6077747989,44.92359249329759,0.34467455621301774,0.44638069705093836,0.5536193029490617,0,0,47.8201072386059,11.061394101876676,TRUE,0,FALSE
1439,"Directores, gerentes y administradores de otros servicios no clasificados previamente",14,"Directores, gerentes y administradores de hoteles, restaurantes, comercios y de otros servicios",143,"Directores, gerentes y administradores de centros deportivos, de esparcimiento, culturales y de otros servicios",1,"Directores, gerentes y administradores",2017,49,3512,1720233.1361788618,45.820899772209565,0.88325760223698,0.7949886104783599,0.11674259681093394,0.08826879271070615,0.5353075170842825,48.134396355353076,17.056199821587867,TRUE,1,FALSE
2153,Ingenieros en telecomunicaciones,21,Profesionales de las ciencias y de la ingeniería,215,Ingenieros en electrotecnología,2,"Profesionales, científicos e intelectuales",2017,17,3443,2014701.9959337786,38.976474005228,0.7048431312823636,0.989544002323555,0,0.01045599767644496,0.07232065059541098,36.85681092070868,17.979959337786813,TRUE,1,TRUE
8141,Operadores de máquinas para fabricar productos de caucho,81,Operadores de instalaciones fijas y máquinas,814,"Operadores de máquinas para fabricar productos de caucho, de material plástico y de papel",8,"Operadores de instalaciones, máquinas y ensambladores",2017,35,3384,447108.128250591,48.11081560283688,0.7253740648379052,0.8105791962174941,0.17641843971631205,0.013002364066193853,0.08096926713947991,40.880910165484636,10.104609929078014,TRUE,0,FALSE
7513,Operarios de la elaboración de productos lácteos,75,"Operarios de procesamiento de alimentos, de la confección, ebanistas y otros oficios",751,"Operarios de procesamiento, elaboración, conservación, cata y clasificación de alimentos, bebidas y tabaco",7,Artesanos y operarios de oficios,2017,33,3372,442759.7135231317,42.470344009489914,0.6593572778827977,0.7591933570581257,0.24080664294187426,0,0.3190984578884935,42.2161921708185,11.587485172004746,TRUE,0,FALSE
8157,Operadores de máquinas de lavanderías,81,Operadores de instalaciones fijas y máquinas,815,"Operadores de máquinas para fabricar productos textiles, artículos de piel y cuero y operadores de máquinas de lavanderías",8,"Operadores de instalaciones, máquinas y ensambladores",2017,47,3328,332260.24939903844,41.85246394230769,0.8472906403940886,0.8807091346153846,0.11929086538461539,0,0.66015625,46.47025240384615,10.419812745394141,TRUE,1,FALSE
8121,Operadores de instalaciones de procesamiento de metales,81,Operadores de instalaciones fijas y máquinas,812,"Operadores de instalaciones de procesamiento y acabado de metales (pulidores, galvanizadores y recubridores de metales)",8,"Operadores de instalaciones, máquinas y ensambladores",2017,29,3318,587587.71880651,47.21760096443641,0.9742160278745644,0.9776974080771549,0.02230259192284509,0,0,47.76491862567812,11.001808318264015,TRUE,1,TRUE
8181,Operadores de instalaciones de vidriería y cerámica,81,Operadores de instalaciones fijas y máquinas,818,"Operadores de máquinas de instalaciones de vidriería, cerámica y operadores de máquinas de vapor y calderas, de embotellamiento, de etiquetado y otros operadores de máquinas e instalaciones",8,"Operadores de instalaciones, máquinas y ensambladores",2017,28,3301,439813.4868221751,46.03089972735535,0.8733443708609272,0.9921235989094214,0.007876401090578612,0,0,42.45683126325356,10.90972432596183,TRUE,0,TRUE
2145,Ingenieros químicos,21,Profesionales de las ciencias y de la ingeniería,214,Ingenieros (excluyendo ingenieros en electrotecnología),2,"Profesionales, científicos e intelectuales",2017,32,3300,1175422.1632590785,44.593939393939394,0.9386169386169386,0.9418181818181818,0.03878787878787879,0.019393939393939394,0.43575757575757573,38.026363636363634,17.400606060606062,TRUE,0,FALSE
2636,Profesionales religiosos,26,"Profesionales en derecho, ciencias sociales y culturales",263,"Economistas, especialistas en ciencias sociales, humanidades, ciencias políticas y teología",2,"Profesionales, científicos e intelectuales",2017,33,3284,574587.7262484775,48.49543239951279,0.9024390243902439,0.3620584652862363,0.6239342265529841,0.014007308160779537,0.13032886723507917,50.5989646772229,13.65925700365408,TRUE,0,FALSE
7234,Reparadores de bicicletas,72,"Operarios de la metalurgia y operarios de máquinas herramientas; mecánicos de vehículos, maquinarias, aviones y bicicletas",723,"Mecánicos de vehículos, motores de aviones, reparadores de máquinas agrícolas, industriales y bicicletas",7,Artesanos y operarios de oficios,2017,40,3242,506281.55305367056,47.55829734731647,0.5649463110495324,0.6835286859962986,0.31647131400370143,0,0,41.14929056138186,11.5,TRUE,1,FALSE
4211,Cajeros de bancos y de oficinas de correo,42,Empleados en trato directo con el público,421,"Cajeros de bancos y de casas de cambio; receptores de apuestas, prestamistas y cobradores",4,Personal de apoyo administrativo,2017,40,3194,500733.180025047,43.18002504696305,0.961261759822911,1,0,0,0.5701314965560426,36.234502191609266,13.038509705698184,TRUE,0,FALSE
3413,Técnicos de los servicios religiosos,34,"Técnicos de servicios jurídicos, sociales, deportivos y culturales",341,"Técnicos de los servicios jurídicos, sociales y religiosos",3,Técnicos y profesionales de nivel medio,2017,33,3049,462040.62082912034,44.47097408986553,0.6774856203779787,0.7304034109544113,0.24007871433256806,0.029517874713020663,0.3801246310265661,46.32699245654313,12.45555919973762,TRUE,0,FALSE
1213,"Directores, gerentes y administradores de políticas empresariales y planificación",12,Directores y gerentes administrativos y de servicios comerciales,121,"Directores, gerentes y administradores de finanzas, de recursos humanos, políticas empresariales y de servicios administrativos",1,"Directores, gerentes y administradores",2017,33,3009,3400888.714237968,42.071784646061815,0.9313380281690141,0.9687603855101362,0,0.031239614489863742,0.2585576603522765,46.940511797939514,17.705217680292456,TRUE,0.08673978065802593,FALSE
1349,"Directores, gerentes y administradores de otros servicios profesionales no clasificados previamente",13,"Directores, gerentes y administradores de producción y operaciones",134,"Directores, gerentes y administradores de servicios de cuidados a personas, bienestar social, educación, servicios financieros y de otros servicios profesionales",1,"Directores, gerentes y administradores",2017,24,2996,2130364.4435914555,45.64018691588785,0.9641300703989273,0.9125500667556742,0.08744993324432576,0,0.14552736982643524,43.723297730307074,17.712283044058744,TRUE,1,TRUE
8159,Operadores de máquinas para fabricar productos textiles y artículos de piel y cuero no clasificados previamente,81,Operadores de instalaciones fijas y máquinas,815,"Operadores de máquinas para fabricar productos textiles, artículos de piel y cuero y operadores de máquinas de lavanderías",8,"Operadores de instalaciones, máquinas y ensambladores",2017,22,2983,407600.58766342606,45.13509889373114,0.8620287602020987,0.9916191753268522,0.008380824673147838,0,0.21253771371102917,47.34696614146832,9.96547100234663,TRUE,0,TRUE
3117,Técnicos en ingeniería de minas y metalurgia,31,Técnicos de las ciencias y la ingeniería,311,"Técnicos en ciencias físicas, químicas, técnicos en ingeniería y dibujantes técnicos",3,Técnicos y profesionales de nivel medio,2017,41,2976,1037690.3452791178,59.145833333333336,0.8304066543438078,0.9190188172043011,0.04939516129032258,0.031586021505376344,0.06754032258064516,36.9375,14.513239875389408,TRUE,0,FALSE
7321,Tipógrafos,73,Artesanos y operarios de las artes gráficas,732,"Tipógrafos, impresores y encuadernadores",7,Artesanos y operarios de oficios,2017,26,2967,355745.10549376474,44.50117964273677,0.8219489981785064,0.9248399056285811,0.07516009437141895,0,0.2591843613077182,44.47286821705426,11.102460397708123,TRUE,0.08998988877654196,TRUE
2230,Veterinarios,22,Profesionales de la salud,223,Veterinarios,2,"Profesionales, científicos e intelectuales",2017,35,2912,330713.96545584046,32.62019230769231,0.9052197802197802,0.17032967032967034,0.8183379120879121,0.011332417582417582,0.7675137362637363,48.8853021978022,14.146634615384615,TRUE,1,FALSE
3211,Técnicos y auxiliares paramédicos de radiología e imagenología y otros aparatos de diagnóstico y tratamiento médico,32,Técnicos de la salud,321,"Técnicos y auxiliares paramédicos en imagenología, análisis de muestras médicas y de sangre, farmacéuticos y prótesis médicas y dentales",3,Técnicos y profesionales de nivel medio,2017,24,2887,1327352.2293037756,42.97367509525459,0.7890316205533597,1,0,0,0.6401108417041912,40.128507100796675,15.394180810529962,TRUE,0,TRUE
2522,Administradores de sistemas,25,Profesionales de tecnología de la información y las comunicaciones,252,"Diseñadores y administradores de bases de datos, administradores de sistemas y profesionales en redes de computadores",2,"Profesionales, científicos e intelectuales",2017,11,2851,1170969.075412136,45.63661873027008,0.852600074822297,1,0,0,0.2514907050157839,34.15187653454928,16.98421606453876,TRUE,1,TRUE
3213,Técnicos y asistentes farmacéuticos,32,Técnicos de la salud,321,"Técnicos y auxiliares paramédicos en imagenología, análisis de muestras médicas y de sangre, farmacéuticos y prótesis médicas y dentales",3,Técnicos y profesionales de nivel medio,2017,28,2827,594653.1167315175,49.97240891404316,0.9217660728117738,1,0,0,0.7056950831269897,39.130173328616905,14.472939511850017,TRUE,0,TRUE
7232,Mecánicos y reparadores de motores de avión,72,"Operarios de la metalurgia y operarios de máquinas herramientas; mecánicos de vehículos, maquinarias, aviones y bicicletas",723,"Mecánicos de vehículos, motores de aviones, reparadores de máquinas agrícolas, industriales y bicicletas",7,Artesanos y operarios de oficios,2017,29,2811,699907.3400924938,46.39843472073995,0.8323787705231004,0.9779437922447528,0.006759160441124155,0.015297047314123088,0.015297047314123088,41.55638562789043,13.552472429740305,TRUE,0,TRUE
5411,Bomberos,54,Personal de los servicios de protección y seguridad,541,Personal de los servicios de protección y seguridad,5,Trabajadores de los servicios y vendedores de comercios y mercados,2017,55,2795,432188.84125230205,54.57495527728086,0.9014084507042254,1,0,0,0.06833631484794275,35.56064400715564,11.703170028818445,TRUE,0,FALSE
3339,Otros agentes de servicios comerciales no clasificados previamente,33,Técnicos en operaciones financieras y administrativas,333,"Agentes de aduana, organizadores de eventos, agentes de empleo, de bienes raíces y otros agentes de servicios comerciales",3,Técnicos y profesionales de nivel medio,2017,25,2771,957958.5701754387,40.65427643450018,0.8835373075404659,0.8942619992782389,0.08913749548899315,0.016600505232767952,0.6084446048357993,37.39191627571274,15.47239263803681,TRUE,0,TRUE
7514,"Operarios de la conservación de frutas, legumbres y verduras",75,"Operarios de procesamiento de alimentos, de la confección, ebanistas y otros oficios",751,"Operarios de procesamiento, elaboración, conservación, cata y clasificación de alimentos, bebidas y tabaco",7,Artesanos y operarios de oficios,2017,37,2726,347019.7846661775,42.12435803374908,0.7946181242580135,0.8712399119589141,0.12876008804108585,0,0.38114453411592075,40.92076302274395,12.107850330154072,TRUE,0,FALSE
2434,Profesionales de ventas de tecnología de la información y las comunicaciones (TIC),24,Profesionales de negocios y administración,243,"Profesionales de la publicidad, relaciones públicas y de las ventas técnicas, médicas y de tecnología de la información y las comunicaciones",2,"Profesionales, científicos e intelectuales",2017,18,2725,592136.3137614679,38.60550458715596,1,0.6425688073394495,0.35743119266055046,0,0.5431192660550459,35.50238532110092,15.775779816513761,TRUE,1,TRUE
6113,"Agricultores y trabajadores calificados de huertas, invernaderos, viveros y jardines",61,Agricultores y trabajadores calificados de explotaciones agropecuarias cuya producción se destina al mercado,611,"Agricultores y trabajadores calificados de cultivos extensivos, plantaciones de árboles y arbustos, huertas, invernaderos, viveros y jardines y de cultivos mixtos",6,"Agricultores y trabajadores calificados agropecuarios, forestales y pesqueros",2017,41,2721,1758199.1157654226,45.65306872473355,0.6365111561866126,0.3395810363836825,0.19331128261668504,0.45755237045203967,0.1609702315325248,55.876148474825435,13.00275373721479,TRUE,1,FALSE
8112,Operadores de instalaciones de procesamiento de minerales y rocas,81,Operadores de instalaciones fijas y máquinas,811,"Mineros y operadores de instalaciones mineras, perforadores de pozos y operadores de máquinas para fabricar cemento y otros productos minerales",8,"Operadores de instalaciones, máquinas y ensambladores",2017,44,2693,685073.0564426291,52.762346825102114,0.9583537481626654,0.9684366877088748,0.03156331229112514,0,0.0022279985146676567,43.72261418492388,12.538865940668419,TRUE,0,FALSE
2523,Profesionales en redes de computadores,25,Profesionales de tecnología de la información y las comunicaciones,252,"Diseñadores y administradores de bases de datos, administradores de sistemas y profesionales en redes de computadores",2,"Profesionales, científicos e intelectuales",2017,16,2690,1513915.9464684015,46.57472118959108,0.9622093023255814,1,0,0,0.31189591078066914,37.118587360594795,17.387732342007435,TRUE,1,TRUE
5169,Otros trabajadores de servicios a las personas no clasificados previamente,51,Trabajadores de los servicios a las personas,516,Otros trabajadores de servicios a las personas,5,Trabajadores de los servicios y vendedores de comercios y mercados,2017,31,2663,309849.4718883288,34.3695080736012,0.15934706568208318,0.4224558768306421,0.5460007510326699,0,0.7825760420578295,37.54299662035299,12.15968992248062,TRUE,0,FALSE
1342,"Directores, gerentes y administradores de servicios de salud",13,"Directores, gerentes y administradores de producción y operaciones",134,"Directores, gerentes y administradores de servicios de cuidados a personas, bienestar social, educación, servicios financieros y de otros servicios profesionales",1,"Directores, gerentes y administradores",2017,37,2646,1688452.3004604757,47.44368858654573,0.8860369609856262,0.9569160997732427,0.04308390022675737,0,0.6984126984126984,50.2108843537415,17.352985638699923,TRUE,1,FALSE
6114,Agricultores y trabajadores calificados de cultivos mixtos,61,Agricultores y trabajadores calificados de explotaciones agropecuarias cuya producción se destina al mercado,611,"Agricultores y trabajadores calificados de cultivos extensivos, plantaciones de árboles y arbustos, huertas, invernaderos, viveros y jardines y de cultivos mixtos",6,"Agricultores y trabajadores calificados agropecuarios, forestales y pesqueros",2017,50,2645,392989.3843457944,47.82722117202268,0.1658868566567418,0.19886578449905482,0.734593572778828,0.043478260869565216,0.16937618147448016,50.038185255198485,9.657088846880907,TRUE,0.10094517958412098,FALSE
7534,Tapiceros,75,"Operarios de procesamiento de alimentos, de la confección, ebanistas y otros oficios",753,"Sastres, modistos, patronistas de tela, costureros, tapiceros, apelambradores y zapateros",7,Artesanos y operarios de oficios,2017,23,2634,337519.6290812453,46.94381169324222,0.31245254365983294,0.40053151100987094,0.541002277904328,0.058466211085801065,0.25208807896735,48.15489749430524,10.578967350037965,TRUE,0,TRUE
3342,Secretarios jurídicos,33,Técnicos en operaciones financieras y administrativas,334,"Supervisores de oficina, secretarios administrativos y especializados",3,Técnicos y profesionales de nivel medio,2017,39,2606,738332.4171143515,48.12893323100537,0.860746190225959,0.8768227168073676,0.08326937835763622,0.039907904834996163,0.5172678434382195,44.04911742133538,14.467766692248658,TRUE,1,FALSE
8321,Conductores de motocicletas,83,Conductores de vehículos y operadores de equipos pesados y móviles,832,"Conductores de motocicletas, automóviles y camionetas",8,"Operadores de instalaciones, máquinas y ensambladores",2017,17,2596,471874.4595531587,44.19183359013868,0.6139983235540654,0.7619414483821263,0.23805855161787365,0,0.24614791987673343,36.73574730354392,13.20656634746922,TRUE,0,TRUE
3351,Inspectores de aduana,33,Técnicos en operaciones financieras y administrativas,335,Agentes de la administración pública para la aplicación de la ley,3,Técnicos y profesionales de nivel medio,2017,38,2593,877882.3821827999,46.632472040107984,0.8810020876826722,0.9290397223293483,0.01041264944080216,0.0605476282298496,0.14809101426918628,43.79406093328191,15.197069032009257,TRUE,0,FALSE
5152,"Amas de llaves, mayordomos domésticos y dueños/administradores de pequeños establecimientos de alojamiento",51,Trabajadores de los servicios a las personas,515,"Supervisores de mantenimiento y limpieza, mayordomos domésticos y conserjes",5,Trabajadores de los servicios y vendedores de comercios y mercados,2017,25,2572,402641.87830482115,49.45800933125972,0.5338258164852255,0.7884914463452566,0.2115085536547434,0,0.10964230171073094,52.07348367029549,11.28538102643857,TRUE,1,TRUE
1120,Directores y gerentes generales de empresas,11,"Miembros del Poder Ejecutivo y Legislativo, personal directivo de la administración pública y de otras organizaciones sociales y/o políticas, directores ejecutivos y gerentes generales",112,Directores y gerentes generales de empresas,1,"Directores, gerentes y administradores",2017,30,2567,6429452.744448773,46.798987144526684,1,0.7857421114141021,0.04090377873003506,0.1733541098558629,0.13517724970783015,51.40864822750292,17.29704641350211,TRUE,0,FALSE
7314,"Alfareros (barro, arcilla y abrasivos)",73,Artesanos y operarios de las artes gráficas,731,"Reparadores de instrumentos de precisión, fabricantes y afinadores de instrumentos musicales, pintores de carteles, pintores decorativos y artesanos",7,Artesanos y operarios de oficios,2017,27,2557,210342.01390058972,34.752444270629645,0.1067657411028549,0.12905748924520924,0.5588580367618303,0.3120844739929605,0.5764567852952679,46.20922956589754,11.735236605396949,TRUE,0,TRUE
9624,Acarreadores de agua y recolectores de leña,96,Recolectores de desechos y otras ocupaciones elementales,962,Otras ocupaciones elementales,9,Ocupaciones elementales,2017,27,2534,290519.00161225314,44.869376479873715,0.8363563079403467,0.9483030781373323,0.05169692186266772,0,0.3074191002367798,48.97079715864246,7.550118389897396,TRUE,1,TRUE
3352,Agentes de la administración tributaria,33,Técnicos en operaciones financieras y administrativas,335,Agentes de la administración pública para la aplicación de la ley,3,Técnicos y profesionales de nivel medio,2017,35,2494,1331544.2542101042,45.38492381716119,1,1,0,0,0.5437048917401764,43.26503608660786,16.3813151563753,TRUE,0,FALSE
3139,Técnicos en control de procesos no clasificados previamente,31,Técnicos de las ciencias y la ingeniería,313,"Técnicos en control de procesos en instalaciones de producción de energía, agua, productos químicos, gas natural y metales",3,Técnicos y profesionales de nivel medio,2017,18,2490,633684.9481927711,44.36104417670683,1,1,0,0,0,40.146987951807226,12.85421686746988,TRUE,0.7811244979919679,TRUE
7121,Instaladores o reparadores de techos,71,Operarios de la construcción (no incluye electricistas),712,Operarios de la construcción en trabajos de terminación,7,Artesanos y operarios de oficios,2017,15,2488,357658.6057363014,47.413585209003216,0.5592140201805629,0.772508038585209,0.227491961414791,0,0.09766881028938906,39.893488745980704,11.012459807073954,TRUE,0,TRUE
7542,Dinamiteros y pegadores,75,"Operarios de procesamiento de alimentos, de la confección, ebanistas y otros oficios",754,"Buzos, dinamiteros, clasificadores, probadores e inspectores de calidad de productos no comestibles, fumigadores y otros oficios",7,Artesanos y operarios de oficios,2017,32,2477,881679.6301978199,54.72184093661688,0.7519430051813472,0.8429551877270892,0.12030682276947921,0.03673798950343157,0,40.72708922083165,12.463060153411385,TRUE,0,FALSE
9332,Conductores de vehículos y máquinas de tracción animal,93,"Obreros de la minería, la construcción, la industria manufacturera y el transporte",933,Obreros del transporte y almacenamiento,9,Ocupaciones elementales,2017,20,2320,286969.1892241379,36.262068965517244,0.6079519186315303,0.930603448275862,0.06939655172413793,0,0.3900862068965517,43.328448275862065,8.38448275862069,TRUE,0,TRUE
3315,Tasadores,33,Técnicos en operaciones financieras y administrativas,331,"Agentes de bolsas, ejecutivos de créditos, asistentes contables y otros técnicos en finanzas y matemáticas",3,Técnicos y profesionales de nivel medio,2017,16,2302,1192819.1750651607,44.1750651607298,0.9356984478935698,0.7267593397046047,0.1898349261511729,0.08340573414422242,0.20156385751520417,42.6611642050391,16.074008024966563,TRUE,0,TRUE
4227,"Entrevistadores de investigaciones de mercado, estudios de opinión pública y encuestadores",42,Empleados en trato directo con el público,422,Empleados de servicios de información al cliente,4,Personal de apoyo administrativo,2017,27,2301,638980.1012603216,46.14341590612777,0.9284414796846574,0.9534984789222077,0.04650152107779226,0,0.5684485006518905,43.64189482833551,13.562364189482834,TRUE,1,TRUE
2659,Otros artistas creativos e interpretativos no clasificados previamente,26,"Profesionales en derecho, ciencias sociales y culturales",265,"Artistas, actores y locutores de medios de comunicación",2,"Profesionales, científicos e intelectuales",2017,22,2254,296552.2868815252,17.14463176574978,0.7922682813227759,0.2453416149068323,0.7546583850931677,0,0.6455190771960958,27.00709849157054,13.38997338065661,TRUE,0,TRUE
2114,Geólogos y geofísicos,21,Profesionales de las ciencias y de la ingeniería,211,"Físicos, astrónomos, meteorólogos, químicos, geólogos y geofísicos",2,"Profesionales, científicos e intelectuales",2017,26,2242,1789713.6751152074,40.358608385370204,0.889218009478673,0.756021409455843,0.243978590544157,0,0.21543264942016058,40.45628902765388,17.141837644959857,TRUE,0,TRUE
2622,Bibliotecarios y documentalistas de archivos,26,"Profesionales en derecho, ciencias sociales y culturales",262,"Archivistas, curadores de museo, bibliotecarios y documentalistas de archivos",2,"Profesionales, científicos e intelectuales",2017,24,2195,831467.599078341,44.05876993166287,0.6675392670157068,1,0,0,0.7749430523917995,46.91890660592255,15.2,TRUE,0,TRUE
2143,Ingenieros medioambientales,21,Profesionales de las ciencias y de la ingeniería,214,Ingenieros (excluyendo ingenieros en electrotecnología),2,"Profesionales, científicos e intelectuales",2017,26,2112,1475847.9919507576,42.69602272727273,0.8914092664092664,0.8650568181818182,0.08806818181818182,0.046875,0.16714015151515152,39.19981060606061,17.37405303030303,TRUE,1,TRUE
1212,"Directores, gerentes y administradores de recursos humanos",12,Directores y gerentes administrativos y de servicios comerciales,121,"Directores, gerentes y administradores de finanzas, de recursos humanos, políticas empresariales y de servicios administrativos",1,"Directores, gerentes y administradores",2017,16,2077,2810272.4472797303,45.34424650938854,1,0.9167067886374579,0.08329321136254213,0,0.575830524795378,45.448242657679344,17.965816080885894,TRUE,0,TRUE
2653,Bailarines y coreógrafos,26,"Profesionales en derecho, ciencias sociales y culturales",265,"Artistas, actores y locutores de medios de comunicación",2,"Profesionales, científicos e intelectuales",2017,21,2066,499740.03194578894,27.540174249757985,0.6582768635043562,0.5943852855759922,0.3673765730880929,0.03823814133591481,0.6892545982575025,35.996127783155856,14.579380445304936,TRUE,0.2696030977734753,TRUE
1222,"Directores, gerentes y administradores de publicidad y relaciones públicas",12,Directores y gerentes administrativos y de servicios comerciales,122,"Directores, gerentes y administradores de comercialización, publicidad, relaciones públicas e investigación y desarrollo",1,"Directores, gerentes y administradores",2017,15,2054,2441877.23466407,45.930866601752676,0.826530612244898,0.8831548198636806,0.02385589094449854,0.09298928919182084,0.7103213242453749,39.249269717624145,16.527750730282374,TRUE,0,TRUE
7211,Moldeadores y macheros,72,"Operarios de la metalurgia y operarios de máquinas herramientas; mecánicos de vehículos, maquinarias, aviones y bicicletas",721,"Moldeadores, soldadores, chapistas, caldereros, montadores de estructuras metálicas, aparejadores y empalmadores de cables no eléctricos",7,Artesanos y operarios de oficios,2017,16,2037,446931.74570446735,45.68433971526755,0.38351822503961963,0.7427589592538046,0.25724104074619536,0,0.042709867452135494,49.28375061364752,9.61119293078056,TRUE,0,TRUE
3432,Diseñadores y decoradores de interior,34,"Técnicos de servicios jurídicos, sociales, deportivos y culturales",343,"Fotógrafos, decoradores de interior, técnicos en galerías de arte, museos y bibliotecas, chefs y otros técnicos en actividades culturales y artísticas",3,Técnicos y profesionales de nivel medio,2017,20,2018,611328.0703666997,35.25123885034688,0.7529411764705882,0.367195242814668,0.5059464816650149,0.12685827552031714,0.7125867195242814,42.076808721506445,15.638751238850347,TRUE,1,TRUE
5241,"Modelos de moda, arte y publicidad",52,Vendedores,524,Modelos y promotores y otros vendedores no clasificados previamente,5,Trabajadores de los servicios y vendedores de comercios y mercados,2017,18,1976,482559.88360323885,33.218117408906885,0.19393939393939394,0.6978744939271255,0.3021255060728745,0,0.6958502024291497,29.29251012145749,13.53238866396761,TRUE,0,TRUE
3131,Operadores de instalaciones de producción de energía,31,Técnicos de las ciencias y la ingeniería,313,"Técnicos en control de procesos en instalaciones de producción de energía, agua, productos químicos, gas natural y metales",3,Técnicos y profesionales de nivel medio,2017,23,1909,727813.9036144578,47.02304871660555,0.6791478373143964,0.8821372446306966,0.1178627553693033,0,0.03300157150340492,38.84913567312729,12.995809324253536,TRUE,0,TRUE
7316,"Pintores de carteles, pintores decorativos y grabadores",73,Artesanos y operarios de las artes gráficas,731,"Reparadores de instrumentos de precisión, fabricantes y afinadores de instrumentos musicales, pintores de carteles, pintores decorativos y artesanos",7,Artesanos y operarios de oficios,2017,13,1891,456895.1438392385,34.835007932310944,0.1080669710806697,0.38022210470650447,0.6197778952934955,0,0.16975145425700688,52.63670015864622,10.034902168164992,TRUE,0,TRUE
7521,Operarios del tratamiento de la madera,75,"Operarios de procesamiento de alimentos, de la confección, ebanistas y otros oficios",752,"Operarios del tratamiento de la madera, ebanistas y operarios de máquinas para trabajar madera",7,Artesanos y operarios de oficios,2017,27,1891,392615.43786356424,45.56689582231623,0.7890056588520614,0.98783712321523,0.012162876784769964,0,0.09307244843997885,41.53622421998942,10.144896879957694,TRUE,0,TRUE
3354,Agentes de servicios de tramitación y entrega de licencias y permisos,33,Técnicos en operaciones financieras y administrativas,335,Agentes de la administración pública para la aplicación de la ley,3,Técnicos y profesionales de nivel medio,2017,27,1872,904405.8272884283,44.202991452991455,1,1,0,0,0.30235042735042733,46.18269230769231,14.640491452991453,TRUE,0,TRUE
5111,Auxiliares de servicio a bordo de aeronaves y barcos,51,Trabajadores de los servicios a las personas,511,Trabajadores al servicio directo de los pasajeros,5,Trabajadores de los servicios y vendedores de comercios y mercados,2017,18,1835,950503.2888283379,52.77602179836512,0.9878345498783455,1,0,0,0.5940054495912807,31.398910081743868,14.251895043731778,TRUE,0,TRUE
4229,Otros empleados de servicios de información al cliente no clasificados previamente,42,Empleados en trato directo con el público,422,Empleados de servicios de información al cliente,4,Personal de apoyo administrativo,2017,17,1815,457463.4280991735,45.34269972451791,0.7464042392127176,0.8953168044077136,0.1046831955922865,0,0.5851239669421487,44.939944903581264,12.190082644628099,TRUE,1,TRUE
8311,Maquinistas de locomotoras,83,Conductores de vehículos y operadores de equipos pesados y móviles,831,"Maquinistas de locomotoras, guardafrenos y agentes de maniobras",8,"Operadores de instalaciones, máquinas y ensambladores",2017,20,1796,665500.8301781737,45.60690423162583,1,1,0,0,0,41.48496659242762,12.484966592427616,TRUE,0,TRUE
3355,Inspectores y detectives de la Policía de Investigaciones (PDI),33,Técnicos en operaciones financieras y administrativas,335,Agentes de la administración pública para la aplicación de la ley,3,Técnicos y profesionales de nivel medio,2017,20,1734,1406088.0657582937,53.59400230680507,0.9588424437299036,0.9734717416378316,0.0265282583621684,0,0.23471741637831603,35.865051903114185,15.584775086505191,TRUE,1,TRUE
2222,Profesionales de matronería,22,Profesionales de la salud,222,Profesionales de enfermería y matronería,2,"Profesionales, científicos e intelectuales",2017,16,1718,1177556.3175914993,38.44062863795111,0.8544752092723761,0.7322467986030268,0.23050058207217694,0.037252619324796274,0.970314318975553,40.31839348079162,17.060535506402793,TRUE,1,TRUE
4411,Asistentes y ayudantes de bibliotecas,44,Otro personal de apoyo administrativo,441,Otro personal de apoyo administrativo,4,Personal de apoyo administrativo,2017,22,1684,372582.7583135392,43.090261282660336,0.8247678018575851,1,0,0,0.6520190023752969,43.48990498812351,13.475617098133654,TRUE,1,TRUE
5161,Astrólogos y adivinadores,51,Trabajadores de los servicios a las personas,516,Otros trabajadores de servicios a las personas,5,Trabajadores de los servicios y vendedores de comercios y mercados,2017,17,1661,704734.3521974714,40.07826610475617,0.02588801926550271,0.06742925948223961,0.7676098735701384,0.1649608669476219,0.8296207104154124,49.78567128236003,12.517760385310055,TRUE,0,TRUE
9213,Obreros de explotaciones agropecuarias,92,"Obreros agropecuarios, pesqueros y forestales",921,"Obreros agropecuarios, de jardinería y horticultura, forestales y pesqueros",9,Ocupaciones elementales,2017,25,1655,264172.6084592145,44.52567975830816,0.82109375,0.9093655589123867,0.09063444108761329,0,0.25196374622356493,46.451359516616314,8.873577749683944,TRUE,1,TRUE
8122,"Operadores de máquinas de acabado de metales (pulidores, galvanizadores y recubridores de metales)",81,Operadores de instalaciones fijas y máquinas,812,"Operadores de instalaciones de procesamiento y acabado de metales (pulidores, galvanizadores y recubridores de metales)",8,"Operadores de instalaciones, máquinas y ensambladores",2017,10,1654,522038.0792019347,44.13361547762999,0.9614121510673235,1,0,0,0,41.5459492140266,10.92019347037485,TRUE,0,TRUE
3111,Técnicos en ciencias físicas y químicas,31,Técnicos de las ciencias y la ingeniería,311,"Técnicos en ciencias físicas, químicas, técnicos en ingeniería y dibujantes técnicos",3,Técnicos y profesionales de nivel medio,2017,21,1650,702182.61405672,48.57515151515152,0.9386828160484482,1,0,0,0.6115151515151516,32.736363636363635,14.853939393939394,TRUE,0,TRUE
2120,Matemáticos y estadísticos,21,Profesionales de las ciencias y de la ingeniería,212,Matemáticos y estadísticos,2,"Profesionales, científicos e intelectuales",2017,18,1647,1353274.859744991,43.875531268973894,0.8691650230111768,1,0,0,0.23193685488767457,36.499696417729204,16.896658415841586,TRUE,0,TRUE
9510,Trabajadores ambulantes de servicios,95,Trabajadores ambulantes de servicios y vendedores ambulantes (excluyendo comida de consumo inmediato),951,Trabajadores ambulantes de servicios,9,Ocupaciones elementales,2017,13,1631,300211.1079092581,42.21643163703249,0.19681177191906807,0.25137952176578787,0.7486204782342122,0,0.2317596566523605,53.0337216431637,8.817290006131207,TRUE,0,TRUE
3435,Tatuadores,34,"Técnicos de servicios jurídicos, sociales, deportivos y culturales",343,"Fotógrafos, decoradores de interior, técnicos en galerías de arte, museos y bibliotecas, chefs y otros técnicos en actividades culturales y artísticas",3,Técnicos y profesionales de nivel medio,2017,14,1545,1326126.6323624596,43.667961165048546,0.8515731874145007,0.655663430420712,0.3307443365695793,0.013592233009708738,0.31974110032362457,49.25436893203884,16.364401294498382,TRUE,1,TRUE
9129,Otro personal de limpieza no clasificado previamente,91,Auxiliares de aseo y trabajadores de casa particular,912,"Limpiadores de ropa, vehículos, ventanas y otros limpiadores manuales",9,Ocupaciones elementales,2017,24,1464,296120.7973258269,39.26161202185792,0.19558359621451105,0.46584699453551914,0.5341530054644809,0,0.05737704918032787,44.83948087431694,9.082650273224044,TRUE,1,TRUE
7221,Herreros y forjadores,72,"Operarios de la metalurgia y operarios de máquinas herramientas; mecánicos de vehículos, maquinarias, aviones y bicicletas",722,Herreros y herramentistas; reguladores y operarios de máquinas herramientas; pulidores de metales y afiladores de herramientas,7,Artesanos y operarios de oficios,2017,20,1432,357072.6155492154,36.41550279329609,0.35362095531587057,0.5970670391061452,0.2981843575418994,0.10474860335195531,0.12430167597765363,54.49162011173184,9.390243902439025,TRUE,0,TRUE
8114,Operadores de máquinas para fabricar cemento y otros productos minerales,81,Operadores de instalaciones fijas y máquinas,811,"Mineros y operadores de instalaciones mineras, perforadores de pozos y operadores de máquinas para fabricar cemento y otros productos minerales",8,"Operadores de instalaciones, máquinas y ensambladores",2017,20,1422,448336.14040114614,45.37341772151899,0.8945362134688691,1,0,0,0.01828410689170183,44.270042194092824,11.29676511954993,TRUE,0,TRUE
3134,Operadores de instalaciones de refinación de petróleo y gas natural,31,Técnicos de las ciencias y la ingeniería,313,"Técnicos en control de procesos en instalaciones de producción de energía, agua, productos químicos, gas natural y metales",3,Técnicos y profesionales de nivel medio,2017,28,1390,1158602.3424460432,51.12014388489209,0.8514234875444839,1,0,0,0.0985611510791367,38.27194244604316,14.211510791366907,TRUE,0,TRUE
1223,"Directores, gerentes y administradores de investigación y desarrollo",12,Directores y gerentes administrativos y de servicios comerciales,122,"Directores, gerentes y administradores de comercialización, publicidad, relaciones públicas e investigación y desarrollo",1,"Directores, gerentes y administradores",2017,9,1386,2739541.9134199135,44.97835497835498,1,0.8665223665223665,0.13347763347763347,0,0.25613275613275616,48.611111111111114,18.083694083694084,TRUE,0,TRUE
1111,Miembros del poder ejecutivo y legislativo,11,"Miembros del Poder Ejecutivo y Legislativo, personal directivo de la administración pública y de otras organizaciones sociales y/o políticas, directores ejecutivos y gerentes generales",111,"Miembros del poder ejecutivo y legislativo, personal directivo de la administración pública y de otras organizaciones sociales y/o políticas",1,"Directores, gerentes y administradores",2017,25,1382,1252449.7228654125,43.97973950795948,0.4560954816709292,1,0,0,0.3878437047756874,49.25832127351664,14.35383502170767,TRUE,0,TRUE
3116,Técnicos en química industrial,31,Técnicos de las ciencias y la ingeniería,311,"Técnicos en ciencias físicas, químicas, técnicos en ingeniería y dibujantes técnicos",3,Técnicos y profesionales de nivel medio,2017,14,1370,587312.2335766423,48.27372262773723,0.8697355533790402,1,0,0,0.04525547445255475,38.105109489051095,14.556204379562043,TRUE,0,TRUE
8171,Operadores de instalaciones para la preparación de papel y de pasta para papel,81,Operadores de instalaciones fijas y máquinas,817,"Operadores de instalaciones para la preparación de papel, pasta de papel y procesamiento de la madera",8,"Operadores de instalaciones, máquinas y ensambladores",2017,14,1349,754812.338028169,45.489251297257226,1,1,0,0,0.014084507042253521,50.83765752409192,13.404002965159377,TRUE,1,TRUE
2263,NA,NA,NA,NA,NA,NA,NA,2017,11,1302,1838141.0906298002,39.71812596006144,0.2906520031421838,1,0,0,0.47081413210445466,34.61213517665131,16.8394777265745,TRUE,1,TRUE
9612,Clasificadores de desechos,96,Recolectores de desechos y otras ocupaciones elementales,961,"Recolectores de basura y material reciclable, clasificadores de desechos y barrenderos de calles y parques",9,Ocupaciones elementales,2017,11,1294,323337.96599690884,47.376352395672335,0.6191780821917808,0.7194744976816074,0.28052550231839257,0,0.36321483771251933,34.908809891808346,9.657650695517775,TRUE,1,TRUE
9329,Obreros de la industria manufacturera no clasificados previamente,93,"Obreros de la minería, la construcción, la industria manufacturera y el transporte",932,Empacadores manuales y obreros de la industria manufacturera,9,Ocupaciones elementales,2017,8,1280,364151.44140625,45,0.9234650967199327,1,0,0,0,39.915625,10.021875,TRUE,1,TRUE
3421,Atletas y deportistas,34,"Técnicos de servicios jurídicos, sociales, deportivos y culturales",342,"Deportistas, entrenadores, árbitros e instructores de actividades deportivas y recreativas",3,Técnicos y profesionales de nivel medio,2017,14,1272,258859.06040268455,34.53616352201258,0.4897595725734639,0.5385220125786163,0.39858490566037735,0,0.08883647798742138,39.12657232704402,14.904874213836479,TRUE,1,TRUE
2519,Otros desarrolladores y analistas de software y multimedia no clasificados previamente,25,Profesionales de tecnología de la información y las comunicaciones,251,"Analistas, desarrolladores y programadores de software, multimedia y aplicaciones",2,"Profesionales, científicos e intelectuales",2017,12,1202,1405245.228976697,45.1630615640599,0.9208899876390606,0.7770382695507487,0.22296173044925124,0,0.1788685524126456,42.97670549084859,16.508319467554077,TRUE,1,TRUE
3155,Técnicos electrónicos aeronáuticos,31,Técnicos de las ciencias y la ingeniería,315,Técnicos y controladores en navegación marítima y aeronáutica,3,Técnicos y profesionales de nivel medio,2017,17,1192,1189245.7541946308,45.96392617449664,0.961577350859454,1,0,0,0.25838926174496646,40.30117449664429,15.375,TRUE,0,TRUE
3123,Supervisores de la construcción,31,Técnicos de las ciencias y la ingeniería,312,"Supervisores de minas, de industrias manufactureras y de la construcción",3,Técnicos y profesionales de nivel medio,2017,8,1185,5072497.312236287,52.220253164556965,1,0.7054852320675106,0,0.29451476793248943,0,50.91308016877637,17.364556962025315,TRUE,1,TRUE
3353,Agentes de servicios de prestaciones sociales,33,Técnicos en operaciones financieras y administrativas,335,Agentes de la administración pública para la aplicación de la ley,3,Técnicos y profesionales de nivel medio,2017,7,1176,1019625.5765306122,44.94897959183673,1,0.7967687074829932,0.2032312925170068,0,1,45.94642857142857,15.562925170068027,TRUE,0,TRUE
2633,"Filósofos, historiadores y especialistas en ciencias políticas",26,"Profesionales en derecho, ciencias sociales y culturales",263,"Economistas, especialistas en ciencias sociales, humanidades, ciencias políticas y teología",2,"Profesionales, científicos e intelectuales",2017,11,1163,1005859.8495270851,43.02149613069648,0.4883068288119738,0.9466895958727429,0.05331040412725709,0,0.5511607910576096,34.61908856405847,17.699914015477216,TRUE,0,TRUE
2641,Autores y otros escritores,26,"Profesionales en derecho, ciencias sociales y culturales",264,"Escritores, periodistas, traductores, intérpretes de lengua de señas y lingüistas",2,"Profesionales, científicos e intelectuales",2017,11,1159,1255994.3994823124,40.40120793787748,0.7686116700201208,0.9163071613459879,0.08369283865401209,0,0.31061259706643657,34.8213977566868,18.00949094046592,TRUE,1,TRUE
7113,"Tronzadores, labrantes y grabadores de piedra",71,Operarios de la construcción (no incluye electricistas),711,Operarios de la construcción en obra gruesa,7,Artesanos y operarios de oficios,2017,13,1144,391939.8260489511,48.21853146853147,0.773469387755102,0.9423076923076923,0.057692307692307696,0,0.055944055944055944,33.45454545454545,11.052447552447552,TRUE,0,TRUE
3331,Agentes de aduana,33,Técnicos en operaciones financieras y administrativas,333,"Agentes de aduana, organizadores de eventos, agentes de empleo, de bienes raíces y otros agentes de servicios comerciales",3,Técnicos y profesionales de nivel medio,2017,12,1076,700064.9200743494,46.971189591078065,1,0.912639405204461,0.08736059479553904,0,0.5065055762081785,44.819702602230485,14.007434944237918,TRUE,0,TRUE
8152,Operadores de telares y otras máquinas tejedoras,81,Operadores de instalaciones fijas y máquinas,815,"Operadores de máquinas para fabricar productos textiles, artículos de piel y cuero y operadores de máquinas de lavanderías",8,"Operadores de instalaciones, máquinas y ensambladores",2017,10,1069,374941.89616463985,48.059869036482695,0.3127147766323024,0.43872778297474274,0.5612722170252572,0,0.5247895229186156,43.80542563143124,8.64265668849392,TRUE,1,TRUE
7544,Fumigadores y otros controladores de plagas y malezas,75,"Operarios de procesamiento de alimentos, de la confección, ebanistas y otros oficios",754,"Buzos, dinamiteros, clasificadores, probadores e inspectores de calidad de productos no comestibles, fumigadores y otros oficios",7,Artesanos y operarios de oficios,2017,13,1062,396101.83804143127,37.19774011299435,0.6386449184441656,0.7372881355932204,0.2627118644067797,0,0.09133709981167608,38.25423728813559,10.854048964218455,TRUE,1,TRUE
3240,Técnicos y asistentes veterinarios,32,Técnicos de la salud,324,Técnicos y asistentes veterinarios,3,Técnicos y profesionales de nivel medio,2017,9,1061,397994.38737040525,43.91517436380773,0.45564516129032256,1,0,0,0.8124410933081998,27.651272384542885,14.84071630537229,TRUE,0,TRUE
8211,Ensambladores de maquinaria mecánica,82,Ensambladores,821,"Ensambladores de maquinaria mecánica, equipos eléctricos, electrónicos y otros ensambladores",8,"Operadores de instalaciones, máquinas y ensambladores",2017,8,1043,541888.5388302972,47.86289549376798,1,1,0,0,0,38.039309683604984,12.193672099712368,TRUE,0,TRUE
1114,"Dirigentes de organizaciones sociales y/o políticas (sindicatos, organizaciones sociales, partidos políticos, entre otras)",11,"Miembros del Poder Ejecutivo y Legislativo, personal directivo de la administración pública y de otras organizaciones sociales y/o políticas, directores ejecutivos y gerentes generales",111,"Miembros del poder ejecutivo y legislativo, personal directivo de la administración pública y de otras organizaciones sociales y/o políticas",1,"Directores, gerentes y administradores",2017,12,1038,2835642.289966924,44.55105973025048,0.5010752688172043,1,0,0,0.5019267822736031,51.3140655105973,17.954720616570327,TRUE,0,TRUE
2529,Otros especialistas en bases de datos y en redes de computadores no clasificados previamente,25,Profesionales de tecnología de la información y las comunicaciones,252,"Diseñadores y administradores de bases de datos, administradores de sistemas y profesionales en redes de computadores",2,"Profesionales, científicos e intelectuales",2017,6,1036,1843222.0810810812,45.295366795366796,1,1,0,0,0.13320463320463322,39.62644787644788,17,TRUE,1,TRUE
3252,Técnicos en documentación e información sanitaria,32,Técnicos de la salud,325,"Técnicos en odontología, ópticos, técnicos en prevención de riesgos y otros técnicos en salud",3,Técnicos y profesionales de nivel medio,2017,11,1036,252711.4317425083,34.295366795366796,0.3466666666666667,0.7934362934362934,0.20656370656370657,0,0.43822393822393824,43.544401544401545,15.315637065637066,TRUE,1,TRUE
2513,Desarrolladores web y multimedia,25,Profesionales de tecnología de la información y las comunicaciones,251,"Analistas, desarrolladores y programadores de software, multimedia y aplicaciones",2,"Profesionales, científicos e intelectuales",2017,10,1035,958507.3053140097,40.4280193236715,0.8903318903318903,0.7874396135265701,0.1391304347826087,0.07342995169082125,0.22995169082125605,35.68888888888889,16.56441717791411,TRUE,1,TRUE
2164,Urbanistas e ingenieros de transporte y tránsito,21,Profesionales de las ciencias y de la ingeniería,216,"Arquitectos, diseñadores, urbanistas, cartógrafos y agrimensores",2,"Profesionales, científicos e intelectuales",2017,11,1011,1622183.994065282,39.472595656670116,0.5798882681564246,0.3620178041543027,0.4332344213649852,0.20474777448071216,0.26508407517309596,41.18100890207715,17.700296735905045,TRUE,1,TRUE
2269,NA,NA,NA,NA,NA,NA,NA,2017,11,991,1550607.031281534,35.87487386478305,0.9243188698284561,0.7608476286579213,0.2391523713420787,0,0.5378405650857719,40.29263370332997,17.721493440968718,TRUE,1,TRUE
3257,Inspectores de la salud y técnicos en prevención de riesgos,32,Técnicos de la salud,325,"Técnicos en odontología, ópticos, técnicos en prevención de riesgos y otros técnicos en salud",3,Técnicos y profesionales de nivel medio,2017,13,986,716621.290060852,44.79918864097363,0.7435610302351624,1,0,0,0.44421906693711966,41.7657200811359,14.309071729957806,TRUE,1,TRUE
2612,Jueces,26,"Profesionales en derecho, ciencias sociales y culturales",261,"Abogados, jueces y otros profesionales del derecho",2,"Profesionales, científicos e intelectuales",2017,19,966,3761836.7298136647,47.770212765957446,1,0.9761904761904762,0.023809523809523808,0,0.37577639751552794,49.00414078674948,17.71014492753623,TRUE,0,TRUE
7224,Pulidores de metales y afiladores de herramientas,72,"Operarios de la metalurgia y operarios de máquinas herramientas; mecánicos de vehículos, maquinarias, aviones y bicicletas",722,Herreros y herramentistas; reguladores y operarios de máquinas herramientas; pulidores de metales y afiladores de herramientas,7,Artesanos y operarios de oficios,2017,8,954,562855.5209643606,45.268343815513624,0.912751677852349,1,0,0,0,47.937106918238996,6.784067085953878,TRUE,0,TRUE
6223,Pescadores de alta mar,62,"Trabajadores forestales calificados, pescadores y cazadores cuya producción se destina al mercado",622,"Trabajadores de explotaciones de acuicultura, pescadores, cazadores y tramperos",6,"Agricultores y trabajadores calificados agropecuarios, forestales y pesqueros",2017,21,950,339800.85789473687,34.937894736842104,0.1536697247706422,0.5210526315789473,0.3863157894736842,0.09263157894736843,0,42.141052631578944,8.847619047619048,TRUE,0,TRUE
1344,"Directores, gerentes y administradores de servicios de bienestar social",13,"Directores, gerentes y administradores de producción y operaciones",134,"Directores, gerentes y administradores de servicios de cuidados a personas, bienestar social, educación, servicios financieros y de otros servicios profesionales",1,"Directores, gerentes y administradores",2017,6,871,1674677.2686567164,42.5947187141217,0.9276693455797933,1,0,0,0.4018369690011481,45.67049368541906,18.663605051664753,TRUE,1,TRUE
3141,Técnicos en ciencias biológicas (excluyendo la medicina),31,Técnicos de las ciencias y la ingeniería,314,"Técnicos en ciencias biológicas (excluyendo la medicina), agropecuarias, acuícolas y forestales",3,Técnicos y profesionales de nivel medio,2017,6,855,1669866.5497076022,44.046783625730995,0.9567251461988304,1,0,0,0.9567251461988304,44.666666666666664,17,TRUE,1,TRUE
3214,Técnicos de prótesis médicas,32,Técnicos de la salud,321,"Técnicos y auxiliares paramédicos en imagenología, análisis de muestras médicas y de sangre, farmacéuticos y prótesis médicas y dentales",3,Técnicos y profesionales de nivel medio,2017,8,848,358836.96933962265,47.20990566037736,0.3747178329571106,0.6733490566037735,0.3266509433962264,0,0,50.693396226415096,11.08254716981132,TRUE,1,TRUE
1420,"Directores, gerentes y administradores de comercios al por mayor y al por menor",14,"Directores, gerentes y administradores de hoteles, restaurantes, comercios y de otros servicios",142,"Directores, gerentes y administradores de comercios al por mayor y al por menor",1,"Directores, gerentes y administradores",2017,6,819,4921556.426129426,48.61294261294261,0.8693528693528694,0.6031746031746031,0.3089133089133089,0.08791208791208792,0,49.92307692307692,17.905982905982906,TRUE,0,TRUE
7215,Aparejadores y empalmadores de cables no eléctricos,72,"Operarios de la metalurgia y operarios de máquinas herramientas; mecánicos de vehículos, maquinarias, aviones y bicicletas",721,"Moldeadores, soldadores, chapistas, caldereros, montadores de estructuras metálicas, aparejadores y empalmadores de cables no eléctricos",7,Artesanos y operarios de oficios,2017,7,758,606904.0247678019,50.117414248021106,0.41204819277108434,1,0,0,0,43.61477572559367,10.964379947229551,TRUE,0,TRUE
2162,Arquitectos paisajistas,21,Profesionales de las ciencias y de la ingeniería,216,"Arquitectos, diseñadores, urbanistas, cartógrafos y agrimensores",2,"Profesionales, científicos e intelectuales",2017,7,747,1513292.1114551083,43.44578313253012,0.8647925033467202,0.17804551539491298,0.002677376171352075,0.8192771084337349,0,48.00401606425703,17.402945113788487,TRUE,1,TRUE
2621,Archivistas y curadores de museos,26,"Profesionales en derecho, ciencias sociales y culturales",262,"Archivistas, curadores de museo, bibliotecarios y documentalistas de archivos",2,"Profesionales, científicos e intelectuales",2017,6,660,971943.1818181818,38.17727272727273,0.6681818181818182,0.9015151515151515,0.09848484848484848,0,0.6772727272727272,34.487878787878785,17.395454545454545,TRUE,0,TRUE
8151,"Operadores de máquinas de preparación de fibras, hilado y devanado",81,Operadores de instalaciones fijas y máquinas,815,"Operadores de máquinas para fabricar productos textiles, artículos de piel y cuero y operadores de máquinas de lavanderías",8,"Operadores de instalaciones, máquinas y ensambladores",2017,7,642,406652.7102803738,46.046728971962615,1,1,0,0,0.18691588785046728,47.665109034267914,11.345794392523365,TRUE,0,TRUE
5163,Personal de pompas fúnebres y embalsamadores,51,Trabajadores de los servicios a las personas,516,Otros trabajadores de servicios a las personas,5,Trabajadores de los servicios y vendedores de comercios y mercados,2017,6,624,706353.4134615385,63.157051282051285,0.5133587786259542,0.5913461538461539,0.1907051282051282,0.21794871794871795,0.16025641025641027,50.15865384615385,12.419871794871796,TRUE,0,TRUE
9123,Limpiadores de ventanas,91,Auxiliares de aseo y trabajadores de casa particular,912,"Limpiadores de ropa, vehículos, ventanas y otros limpiadores manuales",9,Ocupaciones elementales,2017,8,604,268228.4768211921,46.20198675496689,0.4105960264900662,0.8758278145695364,0.12417218543046357,0,0.3973509933774834,35.27814569536424,10.051324503311259,TRUE,1,TRUE
2654,"Directores de cine, radio y teatro",26,"Profesionales en derecho, ciencias sociales y culturales",265,"Artistas, actores y locutores de medios de comunicación",2,"Profesionales, científicos e intelectuales",2017,7,581,1204341.65232358,46.20998278829604,0.9500860585197934,1,0,0,0.8433734939759037,57.30292598967298,17.189328743545612,TRUE,1,TRUE
3153,Pilotos de aviación,31,Técnicos de las ciencias y la ingeniería,315,Técnicos y controladores en navegación marítima y aeronáutica,3,Técnicos y profesionales de nivel medio,2017,10,577,2403578.268630849,51.04159445407279,1,1,0,0,0.03292894280762565,46.06932409012132,17.2894280762565,TRUE,0,TRUE
3151,Oficiales maquinistas en navegación,31,Técnicos de las ciencias y la ingeniería,315,Técnicos y controladores en navegación marítima y aeronáutica,3,Técnicos y profesionales de nivel medio,2017,7,576,1090536.8541666667,63.921875,0.9407582938388626,0.9565972222222222,0,0.043402777777777776,0,46.00694444444444,14.057291666666666,TRUE,0,TRUE
3254,Técnicos ópticos y contactólogos,32,Técnicos de la salud,325,"Técnicos en odontología, ópticos, técnicos en prevención de riesgos y otros técnicos en salud",3,Técnicos y profesionales de nivel medio,2017,9,576,698264.0190972222,44.80555555555556,1,1,0,0,0.2708333333333333,38.904513888888886,15.746527777777779,TRUE,1,TRUE
8132,Operadores de máquinas para fabricar productos fotográficos,81,Operadores de instalaciones fijas y máquinas,813,Operadores de instalaciones y máquinas para fabricar productos químicos y fotográficos,8,"Operadores de instalaciones, máquinas y ensambladores",2017,7,512,774697.32421875,31.9921875,0.30859375,0.671875,0.328125,0,0.140625,47.1953125,14.322265625,TRUE,0.36328125,TRUE
3258,Quiroprácticos y osteópatas,32,Técnicos de la salud,325,"Técnicos en odontología, ópticos, técnicos en prevención de riesgos y otros técnicos en salud",3,Técnicos y profesionales de nivel medio,2017,7,475,408027.95578947366,41.456842105263156,1,1,0,0,0.7978947368421052,39.410526315789475,14.033684210526316,TRUE,1,TRUE
5162,Acompañantes,51,Trabajadores de los servicios a las personas,516,Otros trabajadores de servicios a las personas,5,Trabajadores de los servicios y vendedores de comercios y mercados,2017,8,473,316448.2029598309,41.89217758985201,0.23809523809523808,0.28964059196617337,0.7103594080338267,0,1,41.09090909090909,8.585623678646934,TRUE,0,TRUE
9331,Conductores de vehículos accionados a pedal o a brazo (no motorizados),93,"Obreros de la minería, la construcción, la industria manufacturera y el transporte",933,Obreros del transporte y almacenamiento,9,Ocupaciones elementales,2017,6,449,189393.15367483295,46.47216035634744,0.25389755011135856,0.25389755011135856,0.7461024498886414,0,0,50.71714922048998,6.904231625835189,TRUE,0,TRUE
7532,Patronistas y cortadores de telas,75,"Operarios de procesamiento de alimentos, de la confección, ebanistas y otros oficios",753,"Sastres, modistos, patronistas de tela, costureros, tapiceros, apelambradores y zapateros",7,Artesanos y operarios de oficios,2017,3,434,409495.16589861753,47.94930875576037,0.47465437788018433,0.47465437788018433,0.5253456221198156,0,0,54.83870967741935,12.55299539170507,TRUE,0,TRUE
7312,Fabricantes y afinadores de instrumentos musicales,73,Artesanos y operarios de las artes gráficas,731,"Reparadores de instrumentos de precisión, fabricantes y afinadores de instrumentos musicales, pintores de carteles, pintores decorativos y artesanos",7,Artesanos y operarios de oficios,2017,3,420,621785.7142857143,62.785714285714285,0,0,1,0,0.04047619047619048,33.81190476190476,12.997619047619047,TRUE,0,TRUE
8212,Ensambladores de equipos eléctricos y electrónicos,82,Ensambladores,821,"Ensambladores de maquinaria mecánica, equipos eléctricos, electrónicos y otros ensambladores",8,"Operadores de instalaciones, máquinas y ensambladores",2017,2,411,463017.0316301703,45,1,1,0,0,0.4720194647201946,36.13625304136253,12,TRUE,1,TRUE
8312,"Guardafrenos, guardagujas y agentes de maniobras",83,Conductores de vehículos y operadores de equipos pesados y móviles,831,"Maquinistas de locomotoras, guardafrenos y agentes de maniobras",8,"Operadores de instalaciones, máquinas y ensambladores",2017,5,397,366719.1435768262,44.722921914357684,1,1,0,0,0.4659949622166247,38.83375314861461,9.314861460957179,TRUE,0,TRUE
1343,"Directores, gerentes y administradores de servicios de cuidado de adultos mayores",13,"Directores, gerentes y administradores de producción y operaciones",134,"Directores, gerentes y administradores de servicios de cuidados a personas, bienestar social, educación, servicios financieros y de otros servicios profesionales",1,"Directores, gerentes y administradores",2017,2,391,1013395.1406649617,45,1,0.5498721227621484,0.45012787723785164,0,0.45012787723785164,32.549872122762146,17.45012787723785,TRUE,1,TRUE
2111,Físicos y astrónomos,21,Profesionales de las ciencias y de la ingeniería,211,"Físicos, astrónomos, meteorólogos, químicos, geólogos y geofísicos",2,"Profesionales, científicos e intelectuales",2017,2,387,3704599.4832041343,78.31782945736434,1,1,0,0,0,55.906976744186046,17,TRUE,0,TRUE
8156,"Operadores de máquinas para la fabricación de calzado, bolsos y accesorios de talabartería",81,Operadores de instalaciones fijas y máquinas,815,"Operadores de máquinas para fabricar productos textiles, artículos de piel y cuero y operadores de máquinas de lavanderías",8,"Operadores de instalaciones, máquinas y ensambladores",2017,3,387,361759.4082687338,46.17571059431525,1,1,0,0,0.6589147286821705,51.72868217054263,11.576227390180879,TRUE,0,TRUE
8219,Ensambladores no clasificados previamente,82,Ensambladores,821,"Ensambladores de maquinaria mecánica, equipos eléctricos, electrónicos y otros ensambladores",8,"Operadores de instalaciones, máquinas y ensambladores",2017,3,376,380067.89361702127,50.952127659574465,0.5797872340425532,0.5797872340425532,0.42021276595744683,0,0,32.805851063829785,13.172872340425531,TRUE,1,TRUE
3135,Controladores de procesos de producción de metales,31,Técnicos de las ciencias y la ingeniería,313,"Técnicos en control de procesos en instalaciones de producción de energía, agua, productos químicos, gas natural y metales",3,Técnicos y profesionales de nivel medio,2017,4,351,960700.4843304843,49.9059829059829,1,1,0,0,0,37.07977207977208,15.35897435897436,TRUE,1,TRUE
3154,Controladores de tráfico aéreo,31,Técnicos de las ciencias y la ingeniería,315,Técnicos y controladores en navegación marítima y aeronáutica,3,Técnicos y profesionales de nivel medio,2017,8,349,1905238.111747851,45.32951289398281,1,1,0,0,0.4068767908309456,39.33810888252149,15.53295128939828,TRUE,0,TRUE
3222,Técnicos y auxiliares paramédicos de esterilización,32,Técnicos de la salud,322,"Técnicos y auxiliares paramédicos de enfermería, esterilización y ayudantes de ambulancia",3,Técnicos y profesionales de nivel medio,2017,4,341,592938.4164222874,54.316715542522,0.23219814241486067,1,0,0,0.7800586510263929,33.98533724340176,14.835777126099707,TRUE,0.31378299120234604,TRUE
7315,"Sopladores, modeladores, laminadores, cortadores y pulidores de vidrio",73,Artesanos y operarios de las artes gráficas,731,"Reparadores de instrumentos de precisión, fabricantes y afinadores de instrumentos musicales, pintores de carteles, pintores decorativos y artesanos",7,Artesanos y operarios de oficios,2017,4,338,437955.8905325444,41.494082840236686,0.7880794701986755,0.9053254437869822,0.09467455621301775,0,0.09467455621301775,52.05621301775148,9.437869822485206,TRUE,1,TRUE
1312,"Directores, gerentes y administradores de producción y operaciones de acuicultura y pesca",13,"Directores, gerentes y administradores de producción y operaciones",131,"Directores, gerentes y administradores de producción y operaciones agropecuarias, de silvicultura, acuicultura y pesca",1,"Directores, gerentes y administradores",2017,3,299,3275585.2842809362,45,1,1,0,0,0,47.591973244147155,15.618729096989966,TRUE,1,TRUE
6320,Criadores de subsistencia,63,"Trabajadores agropecuarios, pescadores, cazadores y recolectores de subsistencia",632,Criadores de subsistencia,6,"Agricultores y trabajadores calificados agropecuarios, forestales y pesqueros",2017,6,274,306669.9960784314,42.24087591240876,0.20437956204379562,0.20437956204379562,0.7956204379562044,0,0,59.57664233576642,6.354014598540146,TRUE,1,TRUE
4413,Codificadores de datos y correctores de pruebas de imprenta,44,Otro personal de apoyo administrativo,441,Otro personal de apoyo administrativo,4,Personal de apoyo administrativo,2017,2,263,258821.2927756654,35.80608365019011,0,1,0,0,0.7034220532319392,62.338403041825096,14.110266159695817,TRUE,1,TRUE
4414,Escribientes públicos,44,Otro personal de apoyo administrativo,441,Otro personal de apoyo administrativo,4,Personal de apoyo administrativo,2017,2,229,1079792.2576419213,44.34497816593886,0.9563318777292577,0.9563318777292577,0.043668122270742356,0,0.043668122270742356,34.61572052401747,11.912663755458516,TRUE,0,TRUE
2112,Meteorólogos,21,Profesionales de las ciencias y de la ingeniería,211,"Físicos, astrónomos, meteorólogos, químicos, geólogos y geofísicos",2,"Profesionales, científicos e intelectuales",2017,3,225,1109578.0266666666,47.24,1,1,0,0,1,36.50666666666667,16.933333333333334,TRUE,0,TRUE
1311,"Directores, gerentes y administradores de producción y operaciones agropecuarias y de silvicultura",13,"Directores, gerentes y administradores de producción y operaciones",131,"Directores, gerentes y administradores de producción y operaciones agropecuarias, de silvicultura, acuicultura y pesca",1,"Directores, gerentes y administradores",2017,3,173,1565470.352601156,59.861271676300575,1,0.7572254335260116,0,0.24277456647398843,0,54.630057803468205,14.589595375722544,TRUE,1,TRUE
1113,Jefes de comunidades indígenas,11,"Miembros del Poder Ejecutivo y Legislativo, personal directivo de la administración pública y de otras organizaciones sociales y/o políticas, directores ejecutivos y gerentes generales",111,"Miembros del poder ejecutivo y legislativo, personal directivo de la administración pública y de otras organizaciones sociales y/o políticas",1,"Directores, gerentes y administradores",2017,4,166,1151085.1807228916,29.566265060240966,0.9385964912280702,0.35542168674698793,0.6445783132530121,0,0.43373493975903615,60.144578313253014,9.301204819277109,TRUE,0,TRUE
7535,"Apelambradores, pellejeros y curtidores",75,"Operarios de procesamiento de alimentos, de la confección, ebanistas y otros oficios",753,"Sastres, modistos, patronistas de tela, costureros, tapiceros, apelambradores y zapateros",7,Artesanos y operarios de oficios,2017,2,161,308032.9254658385,39.037267080745345,1,1,0,0,0,63.409937888198755,10.385093167701863,TRUE,0,TRUE
7516,Elaboradores de tabaco y sus productos,75,"Operarios de procesamiento de alimentos, de la confección, ebanistas y otros oficios",751,"Operarios de procesamiento, elaboración, conservación, cata y clasificación de alimentos, bebidas y tabaco",7,Artesanos y operarios de oficios,2017,1,111,300000,40,1,1,0,0,0,50,12,TRUE,0,TRUE
3143,Técnicos forestales,31,Técnicos de las ciencias y la ingeniería,314,"Técnicos en ciencias biológicas (excluyendo la medicina), agropecuarias, acuícolas y forestales",3,Técnicos y profesionales de nivel medio,2017,2,93,352598.81720430107,44.24731182795699,1,1,0,0,0.24731182795698925,45.27956989247312,13.24731182795699,TRUE,1,TRUE
7549,Operarios de otros oficios no clasificados previamente,75,"Operarios de procesamiento de alimentos, de la confección, ebanistas y otros oficios",754,"Buzos, dinamiteros, clasificadores, probadores e inspectores de calidad de productos no comestibles, fumigadores y otros oficios",7,Artesanos y operarios de oficios,2017,1,93,350000,45,1,1,0,0,0,27,17,TRUE,1,TRUE
4213,Empleados de casa de empeño y prestamistas,42,Empleados en trato directo con el público,421,"Cajeros de bancos y de casas de cambio; receptores de apuestas, prestamistas y cobradores",4,Personal de apoyo administrativo,2017,1,74,400000,45,0,0,1,0,0,24,12,TRUE,0,TRUE
4131,Operadores de equipo de procesamiento de texto y mecanógrafos,41,Oficinistas,413,Operadores de equipo de oficina,4,Personal de apoyo administrativo,2017,2,67,328296.19402985077,45,0.47761194029850745,1,0,0,0.5223880597014925,36.149253731343286,12,TRUE,1,TRUE
6224,Cazadores y tramperos,62,"Trabajadores forestales calificados, pescadores y cazadores cuya producción se destina al mercado",622,"Trabajadores de explotaciones de acuicultura, pescadores, cazadores y tramperos",6,"Agricultores y trabajadores calificados agropecuarios, forestales y pesqueros",2017,1,53,250000,30,0,0,1,0,0,40,4,TRUE,0,TRUE
1341,"Directores, gerentes y administradores de servicios de cuidados infantiles",13,"Directores, gerentes y administradores de producción y operaciones",134,"Directores, gerentes y administradores de servicios de cuidados a personas, bienestar social, educación, servicios financieros y de otros servicios profesionales",1,"Directores, gerentes y administradores",2017,1,38,1205000,115,NA,1,0,0,1,37,17,TRUE,1,TRUE
8155,Operadores de máquinas de tratamiento de pieles y cueros,81,Operadores de instalaciones fijas y máquinas,815,"Operadores de máquinas para fabricar productos textiles, artículos de piel y cuero y operadores de máquinas de lavanderías",8,"Operadores de instalaciones, máquinas y ensambladores",2017,1,25,337786,45,1,1,0,0,0,50,7,TRUE,0,TRUE
