codigo_ciuo08,descripcion,tareas_json
0110,"Los oficiales de las Fuerzas Armadas aportan competencias de liderazgo y de gestión a sus unidades organizativas y/o realizan tareas similares a las que se llevan a cabo en diversas ocupaciones civiles, en entornos ajenos a las Fuerzas Armadas. Este grupo primario abarca a todos los miembros de las Fuerzas Armadas con grado de teniente segundo (u otro grado equivalente) o superior.",[]
0210,"Los suboficiales de las Fuerzas Armadas se encargan de hacer cumplir la disciplina militar y supervisan las actividades de las personas empleadas en las ocupaciones comprendidas en el subgrupo principal 03 “Otros miembros de las Fuerzas Armadas” y/o realizan tareas similares a las que se llevan a cabo en diversas ocupaciones civiles, en entornos ajenos a las Fuerzas Armadas. Se incluyen en este grupo primario los miembros de las instituciones de la defensa nacional que tienen rangos, como por ejemplo, sargento, sargento mayor y oficial técnico.",[]
0310,"Los otros miembros de las Fuerzas Armadas lo integran todo el personal que presta servicios en las instituciones militares voluntariamente o por obligación, con la excepción de los oficiales y suboficiales. Los “Otros miembros de las Fuerzas Armadas” realizan tareas específicas del ámbito militar y también pueden realizar tareas similares a las que se llevan a cabo en diversas ocupaciones civiles, en entornos ajenos a las instituciones de la defensa nacional.",[]
1111,"Los miembros del Poder Ejecutivo y Legislativo definen, formulan y orientan las políticas del Gobierno nacional, la región, la provincia o la comuna, así como las políticas de los organismos gubernamentales internacionales; y elaboran, ratifican, modifican o derogan leyes y reglamentos públicos. Están comprendidos en este grupo primario tanto los miembros electos como los no electos del parlamento, concejos municipales y del Gobierno nacional, la región, la provincia o la comuna.","[""presidir los trabajos de los órganos legislativos y los concejos deliberantes del Gobierno nacional, la región, la provincia, la comuna o de las asambleas legislativas o participar en esos trabajos"", ""definir, formular y orientar las políticas del Gobierno nacional, la región, la provincia o la comuna"", ""elaborar, ratificar, modificar o derogar leyes y reglamentos públicos dentro de un marco legislativo o constitucional"", ""integrar consejos de administración de entidades estatales o comisiones oficiales"", ""investigar asuntos de interés público y defender los intereses del electorado al que representan"", ""asistir a reuniones y actos comunitarios con el fin de prestar servicios a la comunidad, comprender la opinión pública y facilitar información sobre los planes del gobierno"", ""negociar con otros miembros del poder legislativo y con representantes de grupos de interés para conciliar distintos intereses y establecer políticas y acuerdos"", ""en su calidad de miembros del gobierno, impartir a los directivos y altos funcionarios de los departamentos ministeriales u otros órganos de gobierno, orientaciones en cuanto a la interpretación y la puesta en práctica de las políticas gubernamentales""]"
1112,"El personal directivo de la administración pública asesora al Gobierno sobre temas relacionados a la política, supervisa la interpretación y la aplicación de las políticas gubernamentales y de la legislación por los departamentos ministeriales u otros órganos de Gobierno, actúa en nombre y representación del país en el extranjero o desempeña tareas similares en otras organizaciones intergubernamentales. Además, planifica, organiza, orienta, controla y evalúa las actividades generales de los departamentos, consejos directivos, agencias o comisiones del Gobierno nacional o de los Gobiernos regionales, provinciales o de la comuna, de conformidad con la legislación y las políticas establecidas por el Gobierno o el Poder Legislativo.","[""brindar asesoramiento sobre temas de política al Gobierno y a los miembros del Poder Legislativo nacional, la región, la provincia o la comuna"", ""brindar asesoramiento sobre la preparación de los presupuestos públicos y de las leyes y reglamentos, incluidos sus modificaciones o enmiendas"", ""establecer objetivos para los departamentos ministeriales u otros órganos de Gobierno en conformidad con la legislación y las políticas gubernamentales"", ""formular, aprobar y evaluar programas y procedimientos para la aplicación de las políticas gubernamentales, juntamente con las autoridades o en consulta con ellas"", ""recomendar, examinar, evaluar y aprobar documentos, notas e informes presentados por otros directivos de la administración pública de nivel medio o superior"", ""asegurar que se desarrollen y pongan en práctica sistemas y procedimientos adecuados para realizar el control presupuestario"", ""coordinar actividades con otros directivos y altos funcionarios de la administración pública"", ""llevar a cabo presentaciones de las políticas, programas o presupuestos ante comisiones legislativas y otros órganos de la administración pública"", ""supervisar la interpretación y la aplicación de las políticas gubernamentales y de la legislación por los departamentos ministeriales u otros órganos de Gobierno""]"
1113,"Los jefes de comunidades indígenas desempeñan diversas tareas y funciones legislativas, administrativas y ceremoniales basadas tanto en las tradiciones ancestrales de su comunidad como en la repartición de los poderes y responsabilidades entre los dirigentes de las comunidades.","[""asignar entre las familias de la comunidad o pueblo el usufructo de la tierra y demás recursos comunales"", ""recolectar y distribuir el excedente de producción de la comunidad o pueblo"", ""resolver los conflictos que surjan entre los miembros de la comunidad o pueblo"", ""sancionar las infracciones de las reglas y costumbres que cometan los miembros de la comunidad o pueblo"", ""desempeñar las funciones ceremoniales relacionadas con los nacimientos, matrimonios, defunciones, cosechas y otros eventos o actividades importantes"", ""representar a su comunidad o pueblo en los consejos locales o regionales"", ""informar a la comunidad o pueblo acerca de las disposiciones reglamentarias del Estado""]"
1114,"líticos, entre otras) Los dirigentes de organizaciones sociales y/o políticas (sindicatos, organizaciones sociales, partidos políticos, entre otras) definen, formulan y orientan la aplicación de las políticas de dichas organizaciones (tales como partidos políticos, sindicatos, organizaciones de empleadores, asociaciones mercantiles, asociaciones sectoriales, organizaciones humanitarias o de beneficencia y asociaciones deportivas), representan a sus organizaciones y actúan en su nombre.","[""definir y formular las políticas, los estatutos y los reglamentos de la organización"", ""planificar, dirigir y coordinar el funcionamiento general de la organización"", ""examinar las operaciones y resultados de la organización y dar cuenta a las juntas directivas y demás órganos rectores, a los miembros de la organización y a las entidades que le aporten financiamiento"", ""realizar negociaciones en nombre de la organización, de sus miembros y de los grupos relevantes que presenten un interés común"", ""promover los intereses de la organización y de sus miembros ante los órganos legislativos, el Gobierno o el público en general"", ""planificar, organizar y dirigir las actividades de los órganos encargados de aplicar las políticas, programas, estatutos y reglamentos de la organización"", ""asegurar que se desarrollen y pongan en práctica sistemas y procedimientos adecuados para realizar el control presupuestario"", ""supervisar y evaluar el funcionamiento de la organización según los objetivos y políticas establecidos"", ""representar a la organización en actos oficiales y reuniones de órganos directivos, en negociaciones y en convenciones, audiencias públicas y eventos""]"
1120,"Los directores y gerentes generales de empresas formulan y revisan las políticas empresariales. Asimismo, planifican, dirigen, coordinan y evalúan las actividades generales de las empresas u organizaciones (con excepción de las organizaciones que presentan un interés común, organizaciones sociales y políticas, y de los departamentos gubernamentales) con el apoyo de otros directores y gerentes, siguiendo habitualmente las pautas establecidas por una junta directiva u otro órgano rector, ante quien son responsables de las actividades realizadas y de los resultados obtenidos.","[""planificar, dirigir y coordinar el funcionamiento general de la empresa u organización"", ""examinar las operaciones y resultados de la empresa u organización y dar cuenta a la junta directiva y demás órganos rectores"", ""establecer objetivos, estrategias, políticas y programas para la empresa u organización"", ""asumir el liderazgo general y la gestión de la empresa u organización"", ""establecer y gestionar presupuestos, controlar los gastos y asegurar el uso eficiente de los recursos"", ""autorizar el uso de recursos materiales, humanos y financieros para aplicar las políticas y programas de la organización o empresa"", ""supervisar y evaluar el funcionamiento de la organización o empresa de acuerdo con los objetivos y políticas establecidas"", ""consultar con el personal más experimentado y examinar recomendaciones e informes"", ""representar a la organización en actos oficiales, negociaciones, convenciones, seminarios, audiencias públicas y eventos"", ""seleccionar al personal gerencial o aprobar su selección"", ""asegurar que la organización cumpla las leyes y reglamentos establecidos""]"
1211,"Los directores, gerentes y administradores de finanzas planifican, dirigen y coordinan las operaciones financieras de una empresa u organización, en consulta con el personal directivo superior y con los directores de otros departamentos o secciones, así como de las empresas que prestan servicios financieros a otras empresas y organizaciones.","[""planificar, dirigir y coordinar las operaciones financieras de una empresa u organización"", ""evaluar la situación financiera de la empresa u organización, preparar presupuestos y supervisar las operaciones financieras"", ""mantener contacto con el gerente general y con los directores de otros departamentos o secciones"", ""establecer y gestionar presupuestos, controlar los gastos y asegurar el uso eficiente de los recursos"", ""establecer y dirigir procedimientos operativos y administrativos"", ""planificar y dirigir el trabajo diario"", ""controlar la selección, formación y rendimiento del personal"", ""representar a la empresa u organización en las relaciones con entidades externas""]"
1212,"Los directores, gerentes y administradores de recursos humanos planifican, dirigen y coordinan las políticas relativas al personal, las relaciones laborales y las actividades en materia de seguridad y salud en el trabajo de una empresa u organización o de aquellas que prestan servicios de recursos humanos a terceros.","[""planificar, dirigir y coordinar las actividades políticas y prácticas en materia de personal y de relaciones laborales de una empresa u organización"", ""planificar y organizar los procedimientos de contratación, formación, promoción, traslado y despido del personal"", ""planificar y organizar las negociaciones y procedimientos sobre fijación de la escala y los niveles salariales y realizar consultas con los trabajadores acerca de las condiciones de trabajo"", ""controlar los programas y actividades sobre seguridad, salud y otros temas relacionados"", ""establecer y gestionar presupuestos, controlar los gastos y asegurar el uso eficiente de los recursos"", ""establecer y dirigir procedimientos operativos y administrativos"", ""controlar el desarrollo y la puesta en práctica de sistemas de información sobre gestión"", ""garantizar el cumplimiento de las normas y las legislaciones relativas a los derechos de los trabajadores, la seguridad, salud, la igualdad de oportunidades y otros temas relacionados"", ""controlar la selección, formación y rendimiento del personal de toda la empresa u organización"", ""mantener contacto con el personal de alta dirección y con los directores de otros departamentos"", ""representar a la empresa u organización en las relaciones con entidades externas""]"
1213,"Los directores, gerentes y administradores de políticas empresariales y planificación organizan, dirigen y coordinan actividades de asesoramiento sobre políticas empresariales y planificación estratégica en entidades gubernamentales, organizaciones no gubernamentales y entidades del sector privado, o gestionan las actividades de empresas que prestan servicios de desarrollo de políticas empresariales y planificación estratégica.","[""elaborar, aplicar y supervisar planes, programas, políticas, procesos, sistemas y procedimientos estratégicos para alcanzar objetivos o cumplir normas de trabajo"", ""elaborar, dirigir y administrar estudios y análisis de políticas empresariales y participar en dichas actividades"", ""coordinar la aplicación de prácticas y políticas empresariales"", ""establecer mediciones de la actividad y mecanismos para medir la responsabilidad de rendición de cuentas"", ""planificar y dirigir el trabajo diario"", ""conducir y gestionar las actividades del personal que trabaja en la elaboración de políticas empresariales y en la planificación estratégica"", ""controlar la selección, formación y rendimiento del personal"", ""mantener contacto con el personal de alta dirección y con los directores de otros departamentos"", ""representar a la empresa u organización en negociaciones, así como en convenciones, seminarios, a diencias públicas y eventos""]"
1219,"Se incluyen en este grupo primario a otros directores, gerentes y administradores de servicios administrativos no clasificados previamente del subgrupo 121 “Directores, gerentes y administradores de finanzas, de recursos humanos, políticas empresariales y de servicios administrativos”. Se trata, como por ejemplo, de ocupaciones como director o administrador de instalaciones comerciales (facility manager), director de servicios administrativos, tanto si están empleados en el departamento de una gran empresa u organización, como en una empresa que presta dichos servicios.","[""prestar servicios de apoyo, estudio y asesoramiento en los ámbitos administrativo, operativo y de planificación estratégica al personal de alta dirección sobre temas como la gestión de las instalaciones y de los servicios administrativos"", ""desarrollar y gestionar los recursos administrativos y físicos de la organización"", ""elaborar y aplicar declaraciones y pautas sobre temas administrativos y de procedimiento para ser utilizado por el personal de la organización"", ""analizar temas e iniciativas complejas en materia de gestión de los recursos que afecten a la organización, preparar los informes, la correspondencia y los documentos correspondientes"", ""facilitar información y apoyo para la preparación de informes financieros y presupuestos"", ""dirigir, gestionar y formar al personal administrativo para asegurar el correcto desarrollo de las actividades y el suministro de información precisa y oportuna"", ""representar a la empresa u organización en negociaciones, convenciones, seminarios, audiencias públicas y eventos"", ""establecer y gestionar presupuestos, controlar los gastos y asegurar el uso eficiente de los recursos"", ""planificar y dirigir el trabajo diario"", ""controlar la selección, formación y rendimiento del personal""]"
1221,"Los directores, gerentes y administradores de comercialización planifican, dirigen y coordinan las actividades y estrategias de comercialización de una empresa u organización o de las empresas que prestan servicios de comercialización a otras empresas y organizaciones, con el objetivo de mejorar las ventas.","[""planificar y organizar programas especiales de venta y comercialización basándose en los registros de ventas y en evaluaciones de mercado"", ""establecer listas de precios, condiciones de descuento y de entrega, presupuestos para las ventas en promoción, métodos de venta, incentivos y campañas especiales"", ""establecer y dirigir los procedimientos operativos y administrativos relativos a las actividades de ventas y comercialización"", ""dirigir y gestionar las actividades del personal de ventas y comercialización"", ""planificar y dirigir el trabajo diario"", ""establecer y gestionar presupuestos y controlar los gastos para asegurar el uso eficiente de los recursos"", ""controlar la selección, formación y rendimiento del personal"", ""representar a la empresa u organización en convenciones de venta y comercialización, exposiciones comerciales y otros eventos""]"
1222,"Los directores, gerentes y administradores de publicidad y relaciones públicas planifican, dirigen y coordinan las actividades de publicidad, relaciones públicas e información pública de las empresas y organizaciones o de las empresas que ofrecen estos servicios a otras empresas y organizaciones.","[""planificar, dirigir y coordinar las actividades de publicidad y relaciones públicas de una empresa u organización"", ""negociar contratos de publicidad con los clientes o con periódicos, emisoras de radio y televisión, organizaciones deportivas, culturales y agencias de publicidad"", ""planificar y gestionar programas de información destinados a las autoridades, los medios de comunicación y el público en general sobre los planes, logros y opiniones de la empresa u organización"", ""dirigir y gestionar las actividades del personal de publicidad y relaciones públicas"", ""establecer y gestionar presupuestos, controlar los gastos y asegurar el uso eficiente de los recursos"", ""establecer y dirigir procedimientos operativos y administrativos"", ""planificar y dirigir el trabajo diario"", ""controlar la selección, formación y rendimiento del personal""]"
1223,"Los directores, gerentes y administradores de investigación y desarrollo planifican, dirigen y coordinan las actividades de investigación y desarrollo de una empresa u organización, o de las empresas que proporcionan estos servicios a otras empresas y organizaciones.","[""planificar, dirigir y coordinar las actividades de investigación y desarrollo, tanto de la propia empresa u organización como las actividades encomendadas por otras organizaciones de investigación, para crear o mejorar procedimientos técnicos, productos, conocimientos o modos de utilizar los materiales"", ""planificar el programa general de investigación y desarrollo de la empresa u organización, definir metas y fijar requisitos presupuestarios"", ""dirigir y gestionar las actividades del personal a cargo de la investigación y desarrollo"", ""establecer y gestionar presupuestos, controlar los gastos y asegurar el uso eficiente de los recursos"", ""establecer y dirigir procedimientos operativos y administrativos"", ""planificar y dirigir el trabajo diario"", ""controlar la selección, formación y rendimiento del personal"", ""representar a la empresa u organización en convenciones, seminarios y conferencias""]"
1311,"Los directores, gerentes y administradores de producción y operaciones agropecuarias y de silvicultura planifican, dirigen y coordinan las actividades de producción de explotaciones a gran escala en la agricultura, la horticultura y la silvicultura, en plantaciones, fundos, granjas colectivas y cooperativas agrícolas donde se cultivan y cosechan productos agrícolas y se reproducen y crían animales.","[""efectuar el seguimiento de los mercados de la agricultura y la silvicultura, planificar la producción con el fin de satisfacer los requisitos contractuales y responder a la demanda de los mercados"", ""establecer y gestionar presupuestos, supervisar el rendimiento y los costos, registrar datos, tales como los relativos a las prácticas de gestión en la agricultura y preparar informes financieros y operativos"", ""concertar con los compradores las condiciones de venta de productos agrícolas y ganado"", ""suscribir con agricultores o propietarios independientes contratos sobre producción agropecuaria o sobre la gestión de la producción"", ""planificar el tipo, la intensidad y la secuencia de las operaciones agrícolas (como por ejemplo, determinar el mejor momento para la siembra, la fumigación y la cosecha)"", ""analizar los suelos para determinar los tipos y cantidades de fertilizantes necesarios para maximizar la producción"", ""comprar maquinaria, equipos y suministros, tales como tractores, semillas, fertilizantes y sustancias químicas"", ""identificar y controlar toxinas ambientales, malezas, plagas y enfermedades en explotaciones agrícolas y forestales"", ""organizar actividades de explotación agrícola tales como el mantenimiento de las instalaciones, los sistemas de abastecimiento de agua y los equipos"", ""dirigir y coordinar actividades tales como la plantación, el riego, la aplicación de sustancias químicas, la cosecha y la clasificación de los productos"", ""inspeccionar plantaciones y campos para determinar las fechas de madurez de los cultivos o para estimar los daños que el clima puede provocar en los cultivos"", ""controlar la selección, formación y rendimiento de los trabajadores agropecuarios, forestales y los contratistas""]"
1312,"Los directores, gerentes y administradores de producción y operaciones de acuicultura y pesca planifican, dirigen y coordinan la producción a gran escala en explotaciones de acuicultura y operaciones de pesca, captura y cosecha de peces y mariscos; la cría de peces, mariscos u otras formas de vida acuática, destinados a su comercialización o a su liberación en agua dulce o salada.","[""efectuar el seguimiento de los mercados de la acuicultura y la pesca, planificar las actividades de producción y de pesca con el fin de satisfacer los requisitos contractuales y responder a la demanda de los mercados"", ""establecer y gestionar presupuestos, supervisar el rendimiento y los costos de producción, registrar información sobre temas tales como las prácticas de gestión en la pesca y preparar informes financieros y operativos"", ""concertar con los compradores las condiciones de venta de los productos y capturas"", ""suscribir contratos con patrones de pesca, propietarios de buques y centros de cultivo acuícolas para realizar actividades de pesca y acuicultura o sobre la gestión de la producción"", ""organizar y llevar a cabo exámenes de las existencias de acuicultura o de pesca con el fin de detectar enfermedades o parásitos"", ""idear y coordinar actividades para mejorar la incubación de peces, sus tasas de crecimiento y para prevenir enfermedades en los criaderos acuícolas"", ""vigilar el medioambiente para mantener o mejorar las condiciones de vida acuática"", ""dirigir y supervisar la captura y el desove de peces, la incubación de huevos y la cría de alevines, aplicando conocimientos sobre gestión y técnicas de cultivo de peces"", ""coordinar la selección y mantenimiento de las crías de peces y mariscos"", ""dirigir y supervisar el traslado de peces maduros a lagos, estanques, arroyos o depósitos comerciales"", ""comprar maquinaria, equipos y suministros, tales como barcos y redes de pesca"", ""organizar operaciones, tales como el mantenimiento de los buques, otras embarcaciones y equipos"", ""controlar la selección, formación y desempeño de los trabajadores y contratistas en actividades de acuicultura o de pesca""]"
1321,"Los directores, gerentes y administradores de industrias manufactureras planifican, dirigen y coordinan las actividades relacionadas con la producción de bienes, la producción y distribución de electricidad, gas, agua, y la recolección, el tratamiento y la eliminación de residuos. Se incluyen en este grupo primario tanto los directores de departamentos de producción de grandes empresas como los directores de pequeñas empresas manufactureras.","[""definir, aplicar y supervisar estrategias, políticas y planes de producción"", ""planificar aspectos específicos de las actividades de producción, como la calidad, cantidad, costos, plazos disponibles y necesidades de mano de obra en relación al producto"", ""controlar el funcionamiento de las plantas de producción y los procedimientos de calidad mediante la planificación del mantenimiento, la determinación de las horas de funcionamiento y el suministro de piezas y herramientas"", ""establecer y gestionar presupuestos, controlar el rendimiento y los costos de la producción, ajustar los procedimientos y recursos para minimizar los costos"", ""mantener contacto e informar a otros directores sobre temas de producción"", ""controlar la adquisición e instalación de nuevas plantas y equipos"", ""controlar la preparación de registros e informes de producción"", ""coordinar la aplicación de los requisitos en materia de higiene y seguridad en el trabajo"", ""identificar oportunidades de negocio y determinar los productos que se han de fabricar"", ""estudiar y aplicar los requisitos legales y reglamentarios que inciden en las operaciones de producción manufacturera y en el medio ambiente"", ""supervisar la preparación de cotizaciones relativas a la fabricación de bienes especializados y suscribir contratos con clientes y proveedores"", ""controlar la selección, formación y rendimiento del personal""]"
1322,"Los directores, gerentes y administradores de explotaciones mineras planifican, dirigen y coordinan las actividades de producción de las explotaciones de minería, canteras y yacimientos de extracción de petróleo y gas, ya sea como directores de departamento o como gerentes generales de empresas u organizaciones que no tienen una estructura jerarquizada de directivos.","[""reunirse con otros directores con el objetivo de fijar cuotas de producción, planificar lugares de extracción y definir políticas para la extracción de materias primas"", ""evaluar la eficiencia de los lugares de producción para determinar la idoneidad del personal, de los equipos y la tecnología utilizada para introducir cambios, en caso de ser necesario, en el programa de trabajo o en los equipos"", ""planificar aspectos específicos de las actividades de producción, como la calidad y cantidad de los productos, costos, plazos disponibles y necesidades de mano de obra"", ""controlar el funcionamiento de las plantas de producción y los procedimientos de calidad mediante la planificación del mantenimiento, la determinación de las horas de funcionamiento y el suministro de equipo"", ""establecer y gestionar presupuestos, controlar el rendimiento y los costos de la producción, y ajustar los procedimientos y recursos para minimizar los costos"", ""controlar la adquisición e instalación de nuevas plantas y equipos"", ""controlar la preparación de registros e informes de producción"", ""coordinar la aplicación de los requisitos en materia de higiene y seguridad"", ""estudiar y aplicar los requisitos legales y reglamentarios que inciden en las operaciones de extracción de minerales y en el medio ambiente"", ""controlar la selección, formación y rendimiento del personal""]"
1323,"Los directores, gerentes y administradores de empresas de construcción planifican, dirigen y coordinan la construcción de obras públicas, edificios y viviendas, ya sea como directores de departamento o como gerentes generales de empresas u organizaciones que no tienen una estructura jerarquizada de directivos.","[""interpretar dibujos arquitectónicos y especificaciones de diseño"", ""coordinar los recursos de mano de obra, la compra y entrega de materiales, instalaciones y equipos"", ""negociar con los propietarios de edificios, urbanizadores y subcontratistas que intervienen en el proceso de construcción para asegurar que los proyectos se completen dentro del plazo y con arreglo al presupuesto"", ""preparar licitaciones y ofertas contractuales"", ""aplicar y gestionar programas de trabajo coordinados para las obras de construcción"", ""garantizar el cumplimiento de la legislación sobre construcción y las normas en materia de rendimiento, calidad, costo y seguridad"", ""organizar la presentación de planos a las autoridades locales"", ""realizar obras de construcción bajo contrato o subcontratar servicios especializados"", ""facilitar las inspecciones de construcción efectuadas por las autoridades competentes"", ""establecer y gestionar presupuestos, controlar los gastos y asegurar el uso eficiente de los recursos"", ""controlar la selección, formación y rendimiento del personal y los subcontratistas""]"
1324,"ción Los directores, gerentes y administradores de empresas de abastecimiento, almacenamiento y distribución planifican, dirigen y coordinan los sistemas e instalaciones de transporte de pasajeros y el suministro, transporte, almacenamiento y distribución de productos, ya sea como directores de departamento o como gerentes generales de empresas u organizaciones que no tienen una estructura jerarquizada de directivos.","[""definir, aplicar y supervisar las estrategias, políticas y planes en materia de compras, almacenamiento y distribución"", ""preparar y aplicar planes para mantener los niveles de existencias necesarios a un costo mínimo"", ""negociar contratos con los proveedores a fin de que se cumplan los requisitos en materia de calidad, costo y entrega"", ""supervisar y examinar los sistemas de almacenamiento y de inventario para cumplir con los requisitos de suministro y se controlen los niveles de existencias"", ""controlar el despacho de vehículos de carretera, trenes, buques o aeronaves"", ""gestionar sistemas de registro que permitan el seguimiento de todos los movimientos de los productos y asegurar que se cursen nuevos pedidos y que se repongan las existencias en los momentos óptimos"", ""mantener contacto con otros departamentos y con los clientes en lo que respecta a los requisitos que aplican al despacho de productos y su consiguiente transporte"", ""controlar el registro de las operaciones de compra, almacenamiento y distribución"", ""establecer y gestionar presupuestos, controlar los gastos y asegurar el uso eficiente de los recursos"", ""establecer y dirigir procedimientos operativos y administrativos"", ""planificar y dirigir el trabajo diario"", ""controlar la selección, formación y rendimiento del personal""]"
1330,"ciones Los directores, gerentes y administradores de servicios de tecnología de la información y las comunicaciones planifican, dirigen y coordinan la adquisición, desarrollo, mantenimiento y uso de los sistemas informáticos y de comunicaciones, ya sea como directores de departamento o como gerentes generales de empresas u organizaciones que no tienen una estructura jerarquizada de directivos.","[""mantener contacto con los usuarios, directivos, vendedores y técnicos para evaluar las necesidades informáticas, los requisitos de los sistemas y determinar los recursos tecnológicos que hacen falta para satisfacer esas necesidades"", ""elaborar y dirigir estrategias, políticas y planes sobre Tecnología de la información y las comunicaciones (TIC)"", ""dirigir la selección e instalación de los recursos de TIC y la oferta de formación a los usuarios"", ""dirigir las operaciones de TIC, analizar los flujos de trabajo, establecer prioridades, elaborar normas y fijar plazos"", ""controlar la seguridad de los sistemas de TIC"", ""asignar, verificar, gestionar y dirigir el trabajo de los analistas de sistemas, programadores y personal empleado en actividades de informática"", ""evaluar el uso de recursos tecnológicos por la organización, las necesidades al respecto y recomendar mejoras tales como la actualización de los equipos y software informáticos"", ""establecer y gestionar presupuestos, controlar los gastos y asegurar el uso eficiente de los recursos"", ""establecer y dirigir procedimientos operativos y administrativos"", ""controlar la selección, formación y rendimiento del personal"", ""representar a la empresa u organización en convenciones, seminarios y conferencias sobre TIC""]"
1341,"Los directores, gerentes y administradores de servicios de cuidados infantiles planifican, dirigen, coordinan y evalúan la prestación de cuidados a los niños en centros y otros establecimientos que los acogen antes y después de la escuela, durante las vacaciones y durante el día.","[""elaborar y aplicar programas para apoyar el desarrollo físico, social, emocional e intelectual de los niños"", ""establecer y supervisar presupuestos y determinar la asignación de fondos para los gastos de personal, suministros, materiales, equipos y mantenimiento"", ""controlar y coordinar la prestación de servicios de cuidados a los niños en centros que los acogen antes y después de la escuela, durante las vacaciones y durante el día"", ""dirigir y supervisar al personal encargado de la prestación de servicios de cuidados y atención a los niños"", ""gestionar las instalaciones, velar por el mantenimiento de los edificios y equipos a fin de que los niños, el personal y los visitantes, puedan ocuparlos y utilizarlos en condiciones de seguridad"", ""examinar e interpretar las normas de la administración pública y establecer pautas para darles cumplimiento (como por ejemplo, en lo relativo a la higiene y seguridad)"", ""seguir de cerca los avances de los niños y mantener entrevistas al respecto con sus padres o tutores"", ""preparar y mantener los registros y cuentas de los centros de cuidados infantiles"", ""contratar y evaluar al personal y coordinar su desarrollo profesional""]"
1342,"Los directores, gerentes y administradores de servicios de salud planifican, dirigen, coordinan y evalúan la prestación de servicios de atención clínica y de salud comunitaria en hospitales, clínicas, organismos de salud pública y organizaciones similares.","[""orientar y gestionar globalmente las actividades del servicio, instalación, organización o centro"", ""dirigir, supervisar y evaluar las actividades profesionales del personal médico, personal de enfermería, personal técnico, personal de oficina, personal de servicios de salud, personal de mantenimiento y de otros ámbitos"", ""establecer objetivos y criterios de evaluación u operativos para las unidades que administran"", ""dirigir o llevar a cabo la selección, contratación y formación del personal"", ""elaborar, aplicar y supervisar procedimientos, políticas y normas de rendimiento para el personal médico, de enfermería, técnico y administrativo"", ""supervisar el uso de los servicios de diagnóstico, las camas para pacientes, las instalaciones y el personal, con el fin de asegurar el uso efectivo de los recursos y evaluar la necesidad de aumentar el personal, el equipamiento o los servicios"", ""controlar las operaciones administrativas, tales como la planificación del presupuesto, la elaboración de informes y los gastos en suministros, equipos y servicios"", ""mantener contacto con otros proveedores de servicios sociales y de salud, juntas directivas y entidades que otorgan financiamiento a fin de coordinar la prestación de tales servicios"", ""brindar asesoramiento a organismos públicos sobre medidas que permitan mejorar los servicios e instalaciones de salud y bienestar social"", ""representar a la organización en negociaciones, convenciones, seminarios, audiencias públicas y eventos""]"
1343,"Los directores, gerentes y administradores de servicios de cuidado de adultos mayores planifican, dirigen, coordinan y evalúan la prestación de servicios en la comunidad y en residencias asistidas, a personas y familias que los necesitan debido a los efectos del envejecimiento.","[""orientar y gestionar globalmente las actividades del servicio, instalación, organización o centro"", ""dirigir, supervisar y evaluar las actividades profesionales del personal médico, personal de enfermería, personal técnico, personal de oficina, personal del servicio de residencia, personal de mantenimiento y de otros ámbitos"", ""establecer objetivos y criterios evaluativos u operativos para las unidades que administran"", ""dirigir o llevar a cabo la selección, contratación y formación del personal"", ""elaborar, aplicar y supervisar procedimientos, políticas y normas de rendimiento para el personal de enfermería, de cuidados a las personas, técnico y administrativo"", ""coordinar y administrar programas de asistencia social y servicios de atención a los adultos mayores"", ""controlar las operaciones administrativas, tales como la planificación del presupuesto, la elaboración de informes y los gastos en suministros, equipos y servicios"", ""mantener contacto con otros proveedores de servicios sociales y de salud, juntas directivas y entidades que otorgan financiamiento a fin de coordinar la prestación de tales servicios"", ""brindar asesoramiento a organismos públicos sobre medidas que permitan mejorar los servicios e instalaciones de salud y bienestar social"", ""representar a la organización en negociaciones, convenciones, seminarios, audiencias públicas y eventos""]"
1344,"Los directores, gerentes y administradores de servicios de bienestar social planifican, dirigen y coordinan la prestación de servicios sociales y comunitarios, como los programas de apoyo a los ingresos, de asistencia familiar, de servicios para niños, otros programas y servicios comunitarios.","[""orientar y gestionar globalmente las actividades del servicio, instalación, organización o centro"", ""elaborar, aplicar y supervisar procedimientos, políticas y normas para el personal"", ""supervisar y evaluar los recursos destinados a la prestación de servicios de asistencia social, vivienda y otros servicios sociales"", ""controlar las operaciones administrativas, tales como la planificación del presupuesto, la elaboración de informes y los gastos en suministros, equipos y servicios"", ""mantener contacto con otros proveedores de servicios sociales, de salud, juntas directivas y entidades que otorgan financiamiento, a fin de examinar los ámbitos de cooperación y coordinación de la prestación de tales servicios"", ""brindar asesoramiento a organismos públicos sobre medidas que permitan mejorar los servicios e instalaciones de bienestar social"", ""representar a la organización en negociaciones, convenciones, seminarios, audiencias públicas y eventos"", ""establecer y gestionar presupuestos, controlar los gastos y asegurar el uso eficiente de los recursos"", ""establecer y dirigir procedimientos operativos y administrativos"", ""controlar la selección, formación y rendimiento del personal""]"
1345,"Los directores, gerentes y administradores de servicios de educación planifican, dirigen, coordinan y evalúan los aspectos educativos y administrativos de los servicios de educación, en salas de cunas y establecimientos de educación parvularia, básica, media y educación superior y las facultades y departamentos de las universidades, así como de otras instituciones educativas.","[""determinar los programas educativos sobre la base de los marcos de referencia establecidos por las autoridades educativas y los órganos directivos"", ""aplicar sistemas y procedimientos para supervisar el rendimiento escolar y controlar el número de estudiantes matriculados"", ""dirigir las actividades administrativas y de oficina relativas a la admisión de estudiantes y a la prestación de los servicios educativos"", ""controlar las operaciones administrativas, tales como la planificación del presupuesto, la elaboración de informes y los gastos en suministros, equipos o servicios"", ""asumir el liderazgo y orientación del personal docente, académico, administrativo y de los estudiantes"", ""evaluar la labor de los profesores de educación básica, media y superior visitando las aulas, observando los métodos de enseñanza, analizando los objetivos formativos y examinando los materiales didácticos"", ""promover el programa educativo y representar a la institución ante la comunidad en general"", ""supervisar el mantenimiento de los establecimientos educativos"", ""elaborar y aplicar un código disciplinario con el fin de crear un entorno seguro y favorable para los estudiantes y los docentes"", ""organizar y aplicar métodos para la captación de fondos adicionales juntamente con los padres, grupos de la comunidad y patrocinadores"", ""controlar la selección, formación y supervisión del personal""]"
1346,"Los directores, gerentes y administradores de servicios financieros planifican, dirigen y coordinan las actividades de las sucursales de las entidades que prestan servicios financieros y de seguros, tales como bancos, sociedades de crédito hipotecario, cooperativas de crédito y compañías de seguros. Estos directivos prestan asesoramiento y asistencia a los clientes sobre temas financieros y de seguros.","[""planificar, dirigir y coordinar las actividades del personal de la sucursal"", ""establecer y mantener relaciones con los clientes individuales y empresariales"", ""brindar asesoramiento y asistencia a los clientes sobre sus necesidades financieras, de seguros y sobre temas como las modificaciones a la legislación que puedan afectarles"", ""examinar, evaluar y tramitar solicitudes de préstamos y de seguros"", ""supervisar las decisiones de ampliación de crédito"", ""llevar a cabo investigaciones financieras"", ""controlar el flujo de caja y los instrumentos financieros, supervisar la preparación de informes financieros o de informes reglamentarios"", ""aprobar o rechazar la concesión de líneas de crédito comercial, préstamos hipotecarios, préstamos personales, coordinar su aprobación o rechazo"", ""coordinar la cooperación con las demás sucursales de la empresa"", ""gestionar presupuestos, controlar los gastos y asegurar el uso eficiente de los recursos"", ""controlar la selección, formación y rendimiento del personal""]"
1349,"Se incluyen en este grupo primario los directores, gerentes y administradores que planifican, dirigen, coordinan y evalúan la prestación de servicios técnicos y profesionales especializados no clasificados previamente en el subgrupo principal 13 “Directores, gerentes y administradores de producción y operaciones”. Se trata, como por ejemplo, de los directores responsables de la prestación de servicios penitenciarios, bibliotecarios, jurídicos y de lucha contra incendios.","[""orientar y gestionar globalmente las actividades del servicio, instalación, organización o centro"", ""elaborar, aplicar y supervisar procedimientos, políticas y normas para el personal"", ""dirigir, supervisar y evaluar las actividades profesionales del personal técnico, personal de oficina, personal de servicios, personal de mantenimiento y de otros ámbitos"", ""supervisar y evaluar los recursos destinados a la prestación de servicios"", ""controlar las operaciones administrativas, tales como la planificación del presupuesto, la elaboración de informes y los gastos en suministros, equipos y servicios"", ""planificar, dirigir y coordinar la prestación de los servicios"", ""coordinar la cooperación con otras entidades de prestación de servicios en el mismo campo o en campos similares"", ""gestionar presupuestos, controlar los gastos y asegurar el uso eficiente de los recursos"", ""controlar la selección, formación y rendimiento del personal""]"
1411,"Los directores, gerentes y administradores de hoteles planifican, organizan y dirigen las actividades de hoteles, moteles y establecimientos similares que ofrecen alojamiento de huéspedes y otros servicios.","[""dirigir y supervisar las actividades de reserva, recepción, servicio en las habitaciones y servicio de limpieza"", ""supervisar los sistemas de seguridad y el mantenimiento de las instalaciones y jardines"", ""planificar y supervisar las actividades de los servicios de cafetería, restaurante, eventos especiales y conferencias"", ""dar cumplimiento a las leyes y reglamentos sobre bebidas alcohólicas y otras materias"", ""analizar y evaluar el nivel de satisfacción de los clientes"", ""supervisar las actividades de contabilidad y compra de insumos"", ""ocuparse del presupuesto del establecimiento"", ""controlar la selección, formación y supervisión del personal"", ""garantizar el cumplimiento de los reglamentos sobre higiene y seguridad en el trabajo"", ""proporcionar a los huéspedes información turística local, organizar excursiones y servicios de transporte""]"
1412,"Los directores, gerentes y administradores de restaurantes planifican, organizan y dirigen las actividades de cafeterías, restaurantes y establecimientos similares, que ofrecen servicios de alimentación o de banquetería (catering).","[""planificar los menús en consulta con los chefs y cocineros"", ""planificar y organizar eventos especiales"", ""organizar la compra de suministros y fijar los precios de los productos con arreglo al presupuesto"", ""mantener registros de los niveles de existencias y de las transacciones financieras"", ""asegurar que los restaurantes, las cocinas y las instalaciones de conservación de alimentos cumplan con las normas sanitarias y de higiene, sean funcionales y presenten un aspecto adecuado"", ""mantener consultas con los clientes para evaluar su nivel de satisfacción con respecto a la comida y el servicio"", ""seleccionar al personal, establecer horarios de trabajo, formar y supervisar a los garzones y personal de cocina"", ""hacer reservas, recibir a los clientes o ayudar a tomar pedidos"", ""negociar acuerdos con los clientes y los proveedores"", ""garantizar el cumplimiento de los reglamentos sobre higiene y seguridad en el trabajo""]"
1420,"Los directores, gerentes y administradores de comercios al por mayor y al por menor planifican, organizan, coordinan y controlan las actividades de los establecimientos de venta de productos al por mayor o al por menor. Son responsables de los presupuestos, la dotación de personal y la orientación estratégica y operativa de las empresas de comercio o de las unidades organizativas dentro de las tiendas que venden determinados productos.","[""definir las combinaciones de productos para la venta, los niveles de existencias y las normas de prestación de servicios"", ""formular y aplicar políticas de compra, comercialización y fijar precios"", ""promover y publicitar los productos que se comercializan en los establecimientos"", ""mantener registros de los niveles de existencias y las transacciones financieras"", ""ocuparse del presupuesto de su establecimiento"", ""controlar la selección, formación y supervisión del personal"", ""garantizar el cumplimiento de los reglamentos sobre higiene y seguridad en el trabajo""]"
1431,"Los directores, gerentes y administradores de centros deportivos, de esparcimiento y culturales planifican, organizan y controlan las actividades de los establecimientos que proporcionan servicios deportivos, artísticos, teatrales y otros servicios recreativos y de esparcimiento.","[""planificar y organizar la variedad y combinación de las actividades culturales y de entretenimiento, los programas deportivos y de acondicionamiento físico que ofrezca el centro"", ""asegurar que las instalaciones se mantengan limpias y en buen estado"", ""mantenerse al tanto de las nuevas tendencias y la evolución en el campo de las artes creativas y organizar producciones teatrales y actuaciones de grupos y orquestas"", ""ofrecer a los clientes consejos sobre las instalaciones disponibles y dar publicidad a los eventos, espectáculos y actividades"", ""comprobar y guardar todos los recibos de caja y verificar las existencias con regularidad"", ""establecer y gestionar presupuestos, controlar los gastos y asegurar el uso eficiente de los recursos"", ""planificar y dirigir el trabajo diario"", ""controlar la selección, supervisión y rendimiento del personal"", ""garantizar el cumplimiento de los requisitos en materia de higiene y seguridad""]"
1439,"Se incluyen en este grupo primario los directores, gerentes y administradores que planifican, dirigen y coordinan la prestación de servicios no clasificados previamente en el subgrupo principal 14 “Directores, gerentes y administradores de hoteles, restaurantes, comercios y de otros servicios”. Se trata, como por ejemplo, de los gerentes de agencias de viajes, centros de conferencias, call center de informaciones y centros comerciales.",[]
2111,"Los físicos y astrónomos llevan a cabo investigaciones, perfeccionan o desarrollan conceptos, teorías y métodos operativos con respecto a la materia, el espacio, el tiempo, la energía, los campos de fuerza y la interrelación entre estos fenómenos físicos. Además, aplican los conocimientos científicos sobre física y astronomía en distintas actividades económicas, la medicina, la esfera militar y otros ámbitos.","[""llevar a cabo investigaciones y perfeccionar o desarrollar conceptos, teorías, instrumentos, software y métodos operativos en los campos de la física y la astronomía"", ""realizar experimentos, pruebas y análisis sobre la estructura y las propiedades de la materia en campos como la mecánica, la termodinámica, la electrónica, las comunicaciones, la generación y distribución de energía, la aerodinámica, la óptica y tecnología láser, la percepción remota, la medicina, la acústica, el magnetismo y la física nuclear"", ""evaluar los resultados de investigaciones, experimentos y formular conclusiones, utilizando principalmente técnicas y modelos matemáticos"", ""aplicar principios, técnicas y procesos para desarrollar o mejorar las aplicaciones prácticas de los principios y técnicas de la física o la astronomía en las actividades industriales, la medicina, la esfera militar y otros ámbitos"", ""garantizar la exposición segura y efectiva de los pacientes a la radiación (tanto ionizante como no ionizante) con fines terapéuticos o de diagnóstico, en conformidad con lo prescrito por un médico"", ""asegurar la precisión de las medidas y la caracterización de las cantidades físicas utilizadas en las aplicaciones médicas"", ""verificar, poner en marcha y evaluar los equipos utilizados en aplicaciones tales como la imagenología, los tratamientos médicos y la dosimetría"", ""consultar con los médicos y otros profesionales de la salud sobre la optimización del equilibrio entre los efectos beneficiosos y los efectos nocivos de las radiaciones"", ""observar, analizar e interpretar los fenómenos celestes y desarrollar métodos, modelos numéricos y técnicas para ampliar los conocimientos en campos como la navegación, la comunicación por satélite, la exploración espacial y el estudio de los cuerpos celestes y la radiación cósmica"", ""elaborar, aplicar, perfeccionar normas y protocolos para la medición de los fenómenos físicos y para el uso de la tecnología nuclear en aplicaciones industriales y médicas"", ""preparar ponencias e informes de carácter científico"", ""brindar asesoramiento respecto a las tareas anteriormente mencionadas""]"
2112,"Los meteorólogos preparan pronósticos del tiempo a corto o largo plazo para su uso en la navegación aérea y marítima, la agricultura y otros campos, así como para la información del público en general. Además, desarrollan investigaciones relativas a la composición, estructura y dinámica de la atmósfera.","[""investigar la dirección y velocidad de los movimientos del aire, las presiones, las temperaturas, la humedad, la transformación física y química de los contaminantes y otros fenómenos, tales como la formación de nubes y las precipitaciones, las perturbaciones eléctricas o la radiación solar"", ""analizar los datos recopilados por las estaciones meteorológicas, las imágenes de radar y satélite, la modelización informática para trazar la cartografía climática y hacer pronósticos de las condiciones del tiempo"", ""preparar y dar a conocer cartas meteorológicas, pronósticos y alertas a corto o largo plazo sobre fenómenos atmosféricos tales como temporales, las tormentas y otras amenazas para la vida y los bienes, y difundir información sobre las condiciones atmosféricas a través de diversos medios de comunicación, como la radio, la televisión, la prensa escrita e internet"", ""realizar experimentos sobre la dispersión de la niebla, siembra de nubes, incremento de la lluvia y otros tipos de programas de modificación del clima"", ""desarrollar y probar modelos matemáticos computarizados del tiempo y el clima para su uso experimental o práctico"", ""participar en estudios relativos a los efectos del tiempo atmosférico sobre el medio ambiente"", ""analizar el impacto de los proyectos industriales y de la actividad humana sobre el clima y la calidad del aire, y colaborar con profesionales de las ciencias sociales, la ingeniería y la economía para formular estrategias apropiadas para atenuar dicho impacto"", ""participar en el diseño y desarrollo de nuevos equipos y procedimientos para la recopilación de datos meteorológicos, la precepción remota o para aplicaciones relacionadas a estas áreas"", ""realizar investigaciones sobre la composición, estructura y dinámica de la atmósfera, perfeccionar o desarrollar conceptos, teorías y métodos operativos en estos ámbitos, y preparar ponencias e informes de carácter científico sobre los resultados de dichas investigaciones""]"
2113,"Los químicos llevan a cabo investigaciones, perfeccionan o desarrollan conceptos, teorías y métodos operativos, o aplican los conocimientos científicos relativos a la química, con el fin de desarrollar nuevos conocimientos o productos, y encontrar aplicaciones en campos como el control de calidad y el control de procesos.","[""realizar investigaciones y perfeccionar o desarrollar conceptos, instrumentos, teorías y métodos operativos relacionados con la química"", ""dirigir experimentos, pruebas y análisis para estudiar la composición química, la energía y las transformaciones químicas de diversas sustancias, materiales y productos naturales o sintéticos"", ""desarrollar procedimientos de control ambiental, de control de calidad y de otra índole para fabricantes o usuarios"", ""realizar programas de recopilación de datos y análisis de muestras para detectar y cuantificar sustancias tóxicas para el medio ambiente"", ""participar en investigaciones interdisciplinarias y en el desarrollo de proyectos con ingenieros químicos, biólogos, microbiólogos, ingenieros agrónomos, geólogos y otros profesionales"", ""utilizar microorganismos para convertir sustancias en nuevos compuestos"", ""determinar la forma para fortalecer o combinar materiales existentes o desarrollar nuevos materiales"", ""reproducir y sintetizar sustancias existentes en la naturaleza y crear nuevas sustancias artificiales"", ""preparar ponencias e informes de carácter científico""]"
2114,"Los geólogos y geofísicos realizan investigaciones, perfeccionan o desarrollan conceptos, teorías y métodos operativos o aplican los conocimientos científicos relativos a la geología y la geofísica en ámbitos como la exploración y extracción de petróleo, gas y otros minerales, la conservación de los recursos hídricos, la ingeniería civil, las telecomunicaciones y la navegación, así como en la evaluación y mitigación de los efectos que los proyectos de desarrollo y de eliminación de residuos tienen sobre el medio ambiente.","[""realizar investigaciones y perfeccionar o desarrollar conceptos, teorías y métodos operativos relacionados con la geología y la geofísica"", ""estudiar la composición y estructura de la corteza terrestre y analizar rocas, minerales, restos fósiles y otros materiales a fin de determinar cuáles son los procesos que inciden en la evolución de la Tierra, de establecer la naturaleza y la cronología de las formaciones geológicas y de evaluar sus aplicaciones comerciales"", ""interpretar los resultados de las investigaciones y preparar informes, mapas, cartas, diagramas y ponencias sobre temas geológicos"", ""aplicar los conocimientos geológicos a la solución de problemas planteados en obras de ingeniería civil tales como la construcción de embalses, puentes, túneles y grandes edificios, así como en los proyectos de recuperación y aprovechamiento de terrenos"", ""utilizar diversos programas de percepción remota para estudiar y medir las fuerzas sísmicas, gravitatorias, eléctricas, térmicas y magnéticas que afectan a la Tierra"", ""estimar el peso, tamaño y volumen de la Tierra, su composición y estructuras internas, estudiar la naturaleza, actividad y predictibilidad de los volcanes, glaciares y terremotos"", ""trazar la cartografía del campo magnético de la Tierra y utilizarla, junto con otros datos recopilados, para la transmisión de información, la navegación marítima y aérea, y para otros fines"", ""estudiar y medir las propiedades físicas de los mares, de la atmósfera y sus distintas interrelaciones, como el intercambio de energía térmica"", ""localizar y determinar la naturaleza y extensión de yacimientos de petróleo, gas y otros minerales utilizando métodos sismológicos, gravimétricos, magnéticos, eléctricos o radiométricos"", ""localizar yacimientos de materiales de construcción y determinar sus características y su idoneidad para servir como áridos de hormigón o rellenos de carreteras, o para su uso en otras aplicaciones"", ""investigar el movimiento, la distribución y las propiedades físicas de las aguas subterráneas y superficiales"", ""asesorar en ámbitos como la gestión de residuos, la selección de medios y vías para su transporte y lugares de emplazamiento, como también la restauración de los terrenos contaminados""]"
2120,"Los matemáticos y estadísticos realizan investigaciones, perfeccionan o desarrollan conceptos, teorías, modelos operativos y técnicas en el contexto de las matemáticas, los temas actuariales y la estadística, participan en su aplicación práctica en campos como la ingeniería, las ciencias empresariales, las ciencias sociales y otros ámbitos científicos o prestan asesoramiento al respecto.","[""estudiar, perfeccionar y desarrollar teorías y técnicas en el contexto de las matemáticas, los temas actuariales y la estadística"", ""aplicar los principios, modelos y técnicas matemáticas a una diversidad de tareas en los campos de la ingeniería, las ciencias naturales, las ciencias sociales o las ciencias biológicas"", ""llevar a cabo análisis lógicos de los problemas de gestión, sobre todo en cuanto a la eficacia de la relación entre insumos y productos, y formular modelos matemáticos con respecto a cada problema, destinados por lo general a su aplicación en programas de computador para la búsqueda de soluciones informáticas"", ""diseñar y poner en funcionamiento regímenes de pensiones y otros sistemas de seguros de vida, de salud, de bienestar social y de otra índole"", ""aplicar las matemáticas, la estadística y las teorías de probabilidad y de riesgo para evaluar los posibles impactos financieros de contingencias futuras"", ""planificar, organizar encuestas y otros medios de recopilación estadística. Como también diseñar cuestionarios"", ""evaluar, procesar, analizar e interpretar datos estadísticos y prepararlos para su publicación"", ""aplicar diversos métodos de recopilación de datos y otros métodos y técnicas estadísticas, o brindar asesoramiento al respecto para determinar la fiabilidad de los resultados, sobre todo en campos como la actividad empresarial o la medicina y otros ámbitos de las ciencias naturales, sociales o biológicas"", ""preparar ponencias e informes de carácter científico"", ""supervisar el trabajo de los matemáticos auxiliares, asistentes actuariales, asistentes de estadística y empleados de estadística"", ""brindar asesoramiento respecto a las tareas mencionadas anteriormente""]"
2131,"Los biólogos, botánicos, zoólogos, genetistas y farmacólogos estudian a los seres vivos y sus interacciones recíprocas, así como aquellas con el medio ambiente. Aplican estos conocimientos para resolver problemas de la salud humana y del medio ambiente. Su trabajo se desarrolla en diversos campos, entre los que figuran la botánica, zoología, ecología, biología marina, genética, inmunología, farmacología, toxicología, fisiología, bacteriología y virología.","[""desarrollar investigaciones en laboratorio y en el terreno para incrementar el conocimiento científico sobre los seres vivos, obtener nueva información, poner a prueba hipótesis, resolver problemas en campos como el medio ambiente, la agricultura y la salud, y desarrollar nuevos productos, procesos y técnicas para uso farmacéutico, agrario y medioambiental"", ""diseñar y realizar experimentos y pruebas"", ""recolectar especímenes y datos de seres humanos, animales, insectos y plantas. Asimismo, estudiar su origen, desarrollo, constitución química y física, estructura y composición, como también sus procesos vitales y reproductivos"", ""examinar seres vivos utilizando diversos equipos, instrumentos, tecnologías y técnicas especializadas, como microscopios electrónicos, telemetría, sistemas de posicionamiento global, biotecnología, obtención de imágenes por satélite, ingeniería genética, análisis digital de imágenes, reacción en cadena de la polimerasa y modelización informática"", ""identificar, clasificar, registrar y controlar seres vivos, además mantener bases de datos sobre esta información"", ""preparar ponencias e informes de carácter científico en los que se describan las investigaciones y todo nuevo hallazgo en los campos pertinentes, materiales que se ponen a disposición de la comunidad científica en publicaciones especializadas o en el marco de congresos con el fin de someterlos a examen y al debate continuo"", ""diseñar y llevar a cabo evaluaciones del impacto medioambiental para identificar los cambios causados por factores naturales o factores humanos"", ""brindar asesoramiento a los gobiernos, organizaciones y empresas en campos como la conservación, la gestión de recursos naturales, los efectos del cambio climático y la contaminación""]"
2132,"Los agrónomos y profesionales del ámbito forestal y pesquero estudian la gestión de los recursos agropecuarios, forestales y pesqueros; prestan asistencia y asesoramiento en estos campos, los que abarcan el cultivo, la fertilización, la cosecha, la erosión del suelo y su composición, la prevención de enfermedades, la nutrición, la rotación de cultivos y la comercialización de los productos. En esa perspectiva, desarrollan técnicas para aumentar la productividad, estudian y formulan planes o políticas para la gestión de las tierras y de la pesca.","[""recopilar y analizar datos y muestras de productos, alimentos y piensos, suelos, calidad del agua y otros factores que inciden en la producción agropecuaria, forestal o pesquera"", ""asesorar sobre técnicas para mejorar la producción de cultivos, ganado y peces, como también sobre opciones de producción alternativas"", ""asesorar sobre enfermedades de ganado y cultivos, control de plagas y malezas, mejoramiento de los suelos y programas de cría y alimentación de ganado"", ""estudiar los factores ambientales que afectan la producción de cultivos comerciales, el crecimiento de los pastos, la cría de animales, las poblaciones de peces, el crecimiento y la salud de los árboles forestales"", ""estudiar los efectos de las técnicas de cultivo, los suelos, los insectos, las enfermedades y las prácticas pesqueras sobre el rendimiento de la producción agropecuaria, la silvicultura y la pesca"", ""estudiar las pautas de migración, crecimiento, alimentación y desove de los peces e idear métodos de recolección, fertilización, incubación y eclosión de sus huevos"", ""llevar a cabo investigaciones sobre las características, capacidad de uso y productividad de los suelos para aplicar los resultados al desarrollo de mejores prácticas agrícolas, hortícolas y forestales"", ""desarrollar procedimientos y técnicas que resuelvan problemas agrícolas y mejoren la eficiencia de la producción"", ""gestionar los recursos forestales y pesqueros para maximizar sus beneficios comerciales, recreativos y ambientales a largo plazo"", ""estudiar la propagación y el cultivo de árboles forestales, los métodos para potenciar el incremento de las reservas y los efectos del raleo en el rendimiento de los bosques"", ""investigar, planificar y poner en práctica procedimientos de gestión para hacer frente a los efectos de los incendios, inundaciones, sequías, erosión del suelo, plagas y enfermedades"", ""preparar informes científicos, como también organizar sesiones de información y charlas para los sectores de la agricultura, silvicultura, pesca y otros grupos""]"
2133,"Los profesionales de la protección medioambiental estudian y evalúan los efectos sobre el medio ambiente que ejercen las actividades humanas. Por ejemplo, la contaminación del aire, el agua y el suelo, la contaminación acústica, el cambio climático, la generación de residuos tóxicos y el agotamiento y degradación de los recursos naturales. Además, formulan planes y buscan soluciones para la protección, conservación y recuperación medioambiental, minimizando y previendo mayores daños al entorno.","[""desarrollar investigaciones, realizar pruebas, recolectar muestras, efectuar análisis de terreno y de laboratorio para identificar las fuentes de los problemas medioambientales y recomendar medios para prevenir, controlar y remediar el impacto de estos problemas"", ""evaluar el impacto medioambiental probable de proyectos, actividades e iniciativas, tanto a nivel potencial como de propuestas, y formular recomendaciones en cuanto a si procede o no llevarlos adelante"", ""desarrollar sistemas de gestión medioambiental y coordinar su puesta en práctica, a fin de que las organizaciones sean capaces de identificar, vigilar y controlar el impacto medioambiental de sus actividades, productos y servicios"", ""realizar auditorías para evaluar el impacto medioambiental de las actividades, procesos, residuos, ruidos y sustancias"", ""evaluar el cumplimiento por parte de las organizaciones de las normas y pautas en materia de medio ambiente, tanto gubernamentales como internas, identificando infracciones y determinando las medidas correctivas apropiadas"", ""brindar asesoramiento técnico y servicios de apoyo a las organizaciones sobre la mejor forma de abordar los problemas medioambientales para reducir el daño y minimizar las pérdidas económicas"", ""desarrollar planes de conservación""]"
2134,"Los bioquímicos estudian la composición química, estructura y funcionamiento de la materia viva animal o vegetal aplicando estos conocimientos para resolver problemas de la salud humana y del medio ambiente.","[""llevar a cabo investigaciones en laboratorio y en el terreno para incrementar el conocimiento científico de la bioquímica sobre los seres vivos, obtener nueva información, poner a prueba hipótesis, resolver problemas en campos como el medio ambiente, la agricultura y la salud, y desarrollar nuevos productos, procesos y técnicas para uso farmacéutico, agrario y medioambiental"", ""diseñar y realizar experimentos y pruebas"", ""recolectar especímenes y datos de seres humanos, animales, insectos y plantas, y estudiar su constitución química, estructura y composición"", ""examinar seres vivos utilizando diversos equipos, instrumentos, tecnologías y técnicas especializadas, como microscopios electrónicos, análisis digital de imágenes, entre otros equipos"", ""identificar, clasificar, registrar y controlar seres vivos. Asimismo, mantener bases de datos sobre esta información"", ""preparar ponencias e informes de carácter científico en los que se describan las investigaciones y todo nuevo hallazgo en los campos de la bioquímica, materiales que se ponen a disposición de la comunidad científica en publicaciones especializadas o en el marco de congresos con el fin de someterlos a examen y al debate continuo"", ""brindar asesoramiento a los gobiernos, organizaciones y empresas en campos como la conservación, la gestión de recursos naturales, los efectos del cambio climático y la contaminación. Se incluye la siguiente ocupación: •• Bioquímico""]"
2141,"Los ingenieros industriales y de producción llevan a cabo investigaciones, diseñan, organizan y supervisan la construcción, funcionamiento, mantenimiento y reparación de los procesos e instalaciones de producción industrial. Además, establecen programas para coordinar las actividades de fabricación, y evalúan su rentabilidad y su nivel de seguridad.","[""examinar las descripciones de funciones, organigramas y otros datos sobre proyectos, para determinar las funciones y responsabilidades de los trabajadores y las unidades de trabajo e identificar los ámbitos en que se duplican funciones"", ""establecer programas de medición del trabajo y analizar muestras de la actividad laboral, con el objetivo de formular normas en cuanto al manejo de la mano de obra"", ""analizar el uso de la fuerza de trabajo, el diseño de las instalaciones, los datos operativos y los calendarios y costos de producción para determinar cuáles son los niveles óptimos de eficiencia de los trabajadores y los equipos"", ""elaborar especificaciones de fabricación y determinar los materiales, equipos, redes de tuberías, flujos de materiales, capacidades y diseño de las instalaciones y sistemas"", ""organizar y gestionar a los trabajadores ocupados en los proyectos, la entrega de los materiales o equipos y gestionar las instalaciones"", ""establecer normas y políticas en materia de instalación, modificación, control de calidad, pruebas de funcionamiento, inspección y mantenimiento en conformidad con los principios de ingeniería y las reglas de seguridad"", ""inspeccionar las instalaciones con el fin de mantener y mejorar el rendimiento"", ""dirigir el mantenimiento de los edificios y equipos productivos y coordinar las necesidades en cuanto a disponer de nuevos diseños, estudios y programas de mantenimiento"", ""asesorar a la dirección sobre nuevos métodos, técnicas y equipos de producción"", ""comunicarse con los departamentos encargados de la compra, almacenamiento y control de materiales a fin de asegurar un flujo constante de suministros""]"
2142,"Los ingenieros civiles, ingenieros en construcción y constructores civiles realizan investigaciones, diseñan, dirigen y asesoran obras de construcción, tales como edificaciones, casas y edificios, entre otros. Gestionan el funcionamiento y mantenimiento de estructuras de ingeniería civil, realizan estudios y prestan asesoramiento sobre los aspectos tecnológicos de determinados materiales.","[""realizar investigaciones y desarrollar o perfeccionar teorías y métodos relativos a la ingeniería civil"", ""diseñar estructuras, tales como puentes, embalses, muelles, carreteras, aeropuertos, vías férreas, canales, gaseoductos, oleoductos, sistemas de evacuación de desechos, sistemas de defensa contra inundaciones, edificios industriales y otras grandes edificaciones"", ""determinar y especificar métodos y materiales de construcción, así como normas de calidad y dirigir obras de construcción"", ""establecer sistemas de control para garantizar el funcionamiento eficaz de las estructuras, así como la seguridad y la protección del medio ambiente"", ""organizar y dirigir las actividades de mantenimiento y reparación de las estructuras de ingeniería civil existentes"", ""analizar el comportamiento de los suelos y rocas cuando están sometidos a presiones como las que generarán las estructuras propuestas y diseñar los cimientos de éstas"", ""analizar la estabilidad de las estructuras y hacer pruebas del comportamiento y durabilidad de los materiales que se utilicen en su construcción""]"
2143,"Los ingenieros medioambientales realizan investigaciones con objetivos o enfoques específicos orientados desde la industria o la empresa, elaborando soluciones para prevenir, controlar o remediar los impactos negativos de la actividad humana sobre el medio ambiente recurriendo a diversas disciplinas de ingeniería, y dirigen o asesoran la aplicación de dichas soluciones. Asimismo, efectúan evaluaciones ambientales de los proyectos de construcción e ingeniería civil y aplican los principios de la ingeniería al control de la contaminación, las actividades de reciclaje y la eliminación de residuos.","[""realizar investigaciones, evaluaciones y emitir informes sobre el impacto medioambiental de las actividades de construcción, de ingeniería civil y de otra índole, existentes o propuestas"", ""inspeccionar instalaciones, programas industriales y municipales para evaluar la eficacia de su funcionamiento y asegurar el cumplimiento de las normas medioambientales"", ""diseñar y supervisar el desarrollo de los sistemas, procesos y equipos de control, gestión o recuperación de la calidad del agua, el aire o el suelo"", ""prestar asistencia en el ámbito de la ingeniería ambiental para llevar a cabo análisis de redes, de las normas y su cumplimiento, para planificar o revisar el desarrollo de bases de datos"", ""obtener, actualizar y mantener planes, permisos y procedimientos normalizados de trabajo"", ""prestar asistencia técnica y de ingeniería en el marco de proyectos de recuperación del medio ambiente y de la tramitación de litigios sobre temas medioambientales, como por ejemplo, el diseño de sistemas de recuperación o la verificación de la aplicabilidad de las normas"", ""supervisar los avances de los programas de mejora medioambiental"", ""asesorar a empresas privadas y organismos estatales sobre los procedimientos que han de seguirse en la limpieza de los lugares contaminados para proteger a las personas y al medio ambiente"", ""colaborar con los científicos medioambientales, urbanistas, expertos en gestión de residuos peligrosos, ingenieros de otras disciplinas y expertos jurídicos y empresariales en la búsqueda de soluciones a los problemas ambientales""]"
2144,"Los ingenieros mecánicos llevan a cabo investigaciones, diseñan máquinas, aeronaves, embarcaciones, maquinaria e instalaciones industriales, equipos y sistemas de producción industrial y dirigen o asesoran su fabricación, funcionamiento, mantenimiento y reparación, o estudian los aspectos tecnológicos de determinados materiales, productos o procesos y prestan asesoramiento al respecto.","[""diseñar máquinas y herramientas para la industria manufacturera, la minería, la construcción y otras actividades industriales, así como para la agricultura"", ""diseñar máquinas de vapor, motores de combustión interna y otras máquinas y motores no eléctricos que se utilicen para propulsar locomotoras de ferrocarriles, vehículos de transporte por carretera y aeronaves o para hacer funcionar maquinaria industrial o de otra índole"", ""diseñar y brindar asesoramiento para los siguientes elementos: cascos, superestructuras y sistemas de propulsión de embarcaciones; instalaciones y equipos mecánicos para la producción, control y uso de energía; sistemas de calefacción, ventilación y refrigeración, mecanismos de dirección y gobierno, bombas y otros equipos mecánicos"", ""diseñar fuselajes, trenes de aterrizaje y otros equipos para aeronaves, así como sistemas de suspensión, frenos, carrocerías y otros componentes de vehículos de transporte por carretera"", ""diseñar partes o componentes no eléctricos de aparatos o productos tales como procesadores de texto, computadores, instrumentos de precisión, cámaras y proyectores"", ""establecer normas y procedimientos de control para asegurar el funcionamiento eficaz y la seguridad de máquinas, equipos, herramientas, motores, artefactos, instalaciones industriales, mecanismos o sistemas"", ""asegurar que los equipos, su funcionamiento y mantenimiento cumplan las especificaciones de diseño y las normas de seguridad"", ""brindar asesoramiento respecto a las tareas anteriormente mencionadas""]"
2145,"Los ingenieros químicos investigan, desarrollan y dirigen procesos químicos y la producción a escala comercial de diversas sustancias y productos tales como petróleo en bruto, derivados del petróleo, productos alimenticios, bebidas, medicamentos o materiales sintéticos, y prestan asesoramiento sobre estas actividades. Además, dirigen el mantenimiento y las reparaciones de las instalaciones y equipos de producción química, estudian los aspectos químicos de determinados materiales, productos o procesos y prestan asesoramiento sobre estas actividades.","[""realizar investigaciones y desarrollar procesos químicos a escala comercial para refinar petróleo en bruto y otros líquidos o gases, para fabricar sustancias y productos tales como derivados del petróleo, explosivos, productos alimenticios y bebidas, medicamentos o materiales sintéticos"", ""especificar métodos, materiales y normas de calidad de la producción química y asegurar que se ajusten a los criterios establecidos"", ""establecer normas y procedimientos de control para el funcionamiento eficaz y la seguridad de las operaciones de producción de sustancias químicas, como también la protección de los trabajadores que manejan equipos o trabajan cerca de las reacciones químicas en curso"", ""diseñar equipos para las instalaciones químicas y establecer procesos de fabricación de sustancias y preparados químicos"", ""realizar pruebas en todas las etapas de producción para determinar el grado de control sobre las variables, como: la temperatura, la densidad, el peso específico y la presión"", ""formular los procedimientos de seguridad que se aplicarán"", ""preparar estimaciones de los costos de producción e informes sobre el avance de la misma, destinados a los directivos"", ""realizar estudios de laboratorio sobre las etapas de fabricación de nuevos productos y poner a prueba los procesos propuestos en instalaciones a pequeña escala"", ""brindar asesoramiento respecto a las tareas anteriormente mencionadas""]"
2146,"Los ingenieros en minas y metalúrgicos investigan, diseñan, desarrollan y mantienen procedimientos a escala comercial para la obtención de metales a partir de los minerales en bruto, la extracción de minerales, agua, petróleo o gas de la tierra y la elaboración de nuevas aleaciones, materiales cerámicos y otros compuestos, o para llevar a cabo estudios y brindar asesoramiento sobre los aspectos mineros o metalúrgicos de determinados materiales, productos o procesos.","[""localizar los yacimientos y planificar la extracción de carbón, minerales metálicos, minerales no metálicos y materiales de construcción, como piedra y grava"", ""determinar los métodos más apropiados y eficaces para las actividades de minería, extracción y el tipo de maquinaria que ha de utilizarse; planificar la disposición de las galerías y pozos y dirigir su construcción"", ""determinar los lugares de perforación e idear métodos para controlar el flujo de agua, petróleo o gas de los pozos"", ""planificar y dirigir el almacenamiento, tratamiento inicial y transporte del agua, petróleo o gas"", ""establecer normas y procedimientos de seguridad y servicios de primeros auxilios, sobre todo bajo tierra"", ""realizar investigaciones, desarrollar métodos para extraer los metales de los minerales en bruto y brindar asesoramiento sobre su aplicación"", ""estudiar las propiedades de metales y aleaciones, crear nuevas aleaciones, supervisar los aspectos técnicos de la fabricación y procesamiento de metales y aleaciones"", ""mantener comunicación y consultar con otros especialistas relevantes, como geólogos y geofísicos"", ""examinar yacimientos o minas para evaluar su rentabilidad"", ""brindar asesoramiento respecto a las tareas anteriormente mencionadas""]"
2147,"Los ingenieros biomédicos integran los conocimientos de la biología, medicina e ingeniería para el desarrollo de la salud humana. Específicamente aplican sus conocimientos en el diseño de equipos médicos, la bioingeniería clínica e informática médica.","[""diseñar productos usados en distintos procedimientos médicos, sistemas de imagenología como la resonancia magnética y productos para la automatización de las inyecciones de insulina o el control de funciones corporales"", ""verificar que los equipos médicos estén correctamente instalados y funcionando adecuadamente"", ""diseñar soluciones informáticas tanto para el diagnóstico y tratamiento de enfermedades como para el procesamiento de datos médicos y gestión de procesos relacionados al área de la salud, basadas en sus conocimientos en la medicina y la informática"", ""aplicar los principios de la ingeniería en organismos vivos""]"
2149,"Se incluyen en este grupo primario a otros profesionales de la ingeniería no clasificados previamente en el subgrupo 214 “Ingenieros (excluyendo ingenieros en electrotecnología)” o en el subgrupo 215 “Ingenieros en electrotecnología”. Se trata, por ejemplo, de las personas que llevan a cabo investigaciones, que desarrollan procedimientos y soluciones de ingeniería en materia de seguridad y salud en el trabajo, ingeniería biomédica, óptica, materiales, generación de energía nuclear y explosivos, o que prestan asesoramiento al respecto.","[""aplicar conocimientos de ingeniería al diseño, desarrollo y evaluación de sistemas y productos biológicos y sanitarios, como órganos artificiales, prótesis e instrumentos"", ""diseñar componentes de instrumentos ópticos, como lentes, microscopios, telescopios, láseres, sistemas de disco óptico y otros equipos que utilizan las propiedades de la luz"", ""diseñar explosivos y municiones, coordinar su perfeccionamiento y efectuar pruebas para cumplir los requerimientos de los pedidos militares"", ""diseñar y supervisar la construcción y el funcionamiento de reactores y centrales nucleares y de sistemas de reprocesamiento y recuperación de combustible nuclear"", ""diseñar y desarrollar equipos nucleares, tales como núcleos de reactores, blindajes contra la radiación e instrumentos y mecanismos de control conexos"", ""evaluar daños provocados por siniestros y efectuar cálculos para las operaciones de salvamento marítimo"", ""estudiar los aspectos técnicos relacionados con la ingeniería de determinados procesos de fabricación, como los relativos al vidrio, cerámica, materias textiles, productos de cuero, madera y artes gráficas"", ""detectar peligros potenciales y adoptar procedimientos y dispositivos de seguridad"", ""brindar asesoramiento respecto a las tareas anteriormente mencionadas""]"
2151,"Los ingenieros eléctricos realizan investigaciones, diseñan, dirigen y asesoran la construcción, puesta en marcha, funcionamiento, mantenimiento y reparación de sistemas, componentes, motores y equipos eléctricos, o realizan estudios y prestan asesoramiento sobre los aspectos tecnológicos de los materiales, productos y procesos propios de la ingeniería eléctrica.","[""diseñar centrales eléctricas y sistemas de generación, transmisión y distribución de energía eléctrica"", ""supervisar, controlar y vigilar el funcionamiento de los sistemas de generación, transmisión y distribución de energía eléctrica"", ""diseñar sistemas para motores eléctricos, medios de tracción eléctrica, otros equipos eléctricos o aparatos electrodomésticos"", ""especificar modos de instalación eléctrica y aplicaciones eléctricas para edificios y artefactos industriales o de otra índole"", ""establecer normas y procedimientos de control para supervisar el funcionamiento y la seguridad de los sistemas de generación y distribución de electricidad, los motores y equipos eléctricos"", ""establecer métodos para la fabricación de sistemas eléctricos, así como para el mantenimiento y la reparación de sistemas eléctricos, motores y equipos"", ""brindar asesoramiento respecto a las tareas anteriormente mencionadas""]"
2152,"Los ingenieros electrónicos realizan investigaciones, diseñan y dirigen la construcción, funcionamiento, mantenimiento y reparación de sistemas electrónicos, realizan estudios y prestan asesoramiento sobre los aspectos tecnológicos de los materiales, productos y procesos propios de la ingeniería electrónica.","[""diseñar dispositivos o componentes, circuitos, semiconductores y sistemas electrónicos"", ""especificar métodos de producción o instalación, materiales y normas de calidad; dirigir los trabajos de producción o instalación de productos y sistemas electrónicos"", ""establecer normas y procedimientos de control para asegurar el funcionamiento eficaz y la seguridad de sistemas, motores y equipos electrónicos"", ""organizar y dirigir el mantenimiento y reparación de sistemas y equipos electrónicos existentes"", ""diseñar circuitos y componentes electrónicos para su uso en campos como la orientación y el control de la propulsión aeroespacial, la acústica o instrumentos y controles"", ""realizar investigaciones y brindar asesoramiento sobre sistemas de radar, telemetría y control remoto, aparatos de microondas y otros equipos electrónicos"", ""diseñar y desarrollar algoritmos de procesamiento de señales y aplicarlos mediante la elección adecuada del software y los equipos informáticos"", ""desarrollar aparatos y procedimientos para probar componentes, circuitos y sistemas electrónicos"", ""brindar asesoramiento respecto a las tareas anteriormente mencionadas""]"
2153,"Los ingenieros en telecomunicaciones realizan investigaciones y diseñan, dirigen y asesoran la construcción, funcionamiento, mantenimiento y reparación de sistemas y equipos de telecomunicaciones. Asimismo, realizan estudios y prestan asesoramiento sobre los aspectos tecnológicos de los materiales, productos y procesos propios de la ingeniería de telecomunicaciones.","[""diseñar dispositivos o componentes, sistemas, equipos y centros de distribución de telecomunicaciones"", ""especificar métodos de producción o de instalación, materiales, normas de calidad y seguridad"", ""dirigir los trabajos de producción o instalación de productos y sistemas de telecomunicaciones"", ""organizar y dirigir el mantenimiento y reparación de los sistemas, motores y equipos de telecomunicaciones existentes"", ""realizar investigaciones sobre equipos de telecomunicaciones"", ""planificar y diseñar redes de comunicación basadas en medios de transmisión por cable y fibra óptica y de transmisión inalámbrica"", ""diseñar y desarrollar algoritmos de procesamiento de señales y aplicarlos utilizando una selección adecuada de equipos y software informáticos"", ""diseñar redes de telecomunicaciones y sistemas de distribución de radio y televisión, incluidos los sistemas de transmisión por cable y de transmisión inalámbrica"", ""brindar asesoramiento respecto a las tareas anteriormente mencionadas""]"
2161,"Los arquitectos diseñan edificios comerciales, industriales, institucionales, residenciales y recreativos; planifican y supervisan su construcción, mantenimiento y restauración.","[""desarrollar nuevas teorías y métodos arquitectónicos o mejorar los existentes"", ""inspeccionar obras y consultar con los clientes, gerencia, dueños y demás partes interesadas a fin de determinar el tipo, estilo y dimensiones de los edificios proyectados y las modificaciones que se harán a las edificaciones existentes"", ""facilitar información sobre los diseños, materiales y plazos de construcción estimados"", ""preparar la documentación de proyecto, incluidos los croquis y los dibujos a escala, e integrar los elementos estructurales, mecánicos y estéticos en los diseños definitivos"", ""redactar especificaciones y documentos contractuales para ser usados por los constructores y hacer llamados a licitación en nombre de sus clientes"", ""establecer los contactos necesarios para asegurar la viabilidad de los proyectos en lo que respecta a estilos, costos, plazos y cumplimiento de las normativas"", ""identificar los problemas que se planteen en cuanto a las funciones y la calidad requerida en el interior de los edificios, encontrar las mejores soluciones y hacer los diseños, dibujos y planos necesarios"", ""supervisar los trabajos de construcción o restauración para asegurar el cumplimiento de las especificaciones y de las normas de calidad"", ""mantener comunicación y consultar con otros especialistas competentes""]"
2162,"Los arquitectos paisajistas planifican y diseñan paisajes y espacios abiertos para proyectos tales como parques, centros de educación, edificios institucionales, vías de circulación y zonas externas de emplazamientos comerciales, industriales y residenciales; planifican y supervisan su construcción, mantenimiento y restauración.","[""desarrollar nuevas teorías y métodos de arquitectura del paisaje o mejorar las teorías y métodos existentes, y brindar asesoramiento sobre las políticas en este campo"", ""inspeccionar las obras y consultar con los clientes, la gerencia, dueños y demás partes interesadas a fin de determinar el tipo, estilo y dimensiones de los edificios, parques, vías de circulación y otros espacios abiertos propuestos"", ""compilar y analizar datos sobre el emplazamiento y la comunidad relativos a las características geográficas y ecológicas, la topografía de los terrenos, suelos, vegetación, hidrología, características visuales y estructuras artificiales, con el fin de formular recomendaciones sobre el uso y desarrollo de las tierras, realizar estudios de viabilidad y preparar declaraciones de impacto ambiental"", ""preparar informes, planes estratégicos, planos de emplazamiento, dibujos de trabajo, especificaciones y estimaciones de costos de los proyectos de urbanización, mostrar las obras y hacer presentaciones detalladas de las propuestas, incluido el modelado del suelo, las estructuras, la vegetación y los accesos"", ""redactar especificaciones y documentos contractuales para su uso por los constructores y los contratistas de ingeniería civil y hacer llamados a licitación en nombre de sus clientes"", ""establecer los contactos necesarios para asegurar la viabilidad de los proyectos en lo que respecta a estilos, costos, plazos y cumplimiento de las normativas"", ""identificar los problemas que se planteen en cuanto a las funciones y la calidad requeridas de los ambientes exteriores, encontrar las mejores soluciones y hacer los diseños, dibujos y planos necesarios"", ""supervisar los trabajos de construcción o restauración a fin de asegurar el cumplimiento de las especificaciones y de las normas de calidad"", ""mantener comunicación y consultar con otros especialistas competentes""]"
2163,"Los diseñadores de productos y de vestuario diseñan y desarrollan productos para su fabricación, preparan diseños y especificaciones de productos para su producción masiva, por lotes o de forma individual.","[""determinar los objetivos y las limitaciones de los diseños preliminares consultando con los clientes y demás partes interesadas"", ""formular conceptos de diseño para prendas de vestir, textiles, productos industriales, comerciales, de consumo y artículos de joyería"", ""conjugar las consideraciones estéticas con los requisitos técnicos, funcionales, ecológicos y de producción"", ""preparar croquis, diagramas, ilustraciones, planos de proyectos, muestras y modelos para comunicar los conceptos de diseño"", ""negociar soluciones de diseño con los clientes, la gerencia y el personal de ventas y fabricación"", ""seleccionar, especificar y recomendar materiales funcionales y estéticos, métodos de producción y acabados para la fabricación"", ""detallar y documentar el diseño seleccionado para la producción"", ""preparar y encargar prototipos y muestras"", ""supervisar la preparación de patrones, programas y herramientas, así como el proceso de fabricación""]"
2164,"Los urbanistas e ingenieros de transporte y tránsito elaboran y ponen en práctica planes y políticas para el uso controlado de las tierras urbanas, rurales y la ordenación de los sistemas de tránsito. Asimismo, llevan a cabo investigaciones y prestan asesoramiento sobre los factores económicos, medioambientales y sociales que afectan al uso de la tierra y a los flujos de tránsito.","[""planificar el trazado de las zonas urbanas y coordinar su desarrollo"", ""compilar y analizar datos sobre los factores económicos, jurídicos, políticos, culturales, demográficos, sociológicos, físicos y medioambientales que afectan al uso de la tierra"", ""mantener consultas con las autoridades gubernamentales, las comunidades y los especialistas en campos como la arquitectura, la planificación, las ciencias sociales, el medio ambiente y el derecho"", ""formular ideas y recomendaciones en cuanto al uso y la ordenación de la tierra, presentar planes, programas y diseños textuales y gráficos a grupos e individuos"", ""asesorar a los gobiernos, las empresas y las comunidades sobre temas y propuestas en materia de planificación urbana y regional"", ""revisar y evaluar informes de impacto medioambiental"", ""planificar y coordinar la ordenación de las tierras destinadas a parques, centros de educación, edificios institucionales, aeropuertos, vías de circulación y otros proyectos conexos, así como a los sitios de edificación comercial, industrial y residencial"", ""planificar la circulación vial y el control del tráfico por carretera y de los sistemas de transporte público a fin de mejorar su eficacia y seguridad"", ""brindar asesoramiento respecto a las tareas anteriormente mencionadas""]"
2165,"Los cartógrafos y agrimensores determinan el emplazamiento exacto de los cuerpos celestes y de los contornos y límites naturales o artificiales de las tierras, mares y subsuelos, y preparan o revisan mapas, diagramas u otras representaciones digitales, gráficas y pictóricas de estos objetos, aplicando principios científicos y matemáticos.","[""hacer levantamientos topográficos, mediciones y descripciones de superficies de tierra, minas, subsuelos y fondos marinos, fluviales y lacustres"", ""tomar nota del emplazamiento exacto de diversos puntos característicos y registrar los datos topográficos en forma digital"", ""dibujar planos y mapas a fin de utilizarlos para determinar dónde existen aguas y canales navegables para planificar la construcción de estructuras marinas"", ""planificar y efectuar reconocimientos topográficos mediante fotografías aéreas"", ""diseñar, compilar y revisar planos y mapas obtenidos mediante fotografías aéreas o de otro tipo, imágenes de satélite, documentos y datos de levantamientos, otros mapas ya existentes y registros, informes y estadísticas"", ""levar a cabo investigaciones y desarrollar sistemas de levantamiento topográfico y de medición fotogramétrica, sistemas catastrales y sistemas de información sobre el suelo"", ""estudiar los aspectos técnicos, estéticos y económicos de la producción de mapas"", ""mantener contactos técnicos y consultar con otros especialistas competentes"", ""brindar asesoramiento respecto a las tareas anteriormente mencionadas""]"
2166,"Los diseñadores gráficos y de multimedia producen contenidos visuales y audiovisuales para la comunicación de información utilizando medios impresos, cinematográficos, electrónicos, digitales y otros recursos audiovisuales. Con este fin, crean aplicaciones gráficas, efectos especiales, animaciones y otras imágenes visuales para su uso en juegos de computador, películas, videos musicales, medios impresos y anuncios publicitarios.","[""determinar los objetivos y las limitaciones de los diseños preliminares consultando con los clientes y demás partes interesadas"", ""realizar investigaciones y analizar los requisitos funcionales de la comunicación"", ""formular conceptos de diseño para el tema que debe comunicarse"", ""preparar croquis, diagramas, ilustraciones y maquetas para comunicar conceptos de diseño"", ""diseñar aplicaciones gráficas y presentaciones animadas complejas que se ajusten a los requisitos funcionales, estéticos y creativos de los proyectos de diseño"", ""crear imágenes bidimensionales y tridimensionales que representen objetos en movimiento o ilustren un proceso, utilizando software de animación o de modelización"", ""negociar soluciones de diseño con los clientes, la gerencia, el personal de ventas y de producción"", ""seleccionar, especificar o recomendar materiales funcionales, estéticos y medios para su publicación, entrega o exhibición"", ""describir de forma detallada y fundamentada el diseño seleccionado para la producción"", ""supervisar o llevar a cabo la producción en los medios de difusión elegidos""]"
2211,"Los médicos generales diagnostican, tratan y previenen trastornos, enfermedades, lesiones y otros problemas de salud físicos y mentales de las personas, manteniendo su salud general mediante la aplicación de los principios y procedimientos de la medicina moderna. Estos facultativos no limitan su práctica a determinadas categorías de enfermedades o de métodos de tratamiento y pueden asumir la responsabilidad de prestar una atención médica continua e integral a las personas, las familias y las comunidades.","[""realizar exámenes físicos a los pacientes y entrevistarlos a ellos y a sus familias, para determinar su estado de salud"", ""ordenar la realización de pruebas de laboratorio, radiografías y otros procedimientos de diagnóstico y analizar los resultados para determinar la naturaleza de los trastornos o enfermedades"", ""prestar atención médica continua a los pacientes, lo que incluye prescribir, administrar y supervisar tratamientos curativos y medidas preventivas"", ""realizar intervenciones quirúrgicas y aplicar otros procedimientos clínicos"", ""brindar asesoramiento a las personas, las familias y las comunidades sobre los hábitos de salud, nutrición y estilo de vida que contribuyen a la prevención o el tratamiento de enfermedades y trastornos"", ""derivar a los pacientes y sus familias hacia servicios de atención especializada en hospitales, centros de rehabilitación u otro tipo de centros de atención de salud"", ""detectar y tratar complicaciones antes, durante y después del parto, y derivar a las pacientes a otros servicios de atención especializada"", ""mantener registros de la información y el historial médico de los pacientes e intercambiar información con médicos especialistas y otro personal de la salud, según sea necesario, para continuar con la atención médica"", ""notificar nacimientos, defunciones y enfermedades de declaración obligatoria, a las autoridades gubernamentales para cumplir con los requisitos legales y profesionales"", ""realizar investigaciones sobre la salud humana, los servicios médicos y difundir los resultados, como por ejemplo, mediante informes científicos y realizar tareas de docencia"", ""planificar las actividades de programas destinados a prevenir la aparición y propagación de enfermedades comunes y participar en estos"", ""brindar asesoramiento respecto a las tareas anteriormente mencionadas""]"
2212,"Los médicos especialistas previenen, diagnostican y tratan enfermedades, trastornos, lesiones y otros problemas de salud físicos y mentales de las personas, utilizando técnicas especializadas en los ámbitos de las pruebas y diagnósticos, así como en tratamientos médicos, incluidos la cirugía y los cuidados físicos y psiquiátricos, mediante la aplicación de los principios y procedimientos de la medicina moderna. Estos profesionales se especializan en ciertas categorías de enfermedades, tipos de paciente o métodos de tratamiento, y realizan actividades de investigación en sus áreas de especialización.","[""realizar exámenes físicos a los pacientes, entrevistarlos a ellos y a sus familias para determinar su estado de salud"", ""tomar en consideración la información médica proporcionada por el médico que ha dispuesto la derivación de un paciente, o por otro profesional de atención de salud"", ""ordenar la realización de pruebas de diagnóstico especializadas para determinar la naturaleza de los trastornos o enfermedades"", ""prescribir y administrar tratamientos, medicamentos, anestésicos, psicoterapias, programas de rehabilitación física y otras medidas preventivas y curativas, y hacer el seguimiento de la reacción de los pacientes"", ""realizar intervenciones quirúrgicas de carácter general o especializado"", ""tratar las complicaciones antes, durante y después del parto"", ""mantener registros del historial médico de los pacientes e intercambiar información con otros profesionales de la salud a fin de asegurar la prestación de una atención médica integral"", ""notificar nacimientos, defunciones y enfermedades de declaración obligatoria a las autoridades gubernamentales para cumplir con los requisitos legales y profesionales"", ""proporcionar información a los pacientes, sus familias y comunidades acerca de las medidas de prevención, tratamiento y cuidados de dolencias específicas"", ""realizar autopsias para determinar la causa de muerte de las personas"", ""realizar investigaciones sobre trastornos y enfermedades específicas que afectan a las personas y sobre los métodos preventivos o curativos de estas, y difundir los resultados de sus investigaciones, como por ejemplo, mediante la publicación de informes científicos"", ""realizar actividades docentes cuando se combinen con otras de la práctica de la medicina"", ""planificar las actividades de programas destinados a prevenir la aparición y propagación de enfermedades específicas, y participar en estos""]"
2221,"Los enfermeros profesionales prestan servicios de tratamiento, apoyo y atención a las personas que necesitan cuidados de enfermería debido a los efectos del envejecimiento, enfermedades, lesiones u otros problemas de salud físicos o mentales, o cuya salud está expuesta a riesgos potenciales. Los servicios profesionales de enfermería comprenden la gestión del cuidado en lo relativo a la promoción, mantención y restauración de la salud, la prevención de enfermedades o lesiones, y la ejecución de acciones derivadas del diagnóstico y tratamiento médico. Estos trabajadores asumen la responsabilidad de planificar y gestionar la atención de los pacientes y se ocupan también de supervisar a otros trabajadores de la salud, haciéndolo de forma autónoma o en equipo con médicos y otros profesionales en la aplicación de medidas preventivas y curativas.","[""planificar, prestar y evaluar los cuidados de enfermería que requieren los pacientes, ajustándose a las prácticas y las normas de enfermería aceptadas"", ""coordinar la atención de los pacientes, en consulta con otros profesionales de la salud y miembros de los equipos de salud"", ""desarrollar y aplicar planes para el tratamiento biológico, social y psicológico de los pacientes en colaboración con otros profesionales de la salud"", ""planificar y prestar cuidados, tratamientos y terapias personales, incluida la administración de medicamentos y el seguimiento de la evolución de los pacientes y su reacción a los tratamientos o a los programas de cuidados"", ""controlar y aliviar el dolor y el malestar experimentado por los pacientes aplicando diversas terapias, incluso la administración de analgésicos, además planificar y realizar procedimientos como limpieza de heridas, realización de curaciones y vendajes quirúrgicos"", ""planificar las actividades de programas de educación sanitaria, promoción de la salud soporte al autocuidado de los pacientes"", ""planificar y ejecutar actividades de docencia en formación de enfermería en clínicas y centros médicos, y participar en estos"", ""responder a las preguntas de los pacientes y sus familias, proporcionarles información acerca de la prevención de enfermedades, sus tratamientos y sus cuidados"", ""supervisar y coordinar el trabajo de otros trabajadores de los sectores de la enfermería, la salud y los cuidados de las personas, como por ejemplo, los técnicos en enfermería, técnicos paramédicos u otros técnicos de la salud"", ""realizar procedimientos clínicos a los pacientes en laboratorios, unidades de emergencia y unidades de recuperación"", ""realizar investigaciones sobre las prácticas y procedimientos de enfermería y difundir los resultados, como por ejemplo, mediante documentos e informes científicos"", ""velar por la mejor administración de los recursos de asistencia para el paciente""]"
2222,"Los profesionales de matronería planifican, gestionan, evalúan los cuidados y prestan servicios de atención del embarazo, parto y puerperio normales y la atención del recién nacido, asimismo realizan actividades relacionadas con la lactancia materna, la planificación familiar, la salud sexual y reproductiva y la ejecución de acciones derivadas del diagnóstico y tratamiento médico, además tienen el deber de velar por la mejor administración de los recursos de asistencia para el paciente. En particular, proporcionan atención durante el nacimiento para reducir los riesgos potenciales para la salud de las mujeres y los neonatos, trabajando de forma autónoma o en equipo con otros profesionales de cuidados de la salud.","[""planificar, prestar y evaluar los servicios de cuidados y apoyo que requieren las mujeres y los bebés antes, durante y después del embarazo y el parto, ajustándose a las prácticas y las normas de la obstetricia moderna"", ""brindar asesoramiento a las mujeres y las familias, realizar actividades de educación comunitaria en materia de salud, nutrición, higiene, ejercicio físico, parto y planes de emergencia, lactancia, cuidados infantiles, planificación familiar y métodos anticonceptivos, estilo de vida y otros temas relacionados con el embarazo y el parto"", ""evaluar la evolución durante el embarazo y el parto, tratar las complicaciones y reconocer los signos de advertencia que indican la necesidad de derivar a las pacientes a un médico especializado en obstetricia"", ""hacer el seguimiento del estado de salud de los recién nacidos, tratar las complicaciones y reconocer los signos de advertencia que indican la necesidad de derivar a los pacientes a un médico especializado en pediatría o neonatología"", ""hacer el seguimiento y aliviar el dolor y los malestares experimentados por las mujeres durante el trabajo de parto y el nacimiento, aplicando diversas terapias"", ""dar asistencia en partos, mediante maniobras en que se apliquen técnicas manuales, y practicar aquellos procedimientos que signifiquen atención inmediata de la parturienta"", ""indicar, usar y prescribir medicamentos necesarios para la atención de partos normales, tales como retractores de la fibra uterina, preparados hormonales oxitócicos y analgésicos no narcóticos y, en relación con la planificación familiar y la regulación de la fertilidad, prescribir métodos anticonceptivos, tanto hormonales, incluyendo anticonceptivos de emergencia, como no hormonales, y desarrollar procedimientos anticonceptivos que no impliquen uso de técnicas quirúrgicas"", ""notificar los nacimientos a las autoridades gubernamentales para cumplir con los requisitos legales y profesionales"", ""realizar investigaciones sobre las prácticas y procedimientos de obstetricia y difundir los resultados, como por ejemplo, mediante documentos e informes científicos"", ""planificar y ejecutar actividades de docencia en formación de matronería en clínicas y centros médicos, y participar en estos"", ""planificar y poner en práctica actividades de educación sobre obstetricia en entornos clínicos y comunitarios"", ""velar por la mejor administración de los recursos de asistencia para el paciente""]"
2230,"Los veterinarios diagnostican, previenen y tratan enfermedades, lesiones y disfunciones de los animales. Estos trabajadores pueden atender a una gran diversidad de animales, especializarse en el tratamiento de un grupo determinado de animales o concentrarse en una especialidad, y también pueden prestar servicios profesionales a empresas comerciales que fabrican productos biológicos y farmacéuticos.","[""determinar la presencia y la naturaleza de estados anómalos mediante exámenes físicos, pruebas de laboratorio y técnicas de diagnóstico por imagen, como la radiografía y la ecografía"", ""aplicar tratamientos médicos y quirúrgicos a los animales, prescribir y administrar medicamentos, analgésicos y anestésicos locales o generales"", ""realizar intervenciones quirúrgicas, curar heridas y reparar huesos fracturados"", ""dar atención obstétrica y dental a los animales"", ""participar en programas establecidos para prevenir la aparición y propagación de enfermedades de los animales"", ""vacunar a los animales contra enfermedades infecciosas, someterlos a pruebas de detección de enfermedades infecciosas y notificar a las autoridades la aparición de todo brote de las mismas"", ""realizar autopsias para determinar la causa de la muerte de animales"", ""brindar asesoramiento a los clientes sobre la salud, nutrición, alimentación, higiene, cría y cuidado de los animales"", ""prestar servicios de eutanasia de animales""]"
2241,"Los dentistas diagnostican, tratan y previenen enfermedades, lesiones y anomalías de la dentadura, la boca, las mandíbulas y los tejidos asociados, mediante la aplicación de principios y procedimientos de la odontología moderna. Estos profesionales utilizan una amplia gama de técnicas especializadas de diagnóstico, cirugía y otros procedimientos para promover y restaurar la salud bucodental.","[""diagnosticar enfermedades, lesiones, anomalías y malformaciones de la dentadura y las estructuras asociadas en la boca y las mandíbulas utilizando diversos recursos, como las radiografías, las pruebas salivales y las historias médicas"", ""prestar atención odontológica preventiva, tales como tratamientos periodontales, aplicaciones de flúor o actuaciones de promoción de la salud bucodental"", ""administrar anestésicos para limitar el dolor que experimentan los pacientes durante las intervenciones"", ""prescribir medicamentos para aliviar los dolores provocados por las intervenciones"", ""aplicar tratamientos dentales restaurativos, como implantes, rehabilitaciones complejas de coronas y puentes, ortodoncia y reparación de dientes dañados y cariados"", ""realizar intervenciones quirúrgicas, como extracción de piezas dentales y biopsia de tejidos, y aplicar tratamientos de ortodoncia"", ""medir las mandíbulas y los dientes de los pacientes y hacer moldes para determinar la forma y tamaño de las prótesis dentales"", ""diseñar, construir y adaptar prótesis dentales, como mantenedores de espacio, puentes y dentaduras postizas, o redactar instrucciones de fabricación o prescripciones destinadas a los técnicos en prótesis dentales"", ""restaurar la función bucal con prótesis dentales removibles o fijas y tratar aspectos de rehabilitación, a través del uso de prótesis, y de terapias de reconstrucción facial derivadas de múltiples patologías"", ""ayudar en el diagnóstico de enfermedades sistémicas con manifestaciones bucales, como la diabetes"", ""educar a los pacientes y a las familias sobre higiene dental, nutrición y otras prácticas para cuidar la salud bucodental"", ""supervisar el trabajo de técnicos dentales"", ""planificar y ejecutar actividades de docencia en formación de odontólogos en centros médicos, y participar en estos"", ""velar por la mejor administración de los recursos de asistencia para el paciente""]"
2242,"Los químicos farmacéuticos almacenan, conservan, combinan y dispensan productos medicinales de acuerdo con las prescripciones emitidas por los médicos y otros profesionales de la salud. Además, prestan asesoramiento sobre el uso correcto de fármacos y medicamentos y sobre sus efectos adversos. Asimismo, contribuyen a realizar investigaciones y prueban, preparan y prescriben terapias medicinales para optimizar la salud humana, realizando el seguimiento de las mismas.","[""recibir prescripciones de productos medicinales emitidas por los médicos y otros profesionales de la salud, verificar el historial farmacológico de los pacientes, asegurar que la dosis sea la adecuada y que los métodos de administración de los medicamentos sean correctos, como también comprobar la compatibilidad entre medicamentos antes de dispensarlos"", ""preparar y etiquetar los medicamentos líquidos, pomadas, polvos, comprimidos y otros medicamentos con arreglo a las prescripciones, o supervisar este proceso"", ""suministrar información y brindar asesoramiento a los prescriptores y a los clientes sobre las interacciones entre medicamentos, las incompatibilidades y contraindicaciones, los efectos secundarios, las dosis y la forma correcta de conservarlos"", ""colaborar con otros profesionales de la salud para planificar, supervisar, examinar y evaluar la calidad y eficacia de los tratamientos farmacológicos a nivel individual y de determinados medicamentos o tratamientos"", ""mantener un registro de las prescripciones médicas y dejar constancia de los productos estupefacientes o psicotrópicos de uso restringido entregados, en conformidad con los requisitos legales y profesionales"", ""almacenar y conservar vacunas, sueros y otros medicamentos que puedan deteriorarse"", ""facilitar diagnósticos de dolencias comunes, aconsejar a los clientes sobre los medicamentos no sujetos a prescripción médica, tratamientos paramédicos pertinentes, y dispensar estos medicamentos"", ""supervisar y coordinar el trabajo de técnicos farmacéuticos y vendedores de farmacia"", ""realizar investigaciones para desarrollar y mejorar medicamentos, cosméticos y productos químicos conexos"", ""mantener consultas con químicos, ingenieros y otros profesionales sobre técnicas y componentes de fabricación"", ""probar y analizar medicamentos para determinar su identidad, pureza y concentración en relación con normas especificadas"", ""evaluar etiquetas, envases y prospectos de medicamentos"", ""explicar en detalle la información relativa a determinados medicamentos y sus riesgos a los usuarios de estos"", ""planificar y ejecutar actividades de docencia en formación de químicos farmacéuticos en establecimientos de salud y participar en estos""]"
2243,"Los ingenieros en prevención de riesgos y otros profesionales de la seguridad e higiene laboral y ambiental evalúan, planifican y ponen en práctica programas para identificar, observar y controlar los factores medioambientales que pueden afectar la salud de las personas, con el objetivo de garantizar condiciones de trabajo seguras y saludables, y prevenir enfermedades o lesiones causadas por agentes químicos, físicos, radiológicos, biológicos o por factores ergonómicos relacionados con la actividad laboral que realizan los trabajadores.","[""desarrollar, implementar y revisar políticas y programas que tengan por objeto minimizar los riesgos para la salud y la seguridad, que pueden derivarse de factores medioambientales y laborales"", ""preparar y aplicar planes y estrategias para la eliminación segura, económica y adecuada de residuos comerciales, industriales, médicos y domésticos"", ""aplicar programas y estrategias sobre prevención de enfermedades contagiosas, seguridad alimentaria, sistemas de tratamiento y eliminación de aguas residuales, calidad del agua para actividades recreativas y para el consumo doméstico, sustancias contaminadas y peligrosas"", ""identificar, informar y documentar peligros, evaluar y controlar riesgos en el medio ambiente y en el lugar de trabajo y brindar asesoramiento sobre el cumplimiento de las leyes y reglamentos pertinentes"", ""desarrollar, aplicar y supervisar programas destinados a minimizar la contaminación del lugar de trabajo y del entorno que conlleve riesgos de naturaleza química, física y biológica"", ""brindar asesoramiento sobre métodos para prevenir, eliminar, controlar o reducir la exposición de trabajadores, estudiantes u otras personas y el medioambiente a riesgos radiológicos y de otra índole"", ""promover principios ergonómicos en el lugar de trabajo, tales como la adaptación del mobiliario, los equipos y las actividades laborales a las necesidades de los trabajadores"", ""proporcionar educación, capacitación, información, asesoramiento y charlas a personas de todos los niveles sobre diversos aspectos de la seguridad e higiene laboral y medioambiental"", ""registrar e investigar lesiones de las personas o daños en los equipos y reportar la eficacia y funcionamiento de los medios de seguridad"", ""coordinar la tramitación de indemnización, rehabilitación y reincorporación al trabajo de los trabajadores lesionados""]"
2244,"Los kinesiólogos evalúan, planifican y aplican programas de rehabilitación que mejoran o restablecen las funciones motoras humanas, maximizan la capacidad de movimiento, alivian síndromes de dolor y tratan o previenen los problemas físicos derivados de lesiones, enfermedades y otros problemas de salud. Aplican una amplia gama de terapias y técnicas físicas, tales como el movimiento, ultrasonido, calor, láser y otras técnicas.","[""examinar mediante pruebas la musculatura, el sistema nervioso y las articulaciones, la capacidad funcional y otros aspectos para identificar y evaluar los problemas físicos de los pacientes"", ""establecer los objetivos de los tratamientos con los pacientes y diseñar programas de tratamiento para reducir el dolor físico, fortalecer los músculos, mejorar las funciones cardiotorácica, cardiovascular y respiratoria, restablecer la movilidad de las articulaciones y mejorar el equilibrio y la coordinación"", ""desarrollar, aplicar y supervisar programas y tratamientos de los pacientes mediante el uso de las propiedades terapéuticas del ejercicio, calor, frío, masajes, manipulación, electroterapia, luz ultravioleta e infrarroja y ultrasonidos"", ""dar instrucciones a los pacientes y a sus familias sobre procedimientos que deban continuar en su domicilio"", ""registrar información sobre el estado de salud de los pacientes y su reacción a los tratamientos en sistemas de archivos médicos, y compartir la información con otros profesionales de la salud, conforme sea necesario para asegurar una atención continua e integral"", ""desarrollar y aplicar programas para la detección y prevención de dolencias y trastornos físicos comunes"", ""planificar y ejecutar actividades de docencia en formación de kinesiólogos en centros médicos, y participar en estos"", ""supervisar el trabajo de los técnicos fisioterapeutas y otros técnicos de la salud""]"
2245,"Los dietistas y nutricionistas evalúan, planifican y aplican programas para mejorar el efecto de los alimentos y la nutrición en la salud de las personas. Se desempeñan en diferentes ámbitos de la salud de las personas, así interviene en la gestión de control de calidad y seguridad alimentaria, el diseño y planificación de menús adaptados a patologías en hospitales, comedores escolares o residencias de ancianos o en la intervención y desarrollo de actividades y políticas relacionadas con la salud pública.","[""instruir a las personas, familias y comunidades sobre la nutrición, la planificación de dietas y la preparación de las comidas para maximizar sus beneficios y reducir riesgos potenciales a la salud"", ""planificar dietas y menús, supervisar la preparación y el servicio de comidas, así como la cantidad y la calidad de la ingesta de alimentos con el objetivo de prestar atención nutricional en los establecimientos que ofrecen servicios de alimentación"", ""compilar y evaluar datos relativos al estado de salud y la situación nutricional de las personas, grupos y comunidades sobre la base de los valores nutricionales de los alimentos que se sirven o se consumen"", ""planificar y llevar a cabo evaluaciones de nutrición, programas de intervención y actividades de educación y capacitación para mejorar los niveles de nutrición entre las personas y las comunidades"", ""mantener consultas con otros profesionales de la salud y otros trabajadores de los cuidados personales para gestionar las necesidades alimentarias y nutricionales de los pacientes"", ""desarrollar y evaluar productos de alimentación y nutrición para satisfacer las necesidades nutricionales"", ""llevar a cabo investigaciones sobre nutrición y difundir los resultados en conferencias científicas y otros contextos"", ""planificar y ejecutar actividades de docencia en formación de nutricionistas en centros médicos, y participar en estos""]"
2246,"Los fonoaudiólogos evalúan, gestionan y tratan a personas, a lo largo del ciclo vital, con trastornos físicos que afectan a la audición y sistema vestibular, el habla y motricidad orofacial y la comunicación. Prescriben dispositivos correctivos o terapias de rehabilitación para la pérdida de la audición, los trastornos del habla y los problemas sensoriales y neurológicos relacionados, proporcionando asesoramiento sobre seguridad auditiva y rendimiento de la comunicación.","[""evaluar la audición, el habla y el lenguaje de los pacientes para determinar la naturaleza de los trastornos de audición y comunicación"", ""realizar pruebas y exámenes del oído, el habla y el lenguaje utilizando instrumentos y equipos de diagnóstico especializados e interpretar los resultados junto con otros datos médicos, sociales o del comportamiento, para establecer los tratamien.tos adecuados"", ""planificar y dirigir actividades de asesoramiento, examen, rehabilitación del habla y otros programas relacionados con la audición y la comunicación, y participar en dichas actividades"", ""prescribir audífonos y otros dispositivos de asistencia adecuados a las necesidades de sus pacientes y enseñarles a utilizarlos"", ""planificar y llevar a cabo programas de tratamientos para corregir trastornos físicos que afecten al habla y la deglución"", ""brindar asesoramiento y orientación a personas con trastornos auditivos y/o del lenguaje, así como a sus familias, profesores o empleadores"", ""derivar a los pacientes y sus familias a otros servicios médicos o educativos, en caso necesario"", ""planificar y ejecutar actividades de docencia en formación de fonoaudiólogos en centros médicos, y participar en estos""]"
2247,"Los tecnólogos médicos planifican, implementan, aplican y analizan exámenes y procedimientos de distintos ámbitos de servicios de exploración clínica destinados a la prevención, promoción y recuperación de la salud, apoyando el diagnóstico y evaluación de patologías que afectan al ser humano como también de seguimiento al tratamiento. Además de comunicar lo que corresponda oportunamente y según protocolos establecidos, tanto a los equipos médicos como a los pacientes, articulando estrategias de educación dentro de programas de intervención en comunidades.","[""realizar, analizar, interpretar y evaluar exámenes en el área de bioanálisis clínico e inmunohematología, así como procedimientos en el área de medicina transfusional"", ""obtener, analizar y evaluar imágenes médicas de pacientes"", ""planificar, desarrollar y ejecutar procedimientos de radioterapia"", ""desarrollar y analizar exámenes de tejidos biológicos, incluyendo herramientas de biología molecular"", ""analizar e interpretar muestras para estudio citológico"", ""realizar y analizar exámenes para el diagnóstico de patologías visuales"", ""resolver vicios de refracción en personas sanas y ejecutar tratamientos de rehabilitación visual"", ""detectar, priorizar y derivar en forma oportuna las patologías visuales a un médico oftalmólogo"", ""realizar y analizar exámenes de audiología y percepción auditiva para el diagnóstico de patologías auditivas"", ""detectar, priorizar y derivar en forma oportuna las patologías auditivas a un médico especialista en otorrinolaringología"", ""desarrollar actividades educativas destinadas a fomentar la prevención y promoción de la salud en la población, e involucrar al paciente y grupo familiar en su tratamiento y rehabilitación"", ""planificar y ejecutar actividades de docencia en formación de los tecnólogos médicos en centros médicos, y participar en estos""]"
2248,"El terapeuta ocupacional busca, a través de las actividades y ocupaciones, maximizar las capacidades de las personas y minimizar la influencia de las barreras arquitectónicas y ambientales que enfrentan las personas con alguna discapacidad en su vida diaria. Se promueve así el desarrollo de la autonomía, los derechos y la calidad de vida de las personas, grupos y comunidades, favoreciendo la valoración de la diversidad, la inclusión y participación social. Las actividades se orientan tanto a comunidades como a personas que se hayan visto afectadas en su participación social o laboral debido a situaciones de vulnerabilidad, exclusión y discapacidad. El terapeuta ocupacional participa en equipos de trabajo multidisciplinarios en áreas de salud, educación, trabajo, desarrollo social, justicia y otras áreas emergentes, promoviendo el bienestar de las personas en todas las etapas del ciclo vital.","[""realizar una valoración de las capacidades físicas, mentales y sociales del paciente para determinar el plan de actividades"", ""diseñar e implementar planes de actividades para el desarrollo de habilidades sociales, habilidades laborales, registros conductuales y habilidades para la vida diaria"", ""realizar actividades laborales, manuales, deportivas, artísticas, recreativas y cualquier otra que permita al paciente reentrenamiento para su autonomía funcional"", ""reeducación de habilidades sensoriales y perceptivas, normalización del componente motor e integrar los componentes cognitivos"", ""orientar a la familia y formar al cuidador principal para manejar la nueva situación del paciente y enseñarle a prestar la ayuda oportuna y adecuada a su familiar"", ""identificar los problemas que pueda encontrar el paciente cuando abandone el recurso asistencial y lograr la armonización del paciente en relación con sus ocupaciones (trabajo, ocio, estudio, actividades de la vida diaria)"", ""ayudar al paciente a analizar su vida diaria encontrando medios de simplificación de rutinas"", ""asesorar sobre la eliminación de barreras en el domicilio y la utilización de productos de apoyo"", ""entrenamiento en el uso de diferentes sistemas de comunicación y manejo de silla de ruedas"", ""reasunción de los roles ocupacionales y mejora de la competencia ocupacional"", ""orientar en los posibles nuevos trabajos o actividades de ocio y tiempo libre que podrá llevar a cabo de acuerdo con su nivel de funcionalidad"", ""diseñar y desarrollar aparatos o dispositivos (ortesis) como férulas, ayudas técnicas y soportes usados por los pacientes para corregir o facilitar la ejecución de una acción, actividad o desplazamiento, procurando ahorro de energía, mayor seguridad y mejor función del aparato locomotor en procesos de rehabilitación"", ""planificar y ejecutar actividades de docencia en formación de terapeutas ocupacionales en centros médicos, y participar en estos""]"
2249,"Se incluyen en este grupo primario los otros profesionales de la salud no clasificados previamente del subgrupo principal 22 “Profesionales de la salud”, los que se van incorporando a los equipos de salud que se desempeñan en el sector y prestan servicios de apoyo al diagnóstico, prevención, tratamiento y rehabilitación, teniendo como foco principal al paciente, su familia y/o la comunidad.","[""entrevistar a los pacientes y realizar pruebas de diagnóstico para determinar su estado de salud, sus limitaciones funcionales y la naturaleza de sus trastornos físicos, mentales, enfermedades u otros problemas de salud"", ""elaborar y aplicar planes de tratamiento de las lesiones, enfermedades y otros problemas de salud físicos y mentales"", ""evaluar y documentar la evolución de los pacientes en el transcurso de la aplicación de los planes de tratamiento y derivar a los pacientes y sus familias a médicos u otros profesionales de atención de salud a fin de obtener los cuidados especializados, de rehabilitación o de otra índole que sean necesarios""]"
2310,"Los profesores de la educación superior preparan e imparten clases magistrales y cursos, con respecto a una o más asignaturas de un plan de estudios determinado, en una universidad u otra institución de educación superior (Institutos Profesionales y Centros de Formación Técnica). Asimismo, realizan investigaciones y producen documentos y libros académicos.","[""diseñar y modificar planes de estudio y preparar cursos de acuerdo con los requisitos"", ""preparar e impartir clases magistrales y cursos, dirigir seminarios y experimentos de laboratorio"", ""estimular el debate y la reflexión independiente de los estudiantes"", ""cuando proceda, supervisar los experimentos y trabajos prácticos de los estudiantes"", ""aplicar, corregir, evaluar y asignar las calificaciones correspondientes a exámenes y pruebas"", ""supervisar las investigaciones de los estudiantes de postgrado o de otros miembros de su departamento"", ""realizar investigaciones y desarrollar conceptos, teorías y métodos operativos para su aplicación en actividades industriales y de otro tipo"", ""preparar artículos, documentos o libros académicos"", ""participar en las reuniones de departamento y facultad, así como en conferencias y seminarios""]"
2320,"Los profesores de educación media técnico profesional (especialidades) y de formación laboral imparten enseñanza u orientan la adquisición de conocimientos sobre temas profesionales o laborales en liceos de educación media técnico profesional o instituciones de perfeccionamiento, como por ejemplo, Organismos Técnicos de Capacitación (OTEC). También, preparan a estudiantes para trabajar en ocupaciones o áreas específicas, para las que normalmente no se requiere una formación universitaria.","[""elaborar planes de estudio y definir el contenido de los cursos y los métodos de enseñanza"", ""determinar las necesidades de formación de los estudiantes o trabajadores y mantener contacto con representantes de distintas actividades económicas y de otros sectores de la educación para asegurar que se impartan programas de formación y de educación pertinentes"", ""dar clases y dirigir debates para incrementar los conocimientos y las competencias de los estudiantes"", ""instruir y supervisar a los estudiantes en el uso de herramientas, equipos, materiales y en la prevención de lesiones o daños"", ""observar y evaluar el trabajo de los estudiantes para determinar sus avances, realizar comentarios y sugerirles mejoras"", ""aplicar exámenes orales o escritos y pruebas de rendimiento para medir los avances realizados y evaluar la eficacia de la formación y las competencias adquiridas"", ""elaborar informes y mantener registros sobre aspectos tales como las calificaciones de los estudiantes, su asistencia y los detalles de su actividad formativa"", ""supervisar proyectos individuales o de grupo, visitas de estudio, trabajos de laboratorio y otras actividades formativas"", ""impartir enseñanza individualizada y cursos de recuperación"", ""dirigir sesiones de formación en el puesto de trabajo para enseñar y demostrar principios, técnicas, procedimientos o métodos relativos a materias específicas""]"
2330,"Los profesores de educación media imparten una o varias asignaturas en el nivel secundario, con excepción de los temas que tienen por objeto preparar a los estudiantes para ejercer un trabajo en áreas de ocupación específicas.","[""diseñar y modificar planes de estudio y preparar programas de formación en conformidad con las orientaciones curriculares"", ""establecer y hacer cumplir normas de comportamiento y procedimientos para mantener el orden entre los estudiantes"", ""preparar y dar clases, dirigir debates y realizar exposiciones de una o más asignaturas"", ""establecer objetivos claros para todas las clases, unidades y proyectos, y comunicarlos a los estudiantes"", ""preparar los materiales y la sala de clases para las actividades lectivas"", ""adaptar los métodos de enseñanza y los materiales didácticos a las distintas necesidades e intereses de los estudiantes"", ""observar y evaluar el rendimiento y el comportamiento de los estudiantes"", ""preparar y aplicar tareas, pruebas o exámenes y asignar las calificaciones correspondientes con el objetivo de evaluar los avances de los estudiantes"", ""preparar informes sobre la labor de los estudiantes y mantener entrevistas al respecto con otros profesores, con los padres o apoderados"", ""participar en reuniones relativas a las políticas educativas y de organización del establecimiento educacional"", ""planificar y organizar actividades escolares tales como excursiones, eventos deportivos y conciertos, y participar en ellas""]"
2341,Los profesores de educación básica imparten formación sobre diversos temas en el nivel primario de educación.,"[""preparar los programas de clases por día y a largo plazo, de acuerdo con las orientaciones curriculares"", ""enseñar de forma individual o en grupo, empleando diversos métodos de enseñanza y materiales didácticos (por ejemplo, computadores, libros y juegos) adaptados a las múltiples necesidades de los estudiantes"", ""mantener la disciplina y buenos hábitos de trabajo en la sala de clases"", ""planificar y llevar a cabo actividades para los estudiantes, como por ejemplo, actividades deportivas, conciertos y excursiones"", ""asignar a los estudiantes trabajos para la sala de clases y para el hogar, y calificarlos"", ""preparar, aplicar y asignar pruebas, exámenes, tareas y calificarlos con el objetivo de evaluar el avance de los estudiantes"", ""observar y evaluar el desempeño y el comportamiento de los estudiantes"", ""supervisar a los estudiantes durante las clases y en otros momentos de la jornada escolar, inclusive en el recreo"", ""participar en las reuniones y demás encuentros del personal y mantener entrevistas con otros profesores a propósito de temas educativos"", ""preparar y asistir a reuniones con los apoderados para examinar los avances y los problemas de los estudiantes""]"
2342,"Los educadores de párvulos fomentan el desarrollo social, físico e intelectual de los niños por medio de actividades educativas y lúdicas.","[""planificar y organizar actividades individuales y grupales destinadas a facilitar el desarrollo de las habilidades motoras, sociales y de cooperación de los niños, así como la confianza en sí mismos y su capacidad de comprensión"", ""promover el desarrollo del lenguaje de los niños mediante la narración de cuentos, los juegos de rol, el canto, la recitación de poemas, las conversaciones y debates informales"", ""dirigir a los niños en actividades que favorezcan las oportunidades de expresión creativa a través de las artes, la representación teatral, la música y los ejercicios de acondicionamiento físico"", ""observar a los niños para evaluar su avance y detectar posibles signos de problemas de desarrollo, emocionales o de salud"", ""observar y evaluar las necesidades nutricionales, de salud, de bienestar y de seguridad de los niños e identificar los factores que podrían obstaculizar su avance"", ""supervisar las actividades de los niños para garantizar su seguridad y resolver los conflictos que puedan surgir"", ""orientar y ayudar a los niños a fin de que desarrollen hábitos adecuados de alimentación, vestimenta y aseo"", ""analizar juntamente con los padres, apoderados y otros miembros del personal escolar los avances o los problemas de los niños, para determinar las medidas apropiadas al respecto o su derivación a otros servicios"", ""establecer y mantener relaciones de colaboración con otros prestadores de servicios que se ocupen de niños""]"
2351,"Los especialistas en métodos pedagógicos realizan investigaciones y desarrollan métodos de enseñanza, cursos y materiales didácticos, o prestan asesoramiento al respecto. Asimismo, estudian y analizan el trabajo de los docentes, el funcionamiento de las instituciones educativas y los resultados alcanzados, y formulan recomendaciones sobre cambios y mejoras.","[""realizar investigaciones sobre las tendencias e innovaciones en materia de planes de estudio, métodos didácticos y otras prácticas educativas, y brindar asesoramiento sobre los cambios necesarios y las mejoras posibles"", ""evaluar el contenido de los cursos y los métodos de evaluación"", ""realizar investigaciones sobre materiales didácticos audiovisuales y de otra índole, y planificar y organizar su uso en establecimientos educativos"", ""documentar las materias y cursos desarrollados, y evaluar nuevos cursos"", ""proporcionar continuamente servicios de capacitación, perfeccionamiento, desarrollo profesional y de consultoría a los docentes"", ""organizar y dirigir talleres y conferencias para impartir formación al personal docente sobre nuevos programas y métodos"", ""formular la estructura, contenido y objetivos de nuevos cursos y programas educativos"", ""visitar periódicamente los establecimientos educacionales y realizar consultas con el personal administrativo y docente sobre temas relativos a los planes de estudio, los métodos didácticos, equipamiento y otros temas"", ""visitar las salas de clases para observar las técnicas de enseñanza y evaluar el desempeño de los docentes, así como los resultados académicos de los estudiantes"", ""preparar informes y recomendaciones para las autoridades educativas sobre la eventual introducción de modificaciones y mejoras en los planes de estudio, en los métodos didácticos y otros temas"", ""brindar asesoramiento respecto a las tareas anteriormente señaladas""]"
2352,"Los educadores para necesidades especiales imparten formación a niños, adolescentes o adultos con discapacidades físicas o intelectuales, a personas que tienen dificultades de aprendizaje o necesidades especiales. Asimismo, promueven el desarrollo social, emocional, intelectual y físico de sus estudiantes.","[""evaluar las capacidades y limitaciones de los estudiantes derivados de su discapacidad física o intelectual, o de sus carencias sociales o emocionales, de sus dotes intelectuales excepcionales o de otros factores específicos"", ""diseñar o modificar planes de estudio, preparar y poner en práctica programas, clases y actividades adaptadas a las capacidades y necesidades de los estudiantes"", ""impartir enseñanza individual o en grupo, utilizando técnicas o recursos didácticos especiales adaptados a las necesidades de los estudiantes"", ""utilizar en la enseñanza estrategias y técnicas educativas especiales para mejorar el desarrollo de las destrezas sensomotoras y perceptivo-motoras, el lenguaje, la cognición y la memoria"", ""establecer y hacer cumplir normas de conducta y procedimientos para mantener el orden entre los estudiantes"", ""enseñar materias académicas, destrezas prácticas y de autoayuda a los estudiantes con problemas auditivos, visuales y de otra índole"", ""estimular y desarrollar los intereses, capacidades, destrezas manuales y coordinación de los estudiantes, así como la confianza en sí mismos"", ""mantener consultas con otros miembros del personal a fin de planificar y programar las clases para los estudiantes con necesidades especiales"", ""preparar y mantener registros con los datos de los estudiantes, así como registros de otra índole, y presentar informes"", ""aplicar distintos formularios de evaluación y medir los avances de cada estudiante"", ""mantener entrevistas con los estudiantes, padres, apoderados, directores y otros profesionales involucrados en el seguimiento de los estudiantes, para elaborar planes educativos individuales que promuevan su desarrollo""]"
2353,"Los otros profesores de idiomas enseñan lenguas no maternas a personas que se preparan para emigrar o porque su aprendizaje les abrirá oportunidades de trabajo o facilitará su participación en programas educativos que se imparten en ese idioma extranjero o porque desean enriquecer sus conocimientos. Estos profesionales trabajan al margen del sistema general de educación básica, media y superior, o realizan clases particulares para apoyar a estudiantes o profesores integrados en este sistema.","[""evaluar el nivel de habilidad y el alcance de las dificultades lingüísticas de los estudiantes, y determinar sus necesidades y objetivos de aprendizaje"", ""planificar, preparar e impartir clases y talleres para grupos o personas particulares cuyo contenido y ritmo de progreso se adapten a sus capacidades y necesidades"", ""diseñar y producir materiales didácticos y adaptar los recursos existentes"", ""evaluar los avances de los estudiantes"", ""ayudar a los estudiantes en los entornos de aprendizaje donde se les enseñen materias en idiomas distintos de su lengua materna"", ""prestar asistencia a otros profesores mediante el diseño de programas de enseñanza especiales para los estudiantes que todavía están aprendiendo el idioma principal de instrucción en el cual se dictan las clases"", ""asignar y corregir trabajos, preparar exámenes y calificarlos"", ""valuar y registrar los avances de los estudiantes y presentar informes al respecto""]"
2354,"Las personas clasificadas como otros profesores de música imparten enseñanza sobre la práctica, la teoría y la interpretación musical en entornos ajenos al sistema general de educación básica, media y superior. También pueden dar clases particulares individuales o en pequeños grupos, en el marco de las actividades extraescolares organizadas por los establecimientos educacionales.","[""evaluar el nivel de habilidad de los estudiantes y determinar sus necesidades y objetivos de aprendizaje"", ""planificar, preparar e impartir programas de estudio, clases y talleres individuales o grupales"", ""preparar y presentar materiales sobre teoría e interpretación musical"", ""enseñar y demostrar los aspectos prácticos del canto o de la interpretación de un instrumento particular"", ""enseñar a los estudiantes a leer y escribir la notación musical"", ""asignar ejercicios y enseñar piezas musicales que correspondan a los niveles de habilidad, los intereses y el talento de los estudiantes"", ""evaluar a los estudiantes y brindarles asesoramiento, críticas y estímulo"", ""revisar planes de estudios, contenidos de cursos, materiales y métodos de enseñanza"", ""preparar a los estudiantes para exámenes, interpretaciones y evaluaciones"", ""organizar visitas y salidas para asistir a presentaciones musicales"", ""organizar y prestar asistencia en audiciones o presentaciones de los estudiantes en el marco de su formación""]"
2355,"Los otros profesores de artes imparten enseñanza sobre la práctica, la teoría y la interpretación de la danza, el teatro, las artes plásticas y otras disciplinas artísticas (con excepción de la música) en entornos ajenos al sistema general de educación básica, media y superior. También pueden dar clases particulares individuales o en pequeños grupos en el marco de las actividades extraescolares organizadas por los establecimientos educacionales.","[""evaluar el nivel de habilidad de los estudiantes y determinar sus necesidades de aprendizaje"", ""planificar, preparar e impartir programas de estudio, clases y talleres para estudiantes a nivel individual o en grupos"", ""preparar y presentar materiales sobre la teoría de la disciplina artística objeto de estudio"", ""enseñar y demostrar los aspectos prácticos del teatro, la danza, las artes plásticas u otras disciplinas artísticas"", ""asignar ejercicios y tareas que correspondan a los niveles de habilidad, los intereses y el talento de los estudiantes"", ""evaluar a los estudiantes y brindarles asesoramiento, críticas y estímulo"", ""revisar planes de estudios, contenidos de cursos, materiales y métodos de enseñanza"", ""preparar a los estudiantes para exámenes, actuaciones y evaluaciones"", ""organizar visitas y excursiones para asistir a exposiciones y actuaciones"", ""organizar y prestar asistencia en actuaciones o presentaciones de los estudiantes, realizadas en el marco de su formación""]"
2356,"Los instructores en tecnologías de la información desarrollan, planifican y dirigen programas y cursos de formación para usuarios de informática u otras tecnologías de la información, al margen del sistema general de educación básica, media y superior.","[""identificar las necesidades y requerimientos de formación de las organizaciones y de los usuarios en lo que se refiere a las tecnologías de la información"", ""preparar y elaborar material didáctico y de apoyo, como manuales, medios visuales, tutoriales en línea, modelos de demostración y documentación de referencia"", ""diseñar, coordinar, planificar y llevar a la práctica programas de formación y desarrollo que puedan impartirse individualmente o en grupo y facilitar la ejecución de talleres, reuniones, demostraciones y conferencias"", ""supervisar, analizar y evaluar de forma continua la calidad y la eficacia de la formación, revisar y modificar los objetivos y métodos de la misma, así como los resultados concretos previstos para los cursos"", ""buscar, reunir y examinar materiales de referencia o antecedentes, con el objetivo de comprender cabalmente el tema y los sistemas que son parte de la formación"", ""mantenerse al día con las nuevas versiones de los productos, los avances en materia de software y las tendencias generales en cuanto a la tecnología de la información, redactar documentos para los usuarios finales, tales como manuales de formación, tutoriales y ayuda en línea, e instrucciones de funcionamiento y mantenimiento""]"
2359,"Se incluyen en este grupo primario a otros profesionales de la educación no clasificados previamente del subgrupo principal 23 “Profesionales de la educación”. Se trata, por ejemplo, de las personas que imparten clases particulares en materias distintas de las lenguas no maternas y las artes, y de las que prestan asesoramiento educativo a los estudiantes.","[""evaluar el nivel de capacidad de los estudiantes y determinar sus necesidades de aprendizaje"", ""planificar, preparar e impartir programas de estudio, clases y talleres de forma individual o en grupo"", ""preparar y presentar materiales sobre la teoría del tema de estudio"", ""enseñar y demostrar los aspectos prácticos del tema de estudio"", ""asignar ejercicios y trabajos adecuados al nivel de habilidades, los intereses y las aptitudes de los estudiantes"", ""evaluar a los estudiantes y brindarles asesoramiento, críticas y estímulo"", ""revisar planes de estudios, contenidos de cursos, materiales y métodos de enseñanza"", ""preparar a los estudiantes para exámenes y evaluaciones"", ""asesorar a los estudiantes sobre temas educativos tales como la selección de los cursos y programas, los horarios de las clases, su adaptación al entorno escolar, el ausentismo escolar, los hábitos de estudio y la planificación de la carrera profesional"", ""asesorar a los estudiantes para ayudarles a comprender y superar problemas personales, sociales o de comportamiento que afecten su educación"", ""preparar a los estudiantes para experiencias educativas posteriores, alentándoles a explorar las oportunidades de aprendizaje y a perseverar en la elaboración de tareas difíciles""]"
2411,"Los contadores planifican, organizan, administran sistemas contables y llevan la contabilidad general a personas, empresas o instituciones. Examinan y analizan los registros contables y financieros de personas y organizaciones con el fin de asegurar la exactitud de dichos registros y el cumplimiento de las normas y procedimientos contables vigentes.","[""asesorar, planificar y establecer controles presupuestarios de cuentas y otras políticas y sistemas de contabilidad"", ""preparar y certificar los estados financieros para su presentación a la gerencia, los accionistas y otras autoridades u organismos legales"", ""preparar declaraciones tributarias, brindar asesoramiento sobre problemas fiscales y recurrir ante la autoridad fiscal en caso de impugnación de los datos presentados"", ""preparar o presentar informes sobre las previsiones de ganancias y de los presupuestos"", ""realizar investigaciones financieras, como por ejemplo, en casos de presunto fraude, insolvencia y quiebra"", ""realizar auditorías de cuentas y registros contables"", ""realizar investigaciones y brindar asesoramiento a la dirección o gerencia sobre los aspectos financieros de la productividad, la cartera de valores, las ventas, los nuevos productos, etc"", ""crear y controlar un sistema que permita determinar el costo unitario de los productos y servicios""]"
2412,"Los asesores financieros y en inversiones analizan y elaboran planes financieros para personas, empresas e instituciones, hacen inversiones y administran fondos en nombre de terceros.","[""crear y mantener una base de clientes"", ""entrevistar a clientes para determinar su nivel de solvencia y sus objetivos financieros, su tolerancia al riesgo y toda otra información necesaria para formular planes financieros y estrategias de inversión"", ""establecer objetivos financieros y desarrollar e implementar estrategias para alcanzarlos"", ""gestionar la compra y venta de acciones, y bonos para sus clientes"", ""efectuar el seguimiento de la rentabilidad de las inversiones, examinar y revisar los planes de inversión sobre la base de la evolución de las necesidades de los inversores y de la fluctuación de los mercados"", ""recomendar y organizar la cobertura de seguro para los clientes""]"
2413,Los analistas financieros realizan análisis cuantitativos de la información que inciden en los programas de inversión de las instituciones públicas o privadas.,"[""analizar la información financiera con el fin de elaborar pronósticos de las condiciones empresariales, sectoriales y económicas en que se basará la adopción de decisiones de inversión"", ""mantener un conocimiento actualizado de la evolución en los campos de la tecnología industrial, la actividad empresarial, las finanzas y la teoría económica"", ""interpretar los datos de factores que inciden en los programas de inversión, tales como los precios, la rentabilidad, la estabilidad, las tendencias futuras en cuanto a los riesgos de inversión y las influencias económicas"", ""efectuar el seguimiento de la evolución de la economía, los sectores de actividad económica y las empresas, mediante el análisis de la información obtenida de publicaciones y servicios financieros, entidades de la banca de inversión, organismos públicos, publicaciones comerciales, fuentes empresariales y entrevistas personales"", ""hacer recomendaciones de inversión, en particular sobre los momentos más favorables, destinadas a las empresas, al personal de las empresas de inversión o al público inversor en general"", ""determinar los precios de los valores (por ejemplo, acciones) para ser distribuidos y ofrecidos al público"", ""preparar planes de acción en materia de inversión, sobre la base de análisis financieros"", ""evaluar y comparar la calidad relativa de los valores (por ejemplo, acciones) en un determinado sector de actividad"", ""presentar informes orales y escritos sobre las tendencias generales de la economía, así como sobre determinadas empresas y sectores de actividad""]"
2421,"Los especialistas y asesores de gestión ayudan a las organizaciones a lograr mayor eficiencia y resolver sus problemas. Ellos estudian las estructuras organizacionales, los métodos, los sistemas y los procedimientos.","[""apoyar y fomentar el desarrollo de objetivos, estrategias y planes destinados a lograr la satisfacción del cliente y asegurar el uso eficiente de los recursos de las organizaciones"", ""analizar y evaluar los sistemas y estructuras existentes"", ""analizar juntamente con el personal los sistemas existentes y observar dichos sistemas en todos los niveles de la organización"", ""guiar a los clientes hacia la consecución de una organización más eficiente y desarrollar soluciones a los problemas organizativos"", ""realizar y revisar estudios de la organización del trabajo, para analizar métodos y procedimientos existentes o nuevos, como por ejemplo, los procedimientos administrativos y de trabajo de oficina"", ""registrar y analizar los diagramas de flujo de trabajo, registros, informes, manuales y descripciones de los puestos de trabajo de las organizaciones"", ""preparar y recomendar propuestas para revisar los métodos y procedimientos, modificar los flujos de trabajo, redefinir las funciones de cada puesto y resolver problemas de organización"", ""ayudar a implementar las recomendaciones aprobadas, preparar y difundir manuales de instrucciones y de procedimiento revisados, como también redactar otros documentos"", ""revisar los procedimientos operativos y sobre las desviaciones con respecto a los procedimientos y normas""]"
2422,"Los especialistas en políticas de administración desarrollan y analizan políticas que orientan el diseño, implementación y modificación de operaciones, programas gubernamentales y comerciales.","[""mantener contactos y realizar consultas con los administradores de programas y otras partes interesadas para determinar sus necesidades en materia de políticas"", ""revisar las políticas y la legislación existentes para identificar anomalías y disposiciones obsoletas"", ""llevar a cabo investigaciones sobre las tendencias sociales, económicas e industriales, y analizar las expectativas de los clientes sobre los programas y servicios ofrecidos"", ""formular y analizar opciones en materia de políticas empresariales, preparar documentos informativos y recomendaciones respecto a la modificación de políticas y brindar asesoramiento sobre las opciones de preferencia"", ""evaluar repercusiones, consecuencias financieras, interacciones con otros programas y la viabilidad política y administrativa de las políticas"", ""realizar evaluaciones de amenazas y riesgos y elaborar respuestas"", ""revisar operaciones y programas para asegurar su coherencia con las políticas de la organización""]"
2423,"Los especialistas en políticas y servicios de personal prestan servicios profesionales a las empresas en relación con las políticas de personal, como por ejemplo, respecto a la contratación o el desarrollo del personal, los análisis ocupacionales y la orientación profesional.","[""ejercer funciones de gestión de personal en lo relativo a la contratación, la colocación, la formación, la promoción, la remuneración de los trabajadores y las relaciones laborales, o en otros campos de la política de personal"", ""estudiar y analizar los empleos que se ejercen en un determinado establecimiento, utilizando diversos medios, como por ejemplo, entrevistas con los trabajadores, supervisores y directivos, y redactar descripciones detalladas de los cargos, puestos u ocupaciones sobre la base de la información obtenida"", ""preparar información ocupacional o efectuar análisis basándose en los sistemas de clasificación de ocupaciones"", ""asesorar y trabajar en los aspectos mencionados anteriormente y en otros enfoques del análisis de los puestos de trabajo y las ocupaciones en ámbitos como la administración de personal, la investigación y la planificación de la fuerza de trabajo, la capacitación, la información laboral y la orientación profesional"", ""asesorar y analizar las oportunidades de trabajo de las personas, así como las opciones profesionales y posibilidades de formación o de perfeccionamiento que puedan convenirles"", ""realizar los contratos acorde a los perfiles y condiciones laborales""]"
2424,"Los especialistas en formación del personal planifican, desarrollan, implementan y evalúan programas de capacitación y desarrollo para asegurar que la dirección y el personal adquieran las destrezas, como también fomentan las competencias que las organizaciones requieren para cumplir con los objetivos organizacionales.","[""identificar las necesidades y requerimientos de formación del personal y las organizaciones"", ""establecer objetivos en materia de desarrollo de los recursos humanos y evaluar los resultados de los programas de formación"", ""preparar y elaborar material didáctico y recursos de apoyo a la formación, tales como manuales, medios visuales, tutoriales en línea, modelos de demostración y documentos de referencia"", ""diseñar, coordinar, planificar y llevar a la práctica programas de capacitación y desarrollo que puedan impartirse individualmente o en grupo y facilitar la realización de talleres, reuniones, demostraciones y conferencias"", ""mantener contactos con proveedores externos de servicios de capacitación para organizar la ejecución de programas específicos de formación y desarrollo"", ""promover la capacitación, el desarrollo interno y externo, y evaluar estas actividades"", ""supervisar, realizar la evaluación continua y la valoración interna y externa de la calidad de la capacitación y su eficacia; revisar y modificar los objetivos de la capacitación y los métodos para impartir el curso"", ""buscar, reunir y examinar materiales de referencia y antecedentes para comprender los diversos temas y objetivos de la capacitación""]"
2431,"Los profesionales de la publicidad y la comercialización elaboran y coordinan estrategias y campañas de publicidad, determinan los mercados para nuevos productos y servicios, e identifican y desarrollan oportunidades de mercado para bienes y servicios, tanto nuevos como ya existentes.","[""planificar, desarrollar y organizar políticas y campañas de publicidad para apoyar el cumplimiento de los objetivos de venta"", ""brindar asesoramiento a directivos y clientes sobre estrategias y campañas para llegar a los mercados de su interés, suscitar el interés de los consumidores y promover eficazmente las características de los bienes y servicios ofrecidos"", ""redactar textos publicitarios y guiones para los medios de comunicación, organizar distintas campañas publicitarias para la televisión, el cine y otros medios de comunicación"", ""recopilar y analizar datos sobre patrones de consumo y las preferencias de los consumidores"", ""interpretar las tendencias de consumo actuales y prever las tendencias futuras"", ""estudiar la demanda potencial y las características del mercado para nuevos productos y servicios"", ""apoyar el crecimiento y desarrollo de la actividad empresarial mediante la preparación y aplicación de objetivos, políticas y programas de comercialización"", ""solicitar y realizar estudios de mercado para identificar las oportunidades de mercado para bienes y servicios, tanto nuevos como ya existentes"", ""brindar asesoramiento sobre los distintos elementos de la comercialización, como la combinación de productos, la determinación de los precios, la publicidad, promoción de ventas, los canales de venta y de distribución""]"
2432,"Los profesionales de las relaciones públicas planifican, desarrollan, aplican y evalúan las estrategias de información y comunicación que crean una opinión favorable sobre las empresas y otras organizaciones, así como sobre los bienes y servicios que éstas ofrecen y sobre su papel en la comunidad.","[""planificar y organizar campañas de publicidad y estrategias de comunicación"", ""brindar asesoramiento a los directivos sobre las repercusiones que sus políticas, programas y prácticas tienen sobre las relaciones públicas; preparar y controlar la difusión de boletines y comunicados de prensa"", ""solicitar o realizar estudios de opinión pública; analizar los resultados y planificar campañas de relaciones públicas y promoción"", ""organizar eventos especiales, seminarios, espectáculos, concursos y reuniones sociales para promover una publicidad favorable"", ""representar a organizaciones y concertar entrevistas con medios publicitarios"", ""asistir a eventos empresariales, sociales y de otra índole para promover a su organización"", ""encargar y obtener fotografías y otros materiales ilustrativos"", ""evaluar, seleccionar y revisar el material presentado por escritores publicitarios, fotógrafos, ilustradores y otros profesionales para crear productos publicitarios eficaces""]"
2433,"Los profesionales de ventas técnicas y médicas (excluyendo las TIC) representan a empresas que venden diversos bienes y servicios industriales, médicos y farmacéuticos a establecimientos industriales, comerciales, profesionales y de otra índole.","[""compilar listas de posibles clientes empresariales, utilizando directorios y otras fuentes de información"", ""adquirir y actualizar conocimientos sobre los bienes y servicios comercializados por las empresas y sus competidores, así como sobre las condiciones del mercado"", ""visitar las empresas de clientes empresariales habituales y potenciales para desarrollar y aprovechar oportunidades de mercado"", ""evaluar las necesidades y recursos de los clientes y recomendarles los bienes o servicios apropiados"", ""contribuir a diseñar los productos en aquellos casos en que los bienes o servicios deban ajustarse a las necesidades de los clientes"", ""preparar informes y propuestas que se incluirán en las presentaciones de venta para demostrar los beneficios del uso de los bienes o servicios propuestos"", ""estimar los costos de la instalación y mantenimiento de los equipos o servicios"", ""seguir de cerca la evolución de las necesidades de los clientes y las actividades de los competidores, y comunicar la información correspondiente a la dirección de ventas"", ""cotizar, negociar precios y condiciones de crédito, además de preparar y gestionar contratos de venta"", ""organizar la entrega de bienes, la instalación de equipos y la prestación de servicios"", ""informar a los gerentes de ventas sobre las ventas realizadas y la comercialización de los bienes y servicios ofrecidos"", ""mantener consultas de posventa con los clientes para asegurar su satisfacción, resolver posibles problemas y proporcionarles un apoyo continuo""]"
2434,"Los profesionales de ventas de tecnología de la información y las comunicaciones (TIC) venden al por mayor una diversidad de equipos (hardware), programas (software) y otro tipo de bienes y servicios de tecnología de la información y las comunicaciones, incluidas su instalaciones, y el suministro de información especializada cuando sea necesario.","[""captar pedidos y vender productos a comerciantes minoristas, establecimientos industriales, comerciantes mayoristas y otros clientes"", ""vender equipo técnico, insumos y servicios conexos a establecimientos empresariales o a profesionales"", ""examinar las necesidades de los clientes, nuevos o ya existentes, y proporcionar información especializada sobre el modo en que determinados equipos, suministros y servicios satisfacen tales necesidades"", ""cotizar, negociar precios y condiciones de crédito. Además concluir contratos y tomar órdenes de pedido"", ""actualizar los registros de clientes y preparar informes de ventas"", ""organizar la entrega de productos, la instalación de equipos y la prestación de servicios"", ""informar a los fabricantes sobre las reacciones y los requerimientos de los clientes""]"
2511,"Los analistas de sistemas realizan investigaciones, analizan y evalúan las necesidades, procedimientos o problemas de los clientes en materias relacionadas a la tecnología de información, elaboran y ponen en práctica propuestas, recomendaciones y planes para mejorar los sistemas de información actuales o futuros.","[""consultar con los usuarios para formular requerimientos de documentación y con los directivos para asegurar acuerdos sobre los principios de los sistemas"", ""identificar y analizar procesos, procedimientos y prácticas de trabajo empresariales en materia de tecnología"", ""identificar y evaluar ineficiencias y recomendar prácticas empresariales óptimas, así como una mejor funcionalidad y comportamiento de los sistemas"", ""asumir la responsabilidad de implementar soluciones funcionales, tales como la creación, adopción e implementación de planes de prueba del sistema"", ""desarrollar especificaciones funcionales para uso de los desarrolladores de sistemas"", ""expandir o modificar los sistemas para mejorar el flujo de trabajo o para servir a nuevos propósitos"", ""coordinar y vincular los sistemas informáticos dentro de una organización para aumentar la compatibilidad""]"
2512,"Los desarrolladores de software realizan investigaciones, analizan y evalúan los requisitos de las aplicaciones de programas y sistemas operativos existentes o nuevos. Diseñan, desarrollan, prueban y mantienen soluciones de software que satisfacen estos requisitos.","[""investigar, analizar y evaluar los requisitos de las aplicaciones de software y los sistemas operativos"", ""investigar, diseñar y desarrollar sistemas de software"", ""realizar consultas con el personal de ingeniería para evaluar las interfaces entre los equipos (hardware) y el software informáticos"", ""desarrollar, dirigir pruebas y procedimientos de validación de software"", ""modificar software informáticos existentes para corregir sus errores, adaptarlos a nuevos equipos (hardware) o actualizar las interfaces entre los equipos y el software, y mejorar el rendimiento"", ""dirigir actividades de programación de software y la preparación de documentos"", ""evaluar, desarrollar, optimizar y documentar los procedimientos de mantenimiento de los sistemas operativos, los entornos de comunicación y las aplicaciones de software"", ""realizar consultas con los clientes sobre el mantenimiento del sistema de software""]"
2513,"Los desarrolladores web y multimedia combinan sus competencias de diseño y sus conocimientos técnicos para realizar investigaciones y analizar, evaluar, diseñar, programar y modificar sitios web, así como aplicaciones en que se conjugan textos, gráficos, presentaciones animadas, imágenes, secuencias sonoras, presentaciones de video y otros medios interactivos.","[""analizar, diseñar y desarrollar sitios de internet aplicando una combinación artística y creativa con programación de software y lenguaje de escritura y de interfaces con entornos operativos"", ""diseñar y desarrollar animaciones digitales, imágenes, presentaciones, juegos, secuencias de sonido, de video y aplicaciones de internet utilizando herramientas, utilidades y software multimedia, gráficos interactivos y lenguajes de programación"", ""comunicarse con especialistas en redes con el objetivo de resolver temas relacionados con internet, como la seguridad y el alojamiento de sitios web, la necesidad de supervisar e imponer normas de seguridad de la red y de los servidores web, la asignación de espacios, el acceso de los usuarios, la continuidad de la actividad, las copias de seguridad de los sitios web y la planificación de la recuperación en caso de catástrofe"", ""diseñar, desarrollar e integrar códigos informáticos con otros recursos especializados, como archivos de imágenes, de sonido y lenguajes de escritura, a fin de producir, mantener y enriquecer sitios web"", ""contribuir al análisis, formulación y desarrollo de estrategias de internet, de metodologías basadas en el uso de la web y de planes de desarrollo""]"
2514,Los programadores de aplicaciones redactan y mantienen códigos de programación expresados en instrucciones técnicas y especificaciones para aplicaciones de software y sistemas operativos.,"[""redactar y mantener códigos de programación expresados en instrucciones y especificaciones conformes con normas de calidad establecidas"", ""revisar, reparar o ampliar programas existentes para potenciar su eficiencia operativa o adaptarlos a nuevos requisitos"", ""realizar series de pruebas de programas y aplicaciones de software para confirmar que éstos generen la información deseada"", ""compilar y redactar documentos sobre el desarrollo de programas"", ""identificar y comunicar problemas, procesos y soluciones de índole técnica""]"
2519,"Se incluyen en este grupo primario a otros desarrolladores y analistas de software y multimedia no clasificados previamente del subgrupo 251 “Analistas, desarrolladores y programadores de software, multimedia y aplicaciones”. Se trata, por ejemplo, de los profesionales especializados en control de calidad, actividad que incluye las pruebas de software.","[""desarrollar y documentar los planes de prueba de software"", ""instalar software y equipos informáticos (hardware) y configurar los softwares del sistema operativo en preparación para las pruebas de funcionamiento"", ""verificar que los programas funcionan de acuerdo a las necesidades de los usuarios y a las directrices establecidas"", ""ejecutar, analizar y documentar las pruebas de software de aplicaciones y de los sistemas de información y telecomunicaciones"", ""formular y aplicar políticas, procedimientos y secuencias de instrucciones para las pruebas de software y sistemas de información""]"
2521,"Los diseñadores y administradores de bases de datos diseñan, desarrollan, controlan y mantienen bases de datos y fomentan su óptimo funcionamiento y seguridad.","[""diseñar y desarrollar arquitecturas de bases de datos, estructuras de datos, cuadros y diccionarios, y fijar criterios de nomenclatura para proyectos sobre sistemas de información"", ""diseñar, construir, modificar, integrar, poner en funcionamiento y probar sistemas de gestión de bases de datos"", ""realizar investigaciones y brindar asesoramiento sobre la selección, aplicación y funcionamiento de herramientas de gestión de bases de datos"", ""elaborar y aplicar políticas de administración de datos, documentos de referencia, normas y modelos"", ""formular políticas y procedimientos sobre el acceso a bases de datos y su uso, así como sobre las copias de seguridad y la recuperación de datos"", ""establecer, poner en funcionamiento y asegurar el mantenimiento preventivo de sistemas de copias de seguridad y procedimientos de recuperación de datos y hacer cumplir los controles de seguridad e integridad de estos""]"
2522,"Los administradores de sistemas desarrollan, controlan y mantienen sistemas de tecnología de la información y fomentan su óptimo funcionamiento y seguridad.","[""mantener y administrar redes informáticas y los entornos informáticos conexos, incluidos los equipos informáticos, software de sistemas, software de aplicaciones y todo tipo de configuraciones"", ""recomendar cambios para mejorar sistemas y configuraciones de red, y determinar los requisitos de equipo o de software relacionados con dichos cambios"", ""diagnosticar problemas de equipo (hardware) y de software"", ""realizar copias de seguridad de datos y operaciones de recuperación en caso de catástrofe"", ""operar consolas centrales para monitorear el funcionamiento de los sistemas y redes informáticas, y coordinar el acceso y uso de las redes de computadores""]"
2523,"Los profesionales en redes de computadores realizan investigaciones y analizan, diseñan, prueban y recomiendan estrategias para la arquitectura y el desarrollo de redes. Asimismo, ponen en funcionamiento, gestionan, mantienen y configuran equipos y software de redes, supervisan y optimizan su funcionamiento, resolviendo sus problemas.","[""analizar, desarrollar, interpretar y evaluar especificaciones de arquitectura informática y de diseño de sistemas complejos, así como modelos y diagramas de datos, en el contexto del desarrollo, la configuración y la integración de sistemas informáticos"", ""investigar, analizar, evaluar y hacer el seguimiento de las infraestructuras de redes para asegurar que la configuración de estas últimas permita alcanzar un funcionamiento óptimo"", ""evaluar y recomendar mejoras en las operaciones de red y hardware, software y sistemas de comunicaciones y sistemas operativos integrados"", ""aportar competencias especializadas para dar apoyo a las redes, resolver sus problemas y superar sus situaciones de emergencia"", ""instalar, configurar, probar, mantener y administrar redes, tanto nuevas como optimizadas, aplicaciones de software para bases de datos, servidores y estaciones de trabajo"", ""preparar y mantener procedimientos y documentación para el inventario de redes, registrar los diagnósticos y las soluciones de las deficiencias en las redes, así como las mejoras y modificaciones introducidas en las mismas, como también las instrucciones de mantenimiento"", ""hacer el seguimiento del tráfico en las redes y de su actividad, capacidad y uso, a fin de asegurar su integridad continua y el funcionamiento óptimo de las mismas""]"
2529,"Se incluyen en este grupo primario a otros especialistas en bases de datos y en redes de computadores no clasificados previamente del subgrupo 252 “Diseñadores y administradores de bases de datos, administradores de sistemas y profesionales en redes de computadores”. Se trata, por ejemplo, de los especialistas en seguridad de la tecnología de la información y las comunicaciones.","[""formular planes para proteger los archivos informáticos e impedir su modificación, destrucción o divulgación accidental o no autorizada, así como para atender las necesidades urgentes en materia de procesamiento de datos"", ""impartir formación a los usuarios y crear conciencia sobre la necesidad de garantizar la seguridad de los sistemas, como asimismo mejorar la eficiencia de los servidores y las redes"", ""mantener consultas con los usuarios para examinar temas como las necesidades de acceso a datos informáticos, las infracciones a la seguridad y los cambios de programación"", ""seguir de cerca los informes actualizados sobre virus informáticos para determinar cuándo procede actualizar los sistemas de protección contra dichos virus"", ""modificar los archivos de seguridad informática para incorporar nuevos software, corregir errores o cambiar las condiciones de acceso individual"", ""hacer el seguimiento del uso de los archivos de datos y regular su acceso a fin de proteger la información contenida en estos archivos"", ""realizar evaluaciones de riesgos y pruebas de los sistemas de procesamiento de datos para asegurar el buen funcionamiento de dichas actividades y las medidas de seguridad"", ""codificar las transmisiones de datos y establecer servidores de seguridad para ocultar la información confidencial que se esté transmitiendo e impedir la entrada de transferencias digitales contaminadas"", ""analizar datos a través de métodos como el data mining (minería de datos)""]"
2611,"Los abogados brindan asesoramiento jurídico a sus clientes sobre una amplia variedad de temas: redactan documentos jurídicos, representan a sus clientes ante órganos administrativos o tribunales y tramitan causas o promueven procesamientos ante los tribunales de justicia o comunican la información pertinente a otros abogados habilitados para litigar ante tribunales de jurisdicción superior.","[""brindar asesoramiento jurídico a los clientes sobre una amplia variedad de temas y realizar actuaciones jurídicas en su nombre"", ""realizar investigaciones sobre principios jurídicos, recopilaciones jurisprudenciales y resoluciones judiciales anteriores, en relación con casos concretos"", ""reunir medios de prueba con el fin de preparar una defensa o de iniciar acciones judiciales, como por ejemplo, entrevistando a los clientes o testigos para establecer los hechos de un caso determinado"", ""evaluar los resultados obtenidos y formular estrategias y argumentos con el fin de preparar la exposición de casos"", ""representar a sus clientes ante tribunales, juzgados y órganos administrativos o comunicar la información pertinente a otros abogados habilitados para litigar ante tribunales de jurisdicción superior"", ""aceptar instrucciones y representar a sus clientes ante tribunales de jurisdicción superior"", ""actuar como fiscal en representación del Gobierno"", ""negociar acuerdos sobre asuntos que son objeto de litigio jurídico"", ""redactar proyectos de legislación y formular normativas basadas en las leyes vigentes"", ""redactar documentos jurídicos tales como contratos, actas de operaciones inmobiliarias y testamentos, y preparar dictámenes jurídicos""]"
2612,Los jueces presiden los procesos y actuaciones civiles y penales de los tribunales de justicia.,"[""presidir juicios y audiencias"", ""interpretar y aplicar las normas procesales y tomar decisiones relativas a la admisibilidad de las pruebas"", ""determinar los derechos y obligaciones de las partes involucradas"", ""examinar y ponderar las pruebas recibidas y decidir sobre la culpabilidad, inocencia o el grado de responsabilidad de los acusados o demandados"", ""dictar sentencia en causas penales, determinar indemnizaciones por daños y perjuicios o aplicar otros medios de reparación previstos en causas civiles, y dictar resoluciones judiciales"", ""estudiar asuntos jurídicos y emitir dictámenes al respecto""]"
2619,"Se incluyen en este grupo primario a otros profesionales del derecho no clasificados previamente del subgrupo 261 “Abogados, jueces y otros profesionales del derecho”. Se trata de las personas que desempeñan funciones legales como el notario o el conservador de bienes raíces.","[""brindar asesoramiento sobre los aspectos jurídicos de los diversos problemas personales, empresariales y administrativos"", ""redactar documentos jurídicos y contratos"", ""organizar transferencias de propiedad""]"
2621,"Los archivistas y curadores de museos recopilan contenidos de archivo, objetos y registros que tienen un interés histórico, cultural, administrativo y artístico, así como obras de arte y otras creaciones, los evalúan y aseguran su custodia y conservación. En particular, planifican, diseñan y aplican sistemas para la custodia de registros y documentos de gran valor histórico.","[""evaluar y conservar registros para fines administrativos, históricos, jurídicos, probatorios y de otra índole"", ""dirigir o llevar a cabo la preparación de índices, bibliografías, copias en microfilm y otros medios de referencia del material recopilado y ponerlos a disposición de los usuarios"", ""investigar el origen, la distribución y el uso de los materiales y objetos de interés cultural e histórico"", ""organizar, desarrollar y mantener colecciones de objetos de importancia artística, cultural, científica o histórica"", ""dirigir o llevar a cabo la clasificación y catalogación de las colecciones de museos o galerías de arte, y organizar exposiciones"", ""estudiar, evaluar, ampliar, organizar y conservar materiales valiosos y de importancia histórica, como documentos oficiales, documentos privados, fotografías, mapas, manuscritos y materiales audiovisuales"", ""preparar estudios e informes académicos"", ""planificar e implementar la gestión informática de archivos y registros electrónicos"", ""organizar exposiciones en museos y galerías de arte, publicitar dichas exposiciones y organizar presentaciones de interés general, especializado o educativo"", ""evaluar y adquirir materiales de archivo para crear y desarrollar colecciones de archivo con fines de investigación""]"
2622,"Los bibliotecarios y documentalistas de archivos recolectan, seleccionan, desarrollan, organizan y mantienen colecciones de bibliotecas y otros repositorios de información; además de controlar los servicios de otras bibliotecas y proporcionar información a los usuarios.","[""organizar, desarrollar y mantener colecciones sistemáticas de libros, periódicos, otros materiales impresos y grabaciones audiovisuales y digitales"", ""seleccionar y recomendar nuevas adquisiciones de libros, otros materiales impresos y grabaciones audiovisuales y digitales"", ""organizar, clasificar y catalogar material para bibliotecas"", ""gestionar el préstamo de obras a los lectores y los servicios de préstamo entre bibliotecas, así como las redes de información"", ""recuperar materiales y facilitar información a empresas y otros usuarios, basándose en los recursos de la propia colección o en los sistemas de redes de bibliotecas y redes de información"", ""realizar investigaciones y analizar o modificar los servicios de biblioteca y de información, en función de los cambios que experimenten las necesidades de los usuarios"", ""formular y aplicar sistemas y modelos conceptuales para el almacenamiento, la organización, la clasificación y la recuperación de información"", ""preparar estudios e informes académicos"", ""realizar búsquedas, ya sean manuales, en línea o por medios interactivos, efectuar préstamos entre bibliotecas y desempeñar otras funciones para facilitar el acceso de los usuarios a los materiales de las bibliotecas""]"
2631,"Los economistas realizan investigaciones, hacen el seguimiento de datos, analizan información, preparan informes y planes para resolver problemas económicos y empresariales, crean modelos para analizar, explicar y prever los comportamientos y patrones económicos. Además, prestan asesoramiento a empresas, agrupaciones de interés y entidades gubernamentales con el objeto de formular soluciones para problemas económicos o empresariales actuales o futuros.","[""prever cambios en el entorno económico que puedan tener efectos en los presupuestos a corto plazo, la planificación a largo plazo y la evaluación de las inversiones"", ""formular recomendaciones, políticas y planes para la economía y para las estrategias e inversiones empresariales, como también llevar a cabo estudios de viabilidad de proyectos"", ""supervisar los datos económicos para evaluar la eficacia de la política fiscal y monetaria, y brindar asesoramiento al respecto"", ""prever la producción y el consumo de determinados productos y servicios basándose en los registros históricos, en las condiciones generales de la economía y en las condiciones específicas de determinados sectores"", ""preparar pronósticos sobre ingresos y gastos, tasas de interés y tipos de cambio"", ""analizar los factores que determinan la participación de la fuerza de trabajo, el empleo, los sueldos, el desempleo y otros elementos del mercado de trabajo"", ""aplicar fórmulas matemáticas y técnicas estadísticas para poner a prueba las teorías económicas y encontrar soluciones a los problemas económicos"", ""compilar, analizar e interpretar datos económicos aplicando teorías económicas y diversas técnicas estadísticas y de otra índole"", ""evaluar los resultados de las decisiones políticas relativas a la economía y las finanzas públicas, brindar asesoramiento sobre política económica y sobre los cursos de acción posibles a la luz de los factores y tendencias económicas pasadas, presentes y futuras"", ""preparar estudios e informes académicos"", ""examinar problemas relacionados con las actividades económicas de empresas concretas"", ""realizar investigaciones sobre las condiciones del mercado en el ámbito local, regional o nacional con el fin de establecer niveles de ventas y fijar precios a bienes y servicios, evaluar el potencial del mercado, prever las tendencias futuras y elaborar estrategias empresariales""]"
2632,"Los sociólogos, antropólogos, geógrafos y arqueólogos realizan investigaciones y describen la estructura, origen y evolución de las sociedades y la interdependencia entre las condiciones medioambientales y las actividades humanas. Asimismo, brindan asesoramiento sobre la aplicación práctica de los resultados o hallazgos de sus actividades en la formulación de las políticas económicas y sociales.","[""realizar investigaciones sobre los orígenes, desarrollo, estructura, pautas sociales, organizaciones e interrelaciones de la sociedad humana"", ""investigar los orígenes y evolución de la humanidad mediante el estudio de las transformaciones de sus características y de las instituciones culturales y sociales"", ""investigar la evolución de la humanidad basándose en los vestigios materiales de su pasado, como viviendas, templos, herramientas, vasijas, monedas, armas o esculturas"", ""estudiar los aspectos físicos y climáticos de las zonas y regiones, y poner en correlación los resultados obtenidos con las actividades económicas, sociales y culturales realizadas en dichos lugares"", ""elaborar teorías, modelos y métodos para interpretar y describir los fenómenos sociales"", ""evaluar los resultados de las decisiones de las autoridades sobre temas de política social"", ""analizar y evaluar datos sociales"", ""brindar asesoramiento sobre la aplicación práctica de los resultados o hallazgos de sus actividades en la formulación de políticas económicas y sociales enfocadas a distintos grupos de población, regiones, y al desarrollo de los mercados"", ""preparar estudios, informes y documentos académicos""]"
2633,"Los filósofos, historiadores y especialistas en ciencias políticas realizan investigaciones sobre la naturaleza de la experiencia y la existencia humana, las etapas o aspectos de la historia de la humanidad, y las estructuras, movimientos y comportamientos políticos. Estos profesionales documentan y difunden sus resultados a fin de que sirvan para sustentar y guiar acciones políticas e individuales.","[""realizar investigaciones, esencialmente por medio del razonamiento, sobre las causas, principios y significados generales del mundo, de las acciones, experiencia y existencia humana, e interpretar y desarrollar teorías y conceptos filosóficos"", ""consultar y comparar fuentes primarias, como registros originales o contemporáneos de acontecimientos pasados, y fuentes secundarias, como vestigios arqueológicos o antropológicos"", ""extraer material relevante, comprobar su autenticidad e investigar y describir la historia de un país, región o período determinado, o de un aspecto específico (por ejemplo, económico, social o político) de su historia"", ""llevar a cabo investigaciones en campos como la filosofía política, la teoría y la práctica, ya sea pasadas o presentes, de los sistemas, instituciones y comportamientos políticos"", ""observar las instituciones y opiniones políticas contemporáneas, y recopilar datos sobre las mismas a partir de diversas fuentes, como entrevistas con funcionarios de Gobierno y dirigentes de partidos políticos y otras personalidades"", ""elaborar teorías, modelos y métodos para interpretar y describir la naturaleza de la experiencia humana y de los sucesos y comportamientos históricos y políticos"", ""presentar los resultados y conclusiones de sus estudios para su publicación o su uso por autoridades públicas, partidos políticos u otras organizaciones y personas interesadas"", ""preparar estudios, informes y documentos académicos""]"
2634,"Los psicólogos investigan y estudian los procesos mentales y el comportamiento de los seres humanos como individuos o como miembros de grupos, además aplican el conocimiento adquirido para promover la adaptación y el desarrollo personal, social, educativo o laboral.","[""planificar y realizar pruebas para medir las características mentales, físicas y de otro tipo de las personas, como la inteligencia y las capacidades, aptitudes y habilidades, etc., como también interpretar, evaluar los resultados y brindar asesoramiento al respecto"", ""analizar la influencia de los factores hereditarios, sociales, laborales y de otra índole sobre la forma de pensar y el comportamiento de cada persona"", ""realizar entrevistas de carácter terapéutico o de asesoramiento a personas y grupos, y prestar servicios de seguimiento"", ""mantenerse en contacto con familiares, autoridades docentes o empleadores, y recomendar posibles soluciones para resolver o tratar los problemas"", ""estudiar los factores psicológicos que intervienen en el diagnóstico, tratamiento y prevención de las enfermedades mentales y los trastornos emocionales o de la personalidad, y realizar consultas al respecto con profesionales de ramas similares"", ""preparar estudios e informes académicos"", ""preparar pruebas de rendimiento, de diagnóstico y predictivas para ser usadas por docentes en la planificación de los métodos y el contenido de la enseñanza"", ""realizar encuestas, estudios e investigaciones sobre el diseño de perfiles para distintos puestos de trabajo, los grupos de trabajo, la motivación, la supervisión y gestión de recursos humanos"", ""elaborar teorías, modelos y métodos para interpretar y describir el comportamiento humano""]"
2635,"Los profesionales del trabajo social brindan asesoramiento y orientación a las personas, familias, grupos, comunidades y organizaciones, con el objetivo de superar dificultades sociales y personales. De esta forma, ayudan a las personas a desarrollar competencias y acceder a los recursos y servicios de apoyo que necesitan para afrontar los problemas derivados del desempleo, la pobreza, la discapacidad, las adicciones, los comportamientos delictivos y las dificultades conyugales o de otro tipo.","[""realizar entrevistas a las personas de forma individual, en familia o en grupo, para evaluar su situación, sus problemas y determinar los tipos de servicios que requieren"", ""analizar la situación de las personas y presentar enfoques alternativos para la resolución de sus problemas"", ""compilar antecedentes para la preparación de expedientes o informes destinados a la tramitación de causas judiciales o a otros procedimientos jurídicos"", ""prestar servicios de asesoramiento, terapia y mediación, para facilitar la realización de sesiones grupales en que se ayude a las personas a desarrollar las competencias y conocimientos necesarios para afrontar y resolver sus problemas sociales y personales"", ""planificar e implementar programas de asistencia a las personas, que incluyan la intervención en casos de crisis y la derivación a entidades que presten ayuda financiera, asistencia jurídica y servicios de vivienda, de tratamiento médico y de otro tipo"", ""investigar casos de maltrato o de abandono y adoptar medidas para proteger a niños, adolescentes y otras personas en situación de riesgo"", ""ocuparse de quienes han infringido la ley mientras son procesados y después de la sentencia, con el fin de ayudarles a integrarse en la comunidad y a cambiar sus actitudes y comportamientos para evitar infracciones futuras"", ""brindar asesoramiento a los directores de establecimientos penitenciarios y a los servicios responsables de la libertad condicional y de libertad vigilada para determinar si procede, y en qué condiciones, mantener en prisión a los condenados, liberarles o imponerles otras medidas correctivas"", ""actuar al interior de la comunidad en defensa de grupos de personas y abogar con insistencia a fin de que se encuentren soluciones a los problemas que los afectan"", ""elaborar programas de prevención e intervención social para atender las necesidades de la comunidad"", ""mantener contactos con otras entidades de servicios sociales, establecimientos educacionales y proveedores de servicios de atención de salud que colaboran estrechamente con las personas, a fin de proporcionarles información y recoger su opinión sobre la situación general y los avances de estos últimos""]"
2636,"Los profesionales religiosos se encargan de perpetuar las tradiciones, prácticas y creencias sagradas. Por consiguiente, ofician servicios religiosos, celebran ceremonias o conducen los ritos de una religión específica, dan orientación espiritual y moral, y desempeñan otras funciones vinculadas con la práctica religiosa.","[""perpetuar tradiciones, prácticas y creencias sagradas"", ""oficiar servicios religiosos o realizar ritos y ceremonias"", ""desempeñar diversas funciones administrativas y sociales, incluidas la participación en comités y reuniones de organizaciones religiosas"", ""ofrecer orientación espiritual y moral en conformidad con la religión que se profese"", ""propagar doctrinas religiosas en el propio país o en el extranjero"", ""preparar y pronunciar sermones"", ""elaborar y dirigir cursos de estudio y programas de educación religiosa"", ""asesorar a las personas con problemas de relaciones interpersonales, de salud, financieros y religiosos"", ""programar y participar en actividades especiales, como campamentos, conferencias, seminarios y retiros""]"
2641,"Los autores y otros escritores planifican, documentan y escriben libros, guiones de cine o televisión, guiones gráficos, ensayos, discursos, manuales, especificaciones y otros artículos no periodísticos (con excepción de los textos destinados a periódicos, revistas y otras publicaciones periódicas) para su divulgación o presentación.","[""crear, redactar y editar novelas, obras de teatro, guiones, poesía y otros textos para su publicación o presentación"", ""realizar investigaciones para verificar los hechos que vayan a incluir en sus escritos, y obtener otra información necesaria"", ""escribir guiones y sus continuaciones y preparar programas de producción para teatro, cine, radio y televisión"", ""analizar documentos, tales como especificaciones, notas y bosquejos, y redactar manuales, instrucciones de manejo, guías de usuario y otros materiales que expliquen de forma clara y concisa la instalación, funcionamiento y mantenimiento de software, equipos electrónicos, mecánicos o de otra índole"", ""redactar folletos, manuales y publicaciones técnicas similares"", ""seleccionar textos para su publicación, comprobar el estilo y la precisión gramatical, así como la exactitud del contenido, revisar y corregir los borradores antes de la impresión""]"
2642,"Los periodistas realizan investigaciones, indagaciones, e interpretan y comunican noticias y asuntos de interés público a través de periódicos, televisión, radio y otros medios de difusión.","[""recopilar noticias locales, nacionales e internacionales mediante entrevistas, investigaciones, observaciones, búsqueda de documentos, análisis de fuentes escritas y asistencia a actos públicos, proyecciones de cine y representaciones teatrales"", ""recopilar noticias y temas de actualidad, para preparar las crónicas y comentarios pertinentes de publicar en diarios y otras publicaciones periódicas o su difusión por radio, televisión o internet"", ""recibir, analizar y verificar las noticias y cualquier otro texto para comprobar su exactitud"", ""entrevistar a políticos y a otra s personalidades públicas en conferencias de prensa y en otras ocasiones, como por ejemplo, en entrevistas individuales grabadas y destinadas a ser difundidas por radio, televisión o internet"", ""publicar crónicas de investigación sobre los avances en campos especializados como la medicina, la ciencia y la tecnología"", ""redactar editoriales y comentarios sobre temas de actualidad para estimular el interés público, y expresar los puntos de vista en una publicación o una emisora de radio"", ""escribir reseñas críticas de creaciones literarias, musicales y de otra índole destinadas a la prensa, la televisión, la radio y otros medios basándose en los conocimientos, la opinión y la experiencia propia"", ""seleccionar textos para su publicación, comprobar el estilo y la precisión gramatical, la exactitud del contenido, su legalidad, y organizar las revisiones que sean necesarias"", ""mantener contactos con el personal de producción para realizar la verificación final de los borradores inmediatamente antes de la impresión"", ""seleccionar, reunir y preparar material publicitario sobre las actividades de las empresas u otras entidades, para su difusión a través de la prensa, la radio, la televisión y otros medios de comunicación""]"
2643,"Los traductores, intérpretes de lengua de señas y lingüistas traducen textos escritos o interpretan textos orales de un idioma a otro, además estudian el origen, desarrollo y estructura de las lenguas.","[""estudiar las relaciones entre lenguas antiguas originales y grupos lingüísticos modernos, investigar el origen y la evolución de las palabras, las formas gramaticales y lingüísticas, y presentar los resultados de tales estudios"", ""preparar sistemas de clasificación de lenguas, gramáticas, diccionarios y materiales similares, o brindar asesoramiento al respecto"", ""traducir textos escritos de un idioma a otro y asegurar que se mantenga el sentido exacto de los originales, que se traduzcan fielmente los textos jurídicos, técnicos o científicos y que se respete la fraseología y la terminología de los textos originales para conservar , en la medida de lo posible, el espíritu y el estilo de esos escritos"", ""idear métodos para el uso de computadores y otros instrumentos que permitan mejorar la productividad y la calidad del trabajo de traducción"", ""interpretar oralmente de un idioma a otro o de un lenguaje de señas a otro, en conferencias, reuniones y encuentros similares, y asegurar que se transmita el significado y sentido correcto de los originales"", ""revisar y corregir textos traducidos""]"
2651,"Los artistas de artes plásticas crean y ejecutan obras de arte en los ámbitos de la escultura, la pintura, el dibujo, el grabado y otras técnicas.","[""concebir y desarrollar ideas, diseños y estilos para obras de pintura, dibujo y escultura"", ""disponer la ubicación y la postura de los modelos, colocar objetos, seleccionar paisajes y otras formas visuales de acuerdo con el tema seleccionado"", ""seleccionar medios, métodos y materiales artísticos"", ""crear esculturas figurativas o abstractas en tres dimensiones o en relieve, modelando, tallando, trabajando y combinando diversos materiales, como madera, piedra, arcilla, metal, hielo o papel"", ""crear pinturas y dibujos figurativos o abstractos empleando lápices, pinceles, tinta, tiza, colores al óleo y acuarelas o mediante la aplicación de otras técnicas"", ""crear dibujos y transferirlos mediante grabado mecánico o grabado químico a soportes de metal, madera u otros materiales"", ""crear tiras cómicas para representar a personas o acontecimientos, a menudo en forma de caricatura"", ""restaurar pinturas y otros objetos de arte deteriorados, sucios o descoloridos""]"
2652,"Los músicos, cantantes y compositores crean, hacen arreglos musicales, dirigen o interpretan composiciones.","[""crear estructuras melódicas, armónicas y rítmicas para expresar ideas y emociones en forma musical"", ""traducir ideas y conceptos en signos y símbolos musicales normalizados, para su reproducción o interpretación"", ""adaptar o arreglar partituras musicales para determinados instrumentos, conjuntos instrumentales, vocales o para su ejecución en circunstancias particulares"", ""dirigir grupos instrumentales o vocales"", ""seleccionar obras musicales para su interpretación y asignar piezas instrumentales a los intérpretes"", ""tocar uno o varios instrumentos musicales como solista o como miembro de una orquesta o grupo musical"", ""cantar como solista o como miembro de un conjunto vocal o de otro tipo de agrupación musical"", ""practicar y ensayar para conseguir y mantener un alto nivel interpretativo""]"
2653,Los bailarines y coreógrafos crean o interpretan danzas.,"[""crear danzas escénicas, a menudo sobre la base de una historia, tema, argumento o sentimiento, lo que supone la inclusión de diversos pasos, movimientos y gestos"", ""interpretar danzas escénicas como solistas, con una pareja o como miembros de un grupo de danza, en directo o para la grabación de una película, un programa de televisión o para otros medios visuales"", ""entrenar, ejercitar y asistir a clases de danza para mantener los niveles técnicos y de aptitud física requeridos"", ""dirigir o participar de ensayos para practicar los pasos y técnicas de danza requeridos para una actuación"", ""participar en audiciones convocadas para asignar papeles o designar a nuevos miembros de compañías de danza"", ""coordinar producciones musicales con los directores musicales""]"
2654,"Los directores de cine, radio y teatro supervisan y controlan los aspectos técnicos y artísticos de películas cinematográficas, producciones de radio, televisión y representaciones escénicas.","[""elegir a los guionistas, examinar los guiones para determinar quiénes serán los intérpretes y dar instrucciones a los actores sobre los métodos de actuación"", ""dirigir todos los aspectos de las producciones de cine, televisión, teatro o radio, incluida la elección de los actores, y tomar las decisiones definitivas sobre el vestuario, la escenografía o los efectos de sonido e iluminación"", ""planificar, organizar y controlar las distintas etapas y acciones comprendidas en la producción de representaciones teatrales, películas, espectáculos de televisión y programas de radio"", ""contratar y supervisar a todo el personal técnico y determinar el planteamiento, alcance y calendario de la producción"", ""mantener archivos de la producción y negociar el pago de los derechos de propiedad intelectual"", ""crear, planificar y redactar guiones para programas de grabación sonora y en video, además editar dichas grabaciones"", ""supervisar la ubicación de los decorados, la utilería y los equipos de luz y sonido""]"
2655,"Los actores desempeñan papeles en producciones cinematográficas, programas de radio, televisión y espectáculos escénicos.","[""memorizar diálogos, monólogos, señas o marcas en el escenario, y desempeñar papeles en obras de teatro, cortos publicitarios, programas de radio, televisión y producciones cinematográficas"", ""encarnar los personajes creados por el dramaturgo o el autor y ofrecer su interpretación al público"", ""narrar historias o leer obras literarias en voz alta para instruir o entretener a los oyentes"", ""asistir a audiciones y castings para seleccionar a los intérpretes de los distintos papeles"", ""preparar las actuaciones participando en ensayos conducidos y guiados por el director de la producción"", ""leer los guiones y buscar información que permita comprender cabalmente los distintos papeles, temas y características del argumento"", ""actuar las escenas y encarnar los personajes incluidos en las producciones teatrales, de cine, radio y televisión tal y como se desarrollaron durante los ensayos""]"
2656,"Los locutores de radio, televisión y otros medios de comunicación leen boletines de noticias, realizan entrevistas y hacen otros anuncios o presentaciones en la radio, la televisión, los teatros y otros establecimientos o medios de comunicación.","[""leer boletines de noticias y hacer otros anuncios en radio o televisión"", ""presentar a los artistas intérpretes o las personas que serán entrevistadas y hacer los anuncios pertinentes en la radio, televisión, teatros, clubes nocturnos y otros establecimientos"", ""realizar entrevistas en público, especialmente a través de la radio y la televisión"", ""estudiar la información previa o antecedentes disponibles para la preparación de programas o entrevistas"", ""hacer comentarios sobre música u otros temas, como las condiciones climáticas o de tránsito""]"
2659,"Se incluyen en este grupo primario todos los otros artistas creativos e interpretativos no clasificados previamente del subgrupo 265 “Artistas, actores y locutores de medios de comunicación”. Se trata, por ejemplo, de payasos, acróbatas, magos y otros artistas del espectáculo.","[""hacer rutinas graciosas y contar historias divertidas"", ""realizar trucos de ilusión, juegos de magia y demostraciones de hipnosis"", ""ejecutar acrobacias, ejercicios gimnásticos o juegos de malabarismo difíciles y espectaculares"", ""adiestrar animales y hacerlos actuar""]"
3111,"Los técnicos en ciencias físicas y químicas realizan tareas técnicas para contribuir a la investigación en los campos de la química, la física, la geología, la geofísica, la meteorología y la astronomía, así como al desarrollo de aplicaciones industriales (por ejemplo, en la industria alimenticia), médicas, militares y otras aplicaciones prácticas de los resultados de investigación.","[""recolectar muestras y preparar materiales y equipos para realizar experimentos, pruebas y análisis"", ""llevar a cabo pruebas de laboratorio rutinarias y desempeñar diversas funciones de apoyo técnico para ayudar a los químicos (incluidos los tecnólogos en alimentos) y los físicos en sus actividades de investigación, desarrollo, análisis y realización de pruebas"", ""controlar la calidad y cantidad de los suministros de laboratorio efectuando análisis de muestras y vigilando su uso, y preparar estimaciones detalladas de la cantidad y el costo de los materiales y mano de obra necesarios para los proyectos, de acuerdo con las especificaciones establecidas"", ""instalar, manejar y mantener instrumentos y equipos de laboratorio, supervisar experimentos, hacer observaciones, calcular y registrar los resultados"", ""preparar materiales para realizar experimentos, por ejemplo, congelando y cortando especímenes o mezclando productos químicos"", ""recoger y analizar muestras de tierra y agua, registrar las observaciones y analizar los datos para apoyar el trabajo de los geólogos o geofísicos""]"
3112,"Los técnicos en construcción y topógrafos realizan tareas técnicas en actividades de investigación de este sector, así como en los ámbitos del diseño, , funcionamiento, mantenimiento y reparación de edificios y obras civiles como redes de abastecimiento de agua, sistemas de tratamiento de aguas residuales, puentes, carreteras, represas y aeropuertos.","[""realizar, o ayudar a realizar, pruebas de suelos y de materiales de construcción tanto en el terreno como en laboratorio"", ""efectuar levantamientos topográficos y realizar planos, tanto para la construcción, la minería y otros"", ""prestar asistencia técnica en relación con la construcción de edificios y otras estructuras, con la realización de estudios o la elaboración de informes sobre estudios realizados"", ""asegurar que se cumplan las especificaciones de diseño, la legislación, reglamentos vigentes, y las normas establecidas en cuanto a materiales y trabajo"", ""aplicar conocimientos técnicos de construcción y principios y prácticas de la ingeniería civil para identificar y resolver los problemas que se planteen"", ""contribuir a la preparación de estimaciones detalladas de la cantidad y el costo de los materiales y mano de obra necesarios para los proyectos, de acuerdo con las especificaciones establecidas"", ""organizar las tareas de mantenimiento y reparación"", ""inspeccionar los edificios y estructuras durante y después de la construcción para asegurar el cumplimiento de la legislación y las especificaciones técnicas en materia de construcción, tipo de cimentación, planificación urbanística, normativas de seguridad y aprobación de planos, así como de otros reglamentos sobre calidad y seguridad de las edificaciones"", ""inspeccionar instalaciones industriales, hoteles, cines y otros edificios y estructuras para detectar los riesgos de incendio y brindar asesoramiento sobre la forma de eliminarlos"", ""brindar asesoramiento sobre la instalación de detectores de humo y sistemas de rociadores en la construcción de edificios y medios de transporte, con el fin de reducir riesgos y la extensión de daños y peligros en caso de que se produzca un incendio""]"
3113,"Los técnicos en electricidad realizan tareas técnicas para contribuir a la investigación en ingeniería eléctrica y al diseño, fabricación, montaje, construcción, funcionamiento, mantenimiento y reparación de instalaciones, equipos eléctricos y sistemas de distribución de energía eléctrica.","[""prestar asistencia técnica para la investigación y el desarrollo de equipos e instalaciones eléctricas, o para hacer pruebas de prototipos"", ""diseñar y preparar planos de proyecto de instalaciones eléctricas y circuitos con arreglo a las especificaciones establecidas"", ""preparar estimaciones detalladas de la cantidad y el costo de los materiales y la mano de obra necesarios para la fabricación y la instalación de equipos de acuerdo con las especificaciones establecidas"", ""supervisar los aspectos técnicos de la fabricación, instalación, funcionamiento, mantenimiento y reparación de sistemas y equipos eléctricos a fin de asegurar un desempeño satisfactorio y el cumplimiento de las especificaciones y reglamentos pertinentes"", ""planificar los métodos de instalación, comprobar la seguridad de los equipos instalados y el correcto funcionamiento de los controles o encargarse de la puesta en marcha inicial de los nuevos equipos o sistemas eléctricos"", ""montar, instalar, probar, calibrar, modificar y reparar los equipos e instalaciones eléctricas en conformidad con las normativas y los requisitos en materia de seguridad""]"
3114,"Los técnicos en electrónica realizan tareas técnicas para contribuir a la investigación en electrónica y al diseño, fabricación, montaje, construcción, funcionamiento, mantenimiento y reparación de equipos electrónicos.","[""prestar asistencia técnica para la investigación y el desarrollo de equipos electrónicos o para hacer pruebas de prototipos"", ""diseñar y preparar planos de proyecto de circuitos electrónicos con arreglo a las especificaciones establecidas"", ""preparar estimaciones detalladas de la cantidad y costo de los materiales y mano de obra necesarios para la fabricación y la instalación de equipos electrónicos, de acuerdo con las especificaciones establecidas"", ""supervisar los aspectos técnicos de la fabricación, funcionamiento, mantenimiento y reparación de los equipos electrónicos a fin de asegurar un desempeño satisfactorio y el cumplimiento de las especificaciones y reglamentos pertinentes"", ""contribuir al diseño, desarrollo, instalación, funcionamiento y mantenimiento de sistemas electrónicos"", ""planificar los métodos de instalación, comprobar la seguridad de los equipos instalados y el correcto funcionamiento de los controles o encargarse de la puesta en marcha inicial de los nuevos equipos o sistemas electrónicos"", ""realizar pruebas de sistemas electrónicos, recopilar, analizar datos y montar circuitos para apoyar la actividad de los ingenieros electrónicos""]"
3115,"Los técnicos en ingeniería mecánica realizan tareas técnicas para contribuir a la investigación en ingeniería mecánica, al diseño, fabricación, montaje, construcción, funcionamiento, mantenimiento y reparación de máquinas, componentes y equipos mecánicos.","[""prestar asistencia técnica para la investigación y el desarrollo de máquinas e instalaciones, equipos y componentes mecánicos o para hacer pruebas de prototipos"", ""diseñar y preparar planos de máquinas e instalaciones, equipos y componentes mecánicos de acuerdo con las especificaciones establecidas"", ""preparar estimaciones detalladas de la cantidad y el costo de los materiales y la mano de obra necesarios para la fabricación y la instalación de máquinas, componentes y equipos mecánicos de acuerdo con las especificaciones establecidas"", ""supervisar los aspectos técnicos de la fabricación, funcionamiento, mantenimiento y reparación de las máquinas, componentes y equipos mecánicos a fin de asegurar un desempeño satisfactorio y el cumplimiento de las especificaciones y reglamentos pertinentes"", ""desarrollar normas y procedimientos de seguridad para las actividades de inspección marítima relativas al casco, los equipos y la carga de los buques, y controlar su cumplimiento"", ""montar e instalar conjuntos mecánicos, componentes, máquinas herramientas y dispositivos de control, así como sistemas hidráulicos, tanto nuevos como modificados"", ""realizar pruebas de sistemas mecánicos, recopilar y analizar datos, montar e instalar conjuntos mecánicos para apoyar la actividad de los ingenieros mecánicos"", ""asegurar que los diseños de ingeniería mecánica y los productos terminados se ajusten a las especificaciones, reglamentos y disposiciones contractuales""]"
3116,"Los técnicos en química industrial realizan tareas técnicas para contribuir a la investigación en ingeniería química y al diseño, fabricación, construcción, funcionamiento, mantenimiento y reparación de instalaciones químicas.","[""prestar asistencia para la investigación y el desarrollo de procesos, maquinaria y equipos de química industrial, o para hacer pruebas de prototipos"", ""diseñar y preparar planos de instalaciones químicas de acuerdo con las especificaciones establecidas"", ""preparar estimaciones detalladas de la cantidad y el costo de los materiales y la mano de obra necesarios para la fabricación y la instalación de maquinaria y equipos químicos de acuerdo con las especificaciones establecidas"", ""supervisar los aspectos técnicos de la construcción, instalación, operación, mantenimiento y reparación de las instalaciones químicas a fin de asegurar un funcionamiento satisfactorio y el cumplimiento de las especificaciones y reglamentos pertinentes"", ""realizar pruebas químicas y físicas de laboratorio para apoyar a los científicos e ingenieros en la realización de análisis cualitativos y cuantitativos de materiales sólidos, líquidos y gaseosos""]"
3117,"Los técnicos en ingeniería de minas y metalurgia realizan tareas técnicas para contribuir a la investigación y la experimentación relacionada con la metalurgia, la mejora de los métodos de extracción de minerales sólidos, petróleo y gas, así como al diseño, construcción, operación, mantenimiento y reparación de las minas e instalaciones mineras, de los sistemas de transporte y almacenamiento de petróleo y gas natural, y de los sistemas de extracción de metales a partir de minerales.","[""prestar asistencia técnica y contribuir a la investigación y al desarrollo de los procesos que permiten determinar las propiedades de los metales y de nuevas aleaciones"", ""prestar asistencia técnica a la realización de estudios geológicos y topográficos, al diseño y trazado de sistemas de extracción y transporte de petróleo, gas natural y otros minerales, así como al diseño de instalaciones, plantas de procesamiento, refinación de minerales y metales"", ""preparar estimaciones detalladas de la cantidad y el costo de los materiales y la mano de obra necesarios para los proyectos de exploración, extracción, procesamiento y transporte de minerales, petróleo y gas natural"", ""supervisar los aspectos técnicos, normativos y de seguridad de la construcción, instalación, funcionamiento, mantenimiento y reparación de las instalaciones de exploración, extracción, transporte y almacenamiento de minerales, petróleo y gas natural y de las instalaciones de procesamiento de minerales"", ""contribuir a planificar y diseñar minas, galerías, túneles e instalaciones subterráneas de primeros auxilios"", ""recolectar y preparar muestras de rocas, minerales y metales, realizar pruebas de laboratorio para determinar sus propiedades, analizar los resultados de las pruebas y dar cuenta de ellos, y mantener los equipos de laboratorio"", ""utilizar microscopios, máquinas de radiación electromagnética, espectrómetros, espectrógrafos, densitómetros y máquinas de ensayos de tracción"", ""ayudar a los científicos a utilizar instrumentos de medición eléctrica, sónica o nuclear, tanto en el laboratorio como en actividades productivas, para obtener datos que indiquen la existencia posible de yacimientos de minerales metálicos, gas o petróleo""]"
3118,"Los delineantes y dibujantes técnicos preparan dibujos técnicos, mapas e ilustraciones a partir de croquis, mediciones u otros datos y realizan dibujos e ilustraciones para impresión directa.","[""preparar y revisar dibujos de trabajo a partir de especificaciones y croquis preparados por ingenieros y diseñadores para la fabricación, instalación, montaje de máquinas y equipos o para la construcción, modificación, mantenimiento y reparación de edificios, embalses, puentes, carreteras y otros proyectos de arquitectura y de ingeniería civil"", ""utilizar equipos de dibujo y diseño asistido por computador para crear, modificar y generar reproducciones impresas o digitales de los dibujos de trabajo"", ""manejar mesas digitalizadoras o equipos similares para transferir a formatos digitales las ilustraciones impresas de los dibujos de trabajo, mapas y otros trazados"", ""preparar y revisar ilustraciones para obras de referencia, folletos y manuales técnicos que traten del montaje, instalación, funcionamiento, mantenimiento y reparación de maquinaria y otros equipos y bienes"", ""transferir dibujos e ilustraciones a piedras litográficas o planchas metálicas para su impresión"", ""preparar diagramas de cableado, diagramas de montaje de circuitos impresos y esquemas de trazado destinados a la fabricación, instalación y reparación de equipos eléctricos en fábricas, centrales eléctricas y edificaciones"", ""crear diagramas de trabajo detallados de máquinas y dispositivos mecánicos, incluyendo sus dimensiones, métodos de sujeción y otra información de ingeniería"", ""preparar los planos terminados, para ser reproducidos como planos de trabajo""]"
3119,"Se incluyen los técnicos en ciencias físicas y en ingeniería no clasificados previamente del subgrupo 311 “Técnicos en ciencias físicas, químicas, técnicos en ingeniería y dibujantes técnicos”. Se trata, por ejemplo, de las personas que prestan ayuda a los científicos e ingenieros ocupados en el desarrollo de procedimientos sobre seguridad, ingeniería biomédica, ingeniería medioambiental o ingeniería industrial y de la producción, o que llevan a cabo investigaciones en estos campos.","[""recopilar datos y prestar asistencia técnica sobre aspectos como los siguientes: uso eficiente, seguro y rentable de la mano de obra, los materiales y los equipos; métodos de trabajo y secuencia de las distintas operaciones, así como la supervisión de su aplicación y disposición eficiente de las instalaciones o establecimientos"", ""ayudar a identificar peligros potenciales e implementar procedimientos y dispositivos de seguridad"", ""modificar y probar equipos y dispositivos utilizados en la prevención, control y remediación de la contaminación del medio ambiente, en el saneamiento de lugares contaminados y en la recuperación de suelos"", ""contribuir a la elaboración de dispositivos para remediar la contaminación medioambiental, bajo la dirección de un ingeniero"", ""ayudar a los ingenieros encargados de diseñar y probar equipos de robótica""]"
3121,"Los supervisores de minas controlan las operaciones de la minería, la explotación de canteras, supervisan y coordinan directamente las actividades de los mineros que trabajan en minas subterráneas, minas a cielo abierto y canteras.","[""supervisar y coordinar las actividades de los trabajadores que extraen de la tierra minerales y otros depósitos naturales, que manejan medios de transporte subterráneos o maquinaria pesada en minas a cielo abierto y canteras"", ""establecer métodos para asegurar el cumplimiento de los horarios de trabajo y recomendar a los directores de explotaciones mineras medidas para mejorar la productividad"", ""trabajar conjuntamente con el personal directivo y técnico, con otros departamentos y con contratistas para resolver problemas operativos y coordinar actividades"", ""proporcionar a los directores de empresas mineras informes y otros datos relativos a todos los aspectos de las operaciones de minería o explotación de canteras"", ""determinar las necesidades de las minas o canteras en materia de dotación de personal y materiales""]"
3122,"Los supervisores de industrias manufactureras coordinan y supervisan las actividades de los técnicos en control de procesos, operadores de máquinas, ensambladores y otros trabajadores de las industrias manufactureras.","[""coordinar y supervisar las actividades de los técnicos en control de procesos, operadores de máquinas, ensambladores y otros trabajadores de industrias manufactureras"", ""organizar y planificar el trabajo diario siguiendo planes preestablecidos y teniendo en cuenta aspectos económicos, medioambientales y de personal"", ""preparar estimaciones de costos, registros e informes de gastos"", ""detectar déficits de personal o de insumos"", ""garantizar la seguridad de los trabajadores"", ""instruir e impartir formación a nuevos empleados""]"
3123,"Los supervisores de la construcción coordinan, supervisan y programan las actividades de los trabajadores que participan en la construcción y reparación de edificios y estructuras.","[""leer las especificaciones para determinar los requisitos de construcción y los procedimientos de planificación"", ""organizar y coordinar los recursos materiales y humanos necesarios para llevar a cabo las obras"", ""examinar e inspeccionar los avances de las obras"", ""revisar a los equipos y las obras para asegurarse de que se cumplen los requisitos en materia de higiene y seguridad"", ""supervisar las obras y coordinar los trabajos con otros proyectos de construcción"", ""supervisar las actividades de los maestros artesanos, los obreros y otros trabajadores de la construcción""]"
3131,"Los operadores de instalaciones de producción de energía manejan, supervisan y mantienen los tableros o cuadros de distribución y los equipos eléctricos conexos que se utilizan en los centros de control eléctrico que rigen la producción de energía eléctrica o de otro tipo y su distribución a través de las redes de transmisión. Se trata, por ejemplo, de los reactores, turbinas, generadores y otros equipos auxiliares empleados en las estaciones de generación de energía eléctrica.","[""operar, supervisar e inspeccionar distintos tipos de instalaciones de producción de energía"", ""manejar y controlar los sistemas y equipos de generación de energía, incluidas las calderas, turbinas, generadores, condensadores y reactores de centrales hidroeléctricas, centrales térmicas de carbón, de petróleo, de gas natural, y centrales de energía nuclear, a efectos de la producción y distribución de energía eléctrica"", ""controlar el arranque y la parada de los equipos de generación de energía, controlar las operaciones de conmutación, regular los niveles de agua y comunicarse con los operadores de sistemas para regular y coordinar las cargas de transmisión, su frecuencia y las tensiones de línea"", ""efectuar la lectura de gráficos, contadores y medidores a intervalos establecidos, resolver problemas y adoptar las medidas correctivas que sean necesarias"", ""mantener y completar registros del proceso de producción, preparar informes y comunicarse con otros miembros del personal para evaluar el estado de funcionamiento de los equipos"", ""limpiar y mantener equipos tales como generadores, calderas, turbinas, bombas y compresores con el fin de evitar daños o el deterioro de dichos equipos""]"
3132,"Los operadores de incineradores y de instalaciones de tratamiento de agua supervisan y manejan los sistemas de control computarizados y equipos conexos que se utilizan en las instalaciones de tratamiento de residuos sólidos y líquidos para regular el tratamiento y eliminación de estos, así como en las instalaciones de filtración y tratamiento de agua para regular su tratamiento y distribución.","[""manejar y supervisar los sistemas informatizados de control, la maquinaria y otros equipos conexos que se utilizan en el tratamiento de aguas residuales y desechos sólidos, así como en las instalaciones de tratamiento de desechos líquidos, para regular el flujo, tratamiento y eliminación de estos residuos y desechos, además en las instalaciones de filtración y tratamiento del agua para regular el tratamiento y la distribución de ésta para consumo humano y para su eliminación posterior en los sistemas acuáticos naturales"", ""controlar el funcionamiento de los hornos de soleras múltiples y equipos conexos utilizados en los dispositivos de incineración para quemar sedimentos y residuos sólidos en las instalaciones de tratamiento de desechos"", ""revisar los equipos y sus condiciones de operación, verificar los contadores, filtros, dispositivos de cloración y medidores en la sala de control central para determinar los requisitos de carga, asegurarse de que los flujos, presiones y temperaturas se ajusten a las especificaciones, y detectar daños o fallas"", ""verificar y ajustar los mandos de los equipos auxiliares, como los conductos de evacuación de emisiones, las torres de lavado y las unidades de recuperación del calor de las incineradoras"", ""recolectar muestras de agua y de residuos sólidos y someterlas a pruebas para determinar su contenido químico y bacteriano, aplicando determinadas normas en materia de equipos de pruebas y de análisis cromático"", ""analizar los resultados de las pruebas con objeto de introducir ajustes en los equipos y sistemas utilizados en la instalación para desinfectar las aguas residuales y otros líquidos y eliminar los olores"", ""realizar controles de seguridad en las instalaciones y los recintos"", ""completar y mantener los registros e informes de las instalaciones""]"
3133,"Los controladores de instalaciones de procesamiento de productos químicos operan y supervisan dichas instalaciones y las máquinas multifuncionales de control de procesos conexas, ajustan y mantienen las unidades y equipos de procesamiento utilizados para destilar, filtrar, separar, calentar o refinar sustancias químicas.","[""manejar paneles de control electrónicos o computarizados a partir de una sala de control central con el fin de supervisar y optimizar los procesos físicos y químicos de diversas unidades de procesamiento"", ""ajustar equipos, válvulas, bombas, controles y equipos de procesamiento"", ""controlar la preparación y medición de materias primas y agentes de procesamiento, tales como catalizadores y medios de filtrado, y su adición en el proceso de fabricación"", ""controlar los mecanismos de arranque y parada de los distintos procesos, resolver problemas y supervisar los equipos de procesamiento externos"", ""inspeccionar los equipos para detectar daños y fallas, llevar a cabo pruebas rutinarias de funcionamiento de estos y organizar su mantenimiento"", ""analizar muestras de productos, realizar pruebas, registrar los datos obtenidos y llevar cuadernos con los registros del proceso de producción""]"
3134,"Los operadores de instalaciones de refinación de petróleo y gas natural manejan y supervisan las instalaciones y ajustan y mantienen las unidades y equipos de procesamiento utilizados para refinar, destilar y tratar los productos, subproductos y derivados del petróleo o el gas natural.","[""manejar paneles de control electrónicos o computarizados a partir de una sala de control central con el fin de supervisar y optimizar los procesos físicos y químicos de diversas unidades de procesamiento"", ""ajustar equipos, válvulas, bombas, controles y equipos de procesamiento"", ""controlar los mecanismos de arranque y parada de los distintos procesos, resolver problemas y supervisar los equipos de procesamiento externos"", ""inspeccionar los equipos para detectar daños y fallas, examinar las tuberías de los pozos para detectar fugas, roturas y organizar su mantenimiento"", ""analizar muestras de productos, realizar pruebas, constatar los datos y mantener registros de la producción""]"
3135,"Los controladores de procesos de producción de metales manejan y supervisan máquinas y equipos multifuncionales de control de procesos que se utilizan para controlar el funcionamiento de los hornos de conversión y refinado, los trenes de laminación, las instalaciones de tratamiento térmico de los metales y las instalaciones de extrusión de metal.","[""coordinar y supervisar el funcionamiento de aspectos particulares del procesamiento (triturar, fundir, separar, entre otros) y producción de metales, utilizando paneles de control, terminales de computador y otros medios de control, todos los cuales se manejan habitualmente desde una sala de control central"", ""manejar máquinas multifuncionales de control de procesos que se utilizan para triturar, separar, filtrar, fundir, tratar, refinar o aplicar otros medios de procesamiento de metales"", ""examinar listados de computador, pantallas de visualización y medidores para verificar que se cumplen las condiciones de procesamiento específicas e introducir los ajustes necesarios"", ""coordinar y supervisar a los miembros de los equipos de producción, tales como los operadores de máquinas y procesos, sus asistentes y sus auxiliares"", ""poner en marcha y parar el sistema de producción en casos de emergencia o cuando así lo exija el programa de trabajo"", ""organizar actividades de formación para el personal de producción e impartir dicha formación"", ""mantener para cada turno de trabajo cuadernos con los registros de la producción, registrar también otros datos, y preparar informes de la producción y de otro tipo""]"
3139,"Se incluyen en este grupo primario los técnicos en control de procesos no clasificados previamente del subgrupo 313 “Técnicos en control de procesos en instalaciones de producción de energía, agua, productos químicos, gas natural y metales”. Se trata, por ejemplo, de las personas que operan equipos de control de procesos múltiples en las cadenas de montaje de la industria manufacturera y en la producción de papel y pulpa.",[]
3141,"Los técnicos en ciencias biológicas (excluyendo la medicina) brindan apoyo técnico a los profesionales de las ciencias biológicas que llevan a cabo investigaciones, análisis y pruebas sobre seres vivos, y desarrollan y aplican productos y procesos resultantes de la investigación en ámbitos como la gestión de los recursos naturales, la protección medioambiental, la biología vegetal y animal, la microbiología y la biología celular y molecular.","[""contribuir al diseño, preparación y realizar de experimentos"", ""instalar, calibrar, manejar y mantener instrumentos y equipos de laboratorio"", ""recoger especímenes y preparar muestras, soluciones químicas, portaobjetos y cultivos celulares para realizar experimentos"", ""realizar análisis de rutina en el terreno y pruebas de laboratorio"", ""vigilar los experimentos para asegurar que se respeten los procedimientos adecuados de control de calidad en el laboratorio y las directrices en materia de higiene y seguridad"", ""hacer observaciones de las pruebas y analizar, calcular, registrar y notificar sus resultados utilizando los métodos científicos adecuados"", ""conservar, clasificar y catalogar especímenes y muestras"", ""mantener registros detallados del trabajo realizado"", ""utilizar computadores para desarrollar modelos y analizar datos"", ""utilizar equipos complejos y de gran potencia para realizar los trabajos"", ""participar en la investigación, desarrollo y fabricación de productos y procesos"", ""cursar órdenes de pedido de suministros de laboratorio y almacenarlos"", ""mantener las bases de datos pertinentes""]"
3142,"Los técnicos agropecuarios (incluyendo acuícolas) realizan pruebas y experimentos y proporcionan apoyo técnico y científico a los agrónomos, agricultores, administradores de explotaciones agrícolas y acuícolas.","[""preparar materiales y equipos para experimentos, pruebas y análisis"", ""recoger especímenes y preparar muestras de suelos, células, tejidos vegetales y animales, y partes de plantas o animales, u órganos de animales, para realizar experimentos, pruebas y análisis"", ""asistir y realizar experimentos, pruebas y análisis, y contribuir a su realización, aplicando métodos y técnicas como la microscopía, la histoquímica, la cromatografía, la electroforesis y la espectroscopia"", ""identificar microorganismos patógenos e insectos, parásitos, hongos y malezas nocivos para los cultivos y el ganado, y ayudar a elaborar métodos de control"", ""nalizar los productos de la agricultura a efectos de establecer y mantener normas de calidad"", ""impulsar o supervisar programas de actividades prácticas, por ejemplo, la cría de peces, el cultivo en invernaderos o la producción ganadera"", ""analizar muestras de semillas para determinar su calidad, pureza y porcentaje de germinación"", ""recopilar datos y preparar estimaciones de la cantidad y el costo de los materiales y la mano de obra necesarios para los proyectos"", ""organizar el mantenimiento y la reparación de los equipos utilizados en las investigaciones""]"
3143,"Los técnicos forestales desempeñan funciones técnicas y de supervisión en apoyo a la investigación y la gestión forestal, la recolección, la conservación de recursos y la protección medioambiental.","[""realizar inventarios, reconocimientos y mediciones forestales aplicando procedimientos científicos y de trabajo establecidos"", ""desempeñar funciones técnicas en la preparación de planes de gestión y explotación de los bosques, o contribuir al desempeño de tales funciones, utilizando técnicas fotogramétricas y cartográficas y sistemas de información computarizados"", ""ayudar a la planificación y supervisión de la construcción de rutas de acceso y caminos forestales"", ""implementar, supervisar y desempeñar funciones técnicas en el ámbito de las operaciones silvícolas, comprendidas la preparación, plantación y cuidado de los cultivos arbóreos"", ""coordinar actividades tales como la cubicación de madera, la extinción de incendios forestales, el control de plagas o insectos y el aclareo o entresaca de masas forestales con miras a su explotación comercial"", ""supervisar y desempeñar funciones técnicas en las operaciones de extracción forestal"", ""asegurar el cumplimiento de las normativas y políticas en materia de protección del medio ambiente, uso de los recursos, seguridad contra incendios y prevención de accidentes"", ""supervisar las actividades de los viveros forestales"", ""brindar apoyo técnico a los programas de investigación forestal en ámbitos como la mejora de los árboles, la actividad de los semilleros forestales, el estudio de insectos y plagas, la silvicultura experimental y las investigaciones sobre ingeniería forestal"", ""preparar planes de cultivo y de tala de bosques""]"
3151,"Los oficiales maquinistas en navegación controlan los equipos y aparatos mecánicos, eléctricos y electrónicos utilizados a bordo de los buques y participan en su manejo, mantenimiento y reparación, o desempeñan funciones de apoyo conexas en tierra.","[""controlar y participar en el manejo, mantenimiento y reparación de los equipos y aparatos mecánicos, eléctricos y electrónicos utilizados a bordo de los buques"", ""cursar órdenes de pedido de combustible y otros suministros necesarios para el servicio de la sala de máquinas, y mantener un registro de las operaciones"", ""efectuar la supervisión técnica de la instalación, mantenimiento y reparación de los aparatos y máquinas utilizados a bordo para asegurar que se cumplan las especificaciones y normativas pertinentes"", ""llevar a cabo actividades de inspección, mantenimiento y reparaciones urgentes de motores, maquinaria y aparatos auxiliares"", ""inspeccionar la sala de máquinas, controlar el funcionamiento de motores, máquinas y aparatos auxiliares, y dejar constancia de dichos controles""]"
3152,"Los capitanes y oficiales de cubierta asumen el mando y dirigen la navegación de buques y embarcaciones similares, o desempeñan funciones conexas en tierra.","[""asumir el mando y dirigir la navegación de buques o embarcaciones similares en el mar o en vías navegables interiores"", ""controlar actividades en cubierta, participar en ellas y cumplir guardias en el puente de mando"", ""dirigir la navegación de buques que entran y salen de puertos y que transitan por canales, estrechos y otras aguas donde se precisan conocimientos especiales"", ""asegurar que la carga y descarga de productos se lleve a cabo en condiciones de seguridad, y que se cumplan las normativas y procedimientos de seguridad por parte de la tripulación y de los pasajeros"", ""efectuar la supervisión técnica del mantenimiento y la reparación de buques a efectos de asegurar el cumplimiento de las especificaciones y normativas pertinentes"", ""aplicar conocimientos de los principios y prácticas relativos a las operaciones y la navegación de los buques para identificar y resolver los problemas que surjan en el curso de su trabajo"", ""cursar órdenes de pedido de suministros y provisiones para el buque y contratar personal para integrar la tripulación según las necesidades, y mantener un registro de las operaciones"", ""transmitir y recibir información de rutina y de emergencia mediante contactos con estaciones en tierra y otros buques""]"
3153,"Los pilotos de aviación controlan el funcionamiento de los equipos mecánicos, eléctricos y electrónicos necesarios para dirigir la navegación de aeronaves utilizadas para el transporte de pasajeros, correo y carga, y realizan las tareas pertinentes antes del despegue y durante el vuelo.","[""pilotar aeronaves y dirigir su rumbo en conformidad con los procedimientos establecidos de control y navegación"", ""preparar y presentar el plan de vuelo o examinar un plan de vuelo estándar"", ""controlar el funcionamiento de los equipos mecánicos, eléctricos y electrónicos y asegurarse de que todos los instrumentos y dispositivos de control funcionen correctamente"", ""aplicar su conocimiento de los principios y prácticas de la navegación aérea con el fin de identificar y resolver los problemas que surjan en el curso de su trabajo"", ""examinar los registros de mantenimiento y realizar inspecciones para asegurarse de que las aeronaves estén en buenas condiciones mecánicas, que se haya realizado el mantenimiento y que todos los equipos funcionen correctamente"", ""firmar los certificados necesarios y mantener los registros oficiales de vuelo"", ""obtener informes y autorizaciones antes de los vuelos y mantener contacto con los controladores de vuelo y controladores del tráfico aéreo durante el vuelo""]"
3154,"Los controladores de tráfico aéreo dirigen el movimiento de las aeronaves en el espacio aéreo y en tierra utilizando sistemas de radio, radar y señalizaciones luminosas, y proporcionan información pertinente para la operación de las aeronaves.","[""dirigir y controlar las aeronaves durante su aproximación, aterrizaje y despegue de los aeropuertos, así como durante sus maniobras en tierra"", ""dirigir y controlar las aeronaves que se encuentren en espacios aéreos bajo su vigilancia"", ""examinar y aprobar los planes de vuelo"", ""informar a la tripulación de vuelo y al personal de operaciones sobre las condiciones meteorológicas, servicios disponibles, planes de vuelo y tráfico aéreo"", ""aplicar su conocimiento de los principios y las prácticas de control del tráfico aéreo a los efectos de identificar y resolver los problemas que surjan en el curso de su trabajo"", ""iniciar y organizar servicios y procedimientos de emergencia, búsqueda y salvamento"", ""dirigir las actividades de todas las aeronaves y vehículos de servicio que se encuentren en las pistas de los aeropuertos o cerca de las mismas"", ""mantener contacto por radio y teléfono con las torres de control cercanas, las unidades de control de las terminales y otros centros de control, y coordinar el movimiento de las aeronaves en zonas cercanas""]"
3155,"Los técnicos electrónicos aeronáuticos llevan a cabo tareas técnicas relacionadas con el diseño, instalación, administración, operación, mantenimiento y reparación de sistemas de control del tráfico aéreo y de la navegación aérea.","[""efectuar trabajos técnicos relacionados con el desarrollo de sistemas y equipos electrónicos y computarizados de navegación aérea, y probar prototipos"", ""prestar asistencia técnica en el diseño y configuración de circuitos de interfaz específicos para sistemas de navegación aérea y de detección y seguimiento de aeronaves"", ""preparar y contribuir en la preparación de estimaciones de costos y especificaciones técnicas y de formación en lo concerniente a los equipos de control del tráfico aéreo y de seguridad aeronáutica"", ""proporcionar, o contribuir a proveer, supervisión técnica con respecto a la construcción, instalación y manejo de los equipos terrestres de navegación aérea, así como a su mantenimiento y reparación para asegurar el cumplimiento de las normas y las especificaciones pertinentes"", ""aplicar sus conocimientos y competencias en cuanto a los principios y prácticas en materia de ingeniería de la seguridad del tráfico aéreo con el fin de identificar y resolver los problemas que surjan en el curso de su trabajo"", ""desarrollar y modificar software, detectar y eliminar los errores que haya en los mismos"", ""modificar los sistemas y equipos terrestres de navegación aérea existentes con el fin de adecuarlos a los nuevos procedimientos de control del tráfico aéreo y mejorar así su capacidad, fiabilidad e integridad, o para facilitar los procedimientos de control del tráfico aéreo y la designación del espacio aéreo"", ""controlar, supervisar y certificar los dispositivos de comunicación, navegación y vigilancia de los equipos de control del tráfico aéreo, y calibrar el sistema terrestre de navegación aérea a fin de asegurar la máxima exactitud y seguridad de las operaciones de vuelo, aterrizaje y despegue"", ""impartir formación técnica y supervisar a otros trabajadores""]"
3211,"y tratamiento médico Los técnicos y auxiliares paramédicos de radiología e imagenología y otros aparatos de diagnóstico y tratamiento médico están habilitados para ejecutar técnicas y procedimientos básicos en las áreas de radiología e imagenología, bajo la supervisión del profesional correspondiente, con fines diagnósticos, preventivos y de control de tratamiento, de pacientes hospitalizados y ambulatorios; prueban y manejan equipos de radiografía, ecografía y otros aparatos de imagenología médica para obtener imágenes de estructuras corporales a efectos del diagnóstico y tratamiento de lesiones, enfermedades y otros problemas de salud. También preparan y orientan a los pacientes que van a realizarse un examen o procedimiento radiológico o de medicina nuclear.","[""mantener en orden equipos, insumos y sitio de trabajo, así como realizar mantenimiento de instrumentos de trabajo de radiología, ecografía y resonancia magnética, para obtener imágenes del cuerpo con fines de diagnóstico, preventivos y control de tratamiento"", ""apoyar al profesional en actividades educativas, por ejemplo, explicando la importancia de la toma oportuna de exámenes para el cumplimiento de indicaciones médicas, e informar a usuarios y familiares sobre la preparación previa, las características de los procedimientos y exámenes y los cuidados posteriores"", ""observar y posicionar a los pacientes y utilizar dispositivos de protección para garantizar su seguridad y comodidad durante los exámenes, sesiones de escáner o tratamientos"", ""posicionar los equipos de imagenología o tratamiento, observar las pantallas de visualización y ajustar los parámetros y controles de acuerdo con las especificaciones técnicas"", ""manejar técnica de revelado de películas, carga y descarga de chasis y otras alternativas digitales o físicas disponibles"", ""realizar exámenes de radiología simple por indicación del profesional correspondiente"", ""observar el estado de salud y las reacciones de los pacientes, y señalar todo signo anormal a un médico, según protocolo de procedimientos imagenológicos fijados por el establecimiento"", ""apoyar al profesional en el procedimiento de administración de medio de contraste a los pacientes de acuerdo con las recetas prescritas por los médicos"", ""realizar el inventario de equipos y materiales del área, controlar stock y consumo de materiales utilizados en el área; almacenar y eliminar materiales radiactivos y radiofármacos, en conformidad con los procedimientos de seguridad radiológica"", ""ayudar en la realización de encuestas al paciente, y en la obtención de consentimiento informado, según protocolo de procedimientos imagenológicos fijados por el establecimiento"", ""realizar labores administrativas de recepción de órdenes de exámenes, citación de pacientes y mantención de agenda, así como la entrega de resultados de exámenes a los pacientes"", ""realizar registro de los exámenes y procedimientos realizados, así como las estadísticas administrativas y técnicas de estos""]"
3212,"Los técnicos de laboratorios clínicos y servicios de sangre realizan técnicas y procedimientos básicos, con la supervisión del profesional del área correspondiente, que apoyan los análisis clínicos de muestras de fluidos y tejidos corporales que se procesan con el fin de obtener información acerca de la salud de los pacientes o de las causas de su fallecimiento.","[""apoyar al profesional en la preparación de muestras para su procesamiento, análisis de técnicas y/o exámenes de laboratorio clínico, hematología, bioquímica, microbiología, parasitología y otros, a través de la recepción, transporte, conservación y preparación de muestras para su procesamiento"", ""manejar técnica de centrifugación, tinción, siembra, preparación de muestras para observación directa en fresco, preparación de muestras serológicas y otros líquidos biológicos, pipeteo manual y automático, esterilización, pesaje y medición de volumen en general"", ""apoyar al profesional en la toma de muestras de exámenes, a través de la preparación del paciente y los materiales requeridos"", ""tomar muestras bajo supervisión e indicaciones del profesional"", ""apoyar al profesional en la preparación de material para el procesamiento de exámenes, a través de la preparación, ordenamiento y almacenamiento de materiales, reactivos y medios de cultivo"", ""informar al usuario o familiares sobre la preparación previa, colaboración de ellos y cuidados posteriores al examen"", ""manejar, calibrar y mantener los equipos utilizados para efectuar análisis cuantitativos y cualitativos, tales como espectrofotómetros, calorímetros, fotómetros de llama y analizadores controlados por computador"", ""introducir en los sistemas de archivos los datos obtenidos de los análisis de laboratorio y los resultados clínicos, y comunicar los resultados a los médicos, otros profesionales de la salud y entregar los resultados a los pacientes"", ""apoyar al profesional en la atención a donantes de sangre, a través de la asistencia en la toma de muestras, asistencia en técnicas de flebotomía de acuerdo con las normas y procedimientos de bioseguridad y la observación de reacciones adversas a la donación de sangre"", ""realizar promoción de la donación de sangre y captación de donantes de sangre, favoreciendo la fidelización de los donantes voluntarios altruistas"", ""participar en la realización de colectas fijas y móviles de sangre, preparar insumos para las colectas, y realizar mantenimiento y aseo de equipos"", ""asistir en los procesos de producción y almacenamiento de componentes sanguíneos, en la mantención de la cadena de frío y condiciones adecuadas, de acuerdo con las normas y procedimientos establecidos"", ""realizar clasificación ABO-RH en lámina de los candidatos a transfusiones (receptores), y reclasificación de componentes sanguíneos, cuando corresponda en el marco de la ejecución de terapia transfusional y hemovigilancia"", ""usar y preparar centrífugas clínicas, baño termorregulado, descongeladores de plasmas, freezer, agitadores de plaquetas y refrigeradores de almacenamiento"", ""observar reacciones adversas inmediatas y tardías a la donación de sangre y a la transfusión de componentes sanguíneos y hemoderivados"", ""realizar registros de las acciones realizadas en los bancos de sangre de acuerdo con las disposiciones vigentes""]"
3213,"Los técnicos y asistentes farmacéuticos realizan diversas tareas relacionadas con técnicas y procedimientos básicos de los servicios farmacéuticos, la administración de medicamentos bajo la supervisión de un químico farmacéutico u otro profesional de la salud en acciones de protección, fomento, recuperación y rehabilitación de la salud.","[""preparar medicamentos y elaborar otros compuestos farmacéuticos bajo la supervisión de un farmacéutico u otro profesional de la salud, manteniendo registros de producción"", ""dispensar medicamentos y otros fármacos a los pacientes y darles instrucciones escritas y orales sobre su uso según lo prescrito por médicos, veterinarios u otros profesionales de la salud"", ""recibir y despachar las recetas prescritas por los profesionales de la salud, y verificar que la información aportada sea completa y exacta y esté en conformidad con las normas sobre mantenimiento de los registros médicos"", ""almacenar los medicamentos en condiciones adecuadas de conservación y seguridad"", ""desechar residuos de productos tóxicos y no tóxicos según normativa vigente y procedimientos establecidos"", ""llenar y etiquetar envases con los medicamentos prescritos"", ""prestar ayuda a los pacientes respondiendo a sus preguntas, localizando artículos o remitiéndolos al químico farmacéutico cuando soliciten información sobre los medicamentos"", ""participar en programas de educación sobre el uso racional de medicamentos dirigidos a la comunidad"", ""registrar recetas suministradas, registrar diariamente el movimiento de fármacos, efectuar estadísticas de recetas y prescripciones y crear y mantener carpetas para cada paciente en las que deben incluirse listas de los medicamentos que han tomado"", ""cursar órdenes de pedido de medicamentos, productos químicos y otros suministros, etiquetarlos, contabilizar las existencias e introducir los datos de inventario en un sistema de archivos, manteniendo los registros propios de abastecimientos y preparar los informes de consumos, manejo de productos farmacéuticos e insumos terapéuticos, fechas de expiración, entre otros"", ""aplicar técnicas de asepsia en el manejo de materiales y en la mantención del lugar de trabajo, limpiar y preparar los equipos y envases utilizados para preparar y despachar medicamentos y compuestos farmacéuticos""]"
3214,"Los técnicos de prótesis médicas apoyan las tareas de diseño, instalación, ajuste y reparación de dispositivos y aparatos médicos guiándose por las instrucciones establecidas por un profesional de la salud. Estos técnicos pueden ocuparse de una amplia gama de dispositivos de apoyo utilizados para corregir problemas médicos físicos, tales como collares cervicales, férulas ortopédicas, extremidades artificiales, audífonos, soportes para el arco del pie, etc.","[""entrevistarse con pacientes, examinarlos y medirlos con el fin de determinar qué dispositivos o aparatos necesitan e identificar los factores que podrían afectar su instalación"", ""mantener comunicación con profesionales médicos y terapeutas ocupacionales a fin de conocer las especificaciones y prescripciones para los dispositivos y aparatos"", ""hacer o recibir moldes o impresiones de torsos, extremidades, para su uso como patrones de fabricación"", ""apoyar el diseño y confección de dispositivos ortopédicos y prótesis con insumos tales como materiales termoplásticos y termoestables, aleaciones de metal y cuero, utilizando herramientas manuales y eléctricas"", ""instalar, probar y evaluar los aparatos y dispositivos bajo supervisión profesional y reportar a los profesionales los ajustes necesarios para asegurar su correcta adaptación, funcionamiento y comodidad adecuada"", ""apoyar la reparación, modificación y mantención de prótesis y dispositivos de apoyo médicos, con arreglo a sus especificaciones"", ""plegar, cortar y modelar tejidos u otros materiales a fin de que se ajusten a los contornos prefijados que se necesitan para fabricar componentes estructurales"", ""explicar a los pacientes sobre la manera de utilizar y cuidar las prótesis o los dispositivos ortóticos""]"
3215,"Los laboratoristas dentales o técnicos en prótesis dentales realizan prótesis dentales, ortodóncicas y demás aparatos utilizados en odontología de acuerdo con las indicaciones y prescripción de los profesionales odontólogos.","[""realizar las etapas de laboratorio de toda clase de prótesis dentales fijas y removibles tales como: obturaciones por métodos directos o indirectos (metálicas, porcelanas y resinas), prótesis de odontología cosmética, prótesis acrílicas y esqueléticas, dispositivos para implantes, aparatos de ortopedia dento-maxilar, prótesis máxilo-faciales"", ""mantener comunicación con profesionales cirujanos dentistas a fin de conocer las especificaciones y prescripciones para los dispositivos y aparatos"", ""recibir moldes o impresiones de bocas y dientes de los pacientes para su uso como patrones de fabricación"", ""fabricar prótesis dentales completas o parciales y confeccionar protectores bucales, coronas, broches de metal, incrustaciones, puentes y otros dispositivos de apoyo"", ""explicar a los pacientes sobre la manera de utilizar y cuidar las prótesis o los dispositivos""]"
3216,"Los auxiliares paramédicos de anatomía patológica están habilitados para ejecutar técnicas y procedimientos propios de los laboratorios de anatomopatología, de acuerdo con las normas vigentes, con la supervisión del profesional del área respectiva.","[""aplicar y cumplir normas de bioseguridad y manejo de residuos hospitalarios"", ""aplicar y cumplir normas de recepción y transporte de muestras"", ""colaborar en el manejo y procesamiento de muestras, según protocolos"", ""aplicar y cumplir protocolos de manejo de archivos"", ""ejecutar y mantener el aseo de instrumental, equipos, insumos e instalaciones"", ""ayudar en la recepción, almacenaje y eliminación de reactivos e insumos de laboratorio, según normativa vigente"", ""realizar el almacenaje y eliminación de muestras de reserva, según indicación, de acuerdo con normas vigentes"", ""manejar y mantener los registros manuales y computacionales cuando corresponda"", ""aplicar y cumplir procedimientos de manejo y entrega del cadáver"", ""asistir al profesional en la realización de autopsias""]"
3221,"Los técnicos y auxiliares paramédicos de enfermería brindan atención básica de enfermería y cuidados a personas que necesitan atención debido a los efectos del envejecimiento o enfermedad, lesiones u otros problemas de salud físicos o mentales; ejecutan técnicas y procedimientos básicos de enfermería, en acciones de promoción, prevención, recuperación y rehabilitación de la salud. Por lo general, desempeñan sus tareas bajo la supervisión de médicos, enfermeros y otros profesionales de la salud, y apoyan la aplicación de los planes de atención de salud, tratamiento y derivación establecidos por los profesionales de la salud mencionados.","[""brindar atención de enfermería y cuidados personales, aplicar tratamientos y prestar asesoramiento a los pacientes, cumpliendo con las indicaciones médicas, de enfermería y de otros profesionales conforme a los planes de atención establecidos por dichos profesionales de la salud"", ""ejecutar técnicas de higiene y confort del paciente, según priorización de necesidades alteradas, indicaciones del profesional y estado del paciente"", ""aplicar las normas que regulen la prevención y control de las infecciones asociadas a la atención de salud"", ""administrar medicamentos y otros tratamientos a los pacientes por vías: oral, intramuscular, piel y mucosas, según indicación médica y supervisión del profesional respectivo"", ""observar estado de salud de los pacientes y sus reacciones a los tratamientos y derivar a los pacientes y a sus familias a un profesional de la salud en los casos en que se necesite una atención especializada"", ""limpiar heridas y aplicar apósitos quirúrgicos bajo la supervisión de enfermeros y otros profesionales de la salud"", ""colaborar en la toma de muestras para exámenes de laboratorio: de sangre, orina, deposiciones, según indicación médica y supervisión del profesional respectivo"", ""apoyar al profesional de la salud en la realización de técnicas invasivas especiales que implique mayor riesgo para el paciente"", ""registrar datos y mantener actualizado el sistema de información de salud vigente con la información sobre el estado de los pacientes y los tratamientos administrados"", ""prestar asistencia en la planificación y gestión de los cuidados previstos para cada paciente"", ""contribuir a administrar tratamientos de primeros auxilios en casos de emergencia"", ""realizar labores de arsenalería y actividades de pabellones"", ""mantener el orden, aseo de las instalaciones y equipamiento necesario para la atención en salud"", ""preparar y mantener el stock de insumos, materiales y equipos requeridos, para la realización de técnicas y procedimientos médicos y de enfermería"", ""participar en actividades educativas, individuales y comunitarias, para la promoción y prevención en salud""]"
3222,"Los técnicos y auxiliares paramédicos de esterilización ejecutan técnicas y procedimientos de los servicios de esterilización, de acuerdo con las normas vigentes, en los distintos niveles de atención y proveedores de estos servicios, con la supervisión del profesional del área correspondiente.","[""recibir el material sucio proveniente de los servicios clínicos, de apoyo y de usuarios en general, según protocolos vigentes en el establecimiento"", ""clasificar los distintos materiales para su posterior lavado manual o automático, según corresponda"", ""inspeccionar las condiciones de limpieza, funcionalidad e indemnidad de materiales y equipos para su posterior preparación y esterilización"", ""clasificar los distintos materiales y equipos de acuerdo con los métodos de esterilización que corresponda"", ""esterilizar los materiales, instrumental y equipos por los distintos agentes físicos y químicos, según corresponda"", ""verificar que el proceso de esterilización se haya desarrollado correctamente, a través de los controles físicos, químicos y biológicos que corresponda"", ""almacenar los distintos materiales y equipamientos esterilizados, de acuerdo con el protocolo, para su posterior distribución"", ""registrar la ejecución de cada etapa del proceso para la trazabilidad, de acuerdo con el protocolo"", ""aplicar normas de bioseguridad, eliminación de residuos peligrosos y uso de elementos de protección personal"", ""operar equipos de esterilización, tales como autoclaves, óxido de etileno, plasma de peróxido de hidrógeno, entre otros""]"
3223,"Los ayudantes de ambulancia apoyan la atención médica y de enfermería de emergencia a pacientes lesionados, enfermos, discapacitados o que tienen otros problemas de salud físicos o mentales, antes y durante su transporte a centros médicos. Su ámbito de acción es semejante al del técnico paramédico de enfermería del grupo primario 3221 “Técnicos y auxiliares paramédicos de enfermería”, pero desempeñándose en una ambulancia.","[""evaluar el estado de salud de las personas afectadas por accidentes, catástrofes naturales y otras situaciones de emergencia, y determinar las necesidades de asistencia médica inmediata y especializada"", ""apoyar la realización de procedimientos médicos y administrar fármacos y otras terapias siguiendo los protocolos pertinentes en materia de tratamientos médicos de emergencia, los cuales comprenden la reanimación y desfibrilación de los pacientes y el uso de equipos de mantenimiento de las funciones vitales"", ""vigilar los cambios en el estado de salud de los pacientes durante el transporte hacia o desde las instalaciones médicas, centros de rehabilitación y otros establecimientos de atención de salud"", ""proporcionar información e impartir capacitación a grupos de la comunidad y trabajadores sobre la prestación de primeros auxilios como etapa inicial de los cuidados que necesita una persona enferma o lesionada"", ""efectuar rondas y asistir a eventos con gran afluencia de personas en los que sea probable que se produzcan emergencias médicas"", ""anotar en los sistemas de archivos médicos la información sobre el estado de los pacientes y los tratamientos entregados""]"
3231,"Los profesionales y técnicos de las terapias complementarias realizan actividades que se lleven a cabo con el propósito de recuperar, mantener e incrementar el estado de salud y bienestar físico y mental de las personas, mediante procedimientos diferentes a los propios de la medicina oficial (alópata), que se ejerzan de modo coadyuvante o auxiliar de la anterior. Corresponde a personas que aplican doctrinas y técnicas sobre las enfermedades y los modos de curarlas, cualitativamente diferentes de las sostenidas generalmente por los profesionales de la salud titulados hasta ahora en los establecimientos de educación superior reconocidos por el Estado.","[""recibir a la persona que solicita sus servicios mediante un certificado médico que contenga una hipótesis diagnóstica y la referencia para ser atendido"", ""en caso de una consulta espontánea, el acupunturista deberá derivar a la persona a una evaluación o hipótesis diagnóstica a efectuarse por un médico cirujano"", ""mantener una relación con el profesional médico cirujano que diagnosticó o inició el tratamiento de la enfermedad"", ""aplicar técnicas de acupuntura y sus microsistemas"", ""deberá contar, como requisito previo para realizar la atención, de la suscripción de un documento de consentimiento informado sobre la terapia alternativa, donde consten los procedimientos a realizar, riesgos y resultados esperados"", ""realizar exámenes físicos a los pacientes y entrevistarlos a ellos y a sus familias para determinar su estado de salud; comprender la naturaleza de sus enfermedades, trastornos físicos, mentales o de otras dolencias"", ""sobre la base del diagnóstico clínico, que posee el consultante, realizar diagnóstico homeopático para permitir la selección de la prescripción homeopática más adecuada al caso"", ""sugerir medicamentos homeopáticos de venta directa, sin que ello suponga la suspensión de tratamientos alopáticos medicamentosos que pudiere haber dispuesto con anterioridad un profesional del área de la salud que sea competente para ello"", ""efectuar acciones de prevención y promoción de la salud, a través del uso de medicamentos homeopáticos y de medidas higiénico-dietéticas y demás pertinentes"", ""evaluar y documentar la evolución de los pacientes conforme se desarrollan los planes de tratamiento, captando el alcance que pudiere implicar la supresión de síntomas frente a la posibilidad de ocultamiento de la enfermedad de base, con su eventual y consiguiente agravación"", ""brindar asesoramiento a las personas, las familias y las comunidades sobre hábitos de salud, nutrición, estilo de vida, y otros temas relacionados con el bienestar, el autocuidado y mejora de la salud, aconsejando en técnicas de naturopatía que permitan mantener u optimizar la salud de las personas sanas y un estilo de vida saludable. En el desarrollo de sus actividades, el naturópata puede utilizar alimentos, suplementos alimentarios, alimentos para deportistas, medicamentos herbarios tradicionales, fitofármacos de venta directa y preparados homeopáticos, en el evento de contar con formación como terapeuta homeópata"", ""colaborar con la autoridad sanitaria en los programas de promoción de la salud en el contexto de sus competencias"", ""derivar a los pacientes a otros profesionales de la salud con el fin de asegurar que reciban tratamientos y cuidados completos, e intercambiar información entre ambos"", ""llevar a cabo investigación sobre medicina y terapias complementarias, con el objetivo de difundir los resultados, por ejemplo, mediante documentos e informes científicos"", ""llevar registros de la historia clínica de los pacientes con antecedentes de la evaluación, las atenciones prestadas y los resultados de estas""]"
3232,"Los practicantes de la medicina tradicional examinan a pacientes, previenen y tratan trastornos, enfermedades, lesiones y otros problemas de salud físicos y mentales, mantienen la salud general de las personas aplicando terapias a base de hierbas o medicamentos tradicionales y otras técnicas, mediante la aplicación de conocimientos, competencias y prácticas adquiridas a través de las tradiciones de comunidades ancestrales.","[""realizar exámenes físicos a los pacientes y entrevistarlos a ellos y a sus familias para determinar su estado de salud; la naturaleza de sus enfermedades, trastornos físicos, mentales o de otras dolencias"", ""elaborar y aplicar planes de tratamiento para las dolencias físicas, mentales y psicosociales utilizando técnicas y medicamentos tradicionales, tales como manipulaciones y ejercicios físicos, preparaciones a base de hierbas, plantas, insectos y extractos animales"", ""brindar cuidados y tratamiento para lesiones físicas, tales como recolocar huesos dislocados y curar fracturas utilizando métodos tradicionales de manipulación física y terapias a base de plantas"", ""prescribir y preparar medicinas tradicionales, tales como extractos de hierbas, plantas, minerales y animales, para estimular la capacidad de autocuración del organismo"", ""evaluar y documentar la evolución de los pacientes conforme se desarrollan los planes de tratamiento"", ""brindar asesoramiento a las personas, las familias y las comunidades sobre hábitos de salud, nutrición, estilo de vida, y otros temas relacionados con el bienestar, el autocuidado y mejora de la salud"", ""derivar a los pacientes a otros profesionales de la salud con el fin de asegurar que reciban tratamientos y cuidados completos, e intercambiar información entre ambos"", ""llevar a cabo investigación sobre medicina tradicional, con el objetivo de difundir los resultados, por ejemplo, mediante documentos e informes científicos""]"
3240,"Los técnicos y asistentes veterinarios, bajo la orientación de veterinarios, realizan tareas de asesoramiento, diagnóstico, prevención y curación de menor alcance y complejidad que las tareas realizadas por estos últimos. Por ejemplo, se encargan de cuidar a los animales en tratamiento y alojados temporalmente en las instalaciones veterinarias, llevan a cabo procedimientos rutinarios y ayudan a los veterinarios a llevar a cabo actos terapéuticos y operaciones.","[""brindar asesoramiento a personas y comunidades sobre el tratamiento de los animales, sus enfermedades y lesiones"", ""realizar exámenes a los animales para hacer diagnósticos o remitir los casos más complejos a los veterinarios, en caso de ser necesario"", ""aplicar tratamientos a los animales enfermos o lesionados, especialmente cuando se trata de enfermedades y trastornos comunes"", ""limpiar y esterilizar las mesas e instrumentos de examen y preparar los materiales utilizados para examinar y tratar a los animales"", ""llevar a cabo tareas técnicas relacionadas con la inseminación artificial de animales"", ""preparar a los animales para los exámenes o tratamientos, y sujetarlos o inmovilizarlos durante los tratamientos"", ""ayudar a los veterinarios a administrar anestésicos y oxígeno durante los tratamientos"", ""colocar a los animales en jaulas para la recuperación postoperatoria y el control de su estado de salud"", ""hacer radiografías, recolectar muestras y realizar otras pruebas de laboratorio para ayudar a diagnosticar los problemas de salud de los animales"", ""llevar a cabo procedimientos dentales de rutina en animales y ayudar a los veterinarios a practicar intervenciones de odontología animal""]"
3251,"Los técnicos y auxiliares paramédicos en odontología prestan servicios básicos en el área de la salud bucal orientados a la prevención y el tratamiento de enfermedades y trastornos de la dentadura y la boca, actuando de acuerdo con los planes y procedimientos de atención establecidos por un dentista u otro profesional de la salud bucodental, con la supervisión y/o indicación del profesional correspondiente.","[""brindar asesoramiento a personas y comunidades sobre higiene dental, dietas y otras medidas preventivas que permitan reducir los riesgos potenciales para la salud bucodental"", ""realizar exámenes visuales y físicos de la boca de los pacientes, los dientes y las estructuras relacionadas para evaluar su estado de salud bucodental"", ""identificar casos de pacientes con mala salud bucodental o enfermedades bucodentales que requieren su derivación a un dentista u otro profesional de la salud"", ""ayudar a los dentistas durante los procedimientos odontológicos complejos, realizando labores de arsenalería y preparando los materiales a utilizar durante la atención"", ""realizar actividades de detección de placa bacteriana, enseñanza de técnicas de higiene bucal, aplicación de flúor tópico, aplicación de sellantes, pulido coronario y destartraje supragingival"", ""preparar y mantener la sala de procedimientos y/o pabellón quirúrgico, limpiar y esterilizar instrumentos, equipos y materiales dentales utilizados en los exámenes y tratamientos de pacientes y desechar residuos de materia orgánica y de materiales tóxicos y no tóxicos, de acuerdo con las normas y procedimientos establecidos"", ""preparar a los pacientes para los exámenes o tratamientos, y en particular, explicarles los procedimientos a seguir y la postura que deben adoptar"", ""tomar impresiones de la boca y radiografías dentales para ayudar en el diagnóstico y en la colocación de las prótesis y ortodoncia"", ""realizar labores administrativas básicas en la sala de procedimientos odontológica: registros, inventarios, manejo de insumos clínicos odontológicos diarios, citaciones, comunicación con laboratorios, entre otras"", ""apoyar en la atención odontológica y al profesional odontólogo en técnicas de primeros auxilios, de acuerdo con situaciones de emergencia"", ""participar con el profesional odontólogo en acciones de fomento y promoción de la salud bucal, y contribuir en las labores de educación individual y colectiva""]"
3252,"Los técnicos en documentación e información sanitaria desarrollan, mantienen y aplican los sistemas de procesamiento, almacenamiento, recuperación y consulta de registros de salud que se utilizan en los establecimientos médicos y otros centros de salud, en conformidad con los requisitos legales, profesionales, éticos y administrativos establecidos para este tipo de archivos de datos en las instituciones de prestación de servicios sanitarios.","[""planificar, elaborar, mantener y manejar una variedad de índices de historiales médicos y sistemas de almacenamiento y recuperación de datos con el fin de recopilar, clasificar, almacenar y analizar información"", ""compilar y procesar registros médicos, documentos de ingreso y de alta y otros informes médicos de los pacientes en los sistemas de archivos, con el fin de disponer de datos para el seguimiento de los pacientes y su eventual derivación, así como a efectos de la vigilancia epidemiológica, la investigación, la preparación de facturas, el control de costos y la mejora de la atención dispensada"", ""revisar los registros a fin de verificar su integridad, exactitud y conformidad con las normativas"", ""proteger la seguridad de los registros médicos para garantizar que se mantenga su confidencialidad, y suministrar información a personas y a organismos autorizados ateniéndose a las normas pertinentes"", ""explotar datos de bases de datos de registros clínicos electrónicos, tributando los datos a nivel central y /o generando indicadores de monitoreo""]"
3253,"Los podólogos atienden la higiene y confort de los pies, pudiendo corregir alteraciones cutáneas y ungueales, tales como, el tratamiento conservador de uña encarnada y el tratamiento de la hiperqueratosis, entre otros. En el ejercicio de la podología, los podólogos podrán atender a sus pacientes, directamente o por indicación médica con fines preventivos, para realizar la atención podrán adquirir productos farmacéuticos, tales como, antisépticos, jabones desinfectantes y cremas de uso dérmico, siempre que su condición de venta registrada sea directa.","[""efectuar el tratamiento conservador de uña encarnada"", ""realizar el tratamiento de hiperqueratosis simples"", ""realizar masaje manual e hídrico de los pies"", ""recortar y pulir las uñas de los pies"", ""realizar otros procedimientos que no requieren el uso de intervenciones quirúrgicas o medicamentos de prescripción médica""]"
3254,"Los técnicos ópticos y contactólogos diseñan, ajustan y despachan lentes ópticos basándose en recetas prescritas por un oftalmólogo o un optometrista, con el fin de corregir la pérdida de agudeza visual. Sus servicios abarcan los lentes correctivos, lentes de contacto, lentes de descanso y otros dispositivos ópticos.","[""examinar el rostro y los ojos de los clientes y tomar las medidas necesarias para ajustar los lentes y otros dispositivos ópticos"", ""brindar asesoramiento a los clientes en lo relativo a la selección y cuidado de lentes y monturas, a los tipos de lentes de contacto y a otros dispositivos ópticos en lo que atañe a utilización, seguridad, comodidad y adecuación al estilo de vida"", ""interpretar las prescripciones ópticas y preparar las órdenes de trabajo para los laboratorios ópticos que se encargarán de pulir y montar los lentes en marcos, de preparar los lentes de contacto o de efectuar otros trabajos requeridos"", ""verificar la graduación de los aparatos y dispositivos ópticos terminados, según la receta prescrita y su adecuación a la fisonomía de los clientes"", ""reparación de anteojos, engaste correcto de cristales esféricos con respecto a su centro óptico, medición de cristales esféricos en frontofocómetro y marcados de centro óptico"", ""mediciones topográficas de la córnea, terminaciones de los lentes de contacto, modificación de los lentes, higiene y aseptización de los mismos""]"
3255,"Los técnicos y asistentes fisioterapeutas aplican tratamientos terapéuticos físicos a los pacientes cuyo movimiento funcional se ve amenazado por alguna lesión, enfermedad o dolencia. Las terapias suelen dispensarse, según lo dispuesto en planes de rehabilitación establecidos por un fisioterapeuta, kinesiólogo u otro profesional de salud.","[""administrar tratamientos manuales, como los masajes terapéuticos o la terapia de puntos de presión"", ""administrar tratamientos de tipo eléctrico, ultrasonidos y otras terapias físicas en las que se utilizan técnicas y equipos especializados"", ""instruir, motivar, proteger y ayudar a los pacientes con respecto a la práctica de ejercicios físicos, técnicas de relajación y actividades funcionales"", ""mantener consultas con fisioterapeutas, kinesiólogo u otros profesionales de la salud para evaluar la información sobre los pacientes a fin de planificar, modificar y coordinar los tratamientos"", ""observar y registrar la evolución de los pacientes durante los tratamientos, en particular efectuando mediciones de sus signos vitales y de la amplitud de movimiento de sus articulaciones"", ""preparar a los pacientes para la colocación de férulas ortopédicas, prótesis y otros dispositivos de apoyo, como muletas, y enseñarles a usar esos dispositivos""]"
3256,"Los técnicos y auxiliares paramédicos de alimentación están habilitados para desempeñar actividades de colaboración en la cadena productiva, desde la recepción del alimento hasta su distribución como producto final, ejecutando técnicas y procedimientos de acuerdo con las normas vigentes, bajo la supervisión del profesional del área.","[""recibir y almacenar los alimentos de acuerdo con los procedimientos establecidos, que respondan a Buenas Prácticas de Elaboración (BPE), realizar controles y registros correspondientes, cumpliendo con las normas legales, técnicas y administrativas establecidas y programas alimentarios vigentes"", ""elaborar preparaciones culinarias, fórmulas lácteas y enterales, conforme a la normativa vigente, procedimientos establecidos y a las indicaciones técnicas entregadas por el profesional del área"", ""transportar y distribuir los alimentos y/o preparaciones culinarias, de acuerdo con las indicaciones entregadas por el profesional del área, normas técnicas y programas alimentarios vigentes"", ""distribuir los alimentos de los programas alimentarios, de acuerdo con las normas y procedimientos establecidos, y verificar el cumplimiento de los requisitos de la población beneficiaria"", ""realizar proceso de limpieza y desinfección de acuerdo con un Procedimiento Operativo Estandarizado (POE), que asegure la inocuidad alimentaria"", ""informar oportunamente al profesional del área sobre requerimientos o necesidades alimentario-nutricionales de los usuarios""]"
3257,"Los inspectores de la salud y técnicos en prevención de riesgos llevan a cabo investigaciones sobre la aplicación de las normativas y reglamentos relativos a los factores ambientales que pueden afectar a la salud humana, la seguridad en el lugar de trabajo y la seguridad de los procesos de producción de bienes y servicios. En este contexto, pueden aplicar y evaluar programas destinados a restaurar o mejorar la seguridad y las condiciones sanitarias, actuando bajo la supervisión de un profesional de la salud.","[""brindar asesoramiento a los representantes de los empleadores y de los trabajadores sobre la aplicación de las normativas estatales y otros reglamentos y disposiciones relativos a la seguridad laboral y el medio ambiente de trabajo"", ""inspeccionar los lugares de trabajo para asegurarse que el entorno laboral, la maquinaria y los equipos utilizados se ajusten a las normas estatales y otros reglamentos y disposiciones en materia de saneamiento, de seguridad y salud en el trabajo o de seguridad y salud medioambiental"", ""realizar charlas a los trabajadores sobre los riesgos y medidas de prevención de accidentes y enfermedades en el lugar de trabajo"", ""brindar asesoramiento sobre problemas y técnicas de saneamiento medioambiental"", ""inspeccionar los lugares de trabajo y, mediante entrevistas, observaciones y otros medios, obtener información acerca de las prácticas laborales y accidentes del trabajo con el fin de determinar el grado de cumplimiento de las normativas en materia de seguridad"", ""inspeccionar los espacios de producción, procesamiento, transporte, manipulación, almacenamiento y venta de productos, para asegurar que operan en conformidad con las normativas estatales y otros reglamentos y disposiciones"", ""brindar asesoramiento a las empresas y al público en general sobre la aplicación de las normativas estatales y otros reglamentos y disposiciones en materia de higiene, saneamiento, pureza y clasificación de los productos primarios, alimentos, medicamentos, cosméticos y bienes similares"", ""inspeccionar los establecimientos para asegurar que se ajusten a las normativas estatales y otros reglamentos y disposiciones en materia de emisión de sustancias contaminantes y eliminación de desechos peligrosos"", ""emprender acciones para mantener o mejorar la higiene y evitar la contaminación del agua, el aire, los alimentos o el suelo"", ""promover medidas preventivas y correctivas, como el control de organismos portadores de gérmenes y de las sustancias nocivas en suspensión en el aire, la manipulación higiénica de los alimentos, la eliminación adecuada de los residuos y la limpieza de los lugares públicos"", ""preparar estimaciones de la cantidad y el costo de los materiales y la mano de obra necesarios para los proyectos de recuperación de la salud, la seguridad y el saneamiento""]"
3258,"Los quiroprácticos y osteópatas se ocupan del diagnóstico, tratamiento y prevención de los trastornos mecánicos del sistema músculoesquelético, y de los efectos que éstos tienen sobre el sistema nervioso y la salud general; buscan el alivio de la dolencia a través de la recuperación del equilibrio orgánico general, más que el alivio analítico del foco del dolor. Se basa en tratamientos manuales que incluyen el ajuste vertebral y otras manipulaciones articulares y de tejidos blandos de la zona del cuerpo comprometida, recuperando el equilibrio químico del organismo y su capacidad física, emocional e intelectual.","[""realizar una historia clínica simple y completa, más un examen físico completo del sistema musculoesquelético y neurológico detectando zonas de dolor o subluxación"", ""explorar la columna vertebral para identificar el lugar donde se ha producido el pinzamiento nervioso y subsanar las tensiones en tejidos adyacentes"", ""realizar acciones clínico-asistenciales, educativas, de gestión e investigación en salud""]"
3259,"Se incluyen en este grupo primario los otros técnicos de la salud no clasificados previamente del subgrupo principal 32 “Técnicos de la salud”. Se trata de ocupaciones como, por ejemplo, consejero sobre VIH, consejero de planificación familiar y otros técnicos de la salud.","[""entrevistar a los pacientes y examinarlos para obtener información sobre su estado de salud y la naturaleza y extensión de sus lesiones, enfermedades u otros trastornos físicos o mentales"", ""proporcionar información y brindar asesoramiento a los pacientes y sus familias sobre ciertas condiciones de salud, opciones de prevención y tratamiento, grado de cumplimiento de los tratamientos y conductas personales que pueden incidir sobre los resultados de la atención de salud"", ""otorgar atención terapéutica y tratamiento a los pacientes"", ""aplicar ciertos procedimientos clínicos básicos, tales como la administración de pruebas de anticuerpos al VIH o la colocación de dispositivos intrauterinos"", ""dispensar suplementos alimenticios, medicamentos antirretrovirales y medios de profilaxis, así como otros productos sanitarios, y brindar asesoramiento al respecto"", ""observar la evolución de los pacientes a medida que avanzan los planes de tratamiento, y reconocer signos y síntomas que hagan necesaria su derivación a un médico u otro profesional de la salud"", ""anotar en los sistemas de archivos médicos la información sobre el estado de los pacientes y sobre sus reacciones a los tratamientos"", ""compartir información con otros proveedores de cuidados de salud conforme sea necesario para asegurar una atención continua e integral""]"
3311,"Los agentes de bolsa y otros servicios financieros compran y venden títulos, acciones, bonos u otros instrumentos financieros, negocian divisas en operaciones al contado o en los mercados de futuros, actuando por cuenta de la empresa en la que trabajan o por cuenta de clientes con arreglo a un sistema de comisiones. Estos agentes recomiendan la realización de transacciones a los clientes o a los directivos de sus empresas.","[""obtener información sobre las circunstancias financieras de los clientes y de las empresas en que podrían hacer inversiones"", ""analizar las tendencias de los mercados de títulos, bonos, acciones y otros instrumentos financieros, incluidas las divisas"", ""informar a los clientes potenciales sobre las condiciones y perspectivas del mercado"", ""brindar asesoramiento y participar en la negociación de las condiciones y la organización de los préstamos, y asesorar la colocación de acciones y bonos en el mercado financiero con el fin de incrementar el capital de los clientes"", ""registrar y transmitir órdenes de compra y venta de títulos, acciones, bonos u otros instrumentos financieros, así como de divisas para entrega futura o inmediata""]"
3312,"Los ejecutivos de préstamos y créditos analizan y evalúan la información financiera relativa a las solicitudes de préstamo y crédito, aprueban o rechazan la concesión de préstamos o créditos, o presentan a sus directivos recomendaciones en el sentido de aprobar o rechazar dicha concesión.","[""entrevistar a los solicitantes de préstamos personales, hipotecarios, de estudios y de negocios"", ""investigar y evaluar la situación financiera de cada solicitante de un préstamo, sus referencias, su solvencia y su capacidad de pago"", ""remitir a sus directivos las solicitudes de préstamo y crédito adjuntando recomendaciones en el sentido de su aprobación o rechazo"", ""aprobar o rechazar las solicitudes de préstamos por valores situados dentro de los límites autorizados, asegurando que se respeten las normas en materia de crédito establecidas por su institución"", ""mantener registros de los pagos de reembolso, preparar cartas de rutina para reclamar el abono de los montos vencidos y señalar los casos en que se debe iniciar el proceso jurídico de cobro"", ""completar la documentación relativa a las solicitudes de préstamo y crédito""]"
3313,Los técnicos y asistentes en contabilidad mantienen registros completos de las transacciones financieras de una empresa y verifican la exactitud de los documentos y registros relativos a dichas transacciones.,"[""mantener registros completos de todas las transacciones financieras de una empresa, con arreglo a los principios de contabilidad general y bajo la orientación de contadores"", ""verificar la exactitud de los documentos y registros relativos a los pagos, recibos y otras transacciones financieras"", ""preparar los estados e informes financieros correspondientes a períodos determinados"", ""aplicar su conocimiento de los principios y prácticas de contabilidad con el fin de identificar y resolver los problemas que surjan en el curso de su trabajo"", ""utilizar aplicaciones de software estándar para realizar cálculos contables"", ""supervisar el trabajo de los empleados administrativos contables y los ayudantes de registro de teneduría de libros""]"
3314,"Los técnicos de servicios estadísticos y matemáticos ayudan a planificar la recopilación, procesamiento y presentación de datos estadísticos, matemáticos o actuariales y a llevar a cabo estas operaciones, actuando por lo general bajo la orientación de estadísticos, matemáticos y actuarios matemáticos.","[""ayudar a planificar y realizar cálculos estadísticos, matemáticos y actuariales"", ""preparar estimaciones detalladas de la cantidad y el costo de los materiales y la mano de obra necesarios para llevar a cabo actividades de censo estadístico y encuestas"", ""realizar tareas técnicas relacionadas con el establecimiento, mantenimiento y uso de registros y marcos de muestreo para el levantamiento de censos y encuestas"", ""realizar tareas técnicas relacionadas con la recopilación de datos y las operaciones de control de calidad en los censos y encuestas"", ""utilizar aplicaciones de software estándar para realizar cálculos matemáticos, actuariales y contables"", ""preparar resultados estadísticos, matemáticos, actuariales, contables y de otro tipo para su presentación en gráficos o cuadros"", ""aplicar su conocimiento de los principios y prácticas estadísticas, matemáticas, actuariales y contables con el fin de identificar y resolver los problemas que surjan en el curso de su trabajo"", ""supervisar el trabajo de los administrativos de estadística""]"
3315,"Los tasadores calculan el valor de propiedades y bienes diversos, evalúan las pérdidas cubiertas por las pólizas de seguro.","[""determinar la calidad o el valor de las materias primas, bienes inmuebles, equipos industriales, efectos personales y enseres domésticos, obras de arte, joyas y otros objetos"", ""evaluar la cuantía de los daños o pérdidas incurridos en un siniestro y las responsabilidades de indemnización de las compañías de seguros y reaseguros por las pérdidas cubiertas en sus pólizas"", ""obtener los documentos de compraventa de objetos siniestrados e información sobre el valor de artículos o bienes similares"", ""inspeccionar artículos o bienes para evaluar su estado, tamaño y construcción"", ""preparar informes sobre la determinación de valores, señalando los factores y métodos de estimación utilizados""]"
3321,"Los agentes de seguros venden seguros de vida, planes de salud, accidentes, vehículos automotrices, responsabilidad civil, ahorro y pensiones, incendios, marítimos y de otro tipo a nuevos clientes y clientes establecidos. Por otra parte, los ejecutivos de fondos de pensiones realizan tareas como el traspaso de clientes, asesorar sobre los fondos de pensiones y difundir las características del sistema de pensiones para capturar nuevos afiliados para las instituciones que trabajan","[""obtener la información necesaria sobre las circunstancias de los clientes, para determinar el tipo y las condiciones de seguro que pueden convenirles"", ""negociar con los clientes a fin de determinar el tipo y el grado de riesgo que necesitan cubrir con una póliza de seguro"", ""explicar a los clientes los detalles de los seguros y condiciones, las primas de cobertura de riesgos y prestaciones"", ""ayudar a los clientes a determinar el tipo y nivel de cobertura que necesitan, calcular las primas y establecer el método de pago"", ""negociar y suscribir pólizas de reaseguro"", ""realizar el traspaso de clientes entre distintas AFP"", ""incorporar nuevos afiliados al sistema de pensiones"", ""prestar asesoramiento sobre los fondos de pensiones"", ""prestar asesoramiento, negociar condiciones y vender contratos de seguros para determinados proyectos, instalaciones o actividades que comprenden riesgos especiales o de gran magnitud""]"
3322,"tecnologías de la información y las comunicaciones) Los representantes comerciales actúan en nombre de las empresas y conducen sus operaciones de venta de diversos bienes y servicios (excepto venta de productos y servicios industriales, farmacéuticos y de tecnologías de la información y las comunicaciones) a otras empresas y organizaciones, proporcionando asimismo información específica sobre los productos, según se requiera.","[""captar pedidos de comerciantes minoristas, establecimientos industriales, comerciantes mayoristas y otros clientes, y venderles productos"", ""vender productos (alimentos, artículos de oficina, productos de seguridad, entre otros), suministros y servicios conexos a profesionales y a empresas"", ""obtener y actualizar información sobre las condiciones del mercado, sobre los bienes y servicios comercializados por su empleador y por los competidores"", ""proporcionar a los potenciales clientes información sobre las características y funciones de los productos y equipos propuestos para la venta, explicarles y mostrarles sus características, funcionamiento y sus cualidades"", ""cotizar precios y condiciones de venta a crédito, registrar las órdenes de pedido y organizar las entregas"", ""poner en conocimiento de los proveedores y fabricantes las reacciones de los clientes y sus exigencias"", ""mantener contactos con los clientes para asegurar su satisfacción respecto de los productos adquiridos""]"
3323,"Los agentes responsables de adquisiciones adquieren bienes y servicios para su uso o reventa, por cuenta de establecimientos industriales, comerciales, gubernamentales y de otro tipo de establecimientos y organizaciones.","[""determinar o negociar términos y condiciones contractuales, adjudicar contratos a los proveedores o recomendar la adjudicación de contratos para la compra de equipos, materias primas y servicios, así como para la compra de productos destinados a la reventa"", ""obtener información acerca de las necesidades y las existencias, y definir especificaciones en cuanto a cantidad y calidad de los bienes y servicios que se van a comprar, costos, fechas de entrega y otras condiciones contractuales"", ""comprar equipos generales y especializados, materiales o servicios empresariales, ya sea para su uso o para un procesamiento posterior"", ""hacer llamados a licitación, mantener consultas con los proveedores y examinar las ofertas, por ejemplo, a través de plataformas como Mercado Público"", ""hacer órdenes de compra y adquirir productos para su reventa por establecimientos mayoristas o minoristas"", ""estudiar los informes de mercado, publicaciones comerciales periódicas y materiales de promoción de ventas, y visitar ferias comerciales, exposiciones, fábricas y eventos sobre diseño de productos"", ""seleccionar los productos que mejor se adapten a las necesidades de su establecimiento"", ""entrevistarse con los proveedores y negociar precios, descuentos, condiciones de crédito y modalidades de transporte"", ""supervisar las actividades de distribución de productos a puntos de venta y mantener niveles adecuados de existencias"", ""establecer plazos de entrega, seguir de cerca el proceso y mantener contactos con los clientes y proveedores para resolver problemas""]"
3324,"Los corredores comerciales y consignatarios compran y venden productos básicos y servicios de transporte, por lo general a granel, actuando en nombre de la empresa en la que trabajan o en nombre de clientes, con arreglo a un sistema de comisiones.","[""poner en contacto a los compradores y los vendedores de productos básicos"", ""examinar conjuntamente con los clientes sus necesidades de compra o venta, y prestarles asesoramiento al respecto"", ""comprar y vender espacio de carga en los buques"", ""negociar la compra y venta de productos básicos y de futuros sobre productos básicos"", ""encontrar espacios de carga y/o espacios de almacenamiento para productos básicos y negociar precios de fletes, transporte y almacenamiento"", ""seguir de cerca y analizar las tendencias del mercado y otros factores que afectan a la oferta y la demanda de productos básicos y servicios de transporte""]"
3331,"Los agentes de aduana llevan a cabo los procedimientos de despacho aduanero, verifican el correcto establecimiento de las pólizas de seguro y aseguran la conformidad de las licencias de exportación o importación y el buen desarrollo de toda otra formalidad.","[""llevar a cabo los procedimientos de despacho de aduana relativos a la exportación o importación"", ""verificar el correcto establecimiento de las pólizas de seguro"", ""asegurar la conformidad de las licencias de exportación o importación y el buen desarrollo de toda otra formalidad"", ""firmar y emitir conocimientos de embarque"", ""controlar la documentación de importación/exportación para comprobar el contenido de la carga, y clasificar los productos en distintos niveles de aranceles o grupos de aranceles, utilizando un sistema de codificación arancelaria""]"
3332,"Los organizadores de conferencias y eventos organizan y coordinan los servicios para conferencias, eventos, representaciones, banquetes y seminarios.","[""promover conferencias, congresos y ferias comerciales ante clientes potenciales"", ""responder a consultas relativas a los servicios ofrecidos y los costos de alojamiento, arriendo de equipos, y banquetería (catering)"", ""reunirse con los clientes para analizar sus necesidades y examinar los distintos paquetes de prestaciones que puedan satisfacer tales necesidades"", ""organizar y coordinar servicios e instalaciones, tales como salas y otros locales para conferencias, banquetería (catering), carteles, anuncios, medios de exposición y presentación, equipos audiovisuales e informáticos, alojamiento, transporte y eventos sociales para los participantes, y disposiciones logísticas para los presentadores"", ""organizar el registro de los participantes"", ""negociar el tipo y costo de los servicios que se recibirán, ajustándose al presupuesto"", ""supervisar el trabajo de los contratistas e informar sobre las modificaciones de las órdenes de trabajo""]"
3333,"Los agentes de empleo y contratistas de personal ponen en contacto a buscadores de empleo con puestos de trabajo disponibles, encuentran trabajadores para los empleadores y contratan mano de obra para proyectos específicos a petición de empresas u otras organizaciones, inclusive gobiernos e instituciones, o se encargan de encontrar puestos de trabajo para los demandantes de empleo a cambio del pago de una comisión.","[""poner en contacto a buscadores de empleo con puestos de trabajo disponible"", ""encontrar trabajadores para cubrir puestos vacantes, a cambio del pago de una comisión por el empleador o el trabajador"", ""examinar conjuntamente con los empleadores, las competencias y otras características que se exigirán a los postulantes a un empleo o contrato"", ""encontrar trabajadores que tengan las competencias y características requeridas para un empleo, y realizar los trámites necesarios de acuerdo con las normas y requisitos nacionales o internacionales en materia de contratación"", ""verificar que los contratos de trabajo cumplan con los requisitos legales y firmarlos"", ""brindar asesoramiento sobre programas de formación""]"
3334,"Los agentes inmobiliarios organizan la venta, compra y arriendo (incluye el leasing inmobiliario) de bienes inmuebles, generalmente por cuenta de clientes y a cambio del pago de comisiones.","[""obtener información sobre las propiedades ofrecidas a la venta o arriendo, sobre los requisitos de sus propietarios y sobre las necesidades de los posibles compradores o arrendatarios"", ""mostrar a posibles compradores o arrendatarios los bienes inmuebles en venta o disponibles para el arriendo, y explicarles las condiciones de venta o arriendo"", ""facilitar las negociaciones entre los arrendatarios y los propietarios a propósito de arriendos y honorarios"", ""redactar contratos de arriendo y de venta, y estimar los costos"", ""organizar la firma de los contratos de arriendo y las transferencias de los derechos de propiedad"", ""cobrar arriendo y depósitos de garantía por cuenta de los propietarios e inspeccionar las propiedades antes, durante y después de los arriendos"", ""asegurar que se disponga de la mano de obra necesaria para realizar el mantenimiento de las propiedades""]"
3339,"Se incluyen en este grupo primario los otros agentes de servicios comerciales no clasificados previamente del subgrupo 333 “Agentes de aduana, organizadores de eventos, agentes de empleo, de bienes raíces y otros agentes de servicios comerciales”. Se trata, por ejemplo, de las personas que establecen contactos de negocios, venden servicios a las empresas (por ejemplo, la obtención de espacios publicitarios en los medios de comunicación), establecen contratos laborales con atletas, artistas escénicos y artistas plásticos, así como contratos para la publicación de libros o la producción de obras de teatro, grabaciones, espectáculos musicales y para la venta de música, además de la promoción de espectáculos deportivos subastan propiedades y otros bienes, y diseñan y organizan paquetes turísticos y viajes de grupo.","[""obtener información sobre los servicios propuestos a la venta y sobre las necesidades de los posibles compradores"", ""negociar contratos en nombre del vendedor o del comprador y explicar al cliente las condiciones de venta y de pago"", ""firmar contratos en nombre del vendedor o del comprador y asegurar su total cumplimiento"", ""asegurarse de que el servicio adquirido se proporcione al comprador en conformidad con las modalidades convenidas y en la fecha acordada"", ""vender por subasta diversos tipos de propiedad, automóviles, productos básicos, ganado, obras de arte, joyas y otros objetos"", ""organizar viajes colectivos para grupos en desplazamiento de negocios o en vacaciones, y obtener reservas de tickets de transporte y de alojamiento según tarifas de grupo""]"
3341,Los supervisores de oficina supervisan y coordinan las actividades de los trabajadores comprendidos en el gran grupo 4 “Personal de apoyo administrativo”.,"[""coordinar, asignar y revisar el trabajo de los empleados de oficina que desempeñan las siguientes funciones: tratamiento de textos, procesamiento de registros y archivo de datos, manejo de teléfonos y centrales telefónicas, ingreso de datos, y otras actividades que requieren competencias administrativas y de secretaría generales"", ""establecer calendarios y procedimientos de trabajo y coordinar actividades con otras unidades o departamentos"", ""resolver problemas relacionados con el trabajo, preparar y transmitir informes sobre el avance de las actividades y de otra índole"", ""formar e instruir al personal en lo relacionado con las funciones de cada puesto de trabajo, los procedimientos de seguridad y las políticas de la empresa, o disponer lo necesario para que se imparta tal formación"", ""evaluar el desempeño del personal de oficina y su grado de cumplimiento de los reglamentos, y recomendar acciones de seguimiento"", ""apoyar las tareas de convocación y celebración de entrevistas de empleo, la selección y contratación de personal""]"
3342,"Los secretarios jurídicos utilizan sus conocimientos especializados en terminología y procedimientos jurídicos para prestar apoyo a los profesionales del derecho en sus actividades de comunicación, documentación y coordinación de la gestión interna en gabinetes de abogados y departamentos jurídicos de grandes empresas y entidades gubernamentales.","[""preparar y procesar documentos jurídicos y otros escritos, como escrituras de propiedad, testamentos, declaraciones juradas y notas oficiales"", ""revisar y corregir documentos y correspondencia para asegurar el cumplimiento de los procedimientos legales"", ""enviar correspondencia legal por correo, transmitirla por fax u organizar su entrega personal a clientes, testigos y funcionarios judiciales"", ""organizar y mantener documentos, expedientes y bibliotecas de literatura jurídica"", ""examinar, descartar o aceptar solicitudes para concertar entrevistas o reuniones, y programar u organizar dichos encuentros"", ""prestar asistencia en la preparación de presupuestos, controlar gastos y redactar contratos, órdenes de compra o adquisición"", ""supervisar el trabajo del personal administrativo auxiliar""]"
3343,"Los secretarios administrativos y ejecutivos realizan tareas de enlace, coordinación y organización en apoyo de los directivos y profesionales, y/o preparan correspondencia, informes y registros de los procedimientos y otros documentos especializados.","[""redactar correspondencia y actas administrativas"", ""obtener, proponer y controlar plazos y fechas de seguimiento"", ""examinar y descartar o aceptar solicitudes para concertar entrevistas y reuniones, programar y organizar dichos encuentros y planificar los viajes conexos"", ""contribuir a la preparación de presupuestos, al control de gastos, a la redacción de contratos y a las tareas de adquisición o de preparación de órdenes de compra"", ""coordinarse con otros miembros del personal en torno a diversos asuntos relacionados con las operaciones de la organización"", ""escribir y responder cartas comerciales o técnicas y otra correspondencia similar"", ""preparar actas literales de los trabajos de asambleas legislativas, tribunales u otras entidades usando taquigrafía o equipos de oficina especializados"", ""supervisar el trabajo del personal de apoyo administrativo""]"
3344,"Los secretarios médicos utilizan sus conocimientos especializados en terminología médica y los procedimientos de atención de salud para ayudar a los profesionales de esta área y otros trabajadores, desempeñando una variedad de funciones de comunicación, documentación, administración y coordinación interna en apoyo de los trabajadores de salud empleados en los centros médicos y otras organizaciones relacionadas con la atención de salud.","[""programar y confirmar citas médicas, comunicar mensajes al personal médico y a los pacientes"", ""compilar, registrar y verificar hojas clínicas, informes, correspondencia y otros documentos médicos"", ""entrevistar a los pacientes con el fin de completar formularios, documentos e historiales"", ""completar registros de enfermedad y otros formularios de tramitación de seguros"", ""mantener expedientes, registros médicos y bibliotecas técnicas"", ""preparar estados financieros y procedimientos de facturación"", ""prestar ayuda en la preparación de presupuestos, redactar contratos y realizar órdenes de compra o de adquisición"", ""supervisar el trabajo del personal de apoyo administrativo""]"
3351,"Los inspectores de aduana controlan a las personas y los vehículos que cruzan las fronteras nacionales, con el fin de aplicar y hacer cumplir las disposiciones reglamentarias pertinentes del Estado.","[""controlar el equipaje de las personas que cruzan las fronteras nacionales para asegurarse de que no infringen las disposiciones reglamentarias del Estado sobre importación o exportación de productos y divisas"", ""controlar los documentos de transporte y la carga de los vehículos que cruzan las fronteras nacionales para asegurarse de que están en conformidad con las disposiciones reglamentarias del Estado sobre importación y exportación de productos y sobre productos en tránsito, y para verificar que se han hecho los pagos necesarios"", ""detener a las personas e incautar los productos prohibidos o no declarados en los casos de infracción de la legislación sobre inmigración y la legislación sobre aduanas"", ""coordinar acciones y cooperar con otros órganos que ejerzan competencias policiales y en materia de deportación y de procesamiento de infractores"", ""realizar tareas administrativas necesarias para registrar los hallazgos, transacciones, infracciones y resoluciones"", ""declarar, en caso necesario, ante los tribunales de justicia acerca de las circunstancias y resultados de las investigaciones realizadas""]"
3352,"Los agentes de la administración tributaria examinan declaraciones tributarias, facturas de venta y otros documentos para determinar el tipo y valor de los impuestos, tasas y otros tipos de gravámenes que deben pagar los particulares o las empresas, remiten los casos excepcionales o importantes a contadores, gerentes o personal directivo de la administración pública.","[""asesorar a organizaciones, empresas y al público sobre las leyes, reglamentos y disposiciones estatales en materia de fijación y pago de impuestos, tasas y otros gravámenes fiscales, así como sobre los derechos y obligaciones de los contribuyentes"", ""examinar declaraciones tributarias, facturas de venta y otros documentos pertinentes para determinar el tipo y valor de los impuestos, tasas y otros tipos de gravámenes que se deban pagar"", ""investigar declaraciones de impuestos presentadas, registros, sistemas y controles contables internos de las organizaciones para asegurar el cumplimiento de la legislación y la reglamentación tributarias"", ""realizar las tareas administrativas necesarias para sustentar con documentos los resultados de las investigaciones, mantener registros al respecto e informar acerca de las medidas adoptadas en ciertos casos""]"
3353,"Los agentes de servicios de prestaciones sociales examinan las solicitudes de prestaciones que se someten a los programas públicos, de ayudas financieras o de servicios para determinar si las personas solicitantes tienen derecho a prestaciones y, en su caso, precisar el valor de las prestaciones monetarias o el tipo de servicios apropiado, y remiten los casos excepcionales o importantes a gerentes o personal directivo de la administración pública.","[""brindar asesoramiento a particulares y organizaciones sobre las leyes y disposiciones reglamentarias relativas a los programas de prestaciones sociales y sobre la determinación de estas prestaciones y las modalidades de desembolso de los pagos o la remisión a los servicios pertinentes, así como sobre los derechos y obligaciones del público"", ""examinar solicitudes y otros documentos pertinentes para determinar el tipo y el valor de las prestaciones a que tienen derecho las personas"", ""evaluar la documentación y entrevistar a los beneficiarios de los programas para asegurar que cumplen los requisitos para seguir recibiendo prestaciones o servicios"", ""realizar las tareas administrativas necesarias para mantener registros de los clientes y preparar informes sobre las resoluciones relativas al cumplimiento de los requisitos que dan derecho a prestaciones, las decisiones de remisión a los servicios pertinentes, la extinción de las prestaciones y los casos de abuso o fraude""]"
3354,"Los agentes de servicios de tramitación y entrega de licencias y permisos examinan las solicitudes de licencias o permisos para exportar o importar productos, crear empresas, construir viviendas u otras estructuras, determinan si se cumplen los requisitos establecidos para la emisión de licencias, permisos o pasaportes, identifican las condiciones o limitaciones específicas que deben estipularse en las licencias o permisos emitidos, y remiten los casos excepcionales o importantes a gerentes o personal directivo de la administración pública.","[""brindar asesoramiento a particulares sobre las leyes y disposiciones reglamentarias relativas a los tipos de licencias o permisos exigidos y a las condiciones que los rigen, así como sobre los derechos y obligaciones del público"", ""examinar solicitudes y los documentos pertinentes para determinar si se pueden conceder las licencias o permisos solicitados y qué condiciones se adjuntarían a los mismos"", ""examinar solicitudes y aprobar la emisión de pasaportes"", ""realizar las tareas administrativas necesarias para tramitar las solicitudes, documentar las actividades, evaluaciones y resoluciones y preparar la correspondencia en que se informará a los solicitantes sobre las decisiones que se adopten respecto a las licencias o permisos solicitados"", ""aplicar las pruebas que se exijan a los solicitantes de licencias o permisos""]"
3355,"Los inspectores y detectives de la Policía de Investigaciones (PDI) investigan los hechos y circunstancias relativos a delitos cometidos, con el fin de identificar a los sospechosos y obtener información sobre aspectos ignorados o presuntos en relación con el lugar de los hechos o a las circunstancias y el comportamiento de algunas personas, con la finalidad principal de impedir actos delictivos.","[""establecer contactos y conseguir fuentes de información sobre delitos, ya sea planeados o cometidos, con el fin de impedir la comisión de actos delictivos o de identificar a los sospechosos"", ""obtener pruebas y verificarlas, examinando los lugares donde se han cometido delitos o donde han ocurrido accidentes para buscar pistas e indicios físicos, entrevistando a testigos e interrogando a sospechosos y analizando documentos y archivos informáticos"", ""analizar las pruebas obtenidas, con el fin de resolver hechos delictivos, detectar actividades delictivas y reunir información para las causas judiciales"", ""establecer contactos y conseguir fuentes de información que permitan conocer aspectos ignorados o presuntos en relación con el lugar de los hechos o a las circunstancias y el comportamiento de algunas personas, por lo general con el fin de impedir la comisión de delitos"", ""practicar detenciones"", ""declarar ante los tribunales de justicia o informar a sus superiores sobre las circunstancias y resultados de las investigaciones realizadas""]"
3359,"Se incluyen en este grupo primario los agentes de la administración pública para la aplicación de la ley no clasificados previamente. Se trata, por ejemplo, de los inspectores en actividades como la agricultura, la pesca, la silvicultura y el control de pesos y medidas.","[""inspeccionar establecimientos y espacios comerciales para asegurar que en ellos se utilicen pesos y medidas correctos"", ""controlar los mecanismos de regulación de los precios a fin de evaluar la idoneidad del nivel de costos de los bienes y servicios y de proteger los intereses de los consumidores"", ""controlar los mecanismos de regulación de los salarios a fin de asegurar la aplicación de niveles de remuneración adecuados con respecto al trabajo realizado y de evaluar el grado de cumplimiento de la legislación laboral"", ""realizar las tareas administrativas y de investigación necesarias para registrar los hallazgos, documentar los problemas de incumplimiento o las prácticas empresariales inadecuadas y preparar informes y correspondencia""]"
3411,"Los técnicos de los servicios jurídicos desempeñan funciones de apoyo en los tribunales de justicia o en gabinetes de abogados, prestan servicios sobre materias jurídicas tales como contratos de seguro, transferencias de propiedad y concesión de préstamos u otras operaciones financieras o llevan a cabo investigaciones por cuenta de clientes.","[""documentar procedimientos y sentencias judiciales"", ""entregar escritos de demanda, órdenes de comparecencia, órdenes judiciales, citaciones y otras resoluciones judiciales"", ""mantener el orden en los juzgados y salas de audiencias (salas de vistas)"", ""preparar documentos jurídicos tales como expedientes judiciales, alegaciones, recursos de apelación, testamentos, contratos y preparar también documentos en que se resuman las posiciones de las partes en los procesos o se establezcan las condiciones de la concesión de préstamos o la suscripción de seguros"", ""investigar hechos, reunir pruebas y buscar disposiciones legales, decisiones jurisprudenciales y otros documentos útiles para preparar el desarrollo de las causas"", ""asesorar a los clientes sobre temas jurídicos"", ""examinar documentos tales como escrituras de hipotecas, derechos de retención, sentencias, constitución de servidumbres, contratos y planos, con el fin de verificar la descripción jurídica y la titularidad de bienes raíces"", ""preparar los documentos relativos a la transferencia de bienes raíces, títulos y valores u otros asuntos que requieran registro oficial"", ""investigar casos presuntos de robo de bienes, dinero o información perteneciente a establecimientos comerciales o industriales, y otros casos presuntos de comportamiento ilícito de clientes o empleados"", ""llevar a cabo, por cuenta de clientes, investigaciones sobre establecimientos comerciales, industriales o sobre las circunstancias y el comportamiento de algunas personas""]"
3412,Los técnicos en trabajo social ponen en práctica y administran programas de asistencia social y servicios comunitarios y ayudan a las personas a superar problemas personales y sociales.,"[""reunir información sobre las necesidades de las personas y evaluar sus competencias, puntos fuertes y deficiencias"", ""ayudar a las personas con discapacidad o los adultos mayores a obtener servicios y potenciar su capacidad para funcionar en la sociedad"", ""ayudar a las personas a identificar opciones y elaborar planes de acción, prestándoles al mismo tiempo el apoyo y asistencia necesarios"", ""ayudar a las personas a identificar los recursos de la comunidad y a acceder a ellos, incluida la asistencia jurídica, médica, financiera, la vivienda, el empleo, el transporte, la asistencia en los desplazamientos, los cuidados durante el día y otros servicios a las personas"", ""brindar asesoramiento a las personas que viven en hogares de acogida y centros de reinserción social, supervisar sus actividades y ayudarles a planificar su vida en estos establecimientos y fuera de ellos después de su salida"", ""participar en la selección y admisión de las personas a los programas pertinentes"", ""prestar servicios de intervención en caso de crisis y de acogida en situaciones de emergencia"", ""poner en práctica seminarios sobre habilidades para la vida, programas de tratamiento para el consumo abusivo de sustancias, programas de gestión del comportamiento, programas de servicios para jóvenes y otros programas de servicios comunitarios y sociales, bajo la supervisión de profesionales de la asistencia social y/o de la atención de salud"", ""ayudar a evaluar la eficacia de las intervenciones y programas observando los avances de las personas y presentando informes al respecto"", ""mantener contactos con otros organismos de servicio social, establecimientos de enseñanza y entidades de atención de salud, para facilitarles y recibir de ellos información sobre la situación general y el progreso de las personas""]"
3413,"Los técnicos de los servicios religiosos brindan apoyo a los ministros de confesiones o comunidades religiosas, realizan actividades religiosas, predican y propagan las enseñanzas de una religión específica y tratan de mejorar el bienestar humano a través del poder de la fe y los consejos espirituales.","[""realizar actividades religiosas como predicar y propagar las enseñanzas de una religión específica"", ""ayudar en los servicios de culto y los ritos religiosos"", ""impartir enseñanza religiosa, brindar orientación espiritual y dar apoyo moral a personas y comunidades"", ""administrar y participar en programas de alimentos, ropa y refugio para personas que lo requieran"", ""aconsejar a comunidades y personas sobre la importancia de la fe y de un comportamiento sano para preservar o mejorar el bienestar humano""]"
3421,"Los atletas y deportistas participan en eventos deportivos competitivos (se incluye todo tipo de deportes competitivos). Para ello, se entrenan y compiten, en deportes individuales o colectivos de su elección.","[""participar en eventos deportivos competitivos"", ""participar en prácticas regulares y en sesiones de entrenamiento y también seguir un entrenamiento privado con el fin de mantener la forma física y el nivel de destreza requeridos"", ""realizar actividades de promoción deportiva y participar en entrevistas en medios de comunicación"", ""mantener un alto grado de especialización en un deporte específico"", ""adoptar decisiones en materia de estrategias de entrenamiento, en consulta con los entrenadores"", ""evaluar a los competidores y las condiciones en que se desarrollarán las pruebas y competiciones"", ""competir en eventos deportivos"", ""cumplir los reglamentos del deporte que realizan""]"
3422,"Los entrenadores, instructores y árbitros de actividades deportivas trabajan con deportistas aficionados o profesionales para mejorar su rendimiento, promueven una mayor participación en actividades deportivas, y organizan y arbitran pruebas o competiciones deportivas de acuerdo con los reglamentos vigentes.","[""determinar los puntos fuertes y débiles de los atletas, jugadores o equipos"", ""planificar, desarrollar y llevar a cabo sesiones de entrenamiento y de práctica"", ""prever, planificar y coordinar calendarios y programas de competiciones y pruebas"", ""motivar y preparar a los atletas, jugadores y equipos para tomar parte en pruebas, competiciones y partidos"", ""formular la estrategia de competición, elaborar planes para los eventos deportivos, dirigir a los atletas, y jugadores durante las pruebas, competiciones y partidos"", ""analizar y evaluar el rendimiento de los atletas, jugadores o equipos y modificar los programas de entrenamiento"", ""supervisar y analizar la técnica, el rendimiento, y determinar la forma de conseguir mejoras"", ""arbitrar en pruebas y competiciones deportivas, aplicar los reglamentos pertinentes y asegurar que se respeten las reglas de juego y las normas de seguridad"", ""registrar el tiempo transcurrido y anotar los resultados durante las pruebas y competiciones"", ""juzgar la actuación de los competidores, conceder puntos, imponer sanciones por las infracciones del reglamento y determinar los resultados"", ""compilar los puntos obtenidos y otros datos deportivos""]"
3423,"Los instructores de acondicionamiento físico y actividades recreativas dirigen, orientan e instruyen a grupos y a personas en el marco de actividades recreativas, de acondicionamiento físico y de aventura al aire libre.","[""planificar y realizar actividades recreativas y de acondicionamiento físico"", ""supervisar actividades recreativas, deportivas y de acondicionamiento físico para garantizar que se desarrollen en condiciones de seguridad y prestar ayuda de emergencia o primeros auxilios en caso necesario"", ""evaluar y supervisar las capacidades y la forma física de los clientes, y recomendarles actividades"", ""demostrar y enseñar los movimientos corporales, conceptos y destrezas que se usan en los ejercicios de acondicionamiento físico y en las actividades recreativas"", ""impartir instrucción para el uso de los equipos"", ""explicar y hacer cumplir los procedimientos y normas de seguridad""]"
3431,"Los fotógrafos manejan cámaras para registrar imágenes de personas, eventos, escenas, materiales, productos y otros temas.","[""hacer fotografías para publicidad o con otros fines comerciales, industriales o científicos, o para ilustrar noticias, crónicas y artículos en diarios, revistas y otras publicaciones"", ""retratar a personas y grupos de personas"", ""estudiar las especificaciones de un encargo fotográfico concreto y decidir qué tipo de cámara, película, iluminación y accesorios de fondo deben emplearse"", ""determinar la composición de la imagen, efectuar ajustes técnicos en el equipo y fotografiar el tema"", ""utilizar escáneres para transferir imágenes fotográficas a archivos digitales"", ""utilizar computadores para manipular imágenes fotográficas"", ""adaptar imágenes fotográficas existentes para crear nuevas imágenes digitales que puedan incluirse en productos multimedia""]"
3432,"Los diseñadores y decoradores de interior planifican y diseñan interiores de edificios comerciales, industriales, públicos y de locales de venta al por menor, así como interiores de inmuebles residenciales, para conseguir ambientes adaptados a una finalidad determinada tomando en consideración factores que mejoren los entornos de vida, de trabajo y favorezcan las ventas. Estos profesionales coordinan la construcción y decoración de estas edificaciones y participan en dichas actividades.","[""determinar los objetivos y las limitaciones de los diseños preliminares realizando consultas a los clientes y demás partes interesadas"", ""llevar a cabo investigaciones y analizar los requisitos espaciales, funcionales y estéticos del diseño y la decoración, así como los requisitos en cuanto a eficiencia y seguridad"", ""formular conceptos de diseño para el interior de las edificaciones"", ""preparar croquis, diagramas, ilustraciones y planos para comunicar los conceptos de diseño"", ""negociar soluciones de diseño con los clientes, los gerentes, los proveedores y el personal de construcción"", ""seleccionar, especificar y recomendar materiales, mobiliario y productos funcionales y estéticos para interiores"", ""detallar y documentar el diseño elegido para la construcción"", ""coordinar la construcción y la decoración de interiores"", ""diseñar y pintar escenografías para espectáculos"", ""diseñar y decorar vitrinas u otros espacios de exposición y promoción de productos o servicios""]"
3433,"Los técnicos en galerías de arte, museos y bibliotecas preparan obras de artistas, muestras y objetos para colecciones, organizan y montan exposiciones en galerías, ayudan a los bibliotecarios a organizar y poner en práctica sistemas de gestión de materiales grabados y archivos.","[""montar y preparar objetos para exposiciones"", ""diseñar y organizar mobiliario de exhibición, estanterías y otros soportes o espacios de exposición"", ""ayudar a disponer los equipos de iluminación y exhibición"", ""recibir, enviar, embalar y desembalar exposiciones"", ""realizar pedidos de nuevas obras para bibliotecas y mantener los registros y sistemas de circulación de estas"", ""catalogar obras impresas y grabadas"", ""introducir datos en bases informáticas y modificar los registros"", ""manejar equipos audiovisuales y de reproducción de material"", ""buscar y verificar datos bibliográficos""]"
3434,"Los chefs diseñan menús, crean platos y supervisan la planificación, organización, preparación y cocción de los alimentos en hoteles, restaurantes y otros establecimientos que expenden comidas, así como a bordo de buques, trenes de pasajeros y en hogares particulares.","[""planificar y elaborar recetas y menús, estimar los costos de los alimentos, de la mano de obra, y realizar pedidos de productos de alimentación"", ""supervisar la calidad de los platos en todas las etapas de preparación y presentación"", ""examinar, juntamente con los gerentes, los nutricionistas, el personal de cocina y de servicio, los temas relativos a la preparación de los alimentos"", ""supervisar y coordinar las actividades de los cocineros y demás trabajadores que intervienen en la preparación de alimentos"", ""inspeccionar los suministros, equipos y zonas de trabajo para asegurar que se cumplan las normas establecidas"", ""determinar las modalidades de presentación de los platos, en particular creando formas o estructuras decorativas"", ""instruir a los cocineros y otros trabajadores en la preparación, cocción, decoración y presentación de los alimentos"", ""participar en la contratación del personal de cocina y supervisar su desempeño"", ""preparar, condimentar y cocinar especialidades y platos complejos"", ""explicar y hacer cumplir las normas de higiene y seguridad alimentaria""]"
3435,Los tatuadores realizan tatuajes en la piel con motivos artísticos o decorativos según lo solicite el cliente.,"[""determinar en conjunto con el cliente el diseño o dibujo a tatuar en la piel"", ""aplicar maquillaje permanente o tatuajes artísticos mediante micropigmentación, en condiciones de higiene y seguridad óptimas"", ""seguir las instrucciones de la normativa sanitaria vigente""]"
3439,"Se incluyen en este grupo primario a los otros técnicos en actividades culturales y artísticas no clasificados previamente que trabajan en actividades culturales y artísticas del subgrupo 343 “Fotógrafos, decoradores de interior, técnicos en galerías de arte, museos y bibliotecas, chefs y otros técnicos en actividades culturales y artísticas”. Se trata de trabajadores que ayudan a los directores o actores en la puesta en escena de producciones de teatro, cine y televisión y anuncios publicitarios, por ejemplo, utileros, encargados de vestuario, escenografías, entre otros.",[]
3511,"Los técnicos en operaciones de tecnología de la información y las comunicaciones proporcionan apoyo para asegurar el manejo, funcionamiento y seguimiento cotidianos de los sistemas de tecnología de la información y las comunicaciones, así como de los dispositivos periféricos, equipos, software y otros materiales informáticos, para conseguir un rendimiento óptimo e identificar cualquier problema que surja.","[""manejar y controlar dispositivos periféricos y otros equipos informáticos"", ""incorporar instrucciones de programación por medio de terminales de computador y activar los controles de los computadores y de los dispositivos periféricos para integrar elementos de equipo y manejarlos"", ""vigilar los sistemas a fin de detectar fallas en los equipos o errores en su funcionamiento"", ""notificar a los supervisores o técnicos de mantenimiento las fallas del equipo"", ""reaccionar a los mensajes de error de los programas buscando y corrigiendo los problemas, señalando dichos problemas a personal superior o deteniendo los programas"", ""leer las instrucciones de configuración de los puestos de trabajo para determinar qué equipos se instalarán en los mismos, el orden de uso, los componentes o materiales que se utilizarán, como discos y papel, y los parámetros de control"", ""recuperar, separar y clasificar los resultados de los programas según sea necesario y enviar los datos a usuarios específicos"", ""introducir en los dispositivos periféricos, como las impresoras, los materiales seleccionados necesarios para su funcionamiento operativo o supervisar las operaciones de carga de dichos dispositivos periféricos efectuadas por técnicos especializados""]"
3512,"Los técnicos en asistencia al usuario de tecnología de la información y las comunicaciones prestan ayuda técnica a los usuarios, ya sea directamente o por teléfono, correo electrónico u otros medios electrónicos, inclusive para el diagnóstico y la resolución de dificultades y problemas relativos a software, equipos informáticos, dispositivos periféricos, redes, bases de datos e Internet, prestan asesoramiento y apoyo en el desarrollo, instalación y mantenimiento de sistemas.","[""responder a las consultas de los usuarios sobre el funcionamiento de software y equipos (hardware), con el fin de resolver problemas"", ""incorporar instrucciones de programación y observar el funcionamiento de los sistemas a fin de verificar que las operaciones sean correctas y detectar errores"", ""instalar equipos, software o dispositivos periféricos ajustándose a las especificaciones de diseño o instalación y realizar pequeñas reparaciones"", ""supervisar el funcionamiento cotidiano de los sistemas informáticos y de comunicación"", ""configurar los equipos para su uso por miembros del personal y realizar o asegurar que se lleve a cabo la correcta instalación de cables, sistemas operativos o software"", ""mantener registros de las operaciones, problemas y correcciones efectuadas en la comunicación cotidiana de datos, así como de las actividades de instalación"", ""emular o reproducir los problemas técnicos detectados por los usuarios"", ""consultar guías de usuario, manuales técnicos y otros documentos a fin de encontrar soluciones y aplicarlas"", ""prestar ayuda a los programadores de aplicaciones, desarrolladores de sistemas y otros profesionales de las TIC en la creación, elaboración y puesta a prueba de productos y servicios de TIC""]"
3513,"Los técnicos en redes y sistemas de computadores establecen, operan y mantienen redes y otros sistemas de comunicación de datos.","[""operar y mantener sistemas de red y resolver sus problemas"", ""manejar y mantener sistemas de comunicación de datos distintos de las redes"", ""ayudar a los usuarios a resolver sus problemas de red y de comunicación de datos"", ""identificar los ámbitos en que sea necesario actualizar software y equipos (hardware)"", ""instalar equipos informáticos, software de red, software de sistemas operativos y software de aplicaciones"", ""encargarse del arranque y apagado de los equipos, así como de realizar copias de seguridad y de las operaciones de recuperación en caso de catástrofe en las redes de computadores""]"
3514,"Los técnicos de la Web mantienen los sitios web de Internet y de las redes internas de Intranet, así como los equipos y software utilizados en los servidores web y supervisan o apoyan su funcionamiento óptimo.","[""instalar sitios web en Internet y en las redes internas de Intranet o equipos y software en los servidores web, supervisar su funcionamiento y prestar el apoyo técnico necesario para asegurar su fiabilidad y facilidad de uso"", ""desarrollar y mantener documentación, políticas e instrucciones, registrar los procedimientos de operación, así como también, llevar cuadernos con los registros de los sistemas"", ""desarrollar, coordinar, poner en práctica y hacer el seguimiento de medidas de seguridad"", ""llevar a cabo análisis y hacer recomendaciones para elevar el rendimiento, incluidas la actualización y la adquisición de nuevos sistemas"", ""establecer y mantener contactos con clientes y usuarios y brindarles orientación"", ""crear y modificar páginas web"", ""hacer copias de seguridad de los servidores web y llevar a cabo operaciones de recuperación""]"
3521,"Los técnicos de radiodifusión y grabación audiovisual controlan el funcionamiento técnico de los equipos utilizados para grabar, editar imágenes, sonidos y para transmitir sonidos e imágenes a través de programas de radio y televisión, así como otros tipos de señales de telecomunicación difundidas en tierra, mar o en aeronaves.","[""controlar equipos para la grabación de sonidos"", ""controlar equipos para la edición y mezcla de imágenes y sonidos, con el fin de asegurar una calidad satisfactoria y crear efectos especiales de imagen y sonido"", ""aplicar su conocimiento de los principios y prácticas de la grabación y la edición de imágenes y sonidos para identificar y resolver problemas"", ""controlar los sistemas de transmisión y de difusión, como los sistemas de difusión de programas de radio y televisión por satélite"", ""controlar los sistemas de radiocomunicación, servicios de satélite y sistemas múltiplex en tierra, mar o en aeronaves"", ""aplicar su conocimiento de los principios y prácticas de la radio y teledifusión, de los terminales de telecomunicaciones y los sistemas de transmisión, con el fin de identificar y resolver problemas"", ""hacer reparaciones de emergencia en el equipo""]"
3522,"Los técnicos de ingeniería de las telecomunicaciones efectúan tareas técnicas relacionadas con la investigación en ingeniería de las telecomunicaciones, así como con el diseño, fabricación, montaje, construcción, operación, mantenimiento y reparación de sistemas de telecomunicaciones.","[""efectuar trabajos técnicos relacionados con la investigación y el desarrollo de equipos de telecomunicaciones o probar prototipos"", ""estudiar materiales técnicos, como planos de proyecto y croquis, para determinar el método de trabajo que se ha de adoptar"", ""preparar estimaciones detalladas de la cantidad y el costo de los materiales y la mano de obra necesarios para la fabricación e instalación de equipos de telecomunicaciones, de acuerdo con las especificaciones establecidas"", ""proporcionar supervisión técnica para la fabricación, funcionamiento, mantenimiento y reparación de sistemas de telecomunicaciones a fin de asegurar un funcionamiento satisfactorio y el cumplimiento de las especificaciones y reglamentos pertinentes"", ""aplicar conocimientos técnicos de los principios de ingeniería de telecomunicaciones y prácticas para identificar y resolver los problemas que surjan en el curso de su trabajo""]"
3611,Los técnicos en educación parvularia proporcionan apoyo en actividades educativas para niños en edad preescolar.,"[""colaborar en actividades educativas bajo la supervisión de un educador de párvulos"", ""apoyar en la realización de actividades individuales y de grupo destinadas a facilitar el desarrollo de las habilidades motoras, sociales y de cooperación de los niños, así como la confianza en sí mismos y su capacidad de comprensión"", ""apoyar a los niños en actividades que favorezcan las oportunidades de expresión creativa a través de las artes, la representación teatral, la música y los ejercicios de acondicionamiento físico"", ""mantener la disciplina y buenos hábitos""]"
3612,Los técnicos en educación diferencial apoyan las actividades educativas de personas con capacidades diferentes.,"[""colaborar en actividades educativas bajo la supervisión de un educador diferencial"", ""apoyar en la realización de actividades individuales y de grupo destinada a facilitar el aprendizaje de personas con capacidades diferentes"", ""estimular las capacidades de personas con capacidades diferentes y ayudarlos en sus actividades educativas trabajando con métodos de enseñanza adecuados a sus necesidades"", ""organizar ejercicios, trabajos prácticos y pruebas, observar y evaluar los progresos de cada alumno e intercambiar impresiones al respecto con los padres, profesores, apoderados y otras personas interesadas""]"
4110,Los trabajadores de tareas administrativas generales realizan diversas tareas administrativas y de oficina con arreglo a procedimientos establecidos. En este grupo primario se incluyen trabajadores administrativos que realizan múltiples tareas sin tener una como principal.,"[""registrar, preparar, seleccionar, clasificar y archivar información"", ""clasificar, abrir y enviar correspondencia"", ""fotocopiar y enviar documentos por fax"", ""preparar informes y correspondencia de rutina, como por ejemplo, informes de recepción y despacho de documentos"", ""mantener un registro del equipo de oficina asignado al personal"", ""responder a preguntas recibidas por teléfono o por medios electrónicos o remitirlas a la persona competente"", ""verificar cifras, preparar facturas y registrar los detalles de las transacciones financieras realizadas"", ""transcribir información a archivos informáticos y revisar y corregir textos""]"
4120,"Los secretarios generales utilizan máquinas de escribir, computadores personales y otros equipos de tratamiento de textos para transcribir correspondencia y otros documentos, verificar formatos de documentos preparados por otros miembros del personal, procesar el correo entrante y el correo saliente, examinar y descartar o aceptar solicitudes de encuentro o citas, y realizar diversas tareas administrativas de apoyo.","[""verificar formatos y transcribir correspondencia, actas e informes a partir de dictados, documentos electrónicos o borradores, adecuándolos a las normas de redacción de la oficina y utilizando máquinas de escribir, computadores personales u otros equipos de tratamiento de textos"", ""usar diversos paquetes de software, inclusive hojas de cálculo, para proporcionar apoyo administrativo"", ""procesar el correo entrante y el correo saliente"", ""seleccionar, registrar y distribuir mensajes electrónicos, correspondencia y otros documentos"", ""examinar y descartar o aceptar solicitudes para concertar citas, entrevistas o reuniones y ayudar a organizar dichos encuentros"", ""efectuar el seguimiento y registro de las vacaciones y de otros derechos del personal"", ""organizar y supervisar sistemas de archivo"", ""procesar la correspondencia de rutina por propia iniciativa""]"
4131,"Los operadores de equipo de procesamiento de texto y mecanógrafos escriben, editan e imprimen textos con máquinas de escribir, computadores personales u otros dispositivos procesadores de texto, y utilizan la taquigrafía para registrar contenidos orales o escritos.","[""transcribir material escrito a partir de borradores (como por ejemplo, currículo vitae), copias corregidas, grabaciones de audio (como por ejemplo, relatos de entrevistas o grupos focales) o taquigrafía utilizando computadores, procesadores de texto o máquinas de escribir"", ""verificar textos acabados a fin de asegurar que se han respetado las reglas de ortografía, gramática, puntuación y formateo"", ""reunir y organizar el material que se ha de tipear con arreglo a las instrucciones recibidas"", ""organizar los documentos acabados y almacenarlos en discos duros u otros soportes informáticos, o mantener un sistema de archivo informatizado que permita almacenar, recuperar o actualizar documentos"", ""tomar dictados y preparar registros de otros contenidos"", ""reproducir la palabra oral, los sonidos del entorno y las letras de canciones y transcribirlas a subtítulos de cine y de programas de televisión"", ""transcribir la información registrada en equipos de grabación de sonido, revisar y corregir textos""]"
4132,"Los digitadores de datos introducen datos codificados de índole estadística, financiera y de otro tipo en equipos electrónicos, bases de datos informatizadas, hojas de cálculo u otros repositorios sirviéndose de un teclado, mouse, escáner óptico, software de reconocimiento de voz u otras herramientas que permiten registrar este tipo de información. Los datos se introducen en dispositivos mecánicos y electrónicos con el fin de realizar cálculos matemáticos.","[""recibir y registrar facturas, formularios, registros y otros documentos con fines de captación de datos"", ""transcribir datos numéricos, códigos y textos contenidos en materiales originales e introducirlos en dispositivos de almacenamiento y procesamiento compatibles con sistemas informatizados"", ""verificar la exactitud y exhaustividad de los datos y, de ser necesario, corregir datos ya introducidos"", ""importar y exportar datos entre distintos sistemas y software de bases de datos""]"
4211,"Los cajeros de bancos y de oficinas de correo tratan directamente con los clientes de bancos u oficinas de correo en relación con el cobro, el cambio y el pago de dinero, o prestan servicios postales.","[""tramitar depósitos y retiros en efectivo, cheques, transferencias, facturas, pagos con tarjetas de crédito, giros postales, cheques certificados y otras transacciones bancarias conexas"", ""anotar importes en el haber o en el debe de las cuentas de los clientes"", ""pagar facturas y hacer transferencias de dinero en nombre de los clientes"", ""recibir correspondencia, vender sellos postales y realizar otras tareas de las oficinas postales, como el pago de facturas, las transferencias de dinero y otras operaciones similares"", ""realizar operaciones de cambio de divisas, conforme lo soliciten los clientes"", ""mantener un registro de todas las transacciones y conciliarlas con el saldo de caja""]"
4212,Los receptores de apuestas determinan las probabilidades reciben y pagan apuestas sobre los resultados de eventos deportivos o de otra índole y gestionan juegos de azar en establecimientos dedicados a tal actividad.,"[""determinar cuáles son los riesgos para definir las probabilidades de las apuestas y de cubrirlas o rechazarlas"", ""preparar y publicar listas de probabilidades aproximadas"", ""repartir cartas, tirar dados o girar ruletas"", ""explicar e interpretar las normas de funcionamiento de los establecimientos de juegos de azar"", ""anunciar los números ganadores, pagar a sus poseedores y recaudar los pagos de los perdedores""]"
4213,Los empleados de casa de empeño y prestamistas prestan dinero a cambio del depósito de prendas de garantía constituidas por bienes u otros valores.,"[""evaluar los artículos ofrecidos en prenda, calcular los intereses y prestar dinero a cambio del depósito de las prendas"", ""devolver los artículos en prenda cuando se reembolsen los préstamos o, en caso de falta de pago, vender dichos artículos"", ""prestar dinero en forma de créditos personales cuyas garantías se constituyen sobre el producto de cosechas futuras y de otras empresas similares"", ""recuperar los créditos concedidos ejecutando las garantías constituidas sobre el producto generado por cosechas y otras empresas similares"", ""mantener registros de los artículos recibidos, de los importes entregados y de los reembolsos recibidos""]"
4214,Los cobradores cobran los pagos correspondientes a cuentas vencidas y a cheques sin fondos y recaudan contribuciones destinadas a obras de caridad o beneficencia.,"[""buscar y localizar a deudores"", ""telefonear, visitar o escribir a los clientes para cobrar el dinero que adeudan o concertar pagos posteriores"", ""preparar informes en los que se indiquen los importes cobrados y mantener registros y archivos relacionados con el trabajo de recaudación"", ""recomendar el inicio de acciones judiciales o la interrupción de la prestación de servicios cuando un reembolso no pueda obtenerse de otro modo"", ""solicitar y recaudar contribuciones destinadas a obras de caridad o beneficencia""]"
4221,"Los empleados de agencias de viajes proporcionan información acerca de los destinos, organizan itinerarios, tramitan reservas de viaje y de alojamiento, y registran los datos de los pasajeros durante el proceso de compra y en las puertas de embarque. Emiten y venden pasajes para viajes en aerolíneas, trenes y buses.","[""obtener información sobre la disponibilidad, el costo y las ventajas de los diferentes tipos de transporte y alojamiento, averiguar las necesidades de los clientes y asesorarlos sobre los planes de viaje"", ""proporcionar información sobre las atracciones locales y regionales, excursiones, restaurantes, centros de arte y entretenimiento, y suministrar mapas y folletos"", ""preparar itinerarios"", ""hacer reservas de viajes, excursiones y alojamiento, y confirmarlas"", ""emitir pasajes, tarjetas o ticket de embarque"", ""ayudar a los clientes a obtener los documentos de viaje necesarios, como por ejemplo, visas"", ""verificar los documentos de viaje y registrar a los pasajeros y el equipaje durante el proceso de compra y en las puertas de embarque"", ""preparar los cobros y recibir pagos""]"
4222,"Los empleados de centros de llamadas de informaciones brindan asesoramiento e información a los clientes, responden a preguntas sobre los bienes, servicios o políticas de una empresa o de una organización, y procesan transacciones financieras utilizando el teléfono o medios electrónicos de comunicación, como el correo electrónico. Los locales de los centros de llamadas pueden estar ubicados a gran distancia del lugar de residencia de los clientes o de otras instalaciones de las organizaciones o empresas representadas.","[""atender a las llamadas entrantes y los mensajes de los clientes, ya sea para responder a sus preguntas, gestionar sus demandas de servicios específicos o para resolver quejas"", ""indicar requisitos e introducir en los sistemas informáticos datos sobre eventos"", ""remitir tareas a otras unidades, cuando sea pertinente"", ""tramitar facturas o pagos, según sea necesario"", ""enviar cartas, hojas informativas y otros documentos a los clientes"", ""brindar asesoramiento a los clientes sobre otros productos o servicios""]"
4223,"Los telefonistas manejan centrales y consolas para establecer conexiones telefónicas, recibir preguntas de los usuarios y solicitudes de servicios para resolver problemas, y grabar mensajes o remitir mensajes a otros miembros del personal o a clientes.","[""manejar centrales y consolas telefónicas para conectar, mantener, transferir o colgar llamadas telefónicas"", ""realizar las conexiones para llamadas salientes"", ""responder a preguntas realizadas por teléfono y grabar mensajes"", ""transferir llamadas a miembros del personal o a clientes"", ""investigar los problemas de funcionamiento del sistema y notificar a los servicios de reparación""]"
4224,"Los recepcionistas de hoteles dan la bienvenida y registran a los huéspedes en hoteles y otros establecimientos que ofrecen servicios de alojamiento. En particular, asignan las habitaciones, preparan y entregan las llaves, proporcionan información sobre los servicios hoteleros ofrecidos, hacen reservas de habitaciones, mantienen un registro de las habitaciones disponibles para el público y presentan las facturas a los huéspedes que se retiran del hotel y reciben el pago.","[""mantener un inventario de las habitaciones disponibles, las reservas y las habitaciones asignadas"", ""registrar a los clientes que llegan al hotel, asignar habitaciones, verificar el crédito de los huéspedes y preparar y entregar las llaves de las habitaciones asignadas"", ""proporcionar información sobre los servicios del hotel y los servicios disponibles en la comunidad"", ""proporcionar información sobre la disponibilidad de alojamiento y hacer reservas de habitaciones"", ""responder a las solicitudes de los huéspedes relacionadas con los servicios de limpieza y mantenimiento, así como a sus reclamaciones"", ""pedir la intervención de los servicios de limpieza y mantenimiento cuando los huéspedes señalen algún problema"", ""compilar las cuentas de los huéspedes y verificar los gastos imputados utilizando sistemas informáticos o manuales"", ""recibir mensajes y remitirlos a sus destinatarios, ya sea personalmente, por teléfono o transfiriéndolos por medio de una central telefónica"", ""comprobar la exactitud de las facturas de los huéspedes que abandonan el hotel y realizar su cobro. Se incluyen la siguiente ocupación: •• Recepcionista de hotel""]"
4225,"Los empleados de informaciones, reclamos o sugerencias responden a preguntas y quejas formuladas personalmente, por correo escrito, por correo electrónico o por teléfono y que guardan relación con los bienes, servicios y políticas de la organización para la que trabajan, proporcionan información y remiten a las personas a otras fuentes. Sus funciones se desarrollan en lugares donde están en contacto directo con los clientes o con la producción de los bienes y servicios suministrados por su organización.","[""responder a preguntas sobre bienes, servicios y políticas, y facilitar información sobre su disponibilidad, ubicación, precio y otros temas similares"", ""responder a preguntas sobre problemas y brindar asesoramiento, información y asistencia al respecto"", ""registrar la información relativa a preguntas y reclamaciones"", ""remitir las preguntas complejas a los jefes de equipo o asesores expertos"", ""entregar a las personas interesadas formularios, folletos y carpetas de información pertinente""]"
4226,"Los recepcionistas (funciones generales) reciben y acogen a visitantes, clientes o invitados y responden a preguntas y solicitudes, inclusive con respecto a la concertación de citas.","[""recibir y acoger a visitantes, invitados o clientes"", ""concertar citas para clientes"", ""atender las solicitudes recibidas por teléfono en que se solicita información o se pide concertar citas"", ""orientar a los clientes para que localicen a las personas o lugares que necesitan encontrar"", ""entregar a los clientes formularios, folletos y carpetas de información""]"
4227,"Los entrevistadores de investigaciones de mercado, estudios de opinión pública y encuestadores entrevistan a personas y registran sus respuestas a las preguntas sobre diversos temas incluidos en dichas encuestas e investigaciones.","[""contactar con las personas por teléfono o en persona y explicarles el objetivo de la entrevista"", ""plantear las preguntas siguiendo las indicaciones de los cuestionarios y encuestas"", ""registrar las respuestas en papel o introducirlas directamente en una base de datos informática gracias al uso de sistemas de entrevista asistidos por computador"", ""identificar y resolver las incoherencias en las respuestas"", ""entregar a los patrocinadores de las encuestas información sobre los problemas observados en cuanto a la obtención de datos válidos""]"
4229,"Se incluyen en este grupo primario los empleados de los servicios de información al cliente no clasificados previamente del subgrupo 422 “Empleados de servicios de información al cliente”. Se trata, como por ejemplo, de las personas que entregan información o ayudan en la postulación de diversas prestaciones o beneficios (postulación a fondos concursables, prestaciones sociales, prestaciones médicas). Para determinar si tienen o no derecho a obtenerlas.","[""entrevistar a pacientes para conseguir y procesar la información que se requiere para obtener la prestación de servicios hospitalarios"", ""entrevistar a los solicitantes de asistencia pública para recopilar la información pertinente a su solicitud"", ""verificar la exactitud de la información proporcionada"", ""iniciar procedimientos para otorgar, modificar, negar o cesar prestaciones"", ""proporcionar información y responder a preguntas relativas a los procedimientos de solicitud y obtención de prestaciones"", ""remitir a otras organizaciones a los pacientes o solicitantes que no tienen derecho a recibir las prestaciones de que se trate""]"
4311,"Los auxiliares y ayudantes de registros de contabilidad y cálculo de costos calculan, clasifican y registran datos numéricos destinados al mantenimiento de registros financieros completos. A tal efecto, realizan diversas combinaciones de tareas de cálculo rutinarias, anotaciones rutinarias de asientos contables y verificación de obligaciones (como por ejemplo, cálculos de IVA, de pagos a proveedores, presupuestos, etc.), con el fin de disponer de datos financieros primarios para su uso en el mantenimiento de los registros contables.","[""comprobar cifras, asientos contables y documentos a fin de confirmar su correcta anotación, su precisión matemática y el uso apropiado de los códigos pertinentes"", ""utilizar computadores equipados con software contables para registrar, almacenar y analizar información"", ""clasificar, registrar y resumir datos numéricos y financieros con el fin de compilar y mantener registros financieros, utilizando el libro diario, libro mayor o computadores"", ""calcular, preparar y emitir relaciones de gastos, facturas, estados de cuentas y otros documentos financieros con arreglo a los procedimientos establecidos"", ""compilar informes y cuadros estadísticos, financieros, contables o de auditoría relativa a diversas materias, como por ejemplo, ingresos en efectivo, gastos, cuentas por pagar y por cobrar, beneficios y pérdidas""]"
4312,"Los auxiliares y ayudantes de servicios estadísticos, financieros y de seguros obtienen, compilan y calculan datos estadísticos o llevan a cabo tareas de rutina relacionadas con las operaciones de entidades de seguros, bancos y otros establecimientos financieros. Generalmente el personal de este grupo primario, mantiene poco contacto con los clientes.","[""procesar contrataciones de seguros, anulaciones, trámites relativos a declaraciones de siniestros, modificaciones en las pólizas y pagos"", ""obtener y compilar datos estadísticos a partir de fuentes de información ordinarias o fuentes especiales"", ""calcular totales, promedios, porcentajes y otros detalles y presentarlos en forma de cuadros"", ""preparar documentos financieros y calcular intereses o corretajes y derechos de timbre"", ""mantener registros de obligaciones, acciones y otros valores comprados o vendidos por cuenta de clientes o del empleador""]"
4313,"Los empleados encargados de las nóminas o registros de remuneraciones recopilan, verifican y procesan la información relativa a las nóminas y calculan los pagos y derechos a prestación de los trabajadores de un departamento, una empresa u otro establecimiento.","[""mantener registros de asistencia, permisos y horas extraordinarias de los trabajadores, con el fin de calcular la remuneración y los derechos a prestaciones utilizando sistemas manuales o informatizados"", ""preparar y verificar las declaraciones de ingresos establecidas para los empleados, indicando los sueldos brutos y netos y deducciones tales como las relativas a impuestos, cuotas sindicales, embargos judiciales y planes de seguros y de pensiones"", ""preparar los pagos y el abono de prestaciones a los trabajadores mediante cheque o transferencia electrónica"", ""revisar las fichas horarias, gráficos de trabajo, cálculos de salarios y otras fuentes de información para detectar y conciliar discrepancias en las nóminas de pago"", ""verificar las fichas de asistencia al trabajo, las horas trabajadas y los ajustes de la remuneración, y anotar los datos pertinentes en los registros previstos a tal efecto""]"
4321,"Los empleados encargados del control de abastecimiento e inventario mantienen un registro de los bienes producidos y de los materiales de producción recibidos, pesados, distribuidos, expedidos o incorporados a las existencias.","[""organizar y controlar la recepción y el despacho o entrega de bienes y todo tipo de materiales, y mantener los registros pertinentes"", ""llevar el inventario de las existencias, verificar la distribución de bienes y materiales, evaluar las necesidades y cursar solicitudes de reposición de las existencias"", ""recibir, almacenar y entregar herramientas, piezas de recambio y todo tipo de materiales o equipos diversos, y mantener los registros pertinentes"", ""pesar los bienes recibidos o producidos, o destinados a ser distribuidos, despachados o entregados, y mantener los registros pertinentes"", ""establecer inventarios de los muebles y de otros efectos que deban almacenarse""]"
4322,"Los empleados de cálculo de los insumos y materiales para la producción calculan las cantidades de los diversos materiales que se necesitan en fechas específicas para llevar a cabo los programas de fabricación, construcción u otros programas de producción similares, y preparan y verifican los calendarios de operación y producción.","[""calcular la cantidad, calidad y tipo de los materiales necesarios para llevar a cabo los programas de producción"", ""preparar listas de los materiales necesarios, asegurarse que los materiales estarán disponibles cuando se los necesite y mantener los registros pertinentes"", ""preparar o ayudar a preparar los calendarios de operación y producción sobre la base de los pedidos de los clientes, y de la capacidad de producción y rendimiento"", ""verificar las existencias, programar las entregas de los materiales pedidos e investigar las causas de los retrasos que se produzcan"", ""registrar y coordinar el flujo de trabajo y de materiales entre departamentos""]"
4323,"Los empleados de servicios de transporte mantienen registros de los aspectos operativos de este sector de actividad y coordinan los calendarios y horarios del transporte de pasajeros y de carga por tren, por carretera y por vía aérea, y preparan informes para sus directivos.","[""mantener registros de los aspectos operativos del sector del transporte y coordinar los calendarios y horarios del transporte de pasajeros y de carga"", ""dirigir el movimiento de los trenes dentro de un tramo o zona de una red ferroviaria y mantener los registros pertinentes"", ""dirigir y controlar la manipulación de carga en una estación de ferrocarril y mantener los registros pertinentes"", ""coordinar y mantener registros de las actividades de explotación del transporte por carretera, tales como la asignación de vehículos y conductores y la organización de sus calendarios y horarios de trabajo, la carga y descarga de dichos vehículos, registros de velocidad y el almacenamiento de los productos en tránsito"", ""coordinar y mantener registros de las actividades de explotación del transporte aéreo de pasajeros y de carga, tales como el establecimiento de listas de pasajeros y de los manifiestos de carga"", ""preparar informes destinados a sus directivos""]"
4411,"Los asistentes y ayudantes de bibliotecas prestan los materiales disponibles en las bibliotecas, reciben otros fondos bibliotecarios, clasifican y ordenan en estanterías libros, grabaciones de sonido y de imagen, publicaciones periódicas, diarios, revistas y boletines, y proporcionan información general sobre las bibliotecas a sus usuarios.","[""prestar y recibir libros y otros materiales de las bibliotecas"", ""colocar en estanterías los libros y otros materiales de las bibliotecas"", ""llevar a cabo actividades administrativas de las bibliotecas, como el registro manual o electrónico de las obras y otros materiales de sus fondos, el procesamiento de textos y, ocasionalmente, trabajos de tipeo"", ""mantener las suscripciones a publicaciones periódicas"", ""ayudar a los usuarios a disponer de los materiales básicos de las bibliotecas y a realizar préstamos interbibliotecarios"", ""mantener los registros bibliotecarios relativos a la adquisición, préstamo y devolución de libros y otros materiales""]"
4412,"Los carteros y empleados de servicios de correos y encomiendas realizan tareas de clasificación, registro y entrega de correspondencia y desempeñan otras funciones relacionadas con los servicios postales de las oficinas de correos, encomiendas o de entidades similares y con la circulación de correspondencia desde o dentro de un establecimiento.","[""ocuparse del despacho y la recepción de correspondencia en oficinas públicas de correo o en entidades privadas de distribución"", ""clasificar y distribuir correspondencia a domicilios privadas y empresas"", ""proporcionar resguardos de entrega a los clientes que los soliciten"", ""clasificar y mantener registros sencillos de la correspondencia de entrada y salida, y expedir la correspondencia saliente en distintos tipos de establecimientos""]"
4413,"Los codificadores de datos y correctores de pruebas de imprenta transcriben y codifican información, verifican y corrigen pruebas, realizan varias y diversas tareas de oficina.","[""transcribir y codificar información de acuerdo con los códigos establecidos, a efectos de su tratamiento informatizado"", ""comparar el material que será impreso con su versión original, corregir errores y marcar textos para ser impresos de acuerdo con las reglas establecidas"", ""clasificar formularios y marcarlos con números de identificación"", ""clasificar documentos para su archivo o para cotejar conjuntos de páginas"", ""escribir direcciones a mano en circulares y sobres""]"
4414,Los escribientes públicos escriben cartas y completan formularios por cuenta de personas que no saben leer ni escribir.,"[""leer cartas y otros documentos o escritos a personas que no saben leer ni escribir, ayudarles a interpretar y comprender lo leído y aportarles información pertinente"", ""escribir cartas y completar formularios por cuenta de otras personas"", ""ofrecer asesoramiento a las personas y ayudarles a interpretar, comprender y completar formularios de las autoridades estatales y otros documentos oficiales""]"
4415,"Los empleados administrativos de archivos se encargan de archivar correspondencia, tarjetas, facturas, recibos y otros materiales por orden alfabético, numérico o con arreglo a los criterios del sistema de archivo utilizado. Además, localizan y eliminan elementos de los archivos conforme se les solicite, fotocopian y escanean documentos y los envían por fax.","[""ordenar y clasificar materiales de archivo en función de pautas relativas a su contenido o su finalidad, de criterios relativos a los usuarios o por orden cronológico, alfabético o numérico"", ""archivar material en cajones, armarios y cajas de almacenamiento"", ""localizar y eliminar elementos de los archivos conforme se les solicite"", ""mantener registros de los materiales archivados y los materiales eliminados"", ""fotocopiar y escanear documentos y enviarlos por correo electrónico""]"
4416,"Los empleados y asistentes de recursos humanos mantienen y actualizan los registros de personal, como los que contienen información sobre transferencias y promociones, evaluaciones de desempeño, permisos utilizados y acumulados, salarios, calificaciones y formación.","[""actualizar la información sobre el historial de empleo, sueldos, evaluaciones de desempeño, calificaciones y formación, permisos utilizados y acumulados"", ""crear registros para los trabajadores recién contratados y verificar que la información incorporada esté completa"", ""tramitar solicitudes de empleo y de promoción, y comunicar los resultados a los solicitantes"", ""recibir consultas sobre condiciones de empleo y derechos a prestaciones, y darles respuesta"", ""enviar formularios de solicitud de empleo, y publicar anuncios de puestos vacantes y convocatorias a examen para candidatos"", ""mantener y actualizar sistemas de archivo y registros manuales e informatizados, compilar y preparar informes y documentos sobre las actividades relativas al personal"", ""almacenar y previa solicitud, recuperar archivos y registros de personal. Se clasifican las siguientes ocupaciones: •• Asistente de recursos humanos. •• Auxiliar de recursos humanos. •• Empleado administrativo de recursos humanos""]"
4419,"El otro personal de apoyo administrativo no clasificado previamente, realiza entre otras tareas, elaboración de resúmenes de prensa, suscripciones, publicaciones, etc.","[""recibir pedidos de clientes sobre la inserción de anuncios clasificados, redactar y editar anuncios publicitarios, calcular tarifas de publicidad y facturar a los clientes"", ""redactar respuestas a solicitudes de información y asistencia, a reclamaciones de indemnización por daños y perjuicios, a consultas en cuanto a crédito y facturación, y a quejas sobre prestación de servicios"", ""ayudar a preparar la publicación de periódicos, anuncios, catálogos, directorios y otros materiales"", ""leer periódicos, revistas, comunicados de prensa y otras publicaciones con el fin de localizar, recortar y archivar artículos de interés para el personal y los clientes""]"
5111,"Los auxiliares de servicio a bordo de aeronaves y barcos velan por la comodidad y la seguridad de los pasajeros, sirven comidas, bebidas y prestan servicios personales. También pueden planificar y coordinar la limpieza y mantenimiento de las instalaciones y las actividades sociales a bordo de los buques.","[""acoger y saludar a los pasajeros que suben a bordo de las aeronaves o buques, comprobar sus pasajes o tarjetas de embarque y dirigirlos hacia sus asientos o camarotes"", ""hacer anuncios, explicar y hacer demostraciones de los procedimientos de seguridad y emergencia, como el uso de las mascarillas de oxígeno, cinturones de seguridad y chalecos salvavidas"", ""disponer y servir las comidas preparadas y bebidas"", ""vender artículos libres de impuestos y otros productos"", ""atender las necesidades generales y la comodidad de los pasajeros, contestar sus preguntas y asegurar la limpieza y el orden de las cabinas"", ""orientar y ayudar a los pasajeros y seguir los procedimientos prescritos en caso de emergencia, como la evacuación de una aeronave tras un aterrizaje de emergencia"", ""verificar que los botiquines de primeros auxilios y demás equipos de emergencia estén en condiciones de funcionar"", ""prestar primeros auxilios a los pasajeros que los necesiten"", ""asistir a las reuniones de información previas a los vuelos en las que se describen las condiciones atmosféricas, altitudes de vuelo, rutas, procedimientos de emergencia, modalidades de coordinación de la tripulación, duración del vuelo, bebidas y alimentos previstos y número de pasajeros"", ""preparar a los pasajeros y las aeronaves para el despegue y el aterrizaje"", ""determinar las necesidades especiales de asistencia de pasajeros como los niños pequeños, adultos mayores y otras personas con necesidades diferentes""]"
5112,"Los revisores y cobradores de los transportes públicos controlan o emiten pasajes y velan por la seguridad y comodidad de los pasajeros en trenes, tranvías, buses y otros vehículos de transporte público.","[""recoger y emitir pasajes y comprobar la validez de los que se han emitido previamente"", ""atender los coches-cama y a sus ocupantes en los trenes de pasajeros"", ""prestar ayuda en relación con el embarque, los asientos y el equipaje, según sea necesario, especialmente a adultos mayores, enfermos y personas que requieran asistencia"", ""abrir y cerrar las puertas a los pasajeros"", ""realizar controles de seguridad de los equipos antes de la salida"", ""hacer señales a los conductores para que se detengan o sigan circulando"", ""acoger a los pasajeros y anunciar las rutas y paradas"", ""asegurar el cumplimiento de las normas de seguridad"", ""responder a las peticiones y quejas de los pasajeros y facilitarles información sobre las paradas y conexiones"", ""adoptar medidas adecuadas en caso de emergencias o accidentes""]"
5113,"Los guías de turismo acompañan a personas o grupos en viajes, visitas turísticas o excursiones y en visitas a lugares de interés, como lugares históricos, establecimientos industriales y parques temáticos. En particular, describen los puntos de interés y facilitan información general sobre aspectos interesantes de los lugares visitados.","[""acompañar y guiar a los turistas en excursiones y visitas turísticas"", ""acompañar a los visitantes en su recorrido de lugares de interés como museos, exposiciones, parques temáticos, fábricas y otros establecimientos industriales"", ""describir aspectos de las atracciones y exposiciones visitadas, facilitar información sobre las mismas y responder a las preguntas de los turistas"", ""realizar actividades educativas para niños en edad escolar"", ""vigilar las actividades de los visitantes para asegurar que se cumplan las normas de visita y las prácticas de seguridad de los lugares o establecimientos"", ""acoger y registrar a los pasajeros y participantes en las visitas o excursiones y facilitarles los distintivos de identificación o dispositivos de seguridad necesarios"", ""distribuir folletos, mostrar presentaciones audiovisuales y explicar las modalidades de la visita y las actividades que van a desarrollarse en los lugares turísticos o establecimientos"", ""velar por la seguridad física de los grupos y realizar actividades como la prestación de primeros auxilios y la conducción de las evacuaciones de emergencia"", ""resolver los problemas que surjan con respecto a los itinerarios turísticos, los servicios previstos o el alojamiento""]"
5120,"Los cocineros planifican, organizan, preparan y cocinan alimentos, aplicando recetas o trabajando bajo la supervisión de los chefs, en hoteles, restaurantes y otros establecimientos que expenden comidas, a bordo de buques, en trenes de pasajeros y en hogares particulares.","[""planificar las comidas, y preparar y cocinar los alimentos necesarios"", ""planificar, supervisar y coordinar el trabajo de los ayudantes de cocina"", ""comprobar la calidad de los alimentos"", ""pesar, medir y mezclar los ingredientes de acuerdo con las recetas y con su criterio personal"", ""regular la temperatura de los hornos, parrillas, asadores y otros aparatos o utensilios de cocina"", ""inspeccionar y limpiar la cocina, los aparatos o utensilios y las zonas de servicio de las comidas, para garantizar que la manipulación de los alimentos se efectúe en condiciones de óptima seguridad e higiene"", ""manejar utensilios de cocina de gran tamaño, como las parrillas, freidoras o planchas""]"
5131,"Los garzones de mesa sirven alimentos y bebidas en las mesas de restaurantes, bares, así como en clubes, comedores y cafeterías de instituciones y a bordo de buques y de trenes de pasajeros.","[""poner las mesas con manteles, cubiertos, vajilla y cristalería limpios"", ""acoger a los clientes y presentarles los menús y las cartas de bebidas"", ""aconsejar a los clientes en la elección de los platos y las bebidas"", ""tomar los pedidos de platos y bebidas y pasarlos al personal de cocina o de la barra"", ""servir los platos y bebidas a los clientes en las mesas"", ""limpiar las mesas y devolver la vajilla y los cubiertos a la cocina"", ""presentar las boletas, recibir los pagos y manejar las máquinas vendedoras y cajas registradoras""]"
5132,"Los bármanes preparan, mezclan y sirven bebidas alcohólicas y no alcohólicas a los clientes, directamente en la barra o a través de los garzones.","[""tomar los pedidos de bebidas del personal de servicio o directamente de los clientes"", ""preparar y servir bebidas alcohólicas y no alcohólicas en la barra"", ""lavar las copas y vasos utilizados, limpiar y mantener las zonas de servicio de la barra, las zonas de preparación de té y café, diversos aparatos y las máquinas expendedoras de bebidas, como las cafeteras exprés"", ""cobrar el precio de las ventas, manejar las cajas registradoras y cuadrar los pagos en efectivo"", ""manipular los barriles de cerveza y conectar los conductos de salida"", ""ayudar a mantener la barra adecuadamente surtida y disponer las botellas, vasos y copas"", ""comprobar los documentos de identidad de los clientes para verificar que tienen la edad legal para consumir bebidas alcohólicas"", ""adoptar medidas para limitar los problemas derivados del consumo excesivo de bebidas alcohólicas, como por ejemplo, convenciendo a los clientes de dejar de beber, denegándoles el servicio y tomando disposiciones para transportarlos a su domicilio"", ""mezclar los ingredientes para preparar cócteles y otras bebidas"", ""servir a los clientes aperitivos y otros alimentos en la barra""]"
5141,"Los peluqueros cortan, peinan, tiñen, alisan u ondulan el cabello de manera permanente, afeitan o recortan el vello facial y aplican tratamientos al cuero cabelludo.","[""cortar, lavar, teñir y ondular el cabello"", ""afeitar o recortar la barba y el bigote"", ""aplicar tratamientos al cuero cabelludo"", ""colocar pelucas de acuerdo con los deseos del cliente"", ""brindar asesoramiento sobre el cuidado del cabello, los productos de belleza y estilos de peinado"", ""peinar con rizos, trenzas y añadir extensiones de cabello"", ""concertar citas y cobrar los servicios"", ""limpiar las zonas de trabajo y esterilizar los instrumentos""]"
5142,"Los cosmetólogos y especialistas en tratamientos de belleza aplican tratamientos de belleza faciales y corporales, cosméticos y maquillaje y prestan cuidados de otro tipo a las personas con el fin de mejorar su apariencia.","[""limpiar el rostro y otras partes del cuerpo y aplicarles cremas, lociones y productos similares"", ""dar masajes faciales y corporales"", ""aplicar maquillaje a los clientes de salones de belleza, actores y otros artistas"", ""limpiar, cortar y pulir las uñas de manos y pies"", ""atender a los clientes que toman baños y aplicarles masajes simples"", ""eliminar el vello corporal utilizando técnicas basadas en la aplicación de cera, el empleo de azúcar y otros medios de depilación"", ""brindar asesoramiento a los clientes sobre dietas y ejercicio para ayudarles a perder peso y adelgazar"", ""concertar citas y cobrar los servicios""]"
5151,"Los supervisores de mantenimiento y limpieza en oficinas, hoteles y otros establecimientos organizan, supervisan y llevan a cabo tareas de limpieza y mantenimiento con el fin de mantener limpios y ordenados los espacios interiores, instalaciones y servicios en los establecimientos citados.","[""contratar, formar, despedir, organizar y supervisar a asistentes, limpiadores y demás personal de mantenimiento"", ""comprar o controlar la compra de suministros"", ""controlar el almacenamiento y la distribución de suministros"", ""velar por el bienestar general y el comportamiento individual en las instituciones donde desarrollan su trabajo"", ""barrer o limpiar con aspiradora, lavar y encerar los suelos, muebles y otros enseres, en caso de ser necesario"", ""hacer las camas, limpiar los cuartos de baño y suministrar toallas, jabón y artículos similares en caso de ser necesario"", ""limpiar las cocinas y, en general, ayudar con el trabajo de cocina, incluyendo el lavado de la vajilla en caso de ser necesario"", ""reponer el contenido de los minibares, y sustituir artículos como vasos y similares""]"
5152,"de alojamiento Las amas de llaves, mayordomos domésticos y dueños - administradores de pequeños establecimientos de alojamiento organizan, supervisan y llevan a cabo funciones de limpieza, mantenimiento y orden en casas particulares y pequeños establecimientos de alojamiento, con o sin el apoyo de personal subordinado.","[""supervisar a los trabajadores empleados en hogares como personal doméstico"", ""comprar o controlar la compra de suministros"", ""controlar el almacenamiento y la distribución de suministros"", ""prestar ayuda en casos de lesiones o enfermedades leves, realizando tareas como tomar la temperatura, dispensar medicamentos o aplicar vendajes"", ""barrer o limpiar con aspiradora, lavar y encerar los suelos, muebles y otros enseres en pequeños establecimientos de alojamiento"", ""hacer las camas, limpiar los cuartos de baño y suministrar toallas, jabón y artículos similares en pequeños establecimientos de alojamiento"", ""cuidar de animales domésticos y plantas, recibir a visitantes, atender el teléfono, entregar mensajes y comprar provisiones"", ""preparar y cocinar las comidas, poner y recoger la mesa y servir alimentos y bebidas"", ""limpiar las cocinas y, en general, ayudar con el trabajo de cocina, incluyendo el lavado de la vajilla""]"
5153,"Los conserjes se encargan de custodiar inmuebles de departamentos, hoteles, oficinas, iglesias y otros edificios, así como de mantenerlos limpios y en orden. También pueden supervisar a otros trabajadores o contratistas, en función del tamaño y la naturaleza del edificio.","[""supervisar el trabajo de limpieza, orden y mantenimiento realizado por el personal encargado de esas tareas y por contratistas"", ""participar en labores de limpieza, reparaciones sencillas y mantenimiento del interior de los edificios"", ""ocuparse de que los calentadores y calderas funcionen correctamente para asegurar el suministro de calefacción y de agua caliente"", ""velar por que el comportamiento de los arrendatarios y visitantes sea conforme con las normas sobre temas como ruidos molestos y el uso de los espacios comunes"", ""prestar pequeños servicios a los arrendatarios ausentes, como por ejemplo, recibir paquetes u otros objetos en su nombre o proporcionar determinada información a quienes llamen a dichos arrendatarios durante su ausencia"", ""informar a los administradores y propietarios de los edificios acerca de la necesidad de efectuar reparaciones importantes"", ""recorrer los edificios para asegurar que no haya problemas de seguridad"", ""completar hojas de registro y proporcionar a los arrendatarios copias de los reglamentos del inmueble""]"
5161,"Los astrólogos y adivinadores reconstituyen el pasado y vaticinan el porvenir de las personas por medio de la astrología, la cartomancia, la quiromancia u otras técnicas.

Entre sus actividades se incluyen:

a. determinar el horóscopo de las personas en la fecha de su nacimiento o con posterioridad, a fin de reconstituir aspectos de su pasado y predecir el porvenir y la futura evolución de su existencia (astrología); b. leer e interpretar las características de las líneas de la palma de las manos (quiromancia) e interpretar la disposición de naipes echados al azar (cartomancia), la posición de hojas de té o los restos de café en el fondo de tazas, etc.; c. hacer previsiones de eventos futuros sobre la base de tales interpretaciones; d. determinar el momento más propicio para emprender determinadas actividades o actos, como inauguraciones, matrimonios, viajes, ceremonias religiosas y de otra índole; e. dar advertencias y consejos sobre posibles medidas de acción; f. brindar asesoramiento a las personas acerca de las precauciones que deben tomar para evitar malas influencias.",[]
5162,"Los acompañantes brindan compañía a sus clientes o empleadores y atienden diversas necesidades personales de éstos, como por ejemplo, acompañar a pagar cuentas o ir al supermercado.","[""brindar compañía a sus empleadores en el curso de sus visitas a distintos lugares, y también leyéndoles en voz alta, manteniendo conversaciones o participando con ellos en diversas actividades, como el deporte"", ""ayudar a entretener a los visitantes que acudan a la casa del empleador"", ""mantener en orden y buen estado la ropa y los efectos personales del empleador""]"
5163,El personal de pompas fúnebres y embalsamadores organiza las exequias y realiza diversas tareas relacionadas con el tratamiento de los cadáveres humanos.,"[""organizar y dirigir funerales, incineraciones y sepelios"", ""embalsamar cuerpos humanos para retardar o detener el proceso de putrefacción"", ""cumplir las normas de salud e higiene y asegurar que se cumplan los requisitos legales sobre embalsamamiento"", ""practicar incisiones en diversas partes de los cadáveres y cerrarlas, y reconstruir los cadáveres desfigurados o mutilados, según sea necesario"", ""vestir a los cadáveres y colocarlos en ataúdes"", ""realizar entrevistas para organizar la preparación de los avisos fúnebres, para ayudar a seleccionar ataúdes o urnas, y para determinar el lugar y la hora de los sepelios o cremaciones""]"
5164,"Los cuidadores de animales alimentan, manejan, adiestran y asean animales y prestan ayuda a los veterinarios y técnicos en sanidad animal en centros veterinarios, refugios de animales, criaderos de perros, guarderías caninas, parques zoológicos, laboratorios, escuelas de equitación, centros de adiestramiento canino, salones de aseo de animales y establecimientos similares.","[""bañar y alimentar animales"", ""conducir o transportar a los animales hasta la sala de atención y sujetarlos durante el tratamiento"", ""limpiar y esterilizar el instrumental quirúrgico utilizado en medicina veterinaria"", ""etiquetar medicamentos, sustancias y productos químicos y preparados farmacéuticos y reponer las existencias"", ""esterilizar frascos, vasos de precipitado y otros instrumentos"", ""limpiar, organizar y desinfectar los alojamientos de animales, como gallineros, establos, jaulas y corrales, así como las sillas de montar, riendas, bridas y otros aparejos"", ""reunir y registrar información sobre los animales, tales como su peso, tamaño, estado físico, tratamientos aplicados, medicamentos administrados e ingesta alimentaria"", ""adiestrar animales para que desarrollen y mantengan comportamientos deseados en actividades tales como competiciones, excursiones, monta y otros similares, en particular con respecto a obediencia y seguridad"", ""asear animales, como por ejemplo, lavándolos, cepillándolos, esquilándolos, recortándoles el pelaje, cortándoles las uñas y limpiándoles las orejas""]"
5165,"Los instructores de manejo enseñan a conducir vehículos de motor, imparten conocimiento teórico de las normas del tránsito, mecánica básica y realizan clases prácticas de conducción.","[""enseñar a los estudiantes en condiciones de conducción reales, explicando y demostrando el funcionamiento de los frenos, el embrague, la selección de marchas, la transmisión automática, las señales y las luces"", ""enseñar a los estudiantes la ley de tránsito"", ""enseñar a los estudiantes las destrezas necesarias para circular en carretera y las normas de seguridad vial"", ""brindar asesoramiento a los estudiantes cuando estén en condiciones de someterse al examen de conducción"", ""enseñar a los estudiantes las técnicas de conducción avanzadas requeridas en situaciones de emergencia y brindarles asesoramiento al respecto"", ""ilustrar y explicar el manejo y el funcionamiento mecánico de los vehículos de motor y las técnicas de conducción utilizando diagramas y medios audiovisuales""]"
5169,"Se incluyen en este grupo primario otros trabajadores de servicios a las personas no clasificados previamente del subgrupo principal 51 “Trabajadores de los servicios a las personas”. Se trata, como por ejemplo, de las personas que prestan servicios y acompañamiento como parejas de baile, acompañantes en actos sociales y acompañantes de club nocturno.","[""acompañar a los clientes a restaurantes y en otras actividades sociales"", ""actuar como parejas de baile"", ""recibir a los clientes a su llegada a clubes nocturnos y otros establecimientos de diversión y asegurar que reciban una atención adecuada""]"
5211,"Los vendedores en quioscos o puestos de feria venden diversos productos en puestos situados al aire libre o cubiertos, en quioscos situados en la calle, ferias libres o en otros espacios abiertos.","[""obtener el permiso necesario para instalar un puesto de venta al público en un lugar determinado de una calle u otro espacio abierto"", ""determinar la combinación de productos que van a venderse, el volumen de las existencias y los niveles de precios"", ""comprar o contratar con mayoristas o directamente con los productores un suministro regular de los productos que van a venderse"", ""montar y desmontar quioscos o puestos de venta, y transportar, almacenar, cargar y descargar los productos para la venta"", ""hacer demostraciones de los productos, venderlas y cobrar el pago de las ventas"", ""apilar y exponer los productos en venta, y embalar y envasar los productos vendidos"", ""llevar la contabilidad y mantener un registro de los niveles de existencias""]"
5212,"Los vendedores ambulantes de productos comestibles de consumo inmediato (elaboración propia) preparan y venden comidas calientes o frías y bebidas para consumo inmediato (como por ejemplo, carritos de sopaipillas, empanadas, mote con huesillo, entre otros, incluyendo los food trucks) en la calle o en lugares públicos como parques y plazas, o sólo venden alimentos previamente preparados.","[""obtener alimentos y bebidas para venderlos"", ""preparar, con anterioridad o en el mismo lugar de comercialización, los alimentos y bebidas destinados a la venta"", ""cargar y descargar productos, y conducir camionetas, empujar carros de mano, pedalear bicicletas, triciclos o transportar bandejas o cestas cargadas con alimentos y bebidas hasta los puntos de venta en la calle o en lugares públicos como parques y plazas"", ""exponer y vender alimentos y bebidas y cobrar el pago de las ventas"", ""obtener un permiso o, cuando se requiera, una licencia para vender alimentos y bebidas en la calle o en un lugar público""]"
5221,"Los comerciantes y dueños - operadores de locales comerciales, tiendas, almacenes y mercados explotan pequeños establecimientos de venta al por menor, ya sea por sí solos o con la ayuda de un pequeño número de personas.","[""determinar la combinación de productos que van a venderse, el volumen de las existencias y los niveles de precios"", ""cursar pedidos de los productos destinadas a la venta y comprarlos, tanto en mercados como a comerciantes mayoristas y otros proveedores"", ""elaborar presupuestos y mantener registros de los niveles de los productos existentes y las transacciones financieras"", ""determinar los precios de los productos y exponerlos para su venta"", ""vender productos a los clientes y prestarles asesoramiento sobre su uso"", ""examinar los productos devueltos por los clientes y decidir los pasos apropiados al respecto"", ""hacer el inventario de los productos en existencias""]"
5222,"Los supervisores de locales comerciales, tiendas y almacenes supervisan y coordinan las actividades de los vendedores y asistentes de venta de tiendas, almacenes y puestos de mercado, los operadores de cajas registradoras y otros trabajadores empleados en establecimientos de comercio al por mayor y al por menor, tales como supermercados y multitiendas.","[""planificar y preparar los horarios de trabajo y asignar personal a tareas específicas"", ""instruir al personal sobre los procedimientos de venta, incluido el modo de tratar casos difíciles o complejos"", ""asegurar que los clientes reciban un servicio rápido"", ""prestar asesoramiento a los directivos y participar con ellos en las tareas de realización de entrevistas, contratación, formación, evaluación, promoción y despido del personal, y resolver sus problemáticas"", ""examinar los productos devueltos por los clientes y decidir los pasos apropiados al respecto"", ""hacer el inventario de los productos para la venta y cursar pedidos para reponer las existencias"", ""asegurar que los productos se expongan adecuadamente y que se les asigne el precio correcto"", ""cerciorarse de que se cumplan los procedimientos de seguridad""]"
5223,"Los vendedores y asistentes de venta de tiendas, almacenes y puestos de mercado venden diversos productos y servicios directamente al público o en representación de establecimientos de venta al por mayor o al por menor, y explican a los clientes las funciones y cualidades de dichos productos y servicios.","[""determinar cuáles son las necesidades de los clientes y brindarles asesoramiento sobre la gama de productos propuestas, su precio, condiciones de entrega, garantías, uso y cuidados"", ""explicar a los clientes las características de los productos y servicios propuestos y hacer demostraciones pertinentes"", ""vender productos y servicios, cobrar las ventas utilizando distintos métodos de pago, preparar facturas y registrar las ventas en cajas registradoras"", ""ayudar en las actividades de la gestión cotidiana de las existencias, como los inventarios o el control periódico de los productos según tipo"", ""apilar y exponer los productos en venta, y embalar y envasar los productos vendidos""]"
5230,"Los vendedores de entradas (entretenciones y eventos deportivos) y cajeros de comercio manejan cajas registradoras, escáneres de lectura de precios, computadores u otros equipos para registrar y cobrar pagos por la venta de bienes y servicios en lugares como tiendas o restaurantes y de entradas en los puntos de venta previstos a tal efecto.","[""cobrar y verificar los pagos en efectivo, con cheque, tarjeta de crédito o débito en tiendas, puntos de venta de entradas o en establecimientos similares"", ""devolver el cambio y entregar comprobantes de compra"", ""vender entradas para asistir a eventos deportivos o culturales"", ""contar y registrar el dinero recibido o desembolsado y cuadrarlo con las ventas anotadas en las cajas registradoras"", ""recibir pagos en efectivo, revisar los comprobantes de compra u otros documentos y preparar el efectivo en caja para su depósito en el banco"", ""utilizar las cajas registradoras para calcular lo que ha de cobrarse o devolverse a los clientes"", ""pesar los productos o escanear los códigos de barras y registrar los precios"", ""envolver los productos y colocarlas en bolsas""]"
5241,"Los modelos de moda, arte y publicidad lucen y presentan prendas de vestir y accesorios o actúan como modelos para sesiones de fotografía, cine y video, posan para anuncios de publicidad o actúan en estos, y sirven de modelo para fotografía artística y otras creaciones.","[""vestirse con ropas y accesorios de última moda, de estilos contemporáneos o de los estilos que desee el cliente"", ""caminar, girar sobre sí y adoptar determinadas poses y movimientos que den máximo realce al estilo y las características de las prendas de vestir, accesorios de moda y otros productos presentados"", ""servir de modelo para escultores, pintores y otros creadores de artes visuales"", ""servir de modelo para fotografías destinadas a su publicación en revistas y otros medios publicitarios"", ""servir de modelo para anuncios publicitarios en televisión, video y cine, y para otras producciones""]"
5242,"Los promotores de tiendas hacen demostraciones de productos en locales comerciales, exposiciones y hogares particulares.","[""exponer artículos en venta y organizar demostraciones para informar a los clientes acerca de sus características y modalidades de uso, suscitando al mismo tiempo su interés y deseo de comprar"", ""responder a las preguntas que se les hagan y brindar asesoramiento sobre el uso de los productos"", ""vender productos o remitir a los clientes al personal de ventas"", ""tomar pedidos y disponer lo necesario para el pago y la entrega o recogida de los productos"", ""ofrecer muestras de productos y distribuir catálogos y material publicitario""]"
5243,"Los representantes de ventas de puerta a puerta (venta a hogares) describen productos y servicios, hacen demostraciones y los venden; además, tratan de conseguir pedidos para la empresa que representan tomando contacto con posibles clientes o visitándolos, generalmente en sus domicilios particulares, en recorridos de puerta a puerta.","[""dar información detallada de diversos productos y servicios y de las condiciones de venta, visitando a clientes y posibles clientes en sus domicilios particulares"", ""describir los productos y servicios propuestos o hacer demostraciones pertinentes"", ""registrar los pedidos y transacciones y remitir los pedidos al proveedor"", ""preparar facturas y contratos de venta y cobrar el precio"", ""enviar a los clientes cartas, folletos informativos y otros documentos"", ""compilar listas de posibles clientes y llamarlos por teléfono para conseguir nuevas ventas"", ""recorrer las distintas zonas de venta y desplazarse de un cliente a otro llevando muestras o productos para la venta""]"
5244,"Los vendedores por internet y otros medios de comunicación mantienen contactos con clientes o posibles clientes, usando el teléfono, internet u otro medio de comunicación electrónico para promover todo tipo de productos y servicios, hacer ventas y concertar visitas. Pueden trabajar a partir de un centro de llamadas telefónicas (call center de venta) o desde otros establecimientos.","[""promover productos y servicios financieros (tarjetas de créditos, aumentos de cupo en tarjetas de crédito), de telecomunicaciones (planes de tv cable, internet, triple pack, entre otros) por teléfono o correo electrónico, ciñéndose a un guion y utilizando datos contenidos en listas de contactos"", ""suscitar interés por los productos y servicios, y esforzarse por realizar las ventas o lograr que los clientes acepten citas con representantes comerciales"", ""disponer la preparación y la entrega o prestación de los productos o los servicios a los clientes, así como el envío de documentos informativos y folletos"", ""concertar citas para los representantes comerciales"", ""tomar notas para asegurar el seguimiento de las gestiones y actualizar las bases de datos comerciales incorporando los cambios en la situación de los distintos clientes"", ""informar a los directivos acerca de las actividades de las empresas competidoras y de los temas planteados por los clientes contactados"", ""mantener estadísticas de las llamadas realizadas y de las operaciones exitosas"", ""presentar informes periódicos de las actividades de mercadeo por medios electrónicos y sus resultados""]"
5245,"Los bomberos de gasolineras venden combustibles, lubricantes y otros productos para vehículos automotrices y prestan servicios de abastecimiento de dichos combustibles, así como de limpieza, engrase y pequeñas reparaciones en vehículos de motor.","[""llenar los depósitos de combustible y contenedores hasta el nivel especificado por los clientes"", ""comprobar y reponer la presión de aire de los neumáticos, el aceite y otros niveles de líquido de los vehículos"", ""lavar los parabrisas y ventanillas de los vehículos"", ""llevar a cabo pequeñas reparaciones en los vehículos, como el cambio de neumáticos, luces eléctricas y limpiaparabrisas"", ""mantener y manejar las instalaciones de lavado automático de vehículos"", ""cobrar a los clientes las compras realizadas"", ""limpiar las bombas de despacho de combustible (surtidores), las vías de acceso, y demás instalaciones"", ""controlar el nivel de las existencias y preparar informes sobre las ventas de combustibles, lubricantes, accesorios y otros artículos""]"
5246,"Los vendedores de comida al mostrador atienden a los clientes en mostradores, y se ocupan de la preparación final de productos de alimentación simples en restaurantes, cafeterías, hoteles, establecimientos de comida rápida, hospitales y otros lugares.","[""servir alimentos a los clientes en el mostrador"", ""confirmar con los clientes los productos que éstos desean, ayudarles a elegir y tomar sus pedidos"", ""limpiar, pelar, cortar y adornar productos alimenticios con utensilios manuales y eléctricos"", ""preparar comidas simples y calentar platos preparados"", ""preparar las porciones y envolver las comidas o servirlas directamente en platos a los clientes"", ""envasar los alimentos para llevar"", ""reponer productos en los refrigeradores, mostrador o barra de ensaladas y mostrador de autoservicio o buffet, y mantener registros de las cantidades de alimentos empleados"", ""recibir pago por los alimentos consumidos o comprados por los clientes""]"
5249,Se incluyen en este grupo primario los otros trabajadores de ventas no clasificados previamente del subgrupo principal 52 “Vendedores”.,[]
5311,domicilio”.,[]
5312,"Los asistentes de aula e inspectores de patio realizan actividades no docentes de ayuda a los maestros, y cuidan y supervisan a los niños en centros escolares.","[""hacer demostraciones de actividades orientadas a potenciar el desarrollo físico, social, emocional e intelectual de los niños en el marco de centros escolares, supervisar dichas actividades y participar en ellas"", ""preparar áreas en el interior y exterior de los establecimientos para llevar a cabo actividades recreativas y de aprendizaje"", ""ayudar en sus estudios a los niños que tienen dificultades de aprendizaje intelectuales, físicas, de comportamiento y de otra índole"", ""apoyar individualmente a los niños en su aprendizaje de habilidades sociales"", ""ayudar a preparar materiales didácticos, y copiar, recopilar y ordenar otros materiales escritos e impresos"", ""manejar equipos audiovisuales, computadores y otros medios didácticos"", ""distribuir material para las clases y recogerlo posteriormente"", ""supervisar y cuidar a los niños en horarios de recreos, atender portería de establecimientos escolares, recibir a los apoderados de los niños""]"
5321,"Los trabajadores de los cuidados personales en instituciones brindan atención personal y asistencia directa en el desarrollo de las actividades cotidianas de los pacientes y residentes en diversos entornos de atención de personas, centros geriátricos, centros de rehabilitación y residenciales para adultos mayores. Por lo general, se ocupan de aplicar los planes de atención y prácticas establecidas, bajo la supervisión directa de médicos, enfermeros u otros profesionales de la salud.","[""brindar atención, apoyo y tratamiento a los pacientes y residentes de instituciones de rehabilitación y residencias especializadas, en conformidad con los planes de tratamiento establecidos por médicos, personal de enfermería y otros profesionales de la salud"", ""atender las necesidades de cuidado personal de los pacientes sobre aspectos como la higiene personal, la alimentación, el vestuario, la movilidad y el ejercicio físico, la comunicación, la ingesta de medicamentos por vía oral y el cambio de vendajes"", ""adecuar la posición de los pacientes, alzarlos, girarlos y transportarlos en sillas de ruedas o en camas movibles"", ""mantener en buenas condiciones la higiene ambiental de los pacientes, velando por aspectos como la limpieza de sus habitaciones y el cambio de la ropa de cama"", ""administrar masajes y otros medios no farmacológicos para aliviar el dolor"", ""observar el estado de los pacientes, sus respuestas y sus cambios de comportamiento, y comunicar la información a un profesional de la salud""]"
5322,"Los trabajadores de los cuidados personales a domicilio prestan cuidados individuales y ayuda de carácter rutinario en relación con el desarrollo de las actividades cotidianas de las personas que requieren de este tipo de asistencia, debido a los efectos del envejecimiento, así como de enfermedades, lesiones u otras dolencias físicas o mentales; dichos cuidados se brindan en casas particulares y en otras unidades residenciales independientes.","[""atender las necesidades de cuidado personal y terapéutico sobre aspectos tales como la higiene personal, la alimentación, el vestuario, la movilidad y el ejercicio físico, la comunicación, la ingestión de medicamentos por vía oral y el cambio de vendajes, por lo general en conformidad con los planes de tratamiento establecidos por un profesional de la salud"", ""mantener registros de la atención brindada, los cambios en su estado y su reacción a los cuidados y tratamientos recibidos, y dar cuenta de aspectos preocupantes o derivar a los clientes a un profesional de la salud o de los servicios sociales"", ""adecuar la posición de los clientes que tienen dificultades de movilidad física, alzarlos y ayudar a transportarlos en sillas de ruedas y vehículos de motor"", ""proporcionar a los clientes y sus familias apoyo emocional, información y asesoramiento sobre temas como la nutrición, la higiene, el ejercicio físico, el cuidado de los niños o la adaptación a la discapacidad o la enfermedad"", ""mantener en buenas condiciones la higiene ambiental de los clientes, velando por aspectos como el cambio de la ropa de cama, el lavado de las ropas personales y la vajilla, y la limpieza de sus habitaciones y demás espacios de alojamiento"", ""brindar apoyo emocional a los clientes, como por ejemplo, conversando con ellos o leyéndoles en voz alta"", ""planificar, comprar, preparar o servir comidas que satisfagan las necesidades nutricionales de los clientes y las dietas que se hayan prescrito"", ""brindar apoyo a los padres y cuidar de los neonatos en el período de postparto"", ""concertar citas para los clientes con médicos y otros profesionales de la salud, y acompañarlos a tales citas o realizar otros encargos""]"
5329,"mente Se incluyen en este grupo primario otros trabajadores de los cuidados personales en instituciones y a domicilio no clasificados previamente del subgrupo 532 “Trabajadores de los cuidados personales en instituciones y a domicilio”. Se trata, como por ejemplo, de los practicantes de terapias complementarias no reguladas por la autoridad sanitaria.","[""examinar a los pacientes y entrevistarlos para determinar su estado de salud y la naturaleza de sus enfermedades o trastornos físicos o mentales o de otras dolencias"", ""aplicar terapias complementarias tales como biomagnetismo, reiki, flores de Bach, entre otras, y asesorar u orientar al paciente con medidas de mejoras con respecto a su tratamiento"", ""derivar a los pacientes a otros profesionales de la salud con el fin de asegurar que reciban tratamientos y cuidados completos, e intercambiar información entre ambos"", ""Llevar registros de la historia clínica de los pacientes con antecedentes de la evaluación, las atenciones prestadas y los resultados de las mismas""]"
5411,"Los bomberos previenen, combaten y extinguen incendios, prestan asistencia en otras emergencias, protegen vidas y bienes y llevan a cabo actividades de rescate.","[""responder a las alarmas de incendio y a otras llamadas de ayuda, como por ejemplo, en casos de accidentes de automóvil o siniestros industriales, de amenazas de atentado con bomba y otras emergencias"", ""controlar y extinguir incendios empleando equipos manuales, motorizados y productos químicos de lucha contra incendios"", ""luchar contra tipos específicos de incendios en establecimientos industriales utilizando equipos especiales"", ""rescatar a personas de edificios en llamas y de lugares de accidentes o a quienes se encuentran atrapados en situaciones peligrosas"", ""prevenir o limitar la propagación de sustancias peligrosas en caso de incendio o accidente"", ""informar a la población sobre los medios existentes para prevenir incendios""]"
5412,"Los carabineros mantienen el orden público, patrullan las zonas públicas, hacen respetar las leyes y reglamentos y detienen a presuntos delincuentes.","[""patrullar zonas específicas para mantener el orden público, responder a emergencias, proteger a las personas y los bienes y hacer respetar las leyes y reglamentos"", ""identificar, perseguir y detener a los sospechosos y los autores de actos delictivos"", ""dirigir el tránsito de vehículos e intervenir como representantes de la autoridad en caso de accidente"", ""prestar ayuda de emergencia a las víctimas de accidentes, actos delictivos o catástrofes naturales""]"
5413,"Los gendarmes ejercen funciones de vigilancia y mantenimiento del orden entre los reclusos de prisiones, reformatorios o centros penitenciarios.","[""registrar a los nuevos reclusos en el momento de su ingreso, poner sus valores en custodia, escoltarles hasta sus celdas y encerrarles en ellas"", ""inspeccionar periódicamente las celdas, así como también, examinar y mantener la seguridad de cerraduras, ventanas y puertas"", ""vigilar a los reclusos durante el trabajo, las comidas o los períodos de esparcimiento"", ""observar la conducta de los reclusos para evitar disturbios y fugas"", ""patrullar los recintos de las prisiones para evitar fugas"", ""ayudar a aplicar programas de rehabilitación"", ""escoltar a los reclusos en tránsito y a los que tienen permisos temporales"", ""realizar diversas tareas administrativas, propias de la institución""]"
5414,"Los guardias de seguridad vigilan recintos, viviendas o patrullan para proteger los bienes contra el robo y el vandalismo. Asimismo, controlan el acceso a establecimientos, mantienen el orden y hacen cumplir los reglamentos aplicables a eventos y otras actividades que se desarrollan en lugares públicos o dentro de establecimientos.","[""patrullar por recintos y locales y revisar las ventanas y puertas a fin de prevenir entradas no autorizadas y de detectar signos de posibles intentos de entrada ilícita"", ""controlar el acceso a los establecimientos, supervisar y autorizar la entrada o salida de empleados y visitantes, verificar la identidad de personas y entregar pases de seguridad"", ""circular entre los visitantes, clientes o empleados del establecimiento para mantener el orden, proteger los bienes contra el robo y el vandalismo, y hacer que se respete el reglamento del establecimiento"", ""responder a las alarmas, investigar disturbios y tomar contacto con los superiores, los carabineros o los bomberos, según proceda"", ""recoger sumas de dinero en efectivo y bienes valiosos y garantizar su transporte y entrega en condiciones de seguridad a bancos, cajeros automáticos o establecimientos de venta al por menor""]"
5419,"Se incluyen en este grupo primario otro personal de los servicios de protección no clasificados previamente del subgrupo 541 “Personal de los servicios de protección y seguridad”. Se trata, como por ejemplo, de los socorristas, los guardias de cruce de calle y los agentes de control de animales.","[""patrullar por las playas, balnearios y piscinas para prevenir accidentes y salvar a bañistas en peligro de ahogarse"", ""vigilar el flujo del tráfico vial para localizar puntos seguros a través de los cuales los peatones puedan cruzar las calles"", ""responder a las quejas de los ciudadanos sobre la presencia de animales domésticos, ganado o animales silvestres en la vía pública o sobre otras molestias provocadas por animales, dirigir advertencias y emplazamientos a los propietarios e incautar los animales perdidos, sin hogar o peligrosos"", ""patrullar por las zonas asignadas para hacer que se respeten las normas de circulación"", ""dirigir el tráfico""]"
6111,"Los agricultores y trabajadores calificados de cultivos extensivos planifican, organizan y llevan a cabo las actividades operativas necesarias para el cultivo extensivo y la cosecha de diversos productos agrícolas, como trigo y otros cereales, remolacha, papas y hortalizas, para la venta o distribución regular a compradores mayoristas u organismos de comercialización o la venta en mercados.","[""efectuar el seguimiento de las actividades y condiciones del mercado, determinar las variedades y cantidades de cultivos que se han de planificar y producir, y coordinar dicha producción"", ""preparar la tierra a mano o con máquinas, esparcir fertilizantes y estiércol"", ""seleccionar y sembrar semillas, plantar las plántulas y plantones"", ""mantener los cultivos mediante actividades de labranza, trasplante, poda o aclarado (raleo) de las plantas, y la instalación y explotación de sistemas de riego"", ""controlar malezas, plagas y enfermedades, mediante la aplicación de herbicidas y plaguicidas"", ""cosechar cultivos y destruir los cultivos enfermos o superfluos"", ""inspeccionar, limpiar, clasificar, envasar, almacenar y cargar los cultivos cosechados para la venta o distribución al mercado"", ""cuidar los animales de trabajo y mantener las instalaciones, estructuras y equipamientos agrícolas y los sistemas de abastecimiento de agua"", ""almacenar productos y llevar a cabo algún tipo de procesamiento de los mismos"", ""promover y comercializar los productos, organizar la venta, compra y transporte de productos y suministros, y mantener y evaluar registros de las diversas actividades y transacciones de la explotación"", ""capacitar y supervisar a los trabajadores con respecto a la producción de cultivos, las tareas de mantenimiento y las precauciones que se han de adoptar en materia de seguridad y salud, y contratar o despedir a trabajadores y contratistas""]"
6112,"Los agricultores y trabajadores calificados de plantaciones de árboles y arbustos planifican, organizan y llevan a cabo las operaciones agrícolas necesarias para cultivar árboles y arbustos tales como árboles frutales, árboles de frutos de cáscara, vides, arbustos de bayas, así como para recolectar sus frutos, hojas y savia con la finalidad de venderlos o de distribuirlo regularmente a compradores mayoristas, organismos de comercialización o mercados.","[""efectuar el seguimiento de las actividades y condiciones del mercado, determinar las variedades y cantidades de cultivos que se han de producir, y planificar y coordinar dicha producción"", ""preparar la tierra a mano o con máquinas y esparcir fertilizantes y estiércol"", ""seleccionar y sembrar semillas, plantar las plántulas y plantones"", ""cuidar los cultivos realizando diversas tareas de labranza y de trasplante, poda o aclarado (raleo) de árboles y arbustos, e instalando y explotando sistemas de riego"", ""controlar malezas, plagas y enfermedades, mediante la aplicación de herbicidas y plaguicidas"", ""cuidar árboles o arbustos, recolectar la savia y los frutos, y cosechar los cultivos"", ""inspeccionar, limpiar, clasificar, envasar, almacenar y cargar los cultivos cosechados para la venta o distribución al mercado"", ""cuidar los animales de trabajo y mantener las instalaciones, estructuras y equipamientos agrícolas y los sistemas de abastecimiento de agua"", ""almacenar productos y llevar a cabo algún tipo de procesamiento de los mismos"", ""promover y comercializar los productos, organizar la venta, compra y transporte de productos y suministros, y mantener y evaluar registros de las diversas actividades y transacciones de la explotación"", ""capacitar y supervisar a los trabajadores con respecto a la producción de cultivos, las tareas de mantenimiento y las precauciones que se han de adoptar en materia de seguridad y salud, y contratar o despedir a trabajadores y contratistas""]"
6113,"Los agricultores y trabajadores calificados de huertas, invernaderos, viveros y jardines planifican, organizan y llevan a cabo las operaciones agrícolas necesarias para cultivar y mantener árboles, arbustos, flores y otras plantas en parques y jardines privados, y para producir plántulas, bulbos y semillas o cultivar hortalizas y flores mediante el uso de técnicas de cultivo intensivo, con la finalidad de vender o de distribuir regularmente dichos productos a compradores mayoristas, organismos de comercialización o mercados.","[""efectuar el seguimiento de las actividades y condiciones del mercado, determinar las variedades y cantidades de hortalizas, legumbres y productos de vivero que se han de producir, y planificar y coordinar dicha producción"", ""preparar la tierra para el cultivo, es decir, acondicionar el suelo, nivelar el terreno e instalar y explotar sistemas de riego y de drenaje"", ""plantar árboles, setos vivos, plantas de jardín y césped"", ""podar y recortar árboles, arbustos y setos vivos, instalar soportes y protecciones de plantas, y segar, airear, escarificar, y bordear el césped"", ""instalar en los jardines estructuras y dispositivos tales como senderos o áreas pavimentadas, muros, rocallas, jardineras, estanques y accesorios acuáticos, cobertizos, cercas y vallas"", ""controlar la salud de las plantas y los árboles, identificar y tratar la maleza, plagas y enfermedades y aplicar mantillos orgánicos de protección y fertilizantes"", ""producir plántulas y plantones, bulbos y semillas, y cultivar plantas a partir de semillas o esquejes"", ""cosechar los cultivos e inspeccionar, limpiar, clasificar, envasar, almacenar y cargar los productos cosechados para la venta al mercado"", ""mantener las instalaciones, invernaderos, otras estructuras y equipamientos y los sistemas de abastecimiento de agua"", ""almacenar productos y llevar a cabo algún tipo de procesamiento de los mismos"", ""promover y comercializar los productos, organizar la venta, compra y transporte de productos y suministros, mantener y evaluar registros de las diversas actividades y transacciones de la explotación"", ""capacitar y supervisar a los trabajadores con respecto a las actividades de producción, las tareas de mantenimiento y las precauciones que se han de adoptar en materia de seguridad y salud, y contratar o despedir a trabajadores y contratistas""]"
6114,"Los agricultores y trabajadores calificados de cultivos mixtos planifican, organizan y llevan a cabo las actividades operativas necesarias para el cultivo y la cosecha de determinadas combinaciones de producción agrícola y hortícola extensiva con la plantación de árboles y arbustos y la producción intensiva en huertos, viveros y jardines, para la venta y distribución de sus productos a compradores mayoristas u organismos de comercialización o la venta en mercados.","[""efectuar el seguimiento de las actividades y condiciones del mercado, determinar las variedades y cantidades de cultivos que se han de planificar, producir, y coordinar dicha producción"", ""preparar la tierra a mano o con máquinas, y esparcir fertilizantes y estiércol"", ""seleccionar y sembrar semillas, plantar las plántulas y plantones"", ""mantener los cultivos mediante actividades de labranza, trasplante, poda o aclarado (raleo) de los cultivos, árboles y arbustos y la instalación y explotación de sistemas de riego"", ""cultivar flores y hortalizas aplicando técnicas intensivas"", ""producir plantones, bulbos y semillas"", ""cosechar los cultivos e inspeccionar, limpiar, clasificar, envasar, almacenar y cargar los productos cosechados para la venta al mercado"", ""cuidar los animales de trabajo y mantener las instalaciones, estructuras y equipamientos agrícolas y los sistemas de abastecimiento de agua"", ""almacenar productos y llevar a cabo algún tipo de procesamiento de los mismos"", ""promover y comercializar los productos, organizar la venta, compra y transporte de productos y suministros, mantener y evaluar registros de las diversas actividades y transacciones de la explotación"", ""capacitar y supervisar a los trabajadores con respecto a la producción de cultivos, las tareas de mantenimiento y las precauciones que se han de adoptar en materia de seguridad y salud, y contratar o despedir a trabajadores y contratistas""]"
6121,"Los criadores de ganado planifican, organizan y llevan a cabo las actividades operativas necesarias para reproducir y criar animales domésticos (con excepción de las aves de corral), como ganado vacuno, ovino, porcino, caprino, equino y camélido (llamas y alpacas), con el fin de obtener carne, leche y otros productos lácteos, pieles y lana, o de utilizarlos como animales de trabajo, en actividades deportivas o de esparcimiento, y de vender o expedir dichos productos a compradores mayoristas, organismos de comercialización o mercados.","[""efectuar el seguimiento de las actividades y condiciones del mercado, determinar las variedades y cantidades de animales que se han de producir y planificar y coordinar dicha producción"", ""cultivar y mantener pastos, verificar el suministro de forraje (heno, alfalfa, entre otras) y de agua con el fin de que el ganado tenga niveles de nutrición apropiados y se mantenga en buenas condiciones"", ""efectuar el seguimiento de los animales y examinarlos para detectar enfermedades, lesiones o dolencias, y observar los indicadores de su condición física, como, por ejemplo, la tasa de aumento de peso"", ""asear, marcar, recortar pelo y crines, suministrar medicamentos, castrar y esquilar animales para obtener la lana"", ""conducir el ganado a pastar, a establos y otros recintos o vehículos"", ""ordeñar animales a mano o utilizando ordeñadoras mecánicas"", ""mezclar piensos, aditivos y medicamentos en proporciones prescritas y hacerlos ingerir directamente a los animales o colocarlos en los comederos"", ""realizar tareas relacionadas con la reproducción del ganado, tales como el cruce selectivo y la inseminación artificial, y ayudar a las hembras durante los partos"", ""mantener y limpiar las instalaciones, maquinaria, equipamientos y estructuras de la explotación"", ""sacrificar y desollar animales y prepararlos para el mercado"", ""almacenar productos y llevar a cabo algún tipo de procesamiento de los mismos, en particular de productos lácteos"", ""promover y comercializar productos, organizar la compra, venta y transporte de ganado, productos y suministros, y mantener y evaluar registros de las diversas actividades y transacciones de la explotación"", ""capacitar y supervisar a los trabajadores con respecto a los procedimientos de cuidado de los animales, las tareas de mantenimiento y las precauciones que se han de adoptar en materia de seguridad y salud, y contratar o despedir a trabajadores y contratistas""]"
6122,"Los avicultores y trabajadores calificados de la avicultura planifican, organizan y llevan a cabo las actividades operativas necesarias para la reproducción y cría de pollos, pavos, gansos, patos y otras aves de corral con el fin de obtener carne, huevos y polluelos para la venta o distribución a compradores mayoristas u organismos de comercialización o la venta en mercados.","[""efectuar el seguimiento de las actividades y condiciones del mercado, planificar y coordinar la producción y mantener y evaluar registros de las actividades de la explotación"", ""cultivar y comprar piensos y otros suministros necesarios para que las aves de corral tengan niveles de nutrición apropiados y que se mantengan en buenas condiciones"", ""efectuar el seguimiento de las aves de corral y examinarlas para detectar enfermedades, lesiones o dolencias, y observar los indicadores de su condición física, como, por ejemplo, la tasa de aumento de peso, y eliminar de la bandada a las aves débiles, enfermas o muertas"", ""mezclar piensos y aditivos para piensos y verter la mezcla en los comederos y recipientes de agua"", ""vacunar las aves de corral por medio de la ingestión de agua, la aplicación de inyecciones o el espolvoreado del aire"", ""recoger y almacenar huevos y envasarlos para la venta o distribución al mercado"", ""determinar el sexo de los polluelos y facilitar la procreación, la inseminación artificial y la incubación de los huevos"", ""arrendar o invertir en maquinaria, equipamientos, instalaciones y estructuras para la explotación y asegurar su mantenimiento y limpieza"", ""sacrificar las aves de corral y acondicionarlas para la venta o distribución al mercado"", ""almacenar productos y llevar a cabo algún tipo de procesamiento de los mismos"", ""organizar la venta, compra y transporte de productos y suministros"", ""capacitar y supervisar a los trabajadores con respecto a los procedimientos de producción de aves de corral, las tareas de mantenimiento y las precauciones que se han de adoptar en materia de seguridad y salud, y contratar o despedir a trabajadores y contratistas""]"
6123,"Los trabajadores calificados de la apicultura y la sericultura planifican, organizan y llevan a cabo actividades operativas de cría, cuidado y alimentación de insectos tales como abejas, gusanos de seda y otras especies con el fin de producir miel, cera de abejas, seda y otros productos destinados a su venta o entrega a compradores mayoristas, organismos de comercialización o mercados.","[""efectuar el seguimiento de las actividades y condiciones del mercado, determinar las variedades y cantidades de productos de insectos que se han de producir y planificar y coordinar dicha producción"", ""comprar insectos y cultivar o comprar piensos y otros suministros"", ""reproducir, criar y cuidar insectos y recolectar sus productos"", ""arrendar o invertir en maquinaria, equipamientos, instalaciones o estructuras y asegurar su mantenimiento y limpieza"", ""almacenar productos y llevar a cabo algún tipo de procesamiento de los mismos"", ""organizar la venta, compra y transporte de existencias, productos y suministros, y mantener y evaluar registros de las diversas actividades y transacciones de la explotación"", ""capacitar y supervisar a los trabajadores con respecto a los procedimientos de cuidado de los insectos, las tareas de mantenimiento y las precauciones que se han de adoptar en materia de seguridad y salud, y contratar o despedir a trabajadores y contratistas""]"
6129,"Se incluyen en este grupo primario a los otros criadores y trabajadores calificados de la cría de animales no clasificados previamente del subgrupo 612 “Trabajadores calificados de la cría de animales”. Se trata, por ejemplo, de las personas que se dedican a la reproducción, cría y cuidado de mamíferos no domésticos, animales destinados a la caza, aves distintas de las aves de corral, caracoles, serpientes y otros reptiles, y diversos insectos y otros animales utilizados en pruebas de laboratorio, que se destinan a la venta o la distribución regular a compradores mayoristas, organismos de comercialización, parques zoológicos, circos o mercados.","[""efectuar el seguimiento de las actividades y condiciones del mercado, determinar las variedades y cantidades de animales que se han de producir y planificar y coordinar dicha producción"", ""criar, alimentar y cuidar animales"", ""efectuar el seguimiento de los animales y examinarlos para detectar enfermedades, lesiones o dolencias, y observar los indicadores de su condición física, como, por ejemplo, la tasa de aumento de peso"", ""realizar tareas relacionadas con la reproducción animal, tales como el cruce selectivo y la inseminación artificial, y ayudar a las hembras que tengan dificultades en el parto"", ""arrendar o invertir en maquinaria, equipamientos, instalaciones o estructuras y asegurar su mantenimiento y limpieza"", ""sacrificar, desollar y preparar animales, así como los productos de origen animal, para su comercialización en el mercado"", ""almacenar productos y llevar a cabo algún tipo de procesamiento de los mismos"", ""promover y comercializar productos, organizar la venta, compra y transporte de existencias, productos o suministros, y mantener y evaluar registros de las diversas actividades y transacciones de la explotación"", ""capacitar y supervisar a los trabajadores con respecto a los procedimientos de cuidado de los animales, las tareas de mantenimiento y las precauciones que se han de adoptar en materia de seguridad y salud""]"
6130,"Los productores y trabajadores calificados de explotaciones agropecuarias mixtas planifican, organizan y llevan a cabo actividades operativas de siembra y cosecha de los campos, cultivo de árboles y recolección de sus frutos y otras prácticas agrícolas, en conjunto con la reproducción, cría y cuidado de animales y preparación de diversos productos de origen animal, para la venta a compradores mayoristas u organismos de comercialización o la venta en mercados.","[""efectuar el seguimiento de las actividades y condiciones del mercado, determinar las variedades y cantidades de cultivos que se han de producir y de animales que se han de criar, y planificar y coordinar dicha producción"", ""comprar semillas, fertilizantes y otros suministros"", ""realizar actividades operativas tales como la preparación de la tierra y la siembra, plantación, cultivo y cosecha de las variedades escogidas"", ""producir o comprar forraje y otros suministros alimentarios"", ""organizar la reproducción, cría y cuidado de los animales"", ""sacrificar y desollar animales y preparar animales o productos de origen animal para el mercado"", ""arrendar o invertir en maquinaria, equipamientos, instalaciones u estructuras agrícolas y asegurar su mantenimiento y limpieza"", ""almacenar productos y llevar a cabo algún tipo de procesamiento de los mismos"", ""promover y comercializar productos, organizar la compra, venta y transporte de ganado, productos y suministros, mantener y evaluar registros de las diversas actividades y transacciones de la explotación"", ""capacitar y supervisar a los trabajadores con respecto a los procedimientos de cuidado de los animales, las tareas de mantenimiento y las precauciones que se han de adoptar en materia de seguridad y salud, y contratar o despedir a trabajadores y contratistas""]"
6210,"Los trabajadores forestales calificados planifican, organizan y llevan a cabo actividades operativas de cultivo, conservación y explotación de bosques naturales y artificiales.","[""evaluar sitios aptos para la reforestación, seleccionar plántulas y plantar árboles usando herramientas manuales y cuidar las plantaciones forestales"", ""localizar árboles que serán talados y estimar los volúmenes de madera generados"", ""manejar motosierras y otras sierras mecánicas para aclarar (ralear) los bosques jóvenes, podar, talar, derribar árboles y aserrarlos en troncos"", ""desbastar los troncos y tallar productos de madera brutos en el sitio de la tala"", ""apilar troncos y cargarlos en rampas o hacerlos flotar río abajo"", ""realizar actividades de vigilancia y prevención de incendios forestales, completar los informes pertinentes y asegurar el mantenimiento de los equipos de lucha contra incendios"", ""controlar las malezas en plantaciones forestales en recuperación, utilizando herramientas manuales y productos químicos"", ""manejar y mantener palas mecánicas, excavadoras, bulldozers u otras máquinas para remolcar diversos equipos de escarificación de suelos y preparación del terreno en las zonas de regeneración forestal"", ""recolectar conos de semillas, podar árboles, ayudar a realizar los muestreos de plantaciones y a marcar árboles para talas posteriores"", ""capacitar y supervisar a otros trabajadores empleados en procedimientos forestales, como los obreros forestales y los operarios de maquinaria forestal""]"
6221,"Los trabajadores de explotaciones de acuicultura reproducen y crían peces, y cultivan choritos, ostras y otras formas de vida acuática para la venta regular a compradores mayoristas u organismos de comercialización o la venta en mercados.","[""reproducir, criar y cultivar peces, choritos, ostras y otras formas de vida acuática como cultivo comercial o para su liberación en agua dulce o salada"", ""recopilar y registrar datos sobre crecimiento, producción y medio ambiente"", ""llevar a cabo y supervisar controles de las reservas a fin de detectar enfermedades o parásitos"", ""efectuar el seguimiento de las especies para asegurar que se mantengan en condiciones óptimas para la vida acuática"", ""dirigir y supervisar la captura y el desove de peces, la incubación de huevos y la cría de peces, aplicando conocimientos de gestión y técnicas de cultivo de peces"", ""limpiar, congelar, colocar en hielo o salar las capturas, tanto en el mar como en tierra, y preparar pescado y otros productos para su despacho"", ""asegurar el mantenimiento de las instalaciones, tanques, maquinaria, embarcaciones y otros equipos"", ""comercializar productos"", ""arrendar o invertir en instalaciones, equipamientos y maquinaria, y comprar alimentos y otros suministros"", ""supervisar y capacitar a los trabajadores auxiliares empleados en actividades de acuicultura y de apoyo a la cría de peces""]"
6222,"Los pescadores en agua dulce y en aguas costeras trabajan por sí solos o como miembros de tripulaciones de embarcaciones de pesca, capturan peces o recogen otras formas de vida acuática en agua dulce o en aguas costeras para la venta regular a compradores mayoristas u organismos de comercialización o la venta en mercados.","[""preparar y reparar redes y otros aparejos de pesca y equipos"", ""elegir las zonas de pesca, trazar cursos y calcular posiciones de navegación utilizando brújula, cartas de navegación y otros elementos"", ""operar embarcaciones de pesca hacia y desde los caladeros y en estos mismos"", ""colocar los cebos, disponer los aparejos de pesca, manejarlos y remontarlos a mano o utilizando equipos de alzamiento"", ""recolectar diversas formas de vida acuática propias de la costa y las aguas superficiales"", ""mantener los aparejos a motor y otros equipos de a bordo"", ""mantener registros de las transacciones, las actividades de pesca, el clima y las condiciones del mar, y estimar costos y presupuestos"", ""clasificar y almacenar las capturas en bodegas con sal y hielo"", ""extraer las capturas de los equipos de pesca, medirlas para comprobar si se cumplen las normas sobre tamaño mínimo legal y devolver al agua las capturas ilegales o indeseables"", ""dirigir las operaciones de pesca y supervisar a los miembros de la tripulación pesquera""]"
6223,"Los pescadores de alta mar trabajan como patrones o como miembros de tripulaciones de buques pesqueros, capturan peces en aguas profundas, para la venta regular a compradores mayoristas, organismos de comercialización o la venta en mercados.","[""preparar y reparar redes y otros aparejos de pesca y equipos"", ""comandar y operar buques pesqueros hacia y desde los caladeros de aguas profundas y en estos mismos"", ""determinar las zonas de pesca, trazar cursos y calcular posiciones de navegación utilizando brújula, mapas y cartas de navegación, tablas y otros elementos"", ""dirigir buques y operar instrumentos de navegación y ayudas electrónicas para la pesca"", ""conducir las operaciones de pesca y supervisar las actividades de la tripulación"", ""registrar el progreso de las faenas de pesca, las actividades, así como las condiciones del clima y del mar en el diario de navegación"", ""colocar los cebos, disponer los aparejos de pesca y remontarlos"", ""limpiar, congelar, colocar en hielo o salar las capturas, tanto en el mar como en tierra"", ""seleccionar y capacitar a los miembros de las tripulaciones de buques""]"
6224,"Los cazadores y tramperos cazan y matan mamíferos, aves o reptiles, principalmente con el fin de obtener carne, piel, plumas y otros productos para la venta regular a compradores mayoristas u organismos de comercialización o la venta en mercados.","[""colocar trampas para capturar mamíferos, aves o reptiles"", ""matar mamíferos, aves o reptiles atrapados o en libertad, con armas de fuego u otras armas"", ""desollar y aplicar otras técnicas de procesamiento de mamíferos, aves o reptiles muertos con el fin de obtener productos destinados a la venta"", ""vender ejemplares vivos de mamíferos, aves o reptiles atrapados"", ""reparar y mantener los equipos""]"
6310,"Los trabajadores agrícolas de subsistencia cultivan y cosechan campos o plantaciones de árboles y arbustos, hortalizas, otras plantas de la huerta, plantas y árboles frutales con el fin de obtener alimentos, vivienda y, en algunos casos, un nivel mínimo de ingresos en efectivo para ellos y sus familias.","[""preparar la tierra, sembrar, plantar, cuidar y cosechar cultivos agrícolas"", ""cultivar hortalizas, plantas, árboles frutales, otros árboles y arbustos"", ""ir a buscar agua y recolectar madera para leña"", ""almacenar productos para su uso posterior y llevar a cabo algún tipo de procesamiento de los mismos"", ""construir y mantener viviendas y otro tipo de locales de abrigo"", ""confeccionar herramientas, ropa y utensilios de uso doméstico"", ""vender o hacer trueque de algunos productos en los mercados locales""]"
6320,"Los criadores de subsistencia reproducen, crían y cuidan animales con el fin de obtener alimentos, vivienda y, en algunos casos, un nivel mínimo de ingresos en efectivo para ellos y sus familias.","[""cultivar pastos o gestionar tierras de pastoreo y verificar el suministro de forraje y de agua necesario para mantener el ganado en buenas condiciones"", ""efectuar el seguimiento de los animales y examinarlos para detectar enfermedades, lesiones o dolencias, y observar los indicadores de su condición física"", ""asear y marcar los animales y esquilarlos para recuperar cerdas o lana"", ""conducir el ganado a praderas o tierras de pastoreo y abrevaderos"", ""criar, cuidar, alimentar y ordeñar animales o drenar sangre de ellos"", ""realizar tareas relacionadas con la reproducción del ganado y ayudar a las hembras durante los partos"", ""sacrificar y desollar animales y prepararlos, así como sus productos derivados, para el consumo o la venta"", ""llevar a cabo algún tipo de procesamiento de los productos de animales"", ""construir y mantener viviendas y otro tipo de locales de abrigo"", ""confeccionar herramientas, ropa y utensilios de uso doméstico"", ""ir a buscar agua y recolectar madera para leña"", ""comprar, hacer trueque y vender animales y algunos productos""]"
6330,"Los trabajadores agropecuarios de subsistencia cultivan y cosechan campos, explotan los productos de plantaciones de árboles y arbustos, recolectan frutos y plantas silvestres tanto medicinales como de otra índole, cuidan o cazan animales, capturan peces y recogen diversas especies acuáticas con el fin de obtener alimentos, vivienda y, en algunos casos, un nivel mínimo de ingresos en efectivo para ellos y sus familias.","[""preparar la tierra, sembrar, plantar, cuidar y cosechar cultivos agrícolas"", ""cultivar hortalizas, otras plantas de la huerta, árboles frutales, otros árboles y arbustos"", ""recolectar frutos y plantas silvestres tanto medicinales como de otra índole"", ""criar, cuidar, alimentar animales y aves de corral, principalmente, para obtener carne, huevos, leche, pelo, piel u otros productos"", ""ir a buscar agua y recolectar madera para leña"", ""almacenar productos para su uso posterior y llevar a cabo algún tipo de procesamiento de los mismos"", ""construir y mantener viviendas y otro tipo de locales de abrigo"", ""confeccionar herramientas, ropa y utensilios de uso doméstico"", ""vender o hacer truque con algunos productos en los mercados locales""]"
6340,"Los pescadores, cazadores, tramperos y recolectores de subsistencia recogen frutos y plantas silvestres tanto medicinales como de otra índole, cazan y atrapan animales, y capturan peces y recogen diversas especies acuáticas con el fin de obtener alimentos, vivienda y, en algunos casos, un nivel mínimo de ingresos en efectivo para ellos y sus familias.","[""recolectar frutos, raíces y plantas silvestres tanto medicinales como de otra índole"", ""cazar o atrapar animales, principalmente, para obtener carne, leche, pelo, piel u otros productos"", ""ir a buscar agua y recolectar madera para leña"", ""capturar peces y recolectar otras especies acuáticas"", ""almacenar productos o llevar a cabo algún tipo de procesamiento de los mismos"", ""construir y mantener viviendas y otro tipo de locales de abrigo"", ""confeccionar herramientas, ropa y utensilios de uso doméstico"", ""vender o hacer trueque con algunos productos en los mercados locales""]"
7111,"Los constructores de casas construyen, mantienen y reparan casas y pequeñas edificaciones utilizando técnicas y materiales tanto tradicionales como modernos.","[""preparar el suelo para la construcción de las edificaciones o de otras estructuras"", ""levantar la estructura de sustentación de la techumbre y construir y revestir los muros o paredes con materiales apropiados"", ""montar las vigas del tejado y recubrirlas con material de techumbre"", ""nivelar el piso de las habitaciones y demás espacios para hacerlo liso y utilizable"", ""mantener en buen estado las estructuras existentes y repararlas"", ""organizar y solicitar a subcontratistas la realización de trabajos especializados como la albañilería, pintura, gasfitería y la instalación del sistema eléctrico"", ""coordinar y supervisar las actividades de los subcontratistas, obreros y otros trabajadores""]"
7112,"Los albañiles utilizan ladrillos, piedras precortadas y otros elementos de construcción similares al hormigón para edificar o reparar muros, paredes, tabiques, arcos y otras estructuras.","[""colocar piedras, ladrillos y otros elementos de construcción similares para edificar o reparar muros, paredes, tabiques, chimeneas y otras estructuras, como por ejemplo, chimeneas de evacuación de humos, hornos, calderas, convertidores y estufas, pilares y contrafuertes"", ""construir aceras, bordes y calzadas de piedra"", ""colocar ladrillos u otros elementos de albañilería para construir patios, muros de jardines y otras instalaciones ornamentales""]"
7113,"Los tronzadores, labrantes y grabadores de piedra cortan y dan forma a bloques y losas de piedra dura y piedra blanda que se destinan a la construcción y el mantenimiento de estructuras de mampostería de piedra y monumentos, graban diseños y figuras en la piedra.","[""introducir cuñas en la piedra extraída de canteras para romperla en losas o bloques"", ""seleccionar y clasificar losas y bloques de granito, mármol y otros tipos de piedra"", ""cortar, labrar y pulir piedra, como granito o mármol, destinada a la construcción de edificios y la confección de monumentos, empleando herramientas de uso manual o herramientas eléctricas de mano"", ""diseñar patrones y trazar sus contornos sobre la piedra para que sea aserrada, desbastada y taladrada o sometida a otras formas de corte y labrado"", ""cortar y grabar figuras o motivos decorativos en bloques de piedra utilizados para confeccionar monumentos, lápidas o piedras conmemorativas"", ""montar la piedra en monumentos u otras edificaciones"", ""reparar y sustituir piedras de cantera en edificios, iglesias y monumentos antiguos""]"
7114,"Los operarios en cemento armado construyen armazones y estructuras con cemento, hormigón u hormigón armado, preparan los encofrados para vaciar en ellos el cemento o el hormigón, refuerzan superficies de cemento u hormigón, cementan las aberturas de paredes o muros y los revestimientos de pozos, dan el acabado y reparan superficies de cemento y hormigón e instalan pavimentos de terrazo.","[""construir y reparar suelos, muros, tanques, silos y otras estructuras con cemento u hormigón armado"", ""construir encofrados o ensamblar piezas prefabricadas en hormigón moldeado"", ""cementar las aberturas en las paredes o fortalecer con cemento los revestimientos de pozos"", ""recubrir los suelos de una capa lisa y resistente compuesta de cemento, pigmentos de arena y partículas de mármol, procedimiento conocido como acabado de terrazo""]"
7115,"Los carpinteros de obra cortan, moldean, montan, erigen, mantienen y reparan diversas clases de estructuras, armazones y piezas confeccionadas con madera y otros materiales.","[""construir, montar, modificar y reparar armazones de madera y otras construcciones de carpintería en un taller o en el lugar de la obra de construcción"", ""construir, ensamblar y montar, en el lugar de la obra, las armazones y demás estructuras pesadas de madera utilizadas en la construcción"", ""ajustar, ensamblar y transformar las piezas y demás materiales interiores y exteriores, como paredes, puertas y ventanas, marcos de puertas y ventanas, revestimientos, tabiques y paneles"", ""construir, reparar y montar equipos y decorados para escenarios teatrales, de cine o de producciones televisivas"", ""construir, montar, transformar y reparar estructuras y elementos de madera en vagones de ferrocarril, aeronaves, buques y otro tipo de vehículos""]"
7119,"Se incluyen en este grupo primario los operarios de la construcción (obra gruesa) no clasificados previamente del subgrupo 711 “Operarios de la construcción en obra gruesa”. Se trata, como por ejemplo, de los operarios de la construcción que realizan trabajos a gran altura, los montadores de andamios y los operarios de derribo de edificios.","[""escalar edificaciones y realizar diversas tareas de construcción y mantenimiento en estructuras elevadas, como torres y chimeneas"", ""levantar andamiajes y otras armazones provisionales de madera o de metal en los lugares de obras"", ""demoler edificios y otras estructuras""]"
7121,"Los instaladores o reparadores de techos colocan, mantienen y reparan todo tipo de techos utilizando uno o más tipos de materiales.","[""estudiar planos y especificaciones e inspeccionar el lugar de la obra para determinar los materiales necesarios"", ""colocar sobre las cubiertas de las edificaciones revestimientos de pizarra y tejas prefabricadas para cubrir tejados o techos"", ""colocar una chapa impermeable y fijar los materiales metálicos o sintéticos a la armazón de la edificación"", ""medir y cortar materiales de techumbre destinados a cubrir bordes, esquinas y protuberancias, como las chimeneas"", ""utilizar materiales, como planchas de zinc, policarbonato, pizarreño y paja, para el revestimiento de los techos"", ""montar estructuras temporales, como andamios y escaleras""]"
7122,"Los instaladores de parqué, cerámicas, baldosas y alfombras instalan, mantienen y reparan suelos de parqué y otros materiales y recubren suelos, paredes y otras superficies con alfombras, piso flotante, linóleo, cerámicas, baldosas, azulejos o mosaicos en una perspectiva decorativa o para otros propósitos.","[""preparar la base para asentar el parqué u otros materiales"", ""ensamblar las piezas del parqué, las baldosas u otros materiales y disponerlos sobre el suelo según el dibujo o las especificaciones recibidas"", ""preparar las paredes para revestirlas con cerámicas, baldosas, azulejos u otros materiales, ya sea con fines decorativos o con otros propósitos, como la insonorización"", ""revestir las paredes con cerámicas, baldosas o azulejos y construir e instalar paneles de mosaico en paredes, suelos y otras superficies""]"
7123,"Los yeseros, estucadores y revocadores instalan, mantienen y reparan paneles (tabiques) de yeso laminado en edificaciones y aplican recubrimientos decorativos y protectores de escayola, cemento y materiales similares a los interiores y exteriores de diversas estructuras.","[""aplicar una o más capas de yeso sobre paredes interiores y techos (cielo raso) de las edificaciones para dar el acabado a las superficies"", ""medir, marcar y colocar paneles ornamentales o decorativos de yeso y moldear e instalar cornisas de yeso"", ""medir, marcar y cortar paneles de yeso, levantar las piezas cortadas y fijarlas en las paredes, techos o sobre listones"", ""cubrir junturas y cabezas de clavos con escayola húmeda, pasta muro, compuestos de sellado y pulir los productos adheridos utilizando pinceles húmedos y lijas de papel"", ""revestir las superficies exteriores de las edificaciones con una cubierta protectora y decorativa de cemento, yeso o materiales similares"", ""preparar e instalar accesorios decorativos de yeso fibroso"", ""aplicar yeso u otro material sobre materiales insonorizantes, aislantes e ignífugos""]"
7124,"Los instaladores de material aislante y de insonorización instalan y reparan material aislante en edificios, calderas, tuberías e instalaciones de refrigeración y climatización.","[""cortar materiales aislantes en la forma y el tamaño adecuados"", ""revestir con planchas y capas de material aislante o insonorizante las paredes, muros, suelos y techos de los edificios"", ""inyectar materiales aislantes o insonorizantes en las cavidades interiores de muros, suelos y techos de edificios hasta rellenarlas, utilizando máquinas eléctricas"", ""examinar planos, especificaciones y lugares de obras para determinar el tipo, la calidad y la cantidad de materiales aislantes requeridos"", ""revestir con materiales aislantes las paredes externas de instalaciones como calderas, tuberías y depósitos (tanques)"", ""aislar térmicamente los equipos de refrigeración y climatización""]"
7125,"Los cristaleros miden, cortan, acaban, montan e instalan cristales planos y espejos.","[""elegir el tipo de cristal que va a utilizar, cortarlo a medida, darle forma y colocarlo en ventanas, puertas, duchas y tabiques de edificaciones"", ""colocar cristales y espejos en claraboyas o tragaluces, vitrinas, paredes interiores y techos (cielo raso)"", ""instalar o reponer parabrisas en vehículos o embarcaciones"", ""crear elementos decorativos de cristal, tales como vitrinas, escaleras, barandas y ventanas con cristales de colores""]"
7126,"Los gásfiter e instaladores de tuberías montan, instalan, reparan y mantienen sistemas de tuberías, desagües, canaletas, conductos, accesorios y piezas relacionados al sistema de abastecimiento de agua y gas, desagüe de aguas residuales, alcantarillado, calefacción, refrigeración, ventilación y también de equipos hidráulicos y neumáticos.","[""examinar planos, dibujos y especificaciones para determinar el trazado de los sistemas de gasfitería y ventilación y los materiales necesarios para su intervención"", ""medir, cortar, roscar, doblar, unir, montar, instalar, mantener y reparar tuberías, accesorios y piezas de los sistemas de desagüe, calefacción, ventilación, abastecimiento de agua y alcantarillado"", ""instalar aparatos domésticos de gas, lavaplatos, calefont y calentadores eléctricos de agua, lavamanos y sanitarios utilizando herramientas de uso manual y eléctrico"", ""colocar en zanjas tubos de arcilla, hormigón o hierro para formar redes de alcantarillado, tuberías de desagüe, red de distribución de agua y otras instalaciones"", ""inspeccionar, examinar y probar los sistemas y tuberías instalados, utilizando medidores de presión, analizadores hidrostáticos, la observación u otros métodos""]"
7127,"Los mecánicos de instalaciones de refrigeración y aire acondicionado montan, instalan, mantienen y reparan sistemas y equipos de refrigeración y climatización.","[""interpretar planos, dibujos u otras especificaciones"", ""montar, instalar y reparar componentes de sistemas de climatización y refrigeración, tales como compresores, motores, condensadores, evaporadores, interruptores y medidores"", ""conectar tuberías y equipos por medio de pernos, remaches, soldaduras o abrazaderas"", ""probar sistemas, diagnosticar averías y realizar actividades rutinarias de mantenimiento o reparación""]"
7131,"Los pintores y empapeladores de paredes preparan las superficies de edificaciones y otras estructuras para pintarlas, aplicarles capas protectoras y decorativas de pintura u otros materiales similares o para cubrir las paredes interiores y el cielo raso de los edificios con papel mural u otros productos acabados.","[""limpiar y preparar paredes y otras superficies de edificios para pintarlas o empapelarlas"", ""seleccionar y preparar las pinturas hasta alcanzar los colores requeridos mezclando pigmentos y aditivos"", ""aplicar o pulverizar pintura, barniz y materiales similares sobre superficies, instalaciones y accesorios de edificios"", ""medir e instalar el papel mural u otros productos textiles sobre paredes interiores y el cielo raso"", ""aplicar pinturas, barnices y tintes a las superficies utilizando brochas, rodillos y pulverizadores""]"
7132,Los barnizadores y pulverizadores de productos manufacturados utilizan equipos de pulverización de pintura y barnizado para aplicar revestimientos de protección sobre artículos manufacturados o estructuras diversas.,"[""preparar las superficies que se van a recubrir, usando una variedad de métodos para eliminar la grasa, la suciedad y el óxido"", ""pintar automóviles, buses, camiones u otros vehículos y aplicar capas de barniz y otros revestimientos protectores"", ""aplicar pintura, así como revestimientos protectores de esmalte o barniz sobre metales, productos manufacturados de madera y de otro tipo, utilizando por lo general un equipo manual de pulverización""]"
7133,Los limpiadores de fachadas y deshollinadores limpian las fachadas de edificaciones y otras estructuras y quitan el hollín de las chimeneas.,"[""limpiar superficies exteriores de construcciones de piedra, ladrillo, metal o materiales similares con productos químicos o con chorros de vapor o de arena húmedo proyectados con gran presión"", ""eliminar el hollín de los conductos de humo, chimeneas y tubos de comunicación"", ""eliminar el asbesto y los revestimientos cubiertos de moho o dañados por el fuego""]"
7211,Los moldeadores y macheros fabrican moldes y machos para colar en ellos los metales fundidos.,"[""fabricar moldes a mano o utilizando máquinas auxiliares, las cuales se instalan sobre un banco, para obtener pequeñas piezas, o en el suelo de la fundición o en fosas, para la obtención de piezas grandes"", ""fabricar los machos que han de utilizarse en los moldes"", ""limpiar y suavizar los moldes y cajas de machos, reparar las imperfecciones de superficie"", ""desplazar por medio de grúas y colocar en posición piezas de trabajo tales como, secciones de moldes, patrones y tableros de fondo o hacer señales a otros para que las desplacen"", ""colocar los patrones dentro de las secciones de moldes y unir éstas herméticamente"", ""cortar los tubos, los orificios de canales y los orificios de descarga en moldes"", ""separar las secciones superiores de las secciones inferiores de los moldes y retirar los patrones""]"
7212,"Los soldadores y oxicortadores sueldan y cortan piezas (de metal y de plástico) utilizando una llama de gas, un arco eléctrico y otras fuentes de calor, que les permiten fundir el metal para cortarlo o fusionarlo con otro, soldándolo. Se incluye la tarea de soldar para la reparación de piezas de maquinaria.","[""soldar piezas de metal utilizando una llama de gas, un arco eléctrico u otros procedimientos"", ""manejar máquinas de soldadura por resistencia eléctrica"", ""usar sopletes para construir y reparar revestimientos, tuberías, pisos y otras estructuras de plomo"", ""unir piezas de metal mediante soldadura con soplete o varilla metálica"", ""cortar piezas de metal con una llama de gas o un arco eléctrico"", ""soldar piezas de metal a mano con soldadura blanda"", ""supervisar los procesos de ajuste, combustión y soldadura para evitar el sobrecalentamiento o deformación de las piezas, contracción, distorsión o expansión del material"", ""examinar las piezas de trabajo para descubrir defectos, y medirlas con reglas o plantillas para asegurar que cumplen con las especificaciones""]"
7213,"Los chapistas y caldereros fabrican, instalan y reparan piezas y elementos diversos confeccionados con chapas de acero, cobre, estaño, bronce, aluminio, zinc o hierro galvanizado.","[""trazar en la chapa metálica las marcas que servirán para cortarla y darle forma"", ""fabricar y reparar utensilios de uso doméstico y otros objetos de estaño, cobre y aleaciones ligeras, así como piezas y accesorios de decoración"", ""fabricar y reparar calderas, depósitos, tanques y otros recipientes semejantes"", ""montar y reparar piezas de chapa metálica en vehículos y aeronaves"", ""convertir los planos en dibujos de trabajo que se seguirán para construir y montar productos de chapa metálica"", ""determinar cuáles son los requisitos de los proyectos, incluidos su alcance, secuencias de montaje, métodos y materiales necesarios, basándose en planos, dibujos de trabajo e instrucciones orales o escritas"", ""inspeccionar la calidad de los productos y su instalación para asegurar que se cumplan las especificaciones""]"
7214,"Los montadores de estructuras metálicas preparan, montan y desmontan las armazones metálicas utilizadas en la construcción de edificios y otras estructuras.","[""trazar en las piezas de metal las señales que han de servir de guía para cortarlas, taladrarlas y darles forma, para ser usadas en la construcción de edificios y otras estructuras"", ""taladrar y cortar en un taller piezas de acero que servirán para dar forma a estructuras y armazones"", ""montar y cortar en un taller piezas de acero que servirán para dar forma a estructuras y armazones"", ""ensamblar y montar las armazones y demás elementos metálicos de los buques"", ""dar forma a las planchas de acero estructurales de los buques en construcción o reparación y ajustarlas"", ""remachar elementos metálicos a mano, a máquina o mediante martillo neumático""]"
7215,"Los aparejadores y empalmadores de cables no eléctricos montan diversos aparatos para mover y posicionar equipos y componentes estructurales o para instalar y conservar en buen estado los cables no eléctricos, cabos, cuerdas y alambres que se utilizan en obras en construcción, edificios y otras estructuras.","[""estimar el tamaño, forma y peso de los objetos que se van a mover y decidir qué tipo de aparatos harán falta para moverlos"", ""instalar y reparar cables no eléctricos, cabos, cuerdas, alambres, poleas y otros aparejos"", ""unir y reparar cables no eléctricos, cabos y alambres y sujetarlos a los dispositivos de fijación"", ""trabajar como miembro de un equipo, en el montaje y reparación de torres de perforación de pozos de agua, gas y petróleo"", ""instalar y montar equipos de iluminación de escenarios, sistemas de elevación y suspensión teatral, escenarios de teatro y sets de filmación de películas cinematográficas"", ""instalar y mantener torres de comunicación, teleféricos, funiculares, andariveles de esquí y otras estructuras similares""]"
7221,"Los herreros y forjadores forjan y curvan barras, varillas, lingotes y chapas de hierro, acero y otros metales y trefilan alambre para fabricar y reparar diversas clases de herramientas, objetos, piezas metálicas, herramientas para la agricultura y otros artículos similares.","[""calentar el metal en hornos de fundición y fabricar o reparar objetos estirando, curvando y cortando el metal, golpeándolo sobre el yunque, taladrando, cortando y soldando las piezas y dándoles forma"", ""dar forma en la forja al metal caliente utilizando un martillo mecánico provisto de estampas"", ""manejar un martillo pilón provisto de matrices o estampas para forjar piezas de metal"", ""manejar una prensa mecánica provista de matrices o estampas para forjar piezas de metal"", ""trefilar alambre"", ""interpretar los pedidos de trabajo o los planos recibidos para determinar los grados de precisión especificados y las secuencias de operaciones, lo que permitirá preparar y ajustar la maquinaria de fabricación"", ""medir e inspeccionar las piezas para asegurar que cumplen las especificaciones recibidas""]"
7222,"Los herramentistas fabrican y reparan herramientas confeccionadas a medida y herramientas especiales, así como armas de uso deportivo, cerraduras, matrices y otras piezas de motores o máquinas, utilizando herramientas de uso manual y mecánicas para trabajar metales con gran precisión.","[""leer e interpretar los dibujos de trabajo y especificaciones de herramientas, matrices, prototipos o modelos"", ""preparar plantillas y croquis y determinar los procesos de trabajo"", ""visualizar y calcular las dimensiones, tamaños, formas y resistencias de los montajes, basándose en sus especificaciones"", ""colocar, sujetar y medir partes de metal o piezas moldeadas para ser puestas en las máquinas herramientas"", ""instalar, manejar y mantener máquinas herramientas convencionales o de control numérico que permiten cortar, tornear, aplanar, taladrar, perforar, pulir o dar forma por otros medios a las piezas de trabajo con arreglo a las dimensiones y el acabado especificados"", ""ajustar y ensamblar las diferentes piezas necesarias para fabricar y reparar mandriles, accesorios y calibradores"", ""reparar y modificar armas de uso deportivo y otras armas ligeras"", ""fabricar, ajustar, montar, reparar e instalar cerraduras y piezas de cerraduras"", ""construir y reparar los patrones en metal para la fabricación de moldes de fundición"", ""trazar en la pieza de metal las líneas y puntos de referencia que servirán de guía para los trabajadores encargados de cortar, tornear, fresar, pulir y trabajar de otras formas el metal"", ""verificar que las dimensiones, alineaciones y resistencia de las piezas acabadas cumplan con los requerimientos, usando instrumentos de precisión y probando los productos terminados para confirmar su correcto funcionamiento""]"
7223,"Los reguladores y operarios de máquinas herramientas regulan y manejan distintas máquinas herramientas, ajustándose a exigencias de gran precisión.","[""regular una o diversas clases de máquinas herramientas para la fabricación de piezas de metal en series estandarizadas"", ""manejar y regular diversas máquinas herramientas, como por ejemplo, torno automático, fresadora, cepilladora, mandriladora, taladradora o rectificadora y también máquinas herramientas multiuso con control numérico"", ""realizar tareas similares para elaborar materias plásticas y otros sucedáneos del metal"", ""observar el funcionamiento de las máquinas para descubrir defectos en las piezas de trabajo o disfunciones de las propias máquinas, regulándolas en lo que sea necesario"", ""inspeccionar las piezas de trabajo para descubrir defectos y medirlas para determinar la precisión de las máquinas en las que se han elaborado, usando reglas, plantillas u otros instrumentos de medida"", ""cambiar los accesorios de las máquinas que se hayan desgastado, como las cuchillas y escobillas, empleando herramientas de uso manual""]"
7224,Los pulidores de metales y afiladores de herramientas pulen y bruñen superficies de metal y afilan herramientas.,"[""manejar máquinas fijas o portátiles para pulir y bruñir metales"", ""afilar herramientas e instrumentos cortantes con muela o con máquina amoladora"", ""reparar, ajustar y afilar sierras y los dientes metálicos de los cilindros de las cardas en máquinas textiles"", ""preparar las muelas abrasivas de acuerdo con las especificaciones"", ""supervisar el funcionamiento de las máquinas para determinar si se necesitan ajustes o si hace falta detenerlas en caso de que tengan problemas"", ""inspeccionar, palpar y medir las piezas de trabajo para asegurar que sus superficies y dimensiones cumplen las especificaciones"", ""seleccionar las muelas abrasivas y montarlas en las máquinas, respetando las especificaciones, usando herramientas de uso manual y aplicando los conocimientos sobre abrasivos y procedimientos de amolado""]"
7231,"Los mecánicos y reparadores de vehículos de motor ajustan, instalan, mantienen y reparan motores, partes mecánicas y equipos similares de automóviles, camiones y furgones de reparto, motocicletas y otros vehículos de motor.","[""descubrir y diagnosticar fallas en los motores y piezas"", ""ajustar, examinar, probar y mantener los motores de vehículos y motocicletas"", ""sustituir el motor o partes de éste"", ""instalar, examinar, ajustar, desmontar, reconstruir y sustituir las piezas mecánicas defectuosas de los vehículos de motor"", ""montar y ajustar el motor, los frenos, la dirección y otras partes mecánicas de vehículos de motor"", ""instalar, ajustar, mantener y reparar los componentes electrónicos de los vehículos de motor"", ""prestar servicios de mantenimiento programado, como los de cambio de aceite y lubricante, para conseguir un mejor funcionamiento de los vehículos y asegurar el cumplimiento de la normativa sobre contaminación"", ""volver a montar los motores y piezas una vez reparados""]"
7232,"Los mecánicos y reparadores de motores de avión ajustan, mantienen, reparan y revisan motores de avión, fuselajes, sistemas hidráulicos y neumáticos.","[""ajustar, examinar, probar y mantener motores de avión"", ""sustituir el motor o partes de éste"", ""examinar e inspeccionar fuselajes y componentes de los aviones, como trenes de aterrizaje, sistemas hidráulicos y dispositivos anticongelantes, para descubrir desgastes, grietas, fugas u otros problemas"", ""mantener, reparar, revisar, modificar y probar fuselajes y sistemas mecánicos e hidráulicos de aviones"", ""leer e interpretar los manuales, boletines de servicio y otras especificaciones para determinar la viabilidad y el método adecuado para la reparación o sustitución de los componentes dañados"", ""mantener, reparar y reacondicionar estructuras, componentes funcionales y partes como las alas y el fuselaje, cables de tracción, unidades hidráulicas, sistemas de oxígeno, sistemas de combustible, sistemas eléctricos y cierres herméticos de aviones"", ""inspeccionar los trabajos terminados para certificar que el mantenimiento cumple las normas y que el avión está listo para funcionar"", ""mantener registros de las reparaciones y documentar todas las tareas de mantenimiento preventivo y correctivo de las aeronaves"", ""instalar y probar componentes, conjuntos y sistemas eléctricos y electrónicos en aviones"", ""conectar los componentes con conjuntos como los sistemas de radio, instrumentos, magnetos, inversores y sistemas de reabastecimiento de combustible en vuelo""]"
7233,"Los mecánicos y reparadores de máquinas agrícolas e industriales ajustan, instalan, revisan, acondicionan y reparan motores, maquinaria agrícola e industrial y otros equipos mecánicos, incluyendo la reparación de motores de embarcaciones.","[""ajustar, instalar, revisar, acondicionar y reparar motores, maquinaria y equipos mecánicos"", ""engrasar y aceitar motores y maquinaria fijos"", ""revisar y probar maquinaria y equipos mecánicos nuevos para cerciorarse de que cumplen las normas y prescripciones pertinentes"", ""desmontar maquinaria y equipos para retirar piezas o hacer reparaciones"", ""examinar piezas de la maquinaria y equipos para descubrir defectos como fugas y desgaste excesivo"", ""manejar la maquinaria y equipos reparados para verificar que las reparaciones han sido adecuadas"", ""mantener registros de las reparaciones y el mantenimiento realizados""]"
7234,"Los reparadores de bicicletas ajustan, mantienen, acondicionan y reparan bicicletas, carritos de dos ruedas de tracción humana, coches de bebé, sillas de ruedas y medios de transporte no motorizados similares.","[""revisar, acondicionar y reparar bicicletas y otros medios de transporte no motorizados"", ""limpiar y lubricar los cojinetes y otras piezas móviles"", ""sustituir y reparar los componentes y accesorios, como frenos, cadenas, ruedas, mecanismos de cambio de velocidades, manillares o manubrio, etc"", ""cambiar los neumáticos y controlar la presión del aire"", ""pintar a pistola los bastidores"", ""ensamblar bicicletas, sillas de ruedas y equipos similares no motorizados nuevos""]"
7311,"Los mecánicos y reparadores de instrumentos de precisión fabrican, calibran, reparan, mantienen, ajustan e instalan relojes mecánicos de toda clase y otros instrumentos y aparatos de precisión con aplicaciones náuticas, meteorológicas, ópticas y de otra índole, y los disponen para su correcto funcionamiento.","[""reparar, limpiar y ajustar los mecanismos de instrumentos de medición del tiempo, como relojes de toda clase"", ""ajustar los reguladores de tiempo, utilizando calibradores, cronómetros y pinzas"", ""limpiar, lavar y secar las piezas de relojería, utilizando soluciones y máquinas ultrasónicas o mecánicas para la limpieza de relojes"", ""verificar la exactitud y el funcionamiento de los relojes, utilizando medidores y otros instrumentos electrónicos"", ""determinar la exactitud de medidores, calibradores, indicadores y otros instrumentos de registro o control para detectar componentes defectuosos o verificar el cumplimiento de las especificaciones pertinentes"", ""calibrar instrumentos o balanzas, utilizando herramientas manuales, computarizadas o instrumentos electrónicos"", ""inspeccionar componentes, conexiones y mecanismos accionadores para detectar defectos"", ""ensamblar instrumentos y aparatos como barómetros, válvulas de control, giroscopios, higrómetros, velocímetros, tacómetros y termostatos"", ""probar, calibrar y ajustar instrumentos electrónicos, mercuriales, aneroides y otro tipo de instrumentos meteorológicos para verificar el cumplimiento de las especificaciones establecidas por escrito y los diagramas esquemáticos, utilizando voltímetros, osciloscopios, medidores de tubo y otros instrumentos de pruebas"", ""ajustar y reparar partes de los equipos de precisión, como por ejemplo, estructuras de apoyo, luces, paneles de control, cables y alambres de control y otras partes eléctricas y mecánicas"", ""reparar y ajustar instrumentos ópticos como microscopios, telescopios, teodolitos y sextantes"", ""verificar que los aparatos montados cumplan las especificaciones y asegurar su funcionamiento y sensibilidad según las indicaciones de las pruebas estándar""]"
7312,"Los fabricantes y afinadores de instrumentos musicales fabrican, montan, reparan, ajustan, restauran y afinan instrumentos musicales empleando herramientas de mano o mecánicas. Generalmente se especializan en un tipo de instrumento como, instrumentos de cuerda, instrumentos de viento, pianos, instrumentos de lengüeta o instrumentos de percusión.","[""fabricar y ensamblar instrumentos musicales y componentes de estos en madera, ebonita, metal, cuero y otros materiales"", ""reparar o sustituir partes y componentes de instrumentos musicales como, cuerdas, puentes, fieltros y teclas utilizando herramientas manuales o eléctricas"", ""tocar e inspeccionar instrumentos para evaluar la calidad de su sonido e identificar defectos"", ""ajustar la tensión de las cuerdas para conseguir un tono o timbre adecuado en los instrumentos de cuerda"", ""ajustar boquillas, lengüetas u orificios de los tubos de órgano, utilizando herramientas manuales, para regular el flujo de aire o el volumen del sonido"", ""afinar y mantener en buen estado los órganos de tubos, ajustando el tono de los tubos al tono del diapasón y ajustando el tono de los demás tubos tomando como referencia sucesiva el tono de los tubos afinados"", ""instalar nuevos parches de tambor en instrumentos de percusión"", ""afinar acordeones comparando de oído el tono de las lengüetas con lengüetas maestras y lengüetas limadas para obtener el tono de referencia"", ""alinear botones y teclas en instrumentos de lengüeta o de viento"", ""afinar instrumentos de percusión en función del tono deseado, aflojando o estirando las cuerdas que sostienen las piezas de cuero fijadas sobre el instrumento o en sus extremos"", ""montar e instalar nuevos órganos de tubos y pianos""]"
7313,"Los joyeros, orfebres y plateros diseñan, fabrican, ajustan, reparan o tasan joyas, artículos ceremoniales o religiosos, objetos de oro, plata, otros metales preciosos y gemas. En particular, cortan, tallan, pulen y engastan piedras preciosas y semipreciosas, incluidos gemas y diamantes, y graban inscripciones y motivos decorativos en joyas y objetos confeccionados con metales preciosos. Además, tallan y pulen diamantes para usos industriales.","[""moldear, fundir o colar a mano objetos de joyería y otros artículos de metales no ferrosos"", ""confeccionar nuevos diseños de joyas y modificar diseños existentes, utilizando en caso de ser necesario computadores"", ""cortar diseños en moldes u otros materiales que se utilizarán como modelos en la fabricación de productos de metal y joyería"", ""modificar monturas para ajustarlas o para reponer las joyas"", ""reparar, modificar la forma y modernizar joyas o productos de metales preciosos antiguos, siguiendo diseños o instrucciones específicos"", ""confeccionar artículos completos de joyería como, anillos, collares, pulseras, broches y brazaletes, a partir de materiales como oro, plata, platino y piedras preciosas o semipreciosas"", ""examinar la superficie y la estructura interna de gemas, utilizando polariscopios, refractómetros, microscopios y otros instrumentos ópticos, a fin de diferenciar las piedras, identificar especímenes raros o detectar fallas, defectos o particularidades que afecten al valor de las gemas"", ""tallar y pulir gemas y engastarlas en objetos de joyería"", ""grabar inscripciones y motivos decorativos en joyas y objetos de metales preciosos"", ""tallar, pulir y dar acabado a joyas destinadas a instrumentos de precisión tales como, compases y cronómetros"", ""inspeccionar productos montados o terminados para verificar el cumplimiento de las especificaciones recibidas, utilizando lentes de aumento o instrumentos de medida de precisión""]"
7314,"Los alfareros (barro, arcilla y abrasivos) fabrican objetos de barro, loza y porcelana, sanitarios, ladrillos, tejas y muelas abrasivas a mano o a máquina.","[""fabricar objetos de barro, loza y porcelana"", ""fabricar moldes de arcilla y yeso"", ""leer planos técnicos para conocer los requisitos del cliente"", ""fabricar objetos en un torno de alfarero, presionando con los pulgares en el centro del barro que gira para ahuecarlo, y presionando con las manos y los dedos en la parte interior y exterior de los cilindros de barro que se vayan formando, para moldearlos gradualmente hasta obtener las formas y tamaños deseados"", ""ajustar la velocidad del torno según el tacto de la arcilla a medida que las piezas se vayan alargando y las paredes se adelgacen"", ""manejar un torno mecánico de alfarero para fabricar objetos de cerámica, como cuencos, copas, platos y salseras"", ""ajustar y manejar los controles de una amasadora que mezcla, comprime, corta y deposita cargas de arcilla en moldes según lo especificado"", ""pulir superficies de productos terminados, utilizando raspadores de caucho y esponjas húmedas"", ""fabricar muelas abrasivas vaciando y comprimiendo en moldes una mezcla abrasiva, a mano o a máquina"", ""inspeccionar objetos terminados para detectar defectos y verificar la exactitud de las formas y tamaños de los objetos, utilizando calibradores y plantillas"", ""preparar los objetos fabricados para su venta o exposición y mantener relaciones con redes de comercio minoristas, alfareros y otros círculos que puedan facilitar la venta o exposición de los trabajos""]"
7315,"Los sopladores, modeladores, laminadores, cortadores y pulidores de vidrio soplan, modelan, prensan, cortan, biselan, esmerilan, pulen y curvan el vidrio siguiendo un modelo.","[""calentar vidrio hasta hacerlo flexible, utilizando mecheros de gas u hornos, y girándolo para que se caliente uniformemente"", ""fabricar piezas de vidrio soplando y curvando tubos de vidrio hasta que adquieren la forma deseada para obtener material de laboratorio como matraces, retortas o pipetas"", ""cortar y pulir objetos de cristal o partes de estos para corregir defectos o preparar superficies para su terminado posterior, y suavizar y pulir bordes rugosos, utilizando lijadoras de cinta o pulidoras"", ""examinar el stock de vidrio y productos terminados y marcar o desechar material con defectos como puntos, manchas, marcas, golpes, rayones, formas o terminaciones inaceptables"", ""leer encargos de trabajos para determinar dimensiones, lugares para cortar el vidrio y cantidades que deben cortarse"", ""observar calibres, dibujos impresos por computador y monitores de video para verificar que las condiciones de procesamiento sean las requeridas y hacer los ajustes necesarios"", ""posicionar los modelos o dibujos sobre el vidrio, medir dimensiones y marcar líneas de corte, utilizando herramientas para cortar vidrio a lo largo de las líneas marcadas o alrededor de los modelos"", ""preparar, accionar y ajustar equipos informáticos o robóticos para cortar vidrio"", ""inspeccionar, pesar y medir productos para verificar el cumplimiento de las especificaciones, utilizando instrumentos como micrómetros, calibres, lupas y reglas"", ""regular temperaturas de horno según los tipos de vidrio que se van a procesar"", ""transferir modelos o patrones decorativos a vitrales, pasando del dibujo de tamaño completo a su escala en papel, utilizando estiletes para reproducir los modelos"", ""pulverizar solución de plata sobre el vidrio para obtener una superficie con terminación especular, utilizando una pistola pulverizadora"", ""cortar y pulir cristales ópticos y de otro tipo según las dimensiones y el peso especificados, a fin de moldearlos y obtener lentes o para usarlos como cristales de reloj""]"
7316,"Los pintores de carteles, pintores decorativos y grabadores decoran artículos de madera, metal, fibras textiles, vidrio, cerámica y otros materiales. En particular, diseñan, trazan y pintan letras, figuras, monogramas y modelos decorativos para confeccionar carteles, y graban modelos ornamentales y florales en vidrio y otros artículos.","[""pintar con pincel o usando pistolas, dibujos decorativos sobre objetos, como loza, vidrio, cigarreras y pantallas de lámpara"", ""estampar dibujos decorativos u ornamentales en objetos, valiéndose de calcos"", ""integrar y desarrollar elementos visuales, como línea, espacio, masa, color y perspectiva, para obtener los efectos deseados, como la ilustración de ideas, emociones o sentimientos"", ""trazar y pintar en uno o más idiomas letras, figuras, monogramas y modelos decorativos para confeccionar carteles"", ""trazar o esbozar dibujos decorativos o letras sobre piezas de trabajo o plantillas para preparar, patrones o calcos"", ""diseñar modelos decorativos o letras para pintar objetos, como letreros, vidrio, loza o placas de zinc"", ""utilizar programas informáticos y máquinas de fresado con el fin de obtener imágenes talladas en tres dimensiones para su aplicación a un cartel de mayores dimensiones, así como a letreros con grabados o incrustaciones"", ""diseñar y fabricar letras o signos normales de corte plano, letras ensombrecidas con la aplicación de vinilo o signos ya cortados para su aplicación"", ""escribir, pintar o imprimir letreros o carteles utilizados para fines informativos o de otro tipo"", ""recortar letras y signos para fines informativos a partir de tableros de fibra prensada o cartón, a mano o utilizando máquinas, como las sierras eléctricas de vaivén o de cinta"", ""examinar esquemas, diagramas, muestras, cianotipos o fotografías para decidir la forma de grabar o tallar los objetos"", ""medir y calcular las dimensiones de los carteles, dibujos o modelos decorativos que se vayan a grabar"", ""grabar y estampar dibujos, modelos ornamentales, grabados al aguafuerte, marcas comerciales, figuras o letras en superficies planas o curvas de diversos objetos de metal, vidrio, plástico o cerámica"", ""grabar modelos decorativos, marcas de calibración y otras figuras en objetos de vidrio""]"
7317,"Los artesanos en madera, cestería y materiales similares utilizan técnicas y modelos tradicionales, como secado o impregnación, para preparar madera, paja, mimbre, juncos, cañas, arcilla, conchas marinas u otros materiales, y tallan, moldean, montan, tejen, pintan y decoran diversos objetos para uso personal, doméstico o para fines decorativos. Los tejedores de cestos, fabricantes de escobas y productos similares, seleccionan y preparan materiales como pelo, nylon, fibras vegetales (mimbre, totora, cáñamo, junto, boqui y ñocha, quilineja), y alambres para fabricar muebles de mimbre, cepillos, escobas y para tejer distintos tipos de cestos y canastas.","[""preparar madera, paja, mimbre, juncos, cañas, conchas marinas y otros materiales similares"", ""tallar motivos florales y artísticos en superficie de madera, con fines decorativos"", ""pintar a mano diseños decorativos sobre artículos de vidrio, cerámica o porcelana"", ""tallar, montar, hilar, pintar y decorar diversos objetos decorativos de uso personal y doméstico, como ensaladeras, cucharas de servir, tablas de picar, bandejas, floreros, jarras, cestos, sombreros y esterillas de paja y otros artículos similares"", ""tallar, montar, hilar y pintar diversos objetos decorativos como estatuas y otras esculturas, piezas de ajedrez, joyas y otros objetos similares"", ""fabricar muebles de mimbre a partir de juncos pelados y ablandados, cañas, mimbre, ramas de sauce y materiales similares"", ""fabricar distintos tipos de cestos entretejiendo mimbrera, juncos, cañas o materiales similares"", ""formar la base de los cestos entrelazando tiras de juncos, chapa de madera u otros materiales con una estructura de varillas de materiales como sauce"", ""insertar varillas alrededor del borde de la base, entre secciones de madera y curvarlas hacia arriba para que formen la estructura de los laterales"", ""seleccionar y preparar materiales para cepillos, como pelos, nylon, fibras y alambres, y fijarlos a la base de los cepillos"", ""seleccionar y preparar materiales como quilineja o coirón, filamentos y fibra, y fijarlos al mando de las escobas""]"
7318,"Los artesanos de los tejidos, el cuero y materiales similares aplican técnicas y patrones tradicionales para confeccionar telas tejidas a mano o con telar, bordadas o hiladas y otras prendas y artículos para uso doméstico, así como calzado, bolsos, cinturones y otros accesorios tradicionales.","[""hilar y teñir lana, algodón y otras fibras con colorantes naturales"", ""hilar, tejer, bordar y hacer encajes (bolillo, frivolité o crochet) y aplicar en diversas prendas y artículos de uso doméstico"", ""preparar y teñir pieles con colorantes naturales y confeccionar calzado tradicional, bolsos, cinturones y otros accesorios tradicionales"", ""hilar y devanar a mano"", ""tender manualmente en el telar los hilos de la urdimbre"", ""tejer con telares de uso manual telas, tapices, encajes, alfombras y otros tejidos, lisos o con dibujos"", ""confeccionar alfombras con técnicas de anudado"", ""tejer prendas de vestir y otros artículos a mano o utilizando máquinas accionadas a mano"", ""tejer artículos a crochet o tejer cordones y trenzados a mano"", ""tejer redes a mano"", ""determinar niveles de calidad de las fibras textiles naturales y clasificarlas"", ""lavar fibras de lana"", ""limpiar y esponjar fibras textiles"", ""transformar las fibras en cintas, peinar napas de cinta, juntar varias cintas en napas o cintas de carda, o transformar la cinta en ovillos, madejas o mechas""]"
7319,"Se incluyen en este grupo primario los trabajadores artesanales que confeccionan artesanías tradicionales no clasificados previamente. Además, se incluyen los trabajadores que realizan manualidades, como por ejemplo, las personas que trabajan metales no preciosos y piedras con técnicas tradicionales.",[]
7321,"Los tipógrafos hacen pruebas de impresión, disponen el formato y componen textos y gráficos de forma adecuada para su uso en distintos procesos de impresión y de representación en otros medios visuales.","[""manejar cámaras gráficas y otros equipos fotográficos con el fin de reproducir imágenes listas para impresión en películas, planchas y dispositivos de reproducción digital"", ""usar aplicaciones informáticas para generar imágenes, texto, bocetos y composiciones destinados a la imprenta o a su visualización en otros medios"", ""manejar equipos de preparación de planchas para transferir imágenes desde soportes de película a planchas de impresión, dispositivos de reproducción digital y prensas"", ""manejar equipos informáticos que permitan escanear imágenes y texto, separar y corregir colores, enmascarar, hacer diseño creativo, combinar, superponer y retocar imágenes, y aplicar otros procedimientos utilizados para transferir copias a película y producir películas que se emplearán en planchas, reproducciones digitales y reproducciones con prensas de cilindro"", ""sacar pruebas digitales y químicas a partir de sistemas digitales, así como positivos y negativos de película"", ""evaluar las impresiones de prueba, comprobarlas y corregirlas para optimizar su calidad"", ""preparar y exponer papel pigmento para depositar imágenes en cilindros por el método de transferencia, y revelar imágenes""]"
7322,"Los impresores instalan, ajustan y manejan prensas y otros dispositivos de impresión digital, litográfica, flexográfica, de fotograbado, así como de impresión de periódicos y de otra índole.","[""instalar, ajustar y vigilar los mecanismos de alimentación de sustrato, los mecanismos de salida, los sistemas de tinta y otras funciones de las máquinas de impresión"", ""mezclar tintas y disolventes según las especificaciones de funcionamiento y regular la alimentación de papel y de tinta durante la impresión"", ""vigilar, evaluar y verificar el funcionamiento de las prensas para asegurar que se cumplan los niveles de calidad fijados en las pruebas y detectar fallas"", ""obtener diversos productos impresos utilizando aparatos de impresión digital, en relieve, litográfica, flexográfica y de fotograbado y sistemas conexos de acabado (terminación)"", ""preparar las planchas, mantillas y cilindros de impresión en pequeñas prensas de litografía en offset"", ""cargar papel en los mecanismos de alimentación"", ""controlar las operaciones de las máquinas y la calidad de la impresión"", ""mantener, ajustar, reparar y limpiar las máquinas"", ""obtener imágenes de impresión digitales, transferir imágenes y producir reproducciones de las mismas sobre diversos soportes""]"
7323,Los encuadernadores encuadernan libros y otras publicaciones y realizan tareas de acabado de obras impresas a mano o a máquina.,"[""instalar equipos automáticos de encuadernación y acabado, ajustarlos y supervisar su funcionamiento"", ""realizar encuadernaciones completas, combinando telas, cueros y rústicas de libros, y reparar encuadernaciones"", ""plegar, acoplar y coser las signaturas a máquina o a mano"", ""manejar guillotinas para cortar y recortar papel antes y después de la impresión, y programar electrónicamente las unidades manejadas"", ""manejar sistemas para insertar material impreso en periódicos, revistas y sobres"", ""embellecer los productos impresos, de forma automática o manual"", ""manejar dispositivos de reproducción fotográficos y electrónicos""]"
7411,"Los electricistas de obras instalan, mantienen y reparan sistemas de cableado eléctrico, equipos y accesorios similares.","[""instalar, mantener y reparar sistemas de cableado eléctrico y equipos conexos en diversos edificios como, escuelas, hospitales, establecimientos comerciales, viviendas y otras estructuras"", ""examinar planos, diagramas de circuito y especificaciones para determinar las secuencias de trabajo y los métodos de operación"", ""planificar el trazado y la instalación de sistemas de cableado, equipos y aparatos eléctricos basándose en las especificaciones de trabajo y en las normas aplicables"", ""inspeccionar sistemas, equipos y componentes eléctricos para detectar peligros y defectos y determinar si es o no necesario efectuar ajustes o reparaciones"", ""seleccionar, cortar y conectar alambres y cables a terminales y conectores"", ""medir las instalaciones y colocar puntos de referencia"", ""determinar la ubicación de tableros de distribución eléctrica e instalarlos"", ""comprobar la continuidad de los circuitos""]"
7412,"Los mecánicos y ajustadores electricistas instalan, montan, ajustan y reparan maquinaria eléctrica y otros aparatos y equipos eléctricos en edificios, fábricas, vehículos de motor, talleres y otros lugares.","[""montar, ajustar y reparar diversas clases de máquinas y motores eléctricos, generadores, dispositivos de distribución y de control, instrumentos eléctricos o partes eléctricas de ascensores y equipos conexos"", ""montar, ajustar y reparar partes eléctricas de aparatos de uso doméstico y de máquinas industriales y de otro tipo"", ""inspeccionar y probar los productos eléctricos fabricados"", ""instalar, conectar, probar, poner en servicio, mantener y modificar equipos, sistemas de cableado y sistemas de control eléctrico"", ""diseñar, instalar, mantener, y reparar ascensores y montacargas eléctricos e hidráulicos, escaleras mecánicas, rampas eléctricas y otros equipos de elevación"", ""conectar sistemas eléctricos a la fuente de alimentación eléctrica"", ""sustituir y reparar piezas defectuosas""]"
7413,"Los instaladores y reparadores de líneas eléctricas instalan, reparan y empalman cables de transmisión y alimentación eléctrica y equipos similares.","[""instalar y reparar líneas eléctricas aéreas y subterráneas de alimentación y tracción"", ""efectuar los empalmes de cables eléctricos aéreos y subterráneos"", ""seguir las prácticas y procedimientos de seguridad, como por ejemplo, comprobando regularmente los equipos y levantando barreras alrededor de las zonas de trabajo"", ""abrir los contactos o instalar dispositivos de toma a tierra para eliminar los riesgos eléctricos de las líneas dañadas o caídas y facilitar las reparaciones"", ""subir a los postes o utilizar una plataforma elevadora montada en un camión para acceder a los equipos"", ""detectar defectos en los dispositivos de seccionamiento, disyuntores, fusibles, reguladores de tensión, transformadores, conmutadores, relés o cables, usando los diagramas de cableado e instrumentos de medición y prueba eléctrica""]"
7421,"Los mecánicos y reparadores en electrónica instalan, mantienen, ajustan y reparan equipos electrónicos, tales como máquinas comerciales y de oficina, e instrumentos y sistemas de control electrónicos.","[""examinar y probar máquinas, instrumentos, componentes, sistemas de control y otros equipos electrónicos para diagnosticar fallas"", ""ajustar, reparar, sustituir piezas y cables desgastados o defectuosos, y mantener máquinas, equipos e instrumentos"", ""efectuar un nuevo montaje de los equipos, hacer pruebas de su funcionamiento y realizar ajustes en estos"", ""instalar instrumentos y sistemas de control electrónicos"", ""coordinar su trabajo con el de los ingenieros, técnicos y otros miembros del personal de mantenimiento"", ""interpretar los datos obtenidos en las pruebas y aprovecharlos para hacer el diagnóstico de posibles defectos y problemas de funcionamiento sistémicos"", ""instalar, ajustar, reparar o sustituir componentes, módulos y sistemas eléctricos y electrónicos, utilizando herramientas de uso manual, herramientas eléctricas o soldadores"", ""conectar componentes a equipos tales como sistemas de radio, instrumentos, magnetos, inversores y sistemas de reabastecimiento en vuelo"", ""mantener registros de los trabajos de mantenimiento y reparación""]"
7422,"Los instaladores y reparadores en tecnología de la información y las comunicaciones instalan, reparan y mantienen equipos de telecomunicaciones y de transmisión de datos, cables, antenas y conductos; también instalan, mantienen y reparan computadores.","[""mantener y probar computadores, equipos de transmisión de datos y periféricos de computador, repararlos y resolver problemas de su funcionamiento"", ""instalar y ajustar equipos informáticos"", ""instalar y mantener dispositivos de microondas, telemetría, multiplexación, comunicación satelital y otros sistemas de comunicación por ondas radiales y electromagnéticas, diagnosticar fallas en su funcionamiento y repararlas"", ""brindar asesoramiento e información de carácter técnico, y vigilar el funcionamiento de redes de telecomunicaciones y equipos complejos"", ""instalar y reparar cables utilizados en transmisiones por medio de computadores, radio, teléfono y televisión"", ""empalmar cables utilizados en las telecomunicaciones y la trasmisión de datos y sellar los envoltorios de cinta aislante"", ""instalar, mantener y reparar las antenas utilizadas en las comunicaciones""]"
7511,"Los carniceros y pescaderos sacrifican animales, limpian, cortan y elaboran diversos productos a base de carne y de pescado, retiran los huesos y preparan productos de alimentación similares o conservan la carne, el pescado y otros alimentos o productos alimenticios secándolos, salándolos o ahumándolos. Estas ocupaciones se desempeñan en comercios (carnicerías, caletas, supermercados), así como también en industrias (mataderos o industrias en las que procesan pescado).","[""sacrificar animales"", ""desollar y descuartizar las piezas"", ""deshuesar, cortar y preparar la carne y el pescado para la venta o para su procesamiento y conservación"", ""preparar ingredientes y fabricar salchichas y productos similares utilizando máquinas de cortar, mezclar y embutir"", ""curar, salar o ahumar la carne, el pescado u otros alimentos"", ""accionar cámaras u hornos para ahumar carne, pescado y otros alimentos"", ""cocinar o preparar de otro modo carne, pescado y otros productos de alimentación destinados a la venta"", ""vender carne o pescado a clientes, actividad que comprende el envasado, pesaje, etiquetado de los productos y el cobro de las ventas""]"
7512,"Los panaderos, pasteleros y confiteros elaboran diversas clases de pan, pasteles y otros productos a base de harina, así como chocolates y dulces elaborados a mano.","[""elaborar pan, bizcochos, galletas, pasteles, tortas y otros productos hechos con harina"", ""elaborar a mano dulces y golosinas, con ayuda de utensilios y algunas máquinas, mezclando azúcar, chocolate y otros ingredientes"", ""medir los ingredientes y combinarlos en los recipientes de máquinas de mezclado, amasado o cocción"", ""comprobar la calidad de las materias primas para asegurar que se cumplan las normas y especificaciones pertinentes"", ""aplicar baños, glaseados y otras coberturas a los productos horneados, usando espátulas o pinceles"", ""comprobar la limpieza de los equipos y el estado del local de trabajo antes de realizar las tareas de producción, para asegurar que se cumplan las normas en materia de higiene y seguridad laborales"", ""vigilar las temperaturas del horno y el aspecto de los productos para determinar los tiempos de horneado"", ""coordinar la preparación, carga, horneado, descarga, retirada y enfriamiento de los lotes de pan, panecillos, pasteles y productos de confitería""]"
7513,"Los operarios de la elaboración de productos lácteos fabrican mantequilla y diversos tipos de queso, crema u otros productos lácteos.","[""hervir o pasteurizar la leche para conseguir el contenido de materia grasa especificado"", ""separar la crema de la leche y batirla para hacer mantequilla"", ""verter en la leche las cantidades medidas de fermento y de otros ingredientes"", ""cuajar la leche, calentar la cuajada hasta que tome la consistencia deseada, escurrir el agua y meter el queso en los moldes para formarlos por presión"", ""salar el queso y agujerearlo o untarlo con suero para desarrollar el crecimiento del moho"", ""colocar las piezas de queso en estantes y girarlos periódicamente para que se curen"", ""controlar la calidad de los productos antes de su envasado, inspeccionándolos, tomando muestras y ajustando las condiciones de procesamiento en caso necesario"", ""registrar las cantidades de ingredientes empleados, los resultados de las pruebas y la duración de los ciclos de procesamiento""]"
7514,"Los operarios de la conservación de frutas, legumbres y verduras preparan o conservan frutas, nueces y otros alimentos aplicando diversos procedimientos como cocer, secar, salar o extraer el zumo o aceite.","[""extraer zumo de diversas frutas"", ""extraer aceite de semillas oleaginosas, de frutos de cáscara o de ciertas frutas"", ""cocer, salar o deshidratar frutas, legumbres, verduras u otros alimentos"", ""mezclar y añadir ingredientes como pectina, azúcar, especias y vinagre para ayudar a la conservación y mejorar la textura, el aspecto y el sabor"", ""trasladar los alimentos conservados a frascos, botellas y otros recipientes""]"
7515,"Los catadores, clasificadores y controladores de calidad de alimentos y bebidas inspeccionan, prueban y clasifican varios tipos de productos agrícolas, alimentos y bebidas.","[""inspeccionar, verificar, probar y oler productos agrícolas, alimentos y bebidas en diversas fases de elaboración"", ""determinar la calidad, la aceptabilidad para los gustos de los clientes, el valor aproximado de los productos y clasificarlos en clases apropiadas"", ""descartar los productos de calidad insuficiente"", ""registrar la categoría o el número de identificación de los productos en etiquetas, guías de despacho o facturas"", ""pesar y medir los productos""]"
7516,"Los elaboradores de tabaco y sus productos, preparan las hojas de tabaco y fabrican diversos productos.","[""seleccionar las hojas de tabaco curadas, según su clase, calidad y lugar de procedencia"", ""juntar hojas de tabaco de diversas clases, aplicando determinadas fórmulas, para obtener mezclas de aroma particular"", ""atender y vigilar el funcionamiento de las instalaciones en que se humedece el tabaco para su procesamiento posterior"", ""arrancar las nervaduras centrales y los pecíolos de las hojas de tabaco y picar el tabaco"", ""confeccionar cigarros, cigarrillos, rapé y otros productos del tabaco, a mano o con máquinas simples""]"
7521,"Los operarios del tratamiento de la madera, la secan de manera natural o por medios artificiales y la conservan y tratan utilizando técnicas manuales o aparatos de tratamiento, como hornos de secado, piscinas y otros contenedores.","[""manejar y accionar hornos, contenedores de tratamiento y otros equipos de secado artificial de los maderos, disponer la madera y otros productos de madera para el secado natural e impregnar la madera y sus productos con sustancias conservantes"", ""vigilar el funcionamiento de los equipos, los indicadores y las luces de los tableros y paneles de control, para detectar problemas con respecto a las normas y asegurar que los procesos se desarrollen de acuerdo con las especificaciones"", ""accionar válvulas para introducir las soluciones de impregnación en los contenedores previstos para esto, y mantener los niveles de calor, vacío, presión hidráulica y solución prescritos para cada etapa del ciclo de tratamiento"", ""activar bombas de vacío y de presión hidráulica para expulsar el aire y el vapor de los contenedores y forzar la entrada de la solución en los poros de la madera a fin de acelerar el proceso de impregnación"", ""ayudar a mantener los equipos y máquinas de tratamiento, según se requiera"", ""limpiar, lubricar y ajustar los equipos"", ""transportar materiales y productos hacia y desde las áreas de trabajo, de forma manual o utilizando carros, carretillas o aparatos de elevación"", ""completar y conservar los informes de producción""]"
7522,"Los ebanistas y mueblistas fabrican, decoran y reparan muebles, carros y otros vehículos, ruedas, accesorios, matrices, plantillas, maquetas y otros productos de madera utilizando máquinas de labrar madera, máquinas herramientas y herramientas de uso manual.","[""manejar máquinas de labrar madera, como sierras, cepillos, y otras herramientas de mano para cortar, moldear y formar piezas y componentes"", ""estudiar planos, verificar las dimensiones de los artículos que van a fabricar o preparar especificaciones y verificar la calidad y el ajuste de las piezas, para asegurar que se cumplan las especificaciones recibidas"", ""hacer ensambles y ajustar piezas y partes para formar unidades completas usando pegamento y abrazaderas, reforzar los ensambles con clavos, tornillos y otros instrumentos de sujeción"", ""fabricar, remodelar y reparar artículos de madera diversos, como armarios, muebles, vehículos, modelos a escala, material deportivo y otras piezas o productos"", ""adornar muebles y accesorios con motivos de madera decorativos, tallados, incrustados, grabados o enchapados"", ""dar acabado final a los artículos o muebles de madera""]"
7523,"Los operadores y reguladores de máquinas para trabajar la madera instalan, accionan y vigilan máquinas automáticas o semiautomáticas para labrar madera tales como, los aparatos mecánicos de precisión que se utilizan para aserrar, limar, cepillar, perforar, tornear y tallar madera con el fin de fabricar o reparar piezas para muebles, accesorios y otros productos.","[""ajustar, programar, manejar y vigilar diversos tipos de máquinas para labrar madera utilizadas para aserrar, limar, perforar, taladrar, cepillar, prensar, tornear, lijar o tallar madera con el fin de fabricar o reparar piezas para muebles, accesorios y otros productos"", ""manejar máquinas especiales para labrar madera, preajustadas para fabricar productos de madera como colgadores, mangos de escoba, perros para la ropa y otros"", ""seleccionar las cuchillas, sierras, hojas, brocas o correas en función de la pieza que se va a labrar, las funciones de la máquina utilizada y las especificaciones de los productos"", ""instalar y ajustar hojas, brocas y correas de lijado, y usar herramientas de mano y reglas"", ""regular y ajustar diversos tipos de máquinas para labrar madera para que sean utilizadas por otros trabajadores"", ""leer e interpretar las especificaciones o seguir las instrucciones recibidas""]"
7531,"Los sastres, modistos, peleteros y sombrereros confeccionan, ajustan, modifican o reparan prendas de vestir confeccionadas a la medida o a mano. Asimismo, confeccionan a medida prendas como sombreros, trajes, abrigos y vestidos con telas, cueros, pieles y otros materiales según los requerimientos de los clientes y de los fabricantes de prendas de vestir.","[""confeccionar abrigos, trajes, faldas, camisas, blusas, prendas de lencería y corsetería, sombreros, pelucas y prendas similares, a menudo ajustándose a las exigencias de los clientes"", ""seleccionar telas, cueros o pieles que se adecuen al tamaño, color, textura y calidad deseadas de la prenda, cortarlos para que se ajusten al patrón y disponerlos sobre éste de acuerdo con el diseño de la prenda"", ""hacer cambios en el estilo de las prendas, como por ejemplo, acortando pantalones, estrechando solapas y añadiendo o quitando hombreras"", ""seleccionar y modificar patrones comerciales para ajustarlos a los requerimientos de los clientes y de los fabricantes de las prendas"", ""ajustar, modificar y reparar vestidos, chaquetas y otras prendas a medida, de acuerdo con los requerimientos de los clientes"", ""confeccionar y cuidar el vestuario utilizado en representaciones teatrales y producciones de televisión y cine"", ""disponer en pliegues y drapeados materiales como satín y seda, coser cintas o telas en forma de flores artificiales alrededor de la copa o las alas de sombreros para darles forma y adornarlos"", ""coser y unir materiales y pelo para confeccionar pelucas"", ""combinar tiras de pelo para dar un aspecto natural a las pelucas, disponer dichas tiras de pelo en la posición especificada y coserlas para formar postizos"", ""confeccionar, transformar, renovar y reparar prendas de vestir y otros artículos de piel"", ""recuperar los trozos de pieles de abrigos viejos que se conserven en buen estado, pegar telas de refuerzo por el revés de los abrigos de piel y recortar las orillas de las pieles una vez cosidas""]"
7532,"Los patronistas y cortadores de telas crean patrones para la producción de prendas de vestir y otros productos de tela, cuero o piel. Asimismo, marcan, cortan, configuran y recortan telas, cueros y otros materiales, siguiendo patrones o especificaciones, para la elaboración de prendas de vestir, sombreros, gorras, guantes y productos diversos.","[""crear un patrón maestro para cada una de las tallas de una prenda, usando gráficos, útiles de dibujo o computadores"", ""crear los patrones para el diseño concreto de una prenda, con ayuda de un computador"", ""calcular las dimensiones de los patrones según las tallas, teniendo en cuenta el encogimiento del material"", ""señalar en las partes bosquejadas, los lugares donde éstas han de unirse, así como la posición de las pinzas, bolsillos y ojales, el cosido decorativo en los zapatos o los ojales en las zapatillas, usando computadores o útiles de dibujo"", ""colocar plantillas o medir los materiales para determinar los puntos concretos de corte o para obtener el máximo rendimiento y marcar las telas"", ""trazar el patrón básico en una pieza de tela y cortarlo"", ""comprobar los patrones confeccionando prendas de muestra y ajustándolas"", ""colocar los patrones sobre capas de tela y cortarlas usando cuchillas eléctricas o de uso manual o mecanismos de corte controlados por computador"", ""cortar telas o pieles para confeccionar partes de prendas y otros artículos de piel"", ""recortar el material sobrante, como los bordes colgantes de un producto acabado"", ""colocar el cuero en máquinas cortadoras procurando el máximo aprovechamiento en función del tipo de piel, los defectos y la elasticidad de la piel"", ""preparar los patrones, marcar y cortar los materiales para la confección de otros artículos, como tapicerías y artículos de lona""]"
7533,"Los costureros y bordadores cosen, reparan, renuevan y bordan prendas de vestir, guantes u otros productos de tela, cueros y otros materiales, y confeccionan velas para barcos, carpas, toldos y otros artículos de lona impermeable. Su trabajo lo hacen principalmente a mano, con aguja e hilo, pero pueden realizar algunas tareas con máquina de coser.","[""reparar a mano, con aguja e hilo, tejidos o prendas de vestir defectuosas o dañadas"", ""soltar puntadas de las prendas que han de modificarse, empleando descosedor u otros utensilios"", ""seleccionar el hilo de acuerdo con las especificaciones recibidas o en función del color, o teñirlo para que sea acorde con el color y el matiz de la tela que se va a zurcir"", ""poner parches, coser roturas y costuras sueltas o zurcir defectos con aguja e hilo"", ""invertir el abotonado de las prendas, añadiendo ganchos"", ""recortar bordes con tijera para que las partes arregladas parezcan uniformes con el patrón o estampado de la tela"", ""coser a mano, con aguja e hilo de color, diseños decorativos en patrones estampados, impresos o estarcidos en tela"", ""bordar diseños decorativos a mano o a máquina, con aguja e hilos de colores"", ""ablandar con agua el material de cuero o de calzado a fin de prepararlo para coser"", ""coser o pegar adornos en artículos como sombreros y gorras"", ""coser a mano las telas a la armadura de paraguas y quitasoles, haciendo coincidir las costuras con las varillas y fijándolas con puntos de costura, fijar los ángulos de las telas a los extremos de las varillas y unirlas de tal modo que queden sujetas al plegarse los paraguas o quitasoles"", ""confeccionar y montar telas gruesas, lonas y materiales similares en velas, toldos, carpas y otros artículos de lona impermeable""]"
7534,"Los tapiceros instalan, reparan y sustituyen tapicerías de muebles, accesorios, artículos ortopédicos, asientos, paneles, capotas y otros elementos de automóviles, coches de ferrocarril, aviones, buques, así como artículos similares, utilizando tela, cuero, cuero artificial u otro material de tapizado. También confeccionan y arreglan almohadones, cobertores de cama y colchones.","[""examinar con los clientes la tela, el color y el estilo de la tapicería y pasarles presupuesto del tapizado de muebles y otros objetos"", ""confeccionar patrones de tapizado a partir de bocetos, de especificaciones de los clientes o de planos"", ""trazar, medir y cortar los materiales de tapicería siguiendo los patrones, plantillas, bocetos o especificaciones de diseño"", ""colocar, disponer y sujetar los muelles, el relleno y la tapicería de los muebles"", ""coser a mano los materiales de tapicería para almohadones y juntar las distintas partes"", ""coser los desgarros en la tapicería o entrelazar y juntar partes descosidas, utilizando aguja e hilo"", ""incrustar, pegar o coser a la tapicería adornos, broches, botones y otros accesorios"", ""trazar, cortar y confeccionar tapicerías e instalarlas en aviones, vehículos de motor, coches de ferrocarril, embarcaciones y buques"", ""reparar el cuero crudo que cubre los miembros artificiales en artículos ortopédicos"", ""restaurar muebles antiguos empleando distintas herramientas, como martillos magnéticos y agujas largas"", ""colaborar con los diseñadores de interiores para decorar habitaciones y coordinar las telas que se utilizarán en el mobiliario, cortinas, tapices y alfombras"", ""confeccionar edredones o cobertores de cama, almohadones y colchones""]"
7535,"Los apelambradores, pellejeros y curtidores recortan, raspan, limpian, curten y tiñen pellejos, pelos o pieles de animales para producir piezas de cuero y piel destinadas a la confección de prendas de vestir y otros productos.","[""escoger y clasificar los pellejos, pelos y pieles en función de su color, tono, tamaño y densidad"", ""retirar de las pieles y pelos las partículas de carne, grasa o tejido protector para limpiarlos y suavizarlos"", ""quitar el pelo de las pieles o pellejos poniéndolos en remojo en agua de cal"", ""preparar los pellejos curándolos con sal"", ""eliminar el pelo largo y grueso de las pieles e igualar la longitud de la pelambre"", ""adobar y teñir los pelos para mejorar su lustre y belleza o restaurar su aspecto natural"", ""preparar corteza y extracto de mirobálano para tratar las pieles y pellejos"", ""tratar las pieles y pellejos en soluciones especiales para curtirlas y convertirlas en cuero"", ""teñir las pieles para reforzar sus tonos naturales"", ""quitar las arrugas y mejorar la textura de los pellejos o pieles en húmedo"", ""adobar y teñir los cueros"", ""alisar, estirar y suavizar cueros y pieles ya curtidos"", ""adobar el cuero aplicándole una solución química o aceite de forma homogénea en la superficie con un pincel y dejarlos secar al aire libre""]"
7536,"Los zapateros confeccionan, modifican y reparan calzado normal, ortopédico a medida u otros artículos de cuero natural o artificial, como maletas, bolsos de mano y cinturones o participan en la fabricación de zapatos y artículos similares. Asimismo, decoran, refuerzan o dan el acabado a zapatos, maletas, bolsos de mano y cinturones.","[""confeccionar, modificar y reparar calzado estándar para atender necesidades de los clientes"", ""confeccionar, modificar y reparar calzado ortopédico o terapéutico de acuerdo con prescripciones médicas o modificar calzado existente para personas con problemas en los pies y necesidades especiales"", ""reparar cinturones, maletas, bolsos y productos similares"", ""sacar moldes de yeso de piernas o pies deformados para preparar planos de diseño del calzado"", ""preparar insertos, plantillas y alzas a partir de moldes de los pies de clientes"", ""estudiar los planos y otras especificaciones para confeccionar calzado de acuerdo con las necesidades de clientes"", ""estudiar los pedidos o las identificaciones de partes de zapatos para determinar la carga de trabajo, las especificaciones de cada pedido o tarea y los tipos de materiales que han de emplearse"", ""comprobar la textura, color y resistencia del cuero para asegurar que es adecuado para el fin concreto al que se destina"", ""cortar, moldear y acolchar las piezas con las que se han de confeccionar artículos de cuero"", ""coser roturas o poner parches para reparar artículos como bolsos, cinturones, zapatos y maletas"", ""retirar y examinar zapatos, partes de zapatos y diseños para verificar que se cumplen los requerimientos sobre aspectos, como por ejemplo, el encaje adecuado de las puntadas en canales"", ""añadir accesorios o elementos para adornar o proteger los productos"", ""confeccionar y reparar artículos como monturas y arnés para animales, maletas, bolsos de mano, maletines, bolsos de cuero, cinturones y otros artículos""]"
7541,"Los buzos trabajan bajo el agua, provistos o no de aparatos de respiración en inmersión y desempeñan funciones tales como, inspeccionar, instalar, reparar y desmontar instalaciones y equipos, realizar pruebas o experimentos, colocar explosivos, fotografiar estructuras o formas de vida marina, recolectar diversas especies acuáticas con fines comerciales o de investigación, buscar y salvar a personas, recuperar cadáveres y objetos.","[""tomar las precauciones de seguridad debidas, como por ejemplo, supervisando la duración y profundidad de las inmersiones de buceo y registrándose ante las autoridades antes de iniciar expediciones submarinas"", ""comprobar y mantener el equipo de buceo como cascos, mascarillas, depósitos de aire, trajes de inmersión, arneses e indicadores"", ""hacer las inmersiones con el apoyo de buzos auxiliares y utilizando escafandras autónomas o trajes de inmersión"", ""trabajar bajo el agua en la colocación o reparación de cimientos de puentes, muelles o de la costanera"", ""inspeccionar cascos de embarcaciones e instalaciones sumergidas para detectar posibles fallas o deterioros y efectuar pequeñas reparaciones"", ""informar sobre el estado de las embarcaciones sumergidas"", ""apartar o remover obstáculos que se encuentren bajo el agua"", ""perforar agujeros con taladro en la roca para explosiones bajo el agua"", ""realizar diferentes tareas bajo el agua relacionadas con trabajos de salvamento o de rescate de cadáveres"", ""recolectar mariscos, esponjas marinas y otras formas de vida acuática"", ""comunicarse con los trabajadores de superficie durante la inmersión, empleando líneas de señales o teléfonos"", ""obtener información sobre las tareas de buceo y las condiciones del entorno""]"
7542,"Los dinamiteros y pegadores colocan, montan y detonan explosivos en minas, canteras y obras de demolición.","[""asegurar que se cumplan los procedimientos y las normas de seguridad en el lugar de trabajo y los lugares de manejo, almacenamiento y transporte de explosivos"", ""planificar la disposición, profundidad y diámetro de las perforaciones y dar instrucciones al respecto"", ""comprobar la profundidad y limpieza de las perforaciones"", ""determinar la cantidad y el tipo de los explosivos que se van a utilizar"", ""colocar explosivos en las perforaciones"", ""montar cargas de cebo usando detonadores y cartuchos explosivos o dirigir a otros trabajadores para que las monten, y conectar los filamentos eléctricos, fusibles y cordones detonadores correspondientes"", ""conectar filamentos eléctricos, fusibles y cordones detonadores en serie, comprobar los circuitos eléctricos y repararlos en caso de mal funcionamiento y conectar las series a máquinas de tronadura"", ""cubrir las cargas explosivas, terminar de llenar los agujeros con polvo de roca, arena y otros materiales y aplastar el material para compactar las cargas"", ""comprobar que han detonado todos los explosivos, informar sobre las fallas y subsanarlas"", ""confirmar y anunciar la seguridad de las zonas de tronadura antes y después de las detonaciones"", ""compilar y mantener registros del uso de explosivos, de conformidad con las leyes y reglamentos pertinentes""]"
7543,"Los clasificadores, probadores de productos e inspectores de calidad (excluyendo alimentos y bebidas) inspeccionan, prueban, clasifican, muestrean y pesan materias primas, componentes fabricados y artículos no comestibles producidos o vendidos, para asegurar que se cumplan las normas de calidad y descubrir defectos, desgastes y desviaciones con respecto a los requerimientos, ordenar y clasificar dichos productos en función de su calidad durante el proceso de producción.","[""inspeccionar y probar productos, piezas y materiales para asegurar que se cumplan los requerimientos y normas"", ""clasificar fibras textiles para su hilado y devanado"", ""descartar o rechazar productos, materiales y equipos que no cumplan los requerimientos pertinentes"", ""analizar e interpretar planos, datos, manuales y otros materiales para determinar los requerimientos y los procedimientos de inspección y de prueba"", ""notificar los problemas a los supervisores y a otros miembros del personal de producción, y ayudarles a identificarlos y a corregirlos"", ""registrar los datos obtenidos en las inspecciones y pruebas, como por ejemplo, el peso, la temperatura, el grado o el contenido de humedad, y las cantidades inspeccionadas o clasificadas"", ""marcar los artículos indicando datos como la clase y el grado de aceptación o rechazo"", ""medir las dimensiones de los productos empleando instrumentos como reglas, calibres o micrómetros"", ""analizar los datos de las pruebas y hacer los cálculos necesarios para determinar los resultados de las mismas""]"
7544,"Los fumigadores y otros controladores de plagas y malezas usan productos químicos para eliminar insectos nocivos, pequeños mamíferos, plantas silvestres y otros organismos con el objetivo de evitar daños a las cosechas, las edificaciones, otras instalaciones y a su entorno, y prevenir riesgos para la salud.","[""manejar y vigilar los equipos de fumigación"", ""mezclar los productos químicos de acuerdo con las instrucciones"", ""cubrir zonas hasta la profundidad deseada con plaguicidas, aplicando los conocimientos disponibles sobre condiciones meteorológicas, cantidades a usar, distancia de aplicación y obstáculos existentes"", ""fumigar o liberar soluciones químicas o gases tóxicos y disponer trampas para acabar con plagas como, ratones, termitas y cucarachas"", ""alzar, empujar y balancear las boquillas, mangueras y tubos para fumigar directamente las zonas designadas"", ""llenar los depósitos de fumigación con agua y productos químicos"", ""limpiar y mantener los equipos para asegurar su funcionamiento eficiente""]"
7549,"Se incluyen en este grupo primario los operarios de otros oficios no clasificados previamente del gran grupo 7 “Artesanos y operarios de oficios”. Se incluyen, como por ejemplo, a las personas que moldean, cortan, esmerilan y pulen objetivos ópticos, y las personas que disponen flores para la venta.","[""calentar, moldear y prensar vidrio óptico para confeccionar objetivos ópticos"", ""esmerilar y pulir los objetivos ópticos"", ""realizar arreglos florales (ramos, coronas florales, canastillos florales, etc.)""]"
8111,"Los mineros y operadores de instalaciones mineras manejan instalaciones, máquinas y herramientas de uso manual para extraer rocas, minerales y otros depósitos de minas y canteras tanto subterráneas como a cielo abierto.","[""colocar en posición, manejar y supervisar el funcionamiento de diversos equipos de minería a cielo abierto y en galerías, como por ejemplo, las máquinas de minería continua, corte y realización de rozas"", ""ajustar y manejar equipos de perforación en minas y canteras tanto subterráneas como a cielo abierto"", ""manejar máquinas y utilizar herramientas tanto de uso manual como motorizadas (eléctricas, neumáticas, etc.) para retirar rocas sueltas, minerales, carbón y otros depósitos de minas o canteras"", ""preparar, ajustar e instalar puntales en las obras subterráneas, utilizando pernos de anclaje"", ""manejar máquinas para abrir nuevas galerías, corredores, pasajes y conductos de ventilación"", ""manejar máquinas auxiliares, como bombas para extraer aire, agua y lodo"", ""realizar el mantenimiento de rutina y pequeñas reparaciones en las instalaciones, máquinas y herramientas, y ocuparse de su lubricación y limpieza"", ""completar registros en que se detallen las operaciones realizadas durante los turnos"", ""recoger muestras de mineral para análisis de laboratorio""]"
8112,"Los operadores de instalaciones de procesamiento de minerales y rocas manejan y supervisan máquinas y equipos que se utilizan para procesar minerales, rocas y piedra con el fin de obtener productos refinados para uso inmediato o para nuevos procesamientos posteriores.","[""configurar y manejar instalaciones y maquinarias fijas que sirven para machacar, triturar, cortar, serrar, partir rocas y minerales de acuerdo con las especificaciones del trabajo"", ""colocar en las máquinas bloques y losas de piedra para el serrado, corte y otros trabajos"", ""supervisar y mantener el flujo de rocas, minerales y piedra desde las cintas transportadoras hacia las máquinas"", ""manejar equipos de lavado, separación, lixiviación, precipitado, filtrado, extracción y combinación para eliminar el material de desecho y recuperar los minerales"", ""combinar minerales con disolventes para facilitar su procesamiento posterior"", ""separar metales o minerales concentrados del mineral o los depósitos aluviales, por sedimentación, flotación, gravedad y filtrado o por medios magnéticos o electrostáticos"", ""efectuar la lectura de los contadores, indicadores y cuadros o tableros de control, ajustar las válvulas y mandos para garantizar el funcionamiento seguro y eficiente de los equipos y detectar posibles problemas de funcionamiento, y ayudar al mantenimiento y reparación de las instalaciones y maquinaria"", ""examinar visual o manualmente los materiales procesados, con el fin de asegurar que se cumplan las normas establecidas y las especificaciones de trabajo, y recoger muestras para los análisis de laboratorio"", ""registrar datos sobre las operaciones de procesamiento completadas durante cada turno, como por ejemplo, las cantidades, tipos y dimensiones de los materiales producidos"", ""clasificar, apilar y trasladar los minerales y rocas procesados, para su embalaje, procesamiento posterior o despacho""]"
8113,"Los perforadores y sondistas de pozos, colocan en posición, montan y manejan máquinas y equipos de perforación para abrir pozos, extraer muestras de roca, líquidos o gases y para otros fines.","[""desmontar, desplazar y ensamblar plataformas de perforación y equipos auxiliares"", ""ensamblar y desmontar tubos de perforación, tuberías de revestimiento y cabezales de perforación, y sustituir los equipos que no funcionan adecuadamente"", ""accionar los mandos para bajar y subir las tuberías de perforación y de revestimiento en los pozos, regular la presión en estos y controlar la rapidez de operación de las herramientas"", ""preparar los fluidos de perforación y comprobar el funcionamiento de las bombas para asegurar la circulación adecuada de los fluidos hacia el tubo de perforación y el pozo"", ""efectuar la lectura de los indicadores y demás instrumentos de medición y escuchar el sonido de los equipos para detectar daños, fallas de funcionamiento y condiciones inhabituales en los pozos, y así, determinar si es o no necesario modificar la perforación o sustituir los equipos"", ""mantener, ajustar, reparar y limpiar las torres de perforación y la maquinaria de elevación y de otro tipo"", ""mantener registros de las operaciones de perforación, mantenimiento y reparación"", ""manejar máquinas y equipos que se utilizan para extraer de los pozos el polvo, los recortes y el material de los equipos de perforación que se haya desprendido o roto"", ""cerrar y sellar los pozos que ya no estén en servicio"", ""supervisar y formar a los miembros del equipo""]"
8114,"Los operadores de máquinas para fabricar cemento y otros productos minerales manejan y supervisan máquinas para la fabricación y acabado de hormigón prefabricado, betún y productos de piedra, y fabrican piedra artificial destinada a la construcción.","[""manejar máquinas de extrusión, moldear, mezclar, bombear, compactar, triturar y cortar, utilizadas en la fabricación y el acabado de productos prefabricados de hormigón o piedra"", ""operar instalaciones de producción de cemento, cal y clínker, incluida la carga y descarga de ingredientes y el manejo de equipos de alimentación continua, como bombas y cintas transportadoras"", ""manejar instalaciones y máquinas que pesan y mezclan arena, grava, cemento, agua y otros ingredientes para fabricar hormigón"", ""manejar instalaciones y máquinas que montan y llenan moldes con mezclas de hormigón y piedra artificial, retiran los vaciados de los moldes y dan el acabado a las superficies de los productos prefabricados"", ""cortar, triturar, perforar, chorrear con arena húmeda y pulir productos de hormigón, bloques, losas y otros productos de piedra, de acuerdo con las especificaciones recibidas para el trabajo"", ""comprobar los planos de producción y las especificaciones para determinar y seleccionar los materiales, ingredientes, procedimientos, componentes y ajustes para las máquinas de extrusión, moldeo, mezclado y compactación"", ""supervisar el funcionamiento de los equipos y máquinas, leyendo instrumentos tales como los indicadores de temperatura y de presión, ajustar los mandos y notificar los daños y problemas de funcionamiento conforme sea necesario"", ""recoger y examinar muestras de mezclas y de productos acabados a fin de comprobar que se cumplen las especificaciones y de efectuar los ajustes correspondientes en las máquinas"", ""comprobar y mantener registros de producción, los que deben incluir información sobre las cantidades, dimensiones, tipos de materiales y bienes producidos"", ""organizar el mantenimiento y reparación de las máquinas o equipos y ayudar en esas tareas""]"
8121,"Los operadores de instalaciones de procesamiento de metales supervisan, manejan, ajustan y mantienen los equipos y máquinas monofuncionales que se utilizan para procesar y convertir minerales y refinar, endurecer, laminar y extrudir metales.","[""montar, preparar y ajustar las máquinas de procesamiento de minerales y metales para llevar a cabo alguna fase de las operaciones respectivas"", ""manejar máquinas monofuncionales que se utilizan para triturar, separar, filtrar, mezclar, tratar, fundir, laminar y refinar metales y minerales, o aplicarles otras formas de procesamiento"", ""efectuar la lectura de los medidores, contadores, impresiones de computadora, pantallas de visualización y productos para asegurar el funcionamiento correcto de las máquinas y verificar que se cumplen los requisitos de procesamiento específicos"", ""ajustar máquinas, válvulas, bombas, controles y equipos de procesamiento"", ""controlar la preparación y medición de las materias primas y agentes de procesamiento y su incorporación al proceso de fabricación"", ""controlar los mecanismos de arranque y apagado de los distintos procesos, resolver problemas y supervisar los equipos de procesamiento externos"", ""inspeccionar los equipos para detectar daños y fallas, llevar a cabo pruebas rutinarias de funcionamiento de estos y organizar su mantenimiento"", ""analizar muestras de productos, realizar pruebas, anotar los datos obtenidos y llevar cuadernos con los registros del proceso de producción""]"
8122,"les) Los operadores de máquinas de acabado de metales (pulidores, galvanizadores y recubridores de metales) manejan y supervisan los equipos utilizados para dar acabado, galvanizar y recubrir piezas o artículos de metal a fin de aumentar su resistencia a la corrosión y a la abrasión, darles aspecto decorativo o conferirles propiedades eléctricas o magnéticas.","[""manejar y supervisar máquinas y equipos que permiten limpiar piezas de metal antes de someterlas a procesos como la galvanoplastía y el esmaltado, y a otros procesos similares"", ""manejar y supervisar máquinas y equipos de galvanoplastía"", ""manejar y supervisar máquinas y equipos utilizados para aplicar baños anticorrosivos en caliente a productos de hierro y acero"", ""manejar y supervisar máquinas automáticas utilizadas para recubrir hilos de alambre con un metal no ferroso"", ""manejar y supervisar equipos utilizados para pulverizar metal fundido u otras sustancias sobre productos de metal, con el fin de revestirlos de una capa protectora, decorativa o de restaurar superficies gastadas o deterioradas"", ""manejar y supervisar equipos utilizados para pavonar productos de metal y darle un acabado resistente a la oxidación, tratándolos en caliente con productos químicos"", ""comprobar el espesor adecuado del galvanizado empleando micrómetros, calibres y otros dispositivos de anotación de datos, y llevar cuadernos con los registros del proceso de producción"", ""preparar y mezclar soluciones de metalizado según fórmulas o especificaciones recibidas""]"
8131,"Los operadores de plantas y máquinas para fabricar productos químicos supervisan y manejan aparatos y máquinas utilizadas para combinar, mezclar, procesar y envasar una gran diversidad de productos químicos.","[""configurar, poner en marcha, controlar, ajustar y detener máquinas e instalaciones"", ""supervisar procesos de reacción y las transferencias de productos, en conformidad con los procedimientos de seguridad establecidos"", ""efectuar la lectura de los medidores, calibradores e instrumentos electrónicos montados en uno o más aparatos de fabricación o combinación de productos químicos, como máquinas mezcladoras, calentadoras, amasadoras, secadoras, prensadoras, encapsuladoras, granuladoras o recubridoras"", ""medir, pesar y cargar ingredientes químicos siguiendo las instrucciones contenidas en las fichas de formulación"", ""tomar muestras de productos, realizar análisis químicos y físicos rutinarios de las mismas y registrar datos de la producción"", ""limpiar y reparar máquinas e instalaciones""]"
8132,"Los operadores de máquinas para fabricar productos fotográficos manejan y supervisan los equipos utilizados para fabricar película y papel fotográficos, para revelar las películas expuestas y para imprimir copias fotográficas.","[""manejar y supervisar equipos utilizados para fabricar película y papel fotográficos"", ""manejar, supervisar y verificar equipos de procesamiento e impresión fotográfica y aplicar los procedimientos de trabajo"", ""preparar películas expuestas para seguir las distintas etapas de revelado y procesamiento en cámaras y cuartos oscuros"", ""inspeccionar imágenes, películas y copias, y ajustar los parámetros de las máquinas impresoras para obtener el color, brillo, contraste, número, tamaño y tipo de copias deseados"", ""ajustar los parámetros de las máquinas de revelado automático, iniciar sus operaciones y supervisarlas"", ""manejar equipos para trasladar imágenes registradas en película fotográfica a cintas de video u otros soportes electrónicos"", ""realizar operaciones relacionadas con el procesamiento fotográfico"", ""manejar equipos automáticos (en establecimientos minoristas) para revelar negativos en color, y hacer copias y diapositivas""]"
8141,"Los operadores de máquinas para fabricar productos de caucho manejan y supervisan las máquinas que se utilizan para amasar y mezclar caucho y compuestos de caucho destinados a la fabricación de diversos componentes y productos de caucho natural o sintético, como calzado de goma, artículos del hogar, materiales aislantes, accesorios industriales y neumáticos.","[""manejar y supervisar máquinas para amasar y mezclar caucho y compuestos de caucho con vistas a su procesamiento posterior"", ""manejar y supervisar máquinas (calandrias) equipadas con cilindros giratorios que prensan y estiran la materia prima para producir láminas de caucho o telas encauchadas"", ""manejar y supervisar máquinas que, por un proceso de extrusión, producen compuestos de caucho o moldean estos productos con técnicas de vulcanización"", ""manejar y supervisar máquinas que fabrican neumáticos para ruedas en hormas especiales, vulcanizan neumáticos o vuelven a moldear o encauchar neumáticos gastados"", ""examinar la producción para detectar defectos y aspectos no conformes con las especificaciones recibidas"", ""localizar defectos y reparar neumáticos gastados o defectuosos aplicando técnicas de vulcanización o de otro tipo""]"
8142,Los operadores de máquinas para fabricar productos de material plástico manejan y supervisan máquinas que amasan y mezclan compuestos para obtener materiales plásticos y fabricar con ellos diversos componentes y artículos de material plástico.,"[""manejar y supervisar máquinas que amasan y mezclan compuestos para obtener materiales plásticos"", ""manejar y supervisar máquinas que dan forma a los materiales de plástico por moldeo, extrusión, soplado, corte y otros medios"", ""manejar y supervisar máquinas para fabricar láminas de plástico y artículos impregnados de material plástico o fibra de vidrio"", ""enfundar en plástico alambre, cuerda, cable o fibra óptica"", ""examinar la producción para detectar defectos y aspectos no conformes con las especificaciones recibidas"", ""reciclar los residuos de materiales de plástico"", ""fabricar ojos artificiales y lentes de contacto, y fabricar y reparar monturas de anteojos y piezas de plástico de productos ortopédicos""]"
8143,"Los operadores de máquinas para fabricar productos de papel operan y supervisan máquinas que producen cajas, sobres, bolsas y otros artículos de papel, cartulina, cartón y materiales similares.","[""manejar y supervisar máquinas que pegan papel sobre cartón, cortan cartón según las dimensiones deseadas, o cortan y pliegan elementos de cartulina o de cartón para confeccionar cajas"", ""manejar y supervisar máquinas que prensan y embuten papel, cartulina o cartón para confeccionar vasos y otros recipientes"", ""manejar y supervisar máquinas que cortan, encolan y pliegan papel para fabricar sobres o bolsas, o confeccionan bolsas a partir de otros materiales""]"
8151,"Los operadores de máquinas de preparación de fibras, hilado y devanado manejan y supervisan el funcionamiento de las máquinas que preparan fibras textiles naturales para el hilado y bobinado e hilan, doblan, retuercen, enrollan y rebobinan los hilos e hilazas procedentes de tales fibras. Dichas máquinas retuercen dos o más mechas de hilo o hilaza para preparar una sola mecha más fuerte, suave, uniforme y pesada, y tratan las fibras para endurecerlas y hacerlas resistentes al agua.","[""manejar y supervisar las máquinas utilizadas para desgarrar trapos y reducirlos a fibras"", ""manejar y supervisar las máquinas utilizadas para limpiar y convertir los residuos de hilaza en lana esponjosa"", ""manejar y supervisar las máquinas que revuelven y lubrican las fibras textiles para obtener mezclas uniformes de las clases deseadas"", ""manejar y supervisar las máquinas que limpian y esponjan las fibras textiles, las transforman en mechas, las peinan en mechas para su primer uso y combinan mechas en cintas de mechas"", ""manejar máquinas peinadoras provistas de varios cuerpos, cada uno de los cuales combina varias cintas en una sola de un peso y grosor similares a los de las cintas originales"", ""manejar y supervisar máquinas para fabricar hilos e hilazas a partir de las mechas, para enrollar dos o más hilos en una bobina, para retorcer dos o más mechas de hilo o hilaza hasta obtener mechas más fuertes, más suaves o uniformes, o para pasar ovillos o madejas de una bobina a otra"", ""manejar y supervisar máquinas de hilatura que extraen hilo por torsión de mechas o cintas"", ""manejar y supervisar máquinas que extraen hilo de cintas procedentes de máquinas peinadoras y lo arrollan dándole forma de filamentos de primera torsión"", ""preparar aprestos para dar rigidez y cualidades de acabado a tejidos e hilos, mezclando ingredientes como almidón, sebo, resinas, jabones y agua e hirviendo la mezcla al vapor durante un tiempo determinado"", ""tratar los tejidos con productos químicos para hacerlos resistentes al agua"", ""limpiar los rodillos y cilindros de las máquinas de cardar para retirar los restos de lana"", ""tratar y rectificar los rodillos de metal de diversas máquinas de hilar, peinar y lustrar aplicando nuevos recubrimientos de caucho o cuero""]"
8152,"Los operadores de telares y otras máquinas tejedoras montan, manejan y supervisan los telares y máquinas tejedoras que utilizan hilos e hilazas para confeccionar materiales tejidos, no tejidos y de punto, como telas, encajes, alfombras, cuerdas, tejidos industriales, prendas de vestir o de calcetería, o que hacen piezas a partir de retazos o bordan telas.","[""configurar y manejar baterías de máquinas tricotosas automáticas con agujas de lengüeta para fabricar prendas de vestir con tejido de punto basándose en patrones y diseños específicos"", ""enhebrar hilos, hilazas y tejidos a través de guías, agujas y rodillos de telares, para uso en máquinas tejedoras o tricotosas o en otros procesos"", ""vigilar el funcionamiento de telares automáticos que realizan simultáneamente operaciones de tejido de hilo de bucle, trama y urdimbre destinados a la elaboración de alfombras de diversos colores y diseños"", ""manejar y supervisar telares en los que el hilo o el torzal se entrecruzan y anudan a intervalos regulares para formar una malla"", ""manejar y supervisar grandes máquinas automáticas de varias agujas que se utilizan para bordar material o coser varias capas de material, o retazos, para elaborar géneros por metros, cobertores o colchas"", ""vigilar el funcionamiento de máquinas tricotosas circulares equipadas con controles automáticos de los patrones utilizados para tejer géneros tubulares continuos"", ""manejar y supervisar máquinas tricotosas utilizadas para tejer productos de calcetería"", ""manejar y supervisar máquinas utilizadas para tejer los dedos y talones de los calcetines formando anillos o refuerzos cortados en tejido circular"", ""manejar y supervisar máquinas que cosen las aberturas correspondientes a los dedos en los calcetines"", ""manejar y supervisar máquinas de hacer ganchillo o crochet para tejer encajes o adornos, según patrones o diseños específicos"", ""examinar telares para determinar las causas de su mal funcionamiento, como la rotura de accesorios o defectos mecánicos"", ""reparar o sustituir las agujas y demás componentes gastados o defectuosos"", ""limpiar, aceitar y lubricar las máquinas empleando mangueras de aire, soluciones limpiadoras, trapos, latas de aceite o inyectores de grasa""]"
8153,"Los operadores de máquinas de coser manejan y supervisan máquinas utilizadas para confeccionar, reparar, zurcir y renovar prendas de vestir confeccionadas con tela, tejidos, pieles o cuero, o para añadirles diseños decorativos. En particular, manejan máquinas de hacer ojales (para botones y para broches) para cortar los ojales, repasar su borde, coser los botones y fijar los broches a las prendas de vestir.","[""manejar y vigilar el funcionamiento de máquinas de coser utilizadas para realizar operaciones de unión, refuerzo o adorno en prendas de vestir o en partes de las mismas"", ""pegar botones, ganchos, cremalleras, presillas y otros cierres o accesorios a telas o tejidos"", ""vigilar el funcionamiento de máquinas de coser semiautomáticas equipadas con varios cabezales de costura controladas por cadenas de patrones que aplican diversos diseños"", ""manejar máquinas que, como las de una o dos agujas, se utilizan para unir, reforzar o adornar automáticamente materiales o artículos"", ""manejar máquinas de coser para unir trozos de piel hasta conseguir el tamaño y la forma deseados y aplicarlos a prendas de vestir"", ""manejar máquinas de coser para coser piezas de cuero y confeccionar prendas de vestir, bolsos y guantes de este material"", ""vigilar el funcionamiento de las máquinas para detectar problemas como un cosido defectuoso, la rotura del hilo o fallas de funcionamiento"", ""realizar tareas de mantenimiento, como la sustitución de las agujas""]"
8154,"Los operadores de máquinas de blanqueamiento, teñido y limpieza de tejidos manejan y supervisan máquinas utilizadas para blanquear, encoger, teñir y tratar fibras, telas o tejidos por otros medios.","[""poner en marcha y controlar máquinas y equipos para blanquear, teñir o tratar de otro modo fibras, telas, tejidos y otros productos textiles, y para darles el acabado"", ""vigilar el funcionamiento de las máquinas utilizadas para encoger tejidos hasta un tamaño previamente determinado, o para fortalecer el tejido al entrelazar las fibras"", ""vigilar el funcionamiento de diversas máquinas automáticas de peinado y limpieza de pieles"", ""manejar y supervisar máquinas que aderezan la seda para darle peso y cuerpo"", ""manejar y supervisar máquinas para impermeabilizar los tejidos mediante la aplicación de productos químicos"", ""teñir artículos para cambiar o restaurar su color"", ""manejar y supervisar máquinas que estiran, satinan o someten los tejidos a otros tratamientos de acabado"", ""vigilar el funcionamiento de los equipos utilizados para fumigar pieles y eliminar de ellas los productos extraños, y regular dichos equipos"", ""manejar máquinas para peinar, secar y limpiar pieles, y para limpiar, esterilizar y embellecer plumas"", ""introducir instrucciones de procesamiento para los equipos programados electrónicamente"", ""controlar las pantallas de computador y los cuadros o tableros de control y observar los procesos de entrada y salida de los tejidos para determinar si los equipos están funcionando correctamente"", ""limpiar los filtros de las máquinas y lubricar los equipos""]"
8155,"Los operadores de máquinas de tratamiento de pieles y cueros manejan y supervisan diversas máquinas utilizadas en la preparación, curtido y tratamiento de cueros, lanas y pieles. En particular, cortan, rascan, limpian, curten, desfloran y secan pieles y pellejos para obtener trozos de cuero y pieles acabadas.","[""manejar y supervisar máquinas para retirar los restos de carne y grasa de las pieles o pellejos a fin de limpiarlos y suavizarlos antes del procesamiento"", ""manejar y supervisar máquinas para eliminar pelos largos y gruesos de las pieles e igualar la longitud de la pelambre, y para teñir, alisar y suavizar las pieles curtidas"", ""manejar y supervisar máquinas para eliminar de las pieles las raíces del pelo, las células pigmentarias y los depósitos de sales"", ""manejar y supervisar máquinas para reducir el grosor de las pieles y pellejos a un tamaño uniforme"", ""manejar y supervisar máquinas para desbastar las pieles o pellejos hasta obtener el acabado especificado"", ""manejar y supervisar máquinas para separar la lana del cuero o eliminar la carne y el pelo de los cueros"", ""manejar o supervisar máquinas para cortar o hendir los cueros a fin de obtener dos o más piezas o darles un grosor uniforme"", ""manejar y supervisar máquinas para curtir cueros y pellejos en soluciones especiales y obtener productos curtidos"", ""tratar la superficie del cuero con aceites y utilizar máquinas de lacado para darle un acabado brillante"", ""manejar y supervisar máquinas para aplicar tinturas y colorantes a los cueros curtidos"", ""mantener y reparar las cubas y demás máquinas y equipos de tratamiento""]"
8156,"Los operadores de máquinas para la fabricación de calzado, bolsos y accesorios de talabartería manejan y supervisan máquinas con las que se fabrican o reparan calzado normal o especial, bolsos y otros artículos de talabartería, principalmente de cuero.","[""manejar y supervisar máquinas para hacer patrones y hormas y cortar las diferentes partes del calzado"", ""manejar y supervisar máquinas para coser diferentes partes del calzado, suavizar o alisar bordes y superficies, cepillar, encerar, añadir o perforar elementos o diseños decorativos y dar el acabado a los artículos terminados"", ""manejar y supervisar máquinas para fabricar maletas, bolsos, cinturones y otros accesorios de talabartería como monturas, colleras y demás arneses""]"
8157,"Los operadores de máquinas de lavanderías manejan máquinas de lavado, limpieza en seco, planchado y tratamiento de tejidos en lavanderías y tintorerías.","[""clasificar las prendas de vestir para limpiarlas según el tipo, color, tejido y tratamiento de limpieza que precisen"", ""colocar la ropa clasificada en recipientes y en cintas transportadoras para trasladarla a las zonas de reparación y limpieza"", ""inspeccionar y quitar manchas de prendas de vestir, reponer botones y efectuar reparaciones menores"", ""cargar y descargar lavadoras, secadoras y extractoras de agua"", ""añadir agentes de limpieza y almidones a las prendas de vestir"", ""alisar las prendas de vestir y pasarlas por máquinas de limpieza y planchado"", ""poner en marcha y parar máquinas para desenredar, estirar y retirar prendas de vestir"", ""colocar artículos en estantes y colgarlos para su entrega y recogida"", ""empaquetar la ropa y organizar la entrega de pedidos""]"
8159,"viamente Se incluyen en este grupo primario los operadores de máquinas para fabricar productos textiles y artículos de piel y cuero no clasificados previamente del subgrupo 815 “Operadores de máquinas para fabricar productos textiles, artículos de piel y cuero y operadores de máquinas de lavanderías”. Se trata, como por ejemplo, de las personas encargadas de manejar y supervisar las máquinas utilizadas para confeccionar sombreros, carpas (para acampar), colchones y artículos diversos, como pasamanerías y otros adornos.","[""manejar y supervisar máquinas para fabricar sombreros hechos de materias textiles, piel o cuero"", ""manejar y supervisar máquinas para confeccionar artículos de pasamanería y otros adornos"", ""manejar y supervisar máquinas que doblan los tejidos a la longitud deseada"", ""manejar y supervisar máquinas que enrollan los hilos, cordeles o hilazas en madejas a fin de preparar estos artículos para su envío o posterior tratamiento"", ""manejar y supervisar máquinas para medir el tamaño de las piezas de cuero""]"
8160,"Los operadores de máquinas para elaborar alimentos, bebidas y cigarrillos configuran, manejan y vigilan el funcionamiento de máquinas utilizadas para sacrificar animales, para separar la carne de los huesos y espinas, y para hornear, congelar, calentar, triturar, mezclar y procesar según otros procedimientos los productos de alimentación, bebidas y hojas de tabaco.","[""manejar y supervisar máquinas usadas para inmovilizar, aturdir y sacrificar animales y para separar la carne de los huesos y espinas a fin de obtener trozos de carne y pescado de tamaños estándar"", ""preparar, manejar y vigilar el funcionamiento de máquinas y hornos para mezclar, hornear y preparar pan y productos de confitería"", ""manejar máquinas para triturar, mezclar, salar, cocinar y fermentar cereales y frutas destinadas a elaborar cerveza, vinos, licores de malta, vinagre, levadura y otros productos similares"", ""configurar y vigilar el funcionamiento de los equipos utilizados para confeccionar mermelada, caramelos, queso, margarina, almíbar, hielo, pasta, helados, salchichas, chocolate, almidón de maíz, grasas comestibles y dextrina"", ""manejar equipos utilizados para enfriar, calentar, secar, tostar, escaldar o blanquear, pasteurizar, ahumar, esterilizar, congelar, evaporar y concentrar productos alimenticios y líquidos destinados al procesamiento de alimentos"", ""mezclar, reducir a pulpa, triturar, amasar y separar productos de alimentación y líquidos empleando aparatos para batirlos, prensarlos, colarlos, triturarlos y filtrarlos"", ""procesar mecánicamente las hojas de tabaco para elaborar cigarrillos, cigarros, tabaco de pipa y otros productos""]"
8171,"Los operadores de instalaciones para la preparación de papel y de pasta para papel manejan y supervisan las máquinas y equipos utilizados para procesar la madera, la pulpa y otros materiales celulósicos destinados a producir pasta de papel, papel estucado y papel terminado.","[""manejar y supervisar el funcionamiento de los equipos de cribado y blanqueamiento, las calderas (digestores), los depósitos de mezclado y lavado y demás máquinas y equipos de procesamiento de pasta de papel, para llevar adelante una o más etapas del tratamiento de la celulosa"", ""manejar y supervisar la maquinaria y los equipos de fabricación y acabado del papel que se utilizan para secar, satinar, laminar, estucar, cortar, recortar y bobinar (enrollar) el papel o someterlo a otras etapas del proceso de fabricación y acabado del papel"", ""controlar los mecanismos de arranque y apagado de las máquinas y equipos, efectuar la lectura de los indicadores de los cuadros o tableros de control, los contadores y los medidores de nivel y otros instrumentos para detectar posibles daños o problemas de funcionamiento y asegurar que las distintas etapas del proceso de producción se desarrollan de acuerdo con las especificaciones"", ""comunicarse con las personas a cargo del control de los procesos con el objetivo de efectuar ajustes en estos y poner en marcha o parar las máquinas y el equipo, conforme sea necesario"", ""analizar las lecturas de los instrumentos y las muestras de los ensayos de producción, y hacer los ajustes que se requieran en el proceso de producción y en los equipos"", ""levantar, montar y posicionar las bobinas (rollos) de papel utilizando aparatos de elevación, y desplegar el papel para su uso"", ""examinar visualmente el papel para detectar arrugas, agujeros, partes descoloridas, rayas y otros defectos, y adoptar medidas correctivas pertinentes"", ""completar y mantener informes de producción""]"
8172,"Los operadores de instalaciones de procesamiento de la madera supervisan, manejan y controlan equipos automáticos de serrería para desbastar troncos, cortar los maderos en chapas, fabricar tableros de contrachapado y de partículas aglomeradas y preparar la madera de otras formas para su uso posterior.","[""examinar los maderos y la madera bruta para determinar su tamaño, estado, calidad y otras características con el objetivo de decidir cuáles son los mejores cortes que se pueden hacer, o manejar equipos automáticos para hacer pasar los troncos bajo aparatos de laser que permiten determinar los patrones de corte más productivos y rentables"", ""manejar y supervisar carriles y cintas transportadoras de maderos"", ""manejar y supervisar el uso de sierras mecánicas principales, sierras circulares y máquinas de sierras múltiples en el aserrado de troncos, trozas, rollizos, o tablones y el descortezado y trozado de la madera aserrada en piezas de diversas dimensiones, así como en el aserrado de tablillas o listones"", ""manejar y supervisar las máquinas intercaladoras de láminas de chapa, las prensas utilizadas para fabricar contrachapado con láminas de chapa encoladas y prensadas en caliente y las máquinas cortadoras de chapa"", ""limpiar y lubricar los equipos de aserrado""]"
8181,"Los operadores de instalaciones de vidriería y cerámica manejan y supervisan cámaras de calor, hornos y otros tipos de maquinaria y equipo utilizados en la fabricación de vidrio, cerámica, porcelana, baldosas, tejas o ladrillos. En particular, manejan máquinas para templar, endurecer o decorar vidrio y cerámica.","[""manejar y supervisar hornos de fabricación de vidrio en los que este se obtiene fundiendo y fusionando ingredientes premezclados"", ""vigilar el funcionamiento de las máquinas de pulverización en frío o caliente utilizadas para recubrir objetos de vidrio con un endurecedor de superficie"", ""manejar y vigilar el funcionamiento de las máquinas que laminan o moldean el vidrio fundido para dar forma a recipientes tales como botellas, jarras y vasos"", ""manejar prensas manuales para moldear el vidrio en la forma deseada"", ""manejar hornos de extrusión que procesan vidrio fundido y producen láminas de vidrio plano"", ""manejar y vigilar el funcionamiento de instalaciones para la producción de vidrio flotado"", ""manejar y vigilar el funcionamiento de máquinas de acabado que cortan, taladran, lijan, biselan, decoran, lavan o pulen vidrio o productos de vidrio"", ""preparar y manejar las máquinas prensadoras que moldean artículos cerámicos a partir de arcilla húmeda"", ""manejar máquinas que mezclan arcilla con agua para amasarla hasta obtener un aglomerado plástico semilíquido adecuado para la fabricación de productos cerámicos"", ""manejar y vigilar el funcionamiento de hornos para cocer piezas de barro, loza o porcelana, y tejas, ladrillos y baldosas"", ""manejar y vigilar el funcionamiento de máquinas para fabricar vidriados o abrasivos"", ""manejar y vigilar el funcionamiento de máquinas de extrusión que estiran o laminan el vidrio fundido para obtener filamentos de fibra de vidrio"", ""inspeccionar los productos acabados para detectar fisuras, grietas, roturas e imperfecciones de color o de otro tipo""]"
8182,"Los operadores de máquinas de vapor y calderas mantienen y manejan diversos tipos de máquinas de vapor, calderas, turbinas y equipos auxiliares utilizados para suministrar energía y otros servicios a edificios comerciales, industriales y de vivienda, en lugares de trabajo y a bordo de buques o de otras embarcaciones autopropulsadas.","[""manejar, limpiar, lubricar y supervisar máquinas de vapor, calderas y equipos auxiliares, como bombas, compresores y equipos de aire acondicionado, con el fin de suministrar y mantener el suministro de vapor y energía a edificios, embarcaciones o herramientas neumáticas"", ""analizar y registrar las lecturas de los instrumentos, identificar los problemas de funcionamiento y daños, realizar pequeñas reparaciones para prevenir fallas en los equipos o sistemas"", ""supervisar e inspeccionar el funcionamiento de los equipos a fin de asegurar que el agua de las calderas, los productos químicos y el combustible se mantengan en los niveles requeridos"", ""encender los hornos de carbón manualmente o con un cargador, y las calderas de gas o de petróleo con dispositivos de alimentación automática de gas o bombas de combustible"", ""comprobar la calidad del agua de las calderas, hacer las rectificaciones del caso y tomar medidas pertinentes, como la adición de productos químicos para prevenir la corrosión y el depósito de sustancias nocivas"", ""efectuar la lectura de los indicadores de los motores, máquinas y equipos de los buques, registrar las variables y notificar toda anomalía observada al oficial de máquinas que esté de guardia"", ""accionar y mantener en buen estado las bombas y válvulas de descarga de líquidos""]"
8183,"Los operadores de máquinas de embalaje, embotellamiento y etiquetado manejan y supervisan máquinas que pesan, embalan y etiquetan diversos productos o llenan diferentes recipientes con productos.","[""manejar y supervisar máquinas que pesan, retractilan, sellan y embalan diversos productos"", ""manejar y supervisar máquinas que llenan y sellan tubos, frascos, latas, cajas, bolsas y otros recipientes con productos como alimentos, bebidas, pinturas, aceites y lociones"", ""manejar y supervisar máquinas que se utilizan para rotular productos, paquetes y diversos contenedores""]"
8189,"Se incluyen en este grupo primario los operadores de máquinas y de instalaciones fijas no clasificados previamente del subgrupo principal 81 “Operadores de instalaciones fijas y máquinas”. Se trata, como por ejemplo, de los operadores de máquinas que fabrican chips de silicio, o cables y cuerdas de empalme.",[]
8211,"Los ensambladores de maquinaria mecánica ensamblan componentes o partes mecánicas, como por ejemplo, de motores, vehículos automotrices, turbinas y aeronaves, aplicando normas y procedimientos estrictos.","[""ensamblar e instalar piezas prefabricadas o componentes para formar máquinas mecánicas, motores y vehículos automotrices acabados"", ""interpretar los pedidos de trabajo, especificaciones, diagramas y planos para determinar los materiales que se necesitan y las instrucciones de ensamblaje"", ""registrar los datos relativos a la producción y el funcionamiento en formularios previstos para tal efecto"", ""inspeccionar y probar los componentes y ensamblajes completados"", ""desechar los ensamblajes y componentes defectuosos""]"
8212,"Los ensambladores de equipos eléctricos y electrónicos ensamblan o modifican componentes de equipos eléctricos, electromecánicos y electrónicos con arreglo a normas y procedimientos estrictos.","[""ensamblar componentes y sistemas eléctricos y electrónicos, y emplazar, alinear y sujetar unidades a conjuntos y subconjuntos empleando herramientas de uso manual o herramientas motorizadas y equipos de soldadura y de microsoldadura"", ""interpretar los pedidos de trabajo, especificaciones, diagramas y planos para determinar los materiales que se necesitan y las instrucciones de ensamblaje"", ""registrar los datos relativos a la producción y el funcionamiento en formularios previstos para tal efecto"", ""manejar máquinas para enrollar las bobinas de alambre usadas en equipos y componentes eléctricos como registradores, transformadores, devanados del inducido, motores eléctricos y generadores"", ""inspeccionar y probar los componentes y conjuntos ensamblados, las instalaciones y circuitos de cableado, y desechar los componentes defectuosos""]"
8219,"Los ensambladores no clasificados previamente ensamblan diversos productos que no contienen componentes mecánicos, eléctricos ni electrónicos, con arreglo a normas y procedimientos estrictos.","[""ensamblar componentes y emplazar, alinear y sujetar unidades a conjuntos o subconjuntos empleando herramientas de uso manual o herramientas motorizadas y equipos de soldadura al estaño y de microsoldadura"", ""interpretar los pedidos de trabajo, especificaciones, diagramas y planos para determinar los materiales que se necesitan y las instrucciones de ensamblaje"", ""registrar los datos relativos a la producción y el funcionamiento en formularios previstos para tal efecto"", ""inspeccionar y probar componentes y conjuntos ensamblados"", ""desechar los productos defectuosos""]"
8311,Los maquinistas de locomotoras conducen o ayudan a conducir trenes para el transporte de pasajeros y carga.,"[""conducir o ayudar a conducir locomotoras de vapor, eléctricas o con motor diésel"", ""conducir trenes metropolitanos de pasajeros (como por ejemplo, metro, metrotren y biotren) sean subterráneos o de superficie"", ""conducir trenes por el interior o en la superficie de minas o canteras"", ""inspeccionar las vías para detectar peligros, observar señales y efectuar la lectura de indicadores y medidores"", ""utilizar sistemas de comunicaciones para mantener contacto con la tripulación de los trenes y los controladores del tráfico ferroviario, con el fin de garantizar la seguridad de sus operaciones y la puntualidad de los trenes""]"
8312,"Los guardafrenos, guardagujas y agentes de maniobras se encargan de la circulación y la seguridad de los trenes de carga durante los viajes, efectúan operaciones de control del tráfico ferroviario accionando los sistemas de señales, hacen cambios de vía para el material rodante, forman trenes en los apartaderos de ferrocarril, enganchan vagones de carga y controlan su movimiento por los carriles de las minas.","[""encargarse de la circulación y la seguridad de los trenes de carga durante los viajes"", ""controlar o guiar el tráfico ferroviario por los distintos tramos o empalmes de líneas, accionando los sistemas de señales o las agujas de cambio de vía desde los puestos de control o de señalización"", ""desviar y enganchar material rodante en las estaciones, apartaderos y vías de maniobra, con arreglo a las instrucciones recibidas en cuanto a la carga, descarga y formación de trenes"", ""formar trenes de vagones para engancharlos a locomotoras o cables de arrastre en minas o canteras, y controlar su movimiento"", ""revisar los sistemas y equipos utilizados en los trenes para suministrar aire acondicionado y calefacción, así como los frenos y las tuberías de freno antes de los viajes""]"
8321,"Los conductores de motocicletas conducen y se ocupan de mantener en buen estado motocicletas o triciclos con motor, equipados para el transporte de materiales, productos o pasajeros.","[""conducir y mantener en buen estado motocicletas o triciclos motorizados equipados para el transporte de materiales, productos o pasajeros"", ""respetar las reglas y señales del tránsito"", ""limpiar y lavar el vehículo, realizar su mantenimiento y efectuar reparaciones menores"", ""mantener un registro de los viajes"", ""entregar mensajes""]"
8322,"Los conductores de automóviles, taxis y camionetas (incluidos los furgones) conducen y se ocupan de mantenerlos en buen estado para el transporte de pasajeros, correspondencia productos.","[""conducir y ocuparse de mantener en buen estado taxis, automóviles o camionetas (incluidos los furgones) utilizados para el transporte de pasajeros"", ""conducir y ocuparse de mantener en buen estado automóviles, camionetas (incluidos los furgones) o camiones pequeños utilizados para distribuir correspondencia o productos"", ""prestar ayuda a los pasajeros para manipular su equipaje"", ""cobrar el valor del trayecto o el transporte realizado, o recoger los documentos que certifiquen las entregas"", ""manejar equipos de comunicación para dar a conocer la localización de los vehículos y su disponibilidad, y seguir las instrucciones del centro de control"", ""determinar la ruta más conveniente"", ""prestar ayudar a los pasajeros que tengan problemas físicos"", ""manejar equipos que faciliten el ascenso y descenso de los pasajeros que tengan problemas físicos""]"
8331,"Los conductores de buses y trolebuses conducen y se ocupan de mantener en buen estado buses o trolebuses utilizados para transportar pasajeros, correspondencia o productos.","[""conducir y ocuparse de mantener en buen estado buses o trolebuses utilizados para el transporte urbano o interurbano de pasajeros, correspondencia o productos"", ""conducir y ocuparse de mantener en buen estado trolebuses utilizados para el transporte de pasajeros"", ""abrir y cerrar las puertas antes y después de la subida o bajada de pasajeros"", ""prestar ayuda a los pasajeros con su equipaje"", ""controlar las luces, la calefacción y la ventilación en buses y trolebuses"", ""observar cuidadosamente el tráfico para garantizar un recorrido o viaje seguro"", ""cobrar el pasaje o verificar que los pasajeros tengan su pasaje""]"
8332,"Los conductores de camiones pesados y de alto tonelaje conducen y se ocupan de mantener en buen estado los vehículos motorizados pesados que utilizan para transportar productos, líquidos y materiales pesados a corta o larga distancia.","[""conducir y ocuparse de mantener en buen estado los vehículos motorizados pesados, como camiones con o sin remolque o camiones tolva, que utilizan para transportar productos, líquidos o materiales pesados a corta o larga distancia"", ""determinar la ruta más conveniente"", ""cerciorarse de que los productos se carguen y se cubran de forma segura, para evitar pérdidas y daños"", ""ayudar o realizar las operaciones de carga y descarga, utilizando diversos dispositivos de elevación o de descarga"", ""realizar operaciones menores de mantenimiento de los vehículos, y coordinar la realización de trabajos de mantenimiento y reparaciones de mayor importancia"", ""estimar los pesos para respetar las limitaciones de carga, y cerciorarse de que se haga una distribución segura de la misma y de su peso sobre la plataforma de carga del vehículo""]"
8341,"Los operadores de maquinaria agrícola y forestal móvil conducen, manejan, controlan y se ocupan de mantener en buen estado uno o más tipos de máquinas motorizadas y maquinaria o equipos móviles utilizados en actividades agrícolas, hortícolas o de silvicultura.","[""conducir y mantener en buen estado la maquinaria agrícola tirada por tractor o autopropulsada que se utiliza para arar la tierra y sembrar, fertilizar, cultivar y cosechar"", ""conducir y ocuparse de mantener en buen estado la maquinaria forestal especial tirada por tractor o autopropulsada que se utiliza para preparar y limpiar la tierra, plantar, cosechar y transportar árboles y troncos o realizar otras operaciones forestales"", ""preparar, posicionar y disponer las instalaciones para las operaciones"", ""ajustar la velocidad de funcionamiento, altura y profundidad de los instrumentos y aparatos utilizados"", ""manejar los equipos utilizados para sostener, levantar y cortar árboles"", ""manejar los accesorios utilizados para sostener, levantar, mover, soltar y apilar árboles y troncos, y operar los equipos auxiliares, como las máquinas de astillar madera y partir troncos"", ""alimentar con árboles talados las máquinas procesadoras utilizadas para desmontar las ramas y cortar las piezas en troncos, apilar estos troncos y cargarlos en camiones"", ""limpiar y mantener en buen estado la maquinaria y realizar reparaciones menores en la misma""]"
8342,"Los operadores de máquinas de movimiento de tierras manejan y conducen máquinas para excavar, allanar, explanar, alisar y compactar tierra o materiales similares para distintos fines.","[""manejar y supervisar máquinas excavadoras equipadas con palas mecánicas, cangilones (baldes), mordazas o dragas de arrastre, utilizadas para excavar y mover tierra, rocas, arena, grava y materiales similares"", ""manejar y supervisar maquinaria utilizada para abrir zanjas destinadas a servir como conductos de desagüe y drenaje, y tuberías para el transporte de agua, petróleo, gas y otros fluidos"", ""manejar y supervisar máquinas automotrices equipadas con cuchillas frontales cóncavas de acero que se utilizan para empujar, repartir y nivelar tierra, arena, nieve y otros materiales"", ""manejar y supervisar equipos de dragado utilizados para extraer arena, grava y barro del fondo marino, lacustre o fluvial"", ""manejar y supervisar máquinas para hincar vigas (pilotes) de madera, de hormigón o de acero"", ""manejar y supervisar máquinas apisonadoras o aplanadoras con rodillo para compactar y allanar los materiales utilizados en la construcción y pavimentación de carreteras, aceras y obras similares"", ""manejar y supervisar máquinas pavimentadoras o asfaltadoras para extender y alisar capas de grava, hormigón, asfalto o preparados de alquitrán utilizados en la construcción de carreteras, caminos u obras similares""]"
8343,Los operadores de grúas y aparatos elevadores manejan y supervisan el funcionamiento de grúas fijas y móviles y de otros aparatos elevadores.,"[""manejar y verificar el funcionamiento de grúas móviles o fijas, haciendo bajar y subir brazos y plumas, para elevar, mover, posicionar o colocar equipos y materiales"", ""manejar y supervisar el funcionamiento de máquinas y aparatos utilizados para subir y bajar materiales y personal en obras de construcción o en minas"", ""manejar y supervisar teleféricos e instalaciones similares"", ""manejar y supervisar la maquinaria utilizada para remolcar, o arrastrar mediante cables, balsas o barcazas con pasajeros, vehículos o productos en trayectos cortos"", ""manejar y supervisar la maquinaria utilizada para levantar, bajar, abrir y cerrar puentes elevadizos o giratorios, para permitir la circulación fluvial y por carretera"", ""manejar y supervisar el funcionamiento de grúas equipadas con accesorios de dragado utilizado para dragar vías fluviales y otras zonas"", ""manejar grúas instaladas sobre embarcaciones o barcazas para elevar, mover y emplazar equipos y materiales""]"
8344,"Los operadores de autoelevadoras y montacargas conducen, manejan y supervisan autoelevadoras o vehículos similares utilizados para transportar, levantar y apilar fardos y pallets cargados de productos.","[""manejar y supervisar el funcionamiento de autoelevadoras y equipos similares utilizados para cargar y descargar, transportar, levantar y apilar productos y paletas cargadas, en terminales, instalaciones portuarias, almacenes, fábricas y otros establecimientos"", ""colocar los dispositivos elevadores debajo, encima o alrededor de paletas, fardos y cajas cargadas, y sujetar firmemente los materiales o productos y prepararlos para su transporte a los lugares designados"", ""inspeccionar los equipos para detectar deterioros y daños"", ""llevar a cabo el mantenimiento habitual de vehículos y equipos"", ""mantener registros del trabajo realizado y de los daños en los vehículos""]"
8350,Los tripulantes de cubierta de barco llevan a cabo maniobras y trabajos de cubierta a bordo de buques y tareas similares en otras embarcaciones.,"[""hacer guardias durante la navegación y al entrar o salir de puertos u otras aguas de poca profundidad o de acceso estrecho"", ""timonear las embarcaciones de conformidad con las instrucciones recibidas"", ""manejar cabos y cables, y maniobrar el equipo de amarre"", ""mantener en buen estado y, en algunos casos, manejar los equipos del barco, como los aparejos de carga, cables, equipos salvavidas y extintores de incendios"", ""limpiar la cubierta y el casco, raspar superficies, pintar y realizar otros trabajos de mantenimiento, según sea necesario"", ""repartir la carga, fijarla y estibarla utilizando equipos de manipulación de carga, aparejos fijos y trenes de rodaje""]"
9111,"Los trabajadores de casa particular y asistentes domésticos barren, limpian con aspiradora y enceran, lavan y planchan la ropa de cama y mesa, compran suministros para el hogar, preparan alimentos, sirven comidas y realizan diversas otras tareas domésticas.","[""barrer, limpiar con aspiradora, encerar y limpiar suelos y muebles, o lavar ventanas y otras superficies"", ""lavar, planchar y reparar ropa de cama y mesa y otros artículos textiles"", ""lavar la vajilla"", ""ayudar a preparar alimentos y cocinarlos y a servir comidas y bebidas"", ""cuidar niños, adultos mayores u otra persona que lo requiera"", ""comprar alimentos y diversos artículos para consumo doméstico"", ""limpiar, desinfectar y desodorizar cocinas, baños y servicios higiénicos"", ""limpiar ventanas y otras superficies de vidrio""]"
9112,"Los auxiliares de aseo de oficinas, hoteles y otros establecimientos realizan diversas tareas de limpieza con el fin de mantener limpios y ordenados los espacios e instalaciones interiores de hoteles, oficinas y otros establecimientos, así como el interior de aviones, trenes, buses, y vehículos similares.","[""barrer, limpiar con aspiradora, limpiar y encerar pisos, muebles y otros enseres en edificios, así como el interior de buses, trolebuses, trenes y aviones"", ""hacer camas, limpiar cuartos de baño y suministrar toallas, jabón y artículos similares"", ""limpiar distintos espacios de los establecimientos, por ejemplo, cocinas, oficinas, espacios de trabajo"", ""recoger basura, vaciar contenedores de basura y llevar desechos a los puntos de recolección""]"
9121,"Los lavanderos y planchadores manuales lavan, planchan o limpian con máquinas domésticas o en seco diversos tipos de prendas de vestir, ropa de cama, de mesa y otros artículos de tela o tejido.","[""planchar ropa de cama y de mesa, prendas de vestir, telas o tejidos y artículos similares, en los hogares o en otros establecimientos"", ""lavar a mano y emplear soluciones químicas a toda clase de prendas de vestir, telas o tejidos, prendas de cuero o piel y artículos similares, en hogares o en otros establecimientos"", ""reponer botones y efectuar reparaciones menores""]"
9122,"Los limpiadores de vehículos limpian, lavan, pulen y dan brillo al espacio interior y la superficie exterior de los vehículos.","[""limpiar, lavar, pulir y dar brillo a automóviles y otros vehículos, a mano o con máquinas motorizadas de uso manual"", ""limpiar con aspiradora el interior de los vehículos y limpiar en seco alfombras y tapicerías"", ""aplicar agentes limpiadores para eliminar manchas del espacio interior y la superficie exterior de los vehículos"", ""lavar neumáticos y llantas; ennegrecer neumáticos"", ""limpiar, lavar y dar brillo a ventanas de vehículos"", ""vaciar y limpiar los compartimentos de vehículos""]"
9123,"Los limpiadores de ventanas (incluido fachadas de edificios de vidrio) limpian, lavan y dan brillo a los cristales de ventanas y a otros elementos de vidrio.","[""lavar ventanas y otras superficies de vidrio o cristal con agua o soluciones de distintos tipos, secarlas y darles brillo"", ""utilizar escaleras, andamios colgantes, silletas de suspensión, camiones con canasta o cesta hidráulica y otros equipos para alcanzar las ventanas de edificios de varios pisos y limpiarlas"", ""seleccionar instrumentos adecuados de limpieza y pulido""]"
9129,"Se incluye en este grupo primario a otro personal de limpieza no clasificado previamente. Están comprendidas, por ejemplo, las personas que limpian superficies, materiales y objetos tales como alfombras, cubrepisos, paredes, piscinas y torres de refrigeración, utilizando equipos y productos químicos especializados.","[""limpiar alfombras, cubrepisos y tapicerías utilizando máquinas limpiadoras y sus accesorios"", ""seleccionar y aplicar agentes de limpieza para eliminar manchas de alfombras y cubrepisos"", ""tratar alfombras y cubrepisos con productos químicos desodorantes y repelentes de suciedad, y aplicarles tratamientos para plagas"", ""limpiar muros de piedra, superficies de metal y paneles utilizando equipos de limpieza con agua a alta presión y disolventes"", ""aplicar productos químicos y métodos de limpieza con líquidos o aire a alta presión para eliminar microorganismos de los sistemas de circulación y filtración de agua"", ""utilizar aspiradoras de líquidos y otros aparatos de succión para eliminar costras, suciedad acumulada y otros depósitos incrustados en las paredes de piscinas, componentes de torres de refrigeración y desagües""]"
9211,"Los obreros de explotaciones agrícolas realizan tareas sencillas y habituales en la producción de cultivos tales como frutas, cereales, legumbres y verduras.","[""cavar y palear para limpiar zanjas o para otros fines"", ""cargar y descargar suministros, productos y otros materiales"", ""rastrillar, levantar y apilar paja, heno y materiales similares"", ""regar, ralear (aclarar) y desmalezar cultivos a mano o utilizando herramientas de uso manual"", ""recoger frutas, legumbres, verduras y otros cultivos"", ""plantar y cosechar a mano cultivos extensivos, como el arroz"", ""seleccionar, clasificar, agrupar y envasar productos en recipientes diversos"", ""efectuar reparaciones menores en instalaciones, equipos, vallas y cercados""]"
9212,"Los obreros de explotaciones ganaderas realizan tareas sencillas y habituales en el marco de la producción de diversos animales, inclusive aves de corral e insectos.","[""cavar y palear para limpiar zanjas o para otros fines"", ""cargar y descargar suministros, productos y otros materiales"", ""alimentar, dar de beber y asear a los animales y mantener la limpieza de los establos y cobertizos"", ""vigilar el ganado y otros animales de cría y dar cuenta de su estado"", ""ayudar a mantener el ganado y otros animales de cría en buena salud y en condiciones de bienestar adecuadas"", ""ayudar a reunir, arrear y separar el ganado y otros animales de cría para llevar a cabo diversas actividades, como el ordeño, la esquila, el transporte o el sacrificio, y para repartirlo entre distintos lugares de pastoreo"", ""recoger huevos y colocarlos en incubadoras"", ""rastrillar, levantar, apilar y almacenar heno, paja y otros tipos de forraje y de materiales para el suelo de los establos y cobertizos y la cama de los animales"", ""seleccionar, clasificar y envasar productos en recipientes diversos"", ""realizar reparaciones menores en instalaciones, equipos, vallas y cercados""]"
9213,Los obreros de explotaciones agropecuarias realizan tareas sencillas y habituales en explotaciones dedicadas tanto a la producción agrícola como pecuaria.,"[""cavar y palear para limpiar zanjas o para otros fines"", ""cargar y descargar suministros, productos y otros materiales"", ""rastrillar, levantar y apilar paja, heno y materiales similares"", ""regar, ralear (aclarar) y desmalezar cultivos a mano o utilizando herramientas de uso manual"", ""recolectar frutas, legumbres, verduras y otros cultivos, y recoger huevos"", ""plantar y cosechar a mano cultivos extensivos, como el arroz"", ""alimentar, dar de beber y asear a los animales y mantener la limpieza de los establos y cobertizos"", ""vigilar el ganado y otros animales de cría y dar cuenta de su estado"", ""ayudar a reunir, arrear y separar el ganado y otros animales de cría para llevar a cabo diversas actividades, como el ordeño, la esquila, el transporte o el sacrificio, y para repartirlo entre distintos lugares de pastoreo"", ""seleccionar, clasificar, agrupar y envasar productos en recipientes diversos"", ""realizar reparaciones menores en instalaciones, equipos, vallas y cercados""]"
9214,"Los ayudantes de jardinería y horticultura realizan tareas sencillas y habituales en actividades de cultivo y mantenimiento de árboles, arbustos, flores y otras plantas en parques y jardines privados, así como en la producción de plántulas, plantones, bulbos y semillas o de legumbres, verduras y flores aplicando técnicas de cultivo intensivo.","[""cargar, descargar y mover suministros, productos y equipos"", ""preparar sitios y terrenos para jardín utilizando herramientas manuales y máquinas simples"", ""ayudar a plantar y trasplantar flores, arbustos, árboles y césped"", ""mantener jardines, regándolos, arrancando la maleza y cortando el césped"", ""limpiar jardines y eliminar la basura"", ""ayudar a reproducir especies, plantando y trasplantando semillas, bulbos y esquejes en macetas y viveros"", ""cuidar plantas, regándolas y arrancando la maleza a mano"", ""cosechar y envasar y embalar plantas para su venta y transporte"", ""efectuar reparaciones menores en instalaciones, equipos, vallas y cercados""]"
9215,"Los obreros forestales realizan tareas sencillas y habituales en actividades de cultivo y mantenimiento de los bosques, tanto naturales como de plantación, y en la explotación forestal, la tala y el aserrado de árboles con herramientas manuales.","[""cavar hoyos para plantar árboles"", ""apilar y cargar troncos y maderos"", ""quitar la maleza de los bosques y ralear (aclarar) las plantaciones jóvenes"", ""realizar guardias de vigilancia y prevención de incendios forestales"", ""cortar grandes ramas y copas de árboles, recortar ramas y aserrar troncos para obtener maderos"", ""manejar y mantener serruchos, hachas y otras herramientas manuales para talar árboles, y cortar y desbastar troncos y ramas para obtener tablones y tablas"", ""recoger semillas, y plantar plántulas y plantones"", ""efectuar reparaciones menores y trabajos de mantenimiento de caminos forestales, instalaciones y equipos""]"
9216,"Los obreros de pesca y acuicultura realizan tareas sencillas y habituales de cría, cosecha y captura de mariscos y peces tanto en piscinas o centros de acuicultura como en operaciones de pesca en agua dulce (aguas interiores), aguas marítimas costeras y alta mar.","[""limpiar el lecho marino de las zonas de vivero y dar de comer a los peces y mariscos allí criados"", ""recolectar algas, musgos marinos, almejas y otros moluscos"", ""preparar redes, sedales y otros aparejos de pesca y equipos de cubierta"", ""manejar aparejos de pesca para capturar peces y otras especies marinas"", ""limpiar, clasificar y envasar pescados y mariscos en hielo y sal y estibar las capturas en las bodegas"", ""limpiar las superficies de cubierta y las bodegas de pescado"", ""manipular las amarras durante el atraque""]"
9311,Los obreros de la minería realizan tareas habituales en las minas y canteras.,"[""ayudar a los mineros y canteros a mantener en buen estado las máquinas, equipos e instalaciones de las minas y canteras"", ""montar y desmontar los equipos de minería"", ""retirar los soportes de los túneles de minas y canteras en desuso"", ""remover salientes o bordes, por ejemplo, de rocas, que presentan peligro en las excavaciones de minas y canteras"", ""una vez terminadas las actividades de extracción, retirar de las zonas de trabajo los desechos, también los materiales y equipos útiles; limpiar los restos de rocas y minerales"", ""limpiar las máquinas, equipos, herramientas, vías de acceso y vías de transporte y arrastre"", ""clasificar, cargar, descargar, apilar y almacenar las herramientas, materiales y suministros usados por otros operarios de la mina o cantera""]"
9312,"Los obreros de obras públicas llevan a cabo tareas habituales relacionadas con la construcción y el mantenimiento en buen estado de carreteras, vías férreas, represas y otros proyectos de ingeniería civil.","[""cavar y rellenar hoyos y zanjas con herramientas de uso manual"", ""palear y esparcir grava y materiales similares"", ""romper y cortar rocas, hormigón y superficies de asfalto con martillo neumático"", ""cargar y descargar materiales de construcción, material excavado y equipos, transportarlos entre distintos lugares de las obras de construcción utilizando carretillas, otros carros de mano y cubetas u otros contenedores"", ""encargarse de la limpieza de las obras de construcción y eliminar obstrucciones""]"
9313,Los obreros de la construcción de edificios llevan a cabo tareas habituales en relación con obras de construcción y demolición.,"[""limpiar y recuperar ladrillos usados y realizar otras faenas similares en obras de demolición"", ""mezclar, verter y esparcir materiales como el hormigón, yeso y cemento o mortero"", ""cavar y rellenar hoyos y zanjas utilizando herramientas de uso manual"", ""esparcir arena, tierra, grava y materiales similares"", ""cargar y descargar materiales de construcción, material excavado y equipos, transportarlos entre distintos lugares de las obras de construcción utilizando carretillas, otros carros de mano y cubetas u otros contenedores"", ""encargarse de la limpieza de las obras de construcción y eliminar obstrucciones""]"
9321,"Los empacadores manuales pesan, embalan y rotulan materiales y productos a mano en el contexto de la industria manufacturera.","[""pesar, envolver, sellar y embalar manualmente materiales y productos diversos"", ""llenar a mano botellas, frascos, latas, cajas, bolsas y otros recipientes con productos"", ""rotular a mano productos, envases, productos embalados y recipientes diversos""]"
9329,"Los obreros de la industria manufacturera no clasificados previamente ayudan a la labor de los operadores de máquinas y ensambladores, realizan diversas tareas manuales sencillas y habituales en la industria manufacturera, por ejemplo, manipular productos en plantas de procesos industriales (pesar, despinar, seleccionar, limpiar, entre otros).","[""transportar bienes, materiales, equipos y otros artículos a los lugares de trabajo, y retirar las piezas acabadas"", ""cargar y descargar vehículos, camiones y vagones"", ""desatascar máquinas que queden bloqueadas y limpiar la maquinaria, equipos y herramientas"", ""clasificar y separar a mano productos acabados o componentes""]"
9331,"Los conductores de vehículos accionados a pedal o a brazo (no motorizados) impulsan bicicletas, carros de mano y vehículos similares (no motorizados) que utilizan para llevar mensajes y transportar pasajeros o productos.","[""cargar y descargar productos, o ayudar a los pasajeros a subir o descender de un vehículo"", ""conducir un vehículo no motorizado en la dirección deseada, prestando la debida atención a los otros vehículos que circulan por la vía pública y respetando las normas de tránsito"", ""inspeccionar los componentes del vehículo no motorizado utilizado para detectar su desgaste y posibles deterioros"", ""mantener en buen estado el vehículo no motorizado utilizado, haciendo pequeñas reparaciones y colocando las piezas de repuesto"", ""cobrar el precio del transporte efectuado""]"
9332,"Los conductores de vehículos y máquinas de tracción animal utilizan dichos vehículos para transportar personas y productos, los vehículos y máquinas por lo general son utilizados en actividades relacionadas con explotaciones agropecuarias.","[""colocar arreos a los animales y engancharlos a vehículos o máquinas"", ""cargar y descargar productos, o ayudar a los pasajeros a subir o descender de un vehículo de tracción animal"", ""conducir a los animales en la dirección deseada, prestando la atención debida a los otros vehículos que circulan por la vía pública y respetando las normas de tránsito"", ""cobrar el precio del servicio de transporte realizado"", ""conducir los animales utilizados para arrastrar vagones en minas o canteras"", ""conducir los animales enganchados a maquinaria agrícola o artefactos de otra índole"", ""conducir animales de trabajo"", ""mantener en buen estado los vehículos o máquinas de tracción animal utilizados, hacer pequeñas reparaciones y colocar piezas de repuesto"", ""asear y alimentar los animales""]"
9333,"Los obreros de carga se ocupan de tareas tales como embalar bultos, acarrear, cargar y descargar muebles y otros enseres domésticos, o cargar y descargar productos y otros tipos de carga o equipaje transportados por vía marítima o aérea, o transportar y apilar productos en bodegas.","[""embalar muebles de oficina o enseres domésticos, máquinas, aparatos domésticos y otros objetos similares para transportarlos de un lugar a otro"", ""cargar y descargar productos y equipaje de camiones, camionetas (incluidos los furgones), vagones de ferrocarril, buques o aeronaves"", ""cargar y descargar cereales, carbón, arena, equipajes y otros objetos similares utilizando cintas transportadoras, tubos y otros sistemas de transporte e izado"", ""conectar mangueras entre las tuberías de instalaciones terrestres principales de abastecimiento de combustibles y los depósitos de barcazas, buques cisterna y otros barcos para cargar o descargar petróleo, gases licuados y otros líquidos"", ""cargar y apilar productos en bodegas o depósitos similares"", ""clasificar la mercancía antes de su carga o descarga""]"
9334,"Los reponedores de estanterías colocan productos en estantes, muebles y espacios de exposición y mantienen las existencias en buenas condiciones de orden y limpieza en supermercados y otros establecimientos tanto mayoristas como minoristas.","[""colocar y ordenar productos en muebles o estantes, y apilar los productos de mayor tamaño directamente sobre el suelo"", ""reponer las estanterías, asegurando que se pongan delante los productos con fechas de caducidad más próximas"", ""retirar los productos con fecha caducada"", ""mantener en orden las estanterías, retirando los productos que deben ubicarse en otras secciones"", ""llevar un registro de los productos vendidos y buscar en la bodega los artículos necesarios para la reposición"", ""buscar en las estanterías o en la bodega los productos solicitadas por los clientes"", ""orientar a los clientes hacia el lugar donde se encuentren los artículos buscados"", ""recibir, abrir, desembalar e inspeccionar los productos entregados por el fabricante o el distribuidor para detectar eventuales daños o defectos""]"
9411,"Los cocineros de comida rápida preparan y cocinan una variedad limitada de alimentos y bebidas que requieren procesos de preparación sencillos y el uso de un pequeño número de ingredientes. Asimismo, pueden tomar los pedidos a los clientes y servirles en mostradores o mesas.","[""preparar bebidas y alimentos sencillos o precocinados, como sándwiches, hamburguesas, pizzas, completos, ensaladas y café"", ""lavar, cortar, medir y mezclar alimentos para su cocción"", ""manejar equipos de cocina que procesan grandes cantidades de alimentos, como parrillas, freidoras y planchas"", ""recalentar los alimentos ya preparados"", ""limpiar las zonas y las superficies de preparación de alimentos y los utensilios de cocción"", ""tomar pedidos de alimentos y bebidas y servirlos en locales de comida rápida y locales de comida para llevar"", ""solicitar a los proveedores pedidos de los ingredientes necesarios para la elaboración de comida rápida, y recibirlos"", ""cumplir las normas higiénicas, de salud y de seguridad en las zonas de trabajo"", ""verificar que las comidas preparadas cumplen los requisitos de calidad y cantidad""]"
9412,"Los ayudantes de cocina retiran las mesas, limpian las zonas de cocina, lavan la vajilla, preparan ingredientes, y realizan otras tareas de apoyo a los trabajadores encargados de preparar y servir alimentos y bebidas. Se incluye, además, a quienes pican verduras en ferias libres o mercados de frutas y verduras, para su posterior venta.","[""limpiar las cocinas, las zonas de preparación de alimentos y las zonas de servicios"", ""ayudar a los cocineros y chefs a preparar los alimentos, lavando, pelando, picando, cortando, midiendo y mezclando ingredientes"", ""montar platos para servirlos"", ""desembalar suministros, verificar su estado y conformidad, ponerlos en otros envases, pesarlos y guardarlos en frigoríficos, despensas y otras zonas de almacenamiento"", ""lavar y ordenar los platos y utensilios de cocina"", ""preparar, cocinar, tostar y calentar alimentos sencillos""]"
9510,"Los trabajadores ambulantes de servicios, proporcionan una variedad de servicios en las calles y otros lugares públicos, como limpiar zapatos, lavar ventanas de automóvil, hacer encargos o mandados, distribuir folletos y cuidar bienes, y otros servicios propuestos y realizados de inmediato en el lugar donde se encuentra el cliente, ya sea de forma independiente o por cuenta propia. Es usual que estos trabajadores reciban una propina a cambio de sus servicios.","[""conseguir los materiales necesarios para prestar sus servicios"", ""acercarse a las personas en la calle para ofrecer sus servicios"", ""limpiar y lustrar zapatos"", ""lavar y limpiar parabrisas y ventanas de automóviles"", ""hacer encargos o mandados"", ""ayudar a los conductores a encontrar un lugar de estacionamiento y velar por que los automóviles no sufran daños en ausencia de los conductores"", ""repartir folletos y prensa gratuita"", ""cobrar por sus servicios de inmediato""]"
9520,"Los vendedores ambulantes (excluyendo comidas de consumo inmediato) venden una gama generalmente limitada de productos (excluidos los alimentos para el consumo inmediato) en las calles y diversos lugares públicos, como en las afueras de estaciones de buses, parques o plazas; Cabe recalcar que estos vendedores ambulantes no representan a ningún tipo de empresas.","[""comprar o recibir artículos para su venta, o preparar artículos simples con el mismo fin"", ""cargar y descargar cestas, bandejas, carros de mano, bicicletas, triciclos u otros vehículos para llevar productos a los lugares de venta en las calles o en otros lugares públicos, como en las afueras de estaciones de buses, parques o plazas"", ""mostrar los productos o atraer la atención de los clientes sobre ellos"", ""acercarse a las personas en la calle o ir de casa en casa para ofrecer sus productos a la venta"", ""cobrar las ventas de inmediato""]"
9611,"Los recolectores de basura y material reciclable recogen y eliminan los desperdicios y diversos objetos y materiales destinados al reciclaje que recolectan en edificios, patios, calles, parques y otros lugares.","[""recolectar basura y materiales reciclables y depositarlos en contenedores y camiones de basura y reciclaje"", ""montar en los camiones de basura y de reciclaje"", ""cargar y vaciar los contenedores de basura (basureros) en camiones y grandes contenedores"", ""descargar los camiones de basura y de reciclaje""]"
9612,"Los clasificadores de desechos identifican, recolectan y clasifican materiales de desechos reciclables, que recuperan en vertederos y empresas de reciclaje, así como en edificios, calles, parques u otros lugares públicos.","[""examinar volúmenes de desechos para recuperar artículos y materiales reciclables, en vertederos, domicilios particulares, locales comerciales e industriales y lugares públicos, por ejemplo, las calles"", ""clasificar cartón, papel, vidrio, plástico, aluminio y otros materiales de reciclaje, por tipo"", ""colocar los materiales para reciclaje en compartimentos o contenedores especiales, para su almacenamiento o transporte"", ""identificar y apartar el mobiliario y los equipos, máquinas o componentes que puedan repararse o reutilizarse"", ""transportar los artículos y materiales reciclables, a mano o utilizando vehículos no motorizados"", ""vender materiales reciclables o reutilizables""]"
9613,"Los barrenderos barren y limpian calles, veredas, parques, plazas y otros lugares públicos.","[""barrer calles, veredas, parques, plazas y otros lugares públicos similares"", ""despejar y apilar nieve"", ""recoger basura, hojas y nieve de veredas, caminos de acceso, parques y otras superficies peatonales""]"
9621,"Los mensajeros, estafetas, maleteros y repartidores de folletos y diarios a domicilio, desplazándose a pie, llevan mensajes y entregan paquetes y otros artículos a sus destinatarios dentro de un mismo establecimiento o de un establecimiento a otro, así como en domicilios particulares y otros lugares, o acarrean equipaje a los clientes, sobre todo en hoteles, estaciones de buses, ferrocarril y aeropuertos.","[""entregar mensajes, paquetes y otros objetos dentro de un mismo establecimiento, o yendo de un establecimiento a otro, o en otros lugares"", ""distribuir los diversos artículos que los clientes envían a distintas empresas, tiendas, domicilios particulares y otros lugares, o que reciben de dichas entidades y lugares"", ""asistir a los pasajeros cargando equipajes y entregarlos en hoteles, estaciones de buses ferrocarril, aeropuertos y otros lugares"", ""recibir maletas y roturarlas debidamente, completando los comprobantes y fijando los resguardos sobre el equipaje"", ""planificar y seguir el trayecto más eficaz"", ""ordenar los artículos para su entrega a medida que se avance por el trayecto elegido""]"
9622,"Los auxiliares de mantenimiento (pequeñas reparaciones) limpian, pintan y mantienen en buen estado edificios, terrenos e instalaciones, y efectúan reparaciones sencillas.","[""reparar ventanas, sillas, mesas, puertas, vallas y cercados, parrillas, mesas de picnic, estanterías, armarios y otros elementos rotos"", ""sustituir elementos defectuosos, como ampolletas"", ""reparar y pintar superficies interiores y exteriores, como paredes, techos (cielos rasos) y vallas y cercados"", ""ajustar puertas y ventanas"", ""cambiar llaves de agua o realizar pequeñas reparaciones de grifería"", ""colocar barandillas y pasamanos"", ""descargar carbón o madera y almacenarlos en sótanos u otros espacios de hogares particulares o de establecimientos""]"
9623,"Los recolectores de dinero en máquinas expendedoras de venta automática y los lectores de medidores se encargan de reabastecer los depósitos de dichas máquinas con artículos para la venta y de recoger las monedas acumuladas en las máquinas expendedoras de venta automática o en parquímetros, o de verificar el consumo de gas, electricidad o agua mediante la lectura periódica de los medidores respectivos.","[""reabastecer las máquinas de venta automática y recoger las monedas depositadas en sus cajas"", ""recoger las monedas depositadas en máquinas de venta automática o de otros aparatos similares"", ""utilizar aparatos de captura de datos para efectuar la lectura o registrar información de los medidores de gas, electricidad, agua y parquímetros"", ""mantener registros de los productos distribuidos y el dinero recogido"", ""seguir un trayecto preestablecido para tomar la lectura de los medidores"", ""verificar las lecturas en los casos en que el consumo parezca anormal y registrar las posibles causas de las fluctuaciones"", ""inspeccionar los medidores para detectar conexiones no autorizadas, defectos y daños, como la rotura de los precintos""]"
9624,Los acarreadores de agua y recolectores de leña acarrean agua y recolectan madera para leña y las transportan a pie o en carros de tracción manual o animal.,"[""cortar leña de zonas arboladas y recolectarla para venderla en el mercado o como combustible o para consumo propio"", ""recorrer zonas arboladas o campos para recoger la madera seca y disponerla en montones"", ""cortar ramas y troncos secos de los árboles con un hacha o una sierra de uso manual"", ""atar las ramas o la madera recolectada formando pequeños montones, y cargarlos sobre sí o transportarlos en un carro al mercado para su venta o al hogar para su consumo"", ""captar agua de pozos, ríos, estanques y otras fuentes para uso doméstico"", ""conservar el agua captada de los ríos, estanques o pozos, utilizando bolsas de cuero, cubas u otros recipientes y transportarla a lugares de trabajo, casas de los clientes o al propio hogar para su consumo en la bebida y la limpieza o para conservarla en depósitos""]"
9629,"Se incluyen en este grupo primario las personas que trabajan en otras ocupaciones elementales no clasificadas previamente del gran grupo 9 “Ocupaciones elementales”. Se trata, por ejemplo, de las personas que emiten o controlan los tickets de entrada a estacionamientos u otros lugares, reciben y entregan las prendas y artículos personales de los clientes en los guardarropas, y ayudan a los clientes a encontrar su asiento o ubicación en los espectáculos. Cabe recalcar que algunas de las ocupaciones que integran este grupo primario usualmente son trabajadores asalariados.","[""vender tickets de entrada y pases de los clientes de espectáculos, o controlar dichos billetes y pases y los distintivos de identidad de los clientes"", ""examinar los tickets de entrada y pases para verificar su autenticidad, aplicando criterios como el color de dichos documentos o su fecha de emisión"", ""guiar a los clientes hacia las salidas o facilitarles otras instrucciones y prestarles ayuda de urgencia"", ""orientar a los clientes hacia los servicios higiénicos, puestos de venta o teléfonos"", ""orientar a los conductores de vehículos hacia las zonas de estacionamiento"", ""patrullar por las zonas de estacionamiento para prevenir robos de vehículos o daños a éstos"", ""calcular las tarifas de estacionamiento y cobrarlas a los clientes"", ""asignar probadores, casilleros o camarines a los clientes de multitiendas gimnasios salones de eventos, discoteques, entre otros"", ""operar juegos infantiles/juegos mecánicos, cortar entradas, asegurar a los clientes""]"
